[INFO] [launch]: All log files can be found below /home/yamato_matsumura/.ros/log/2026-06-03-23-20-42-469265-Yamato-12539
[INFO] [launch]: Default logging verbosity is set to INFO
[INFO] [rgbd_odometry-1]: process started with pid [12561]
[INFO] [rtabmap-2]: process started with pid [12562]
[rtabmap-2] [0m[INFO] [1780550444.208401823] [rtabmap.rtabmap]: rtabmap(maps): latch                      = true[0m
[rtabmap-2] [0m[INFO] [1780550444.208875678] [rtabmap.rtabmap]: rtabmap(maps): map_filter_radius          = 0.000000[0m
[rtabmap-2] [0m[INFO] [1780550444.208906141] [rtabmap.rtabmap]: rtabmap(maps): map_filter_angle           = 30.000000[0m
[rtabmap-2] [0m[INFO] [1780550444.208922856] [rtabmap.rtabmap]: rtabmap(maps): map_cleanup                = true[0m
[rtabmap-2] [0m[INFO] [1780550444.208962670] [rtabmap.rtabmap]: rtabmap(maps): map_always_update          = false[0m
[rtabmap-2] [0m[INFO] [1780550444.208979109] [rtabmap.rtabmap]: rtabmap(maps): map_empty_ray_tracing      = true[0m
[rtabmap-2] [0m[INFO] [1780550444.208991067] [rtabmap.rtabmap]: rtabmap(maps): cloud_output_voxelized     = true[0m
[rtabmap-2] [0m[INFO] [1780550444.209002639] [rtabmap.rtabmap]: rtabmap(maps): cloud_subtract_filtering   = false[0m
[rtabmap-2] [0m[INFO] [1780550444.209013908] [rtabmap.rtabmap]: rtabmap(maps): cloud_subtract_filtering_min_neighbors = 2[0m
[rtabmap-2] [0m[INFO] [1780550444.209160376] [rtabmap.rtabmap]: rtabmap(maps): octomap_tree_depth         = 16[0m
[rtabmap-2] [0m[INFO] [1780550444.273227315] [rtabmap.rtabmap]: rtabmap: frame_id      = oak_parent_frame[0m
[rtabmap-2] [0m[INFO] [1780550444.273365757] [rtabmap.rtabmap]: rtabmap: map_frame_id  = map[0m
[rtabmap-2] [0m[INFO] [1780550444.273439092] [rtabmap.rtabmap]: rtabmap: log_to_rosout_level  = 4[0m
[rtabmap-2] [0m[INFO] [1780550444.273582589] [rtabmap.rtabmap]: rtabmap: initial_pose  = [0m
[rtabmap-2] [0m[INFO] [1780550444.273648319] [rtabmap.rtabmap]: rtabmap: use_action_for_goal  = false[0m
[rtabmap-2] [0m[INFO] [1780550444.273772691] [rtabmap.rtabmap]: rtabmap: tf_delay      = 0.050000[0m
[rtabmap-2] [0m[INFO] [1780550444.273842527] [rtabmap.rtabmap]: rtabmap: tf_tolerance  = 0.100000[0m
[rtabmap-2] [0m[INFO] [1780550444.273908469] [rtabmap.rtabmap]: rtabmap: odom_sensor_sync   = false[0m
[rtabmap-2] [0m[INFO] [1780550444.273926856] [rtabmap.rtabmap]: rtabmap: pub_loc_pose_only_when_localizing = false[0m
[rtabmap-2] [0m[INFO] [1780550444.273984054] [rtabmap.rtabmap]: rtabmap: wait_for_transform = 0.200000[0m
[rtabmap-2] [0m[INFO] [1780550444.274003717] [rtabmap.rtabmap]: rtabmap: gen_scan  = false[0m
[rtabmap-2] [0m[INFO] [1780550444.274059456] [rtabmap.rtabmap]: rtabmap: gen_depth  = false[0m
[rgbd_odometry-1] [0m[INFO] [1780550444.280097982] [rtabmap.rgbd_odometry]: Odometry: frame_id               = oak_parent_frame[0m
[rgbd_odometry-1] [0m[INFO] [1780550444.280483293] [rtabmap.rgbd_odometry]: Odometry: odom_frame_id          = odom[0m
[rgbd_odometry-1] [0m[INFO] [1780550444.280552771] [rtabmap.rgbd_odometry]: Odometry: publish_tf             = true[0m
[rgbd_odometry-1] [0m[INFO] [1780550444.280616619] [rtabmap.rgbd_odometry]: Odometry: wait_for_transform     = 0.200000[0m
[rgbd_odometry-1] [0m[INFO] [1780550444.280680531] [rtabmap.rgbd_odometry]: Odometry: log_to_rosout_level    = 4[0m
[rgbd_odometry-1] [0m[INFO] [1780550444.280823904] [rtabmap.rgbd_odometry]: Odometry: initial_pose           = xyz=0.000000,0.000000,0.000000 rpy=0.000000,-0.000000,0.000000[0m
[rgbd_odometry-1] [0m[INFO] [1780550444.280897019] [rtabmap.rgbd_odometry]: Odometry: ground_truth_frame_id  = [0m
[rgbd_odometry-1] [0m[INFO] [1780550444.280957928] [rtabmap.rgbd_odometry]: Odometry: ground_truth_base_frame_id = [0m
[rgbd_odometry-1] [0m[INFO] [1780550444.280978528] [rtabmap.rgbd_odometry]: Odometry: config_path            = [0m
[rgbd_odometry-1] [0m[INFO] [1780550444.280987538] [rtabmap.rgbd_odometry]: Odometry: publish_null_when_lost = true[0m
[rgbd_odometry-1] [0m[INFO] [1780550444.281042523] [rtabmap.rgbd_odometry]: Odometry: publish_compressed_sensor_data = false[0m
[rgbd_odometry-1] [0m[INFO] [1780550444.281096103] [rtabmap.rgbd_odometry]: Odometry: guess_frame_id         = [0m
[rgbd_odometry-1] [0m[INFO] [1780550444.281156048] [rtabmap.rgbd_odometry]: Odometry: guess_min_translation  = 0.000000[0m
[rgbd_odometry-1] [0m[INFO] [1780550444.281222027] [rtabmap.rgbd_odometry]: Odometry: guess_min_rotation     = 0.000000[0m
[rgbd_odometry-1] [0m[INFO] [1780550444.281286444] [rtabmap.rgbd_odometry]: Odometry: guess_min_time         = 0.000000[0m
[rgbd_odometry-1] [0m[INFO] [1780550444.281351064] [rtabmap.rgbd_odometry]: Odometry: expected_update_rate   = 0.000000 Hz[0m
[rgbd_odometry-1] [0m[INFO] [1780550444.281414802] [rtabmap.rgbd_odometry]: Odometry: max_update_rate        = 0.000000 Hz[0m
[rgbd_odometry-1] [0m[INFO] [1780550444.281479127] [rtabmap.rgbd_odometry]: Odometry: min_update_rate        = 0.000000 Hz[0m
[rgbd_odometry-1] [0m[INFO] [1780550444.281544279] [rtabmap.rgbd_odometry]: Odometry: wait_imu_to_init       = false[0m
[rgbd_odometry-1] [0m[INFO] [1780550444.281606529] [rtabmap.rgbd_odometry]: Odometry: always_check_imu_tf    = true[0m
[rgbd_odometry-1] [0m[INFO] [1780550444.281668862] [rtabmap.rgbd_odometry]: Odometry: sensor_data_compression_format = .jpg[0m
[rgbd_odometry-1] [0m[INFO] [1780550444.281733280] [rtabmap.rgbd_odometry]: Odometry: sensor_data_parallel_compression = true[0m
[rgbd_odometry-1] [0m[INFO] [1780550444.281814026] [rtabmap.rgbd_odometry]: Odometry: stereoParams_=0 visParams_=1 icpParams_=0[0m
[rgbd_odometry-1] [0m[INFO] [1780550444.298472413] [rtabmap.rgbd_odometry]: Odometry: Ignored parameter "Kp/MaxFeatures"="800" from arguments[0m
[rgbd_odometry-1] [0m[INFO] [1780550444.298580887] [rtabmap.rgbd_odometry]: Odometry: Ignored parameter "Mem/IncrementalMemory"="true" from arguments[0m
[rgbd_odometry-1] [0m[INFO] [1780550444.298688277] [rtabmap.rgbd_odometry]: Odometry: Update parameter "Odom/ResetCountdown"="1" from arguments[0m
[rgbd_odometry-1] [0m[INFO] [1780550444.298757892] [rtabmap.rgbd_odometry]: Odometry: Update parameter "OdomF2M/MaxSize"="800" from arguments[0m
[rgbd_odometry-1] [0m[INFO] [1780550444.298836812] [rtabmap.rgbd_odometry]: Odometry: Ignored parameter "Rtabmap/DetectionRate"="1.0" from arguments[0m
[rgbd_odometry-1] [0m[INFO] [1780550444.298979009] [rtabmap.rgbd_odometry]: Odometry: Update parameter "Vis/CorGuessWinSize"="20" from arguments[0m
[rgbd_odometry-1] [0m[INFO] [1780550444.299063623] [rtabmap.rgbd_odometry]: Odometry: Update parameter "Vis/FeatureType"="8" from arguments[0m
[rgbd_odometry-1] [0m[INFO] [1780550444.299139952] [rtabmap.rgbd_odometry]: Odometry: Update parameter "Vis/MaxFeatures"="600" from arguments[0m
[rgbd_odometry-1] [0m[INFO] [1780550444.299227119] [rtabmap.rgbd_odometry]: Odometry: Update parameter "Vis/MinInliers"="15" from arguments[0m
[rgbd_odometry-1] [0m[INFO] [1780550444.327647074] [rtabmap.rgbd_odometry]: RGBDOdometry: approx_sync    = true[0m
[rgbd_odometry-1] [0m[INFO] [1780550444.327740329] [rtabmap.rgbd_odometry]: RGBDOdometry: approx_sync_max_interval = 0.050000[0m
[rgbd_odometry-1] [0m[INFO] [1780550444.327813600] [rtabmap.rgbd_odometry]: RGBDOdometry: topic_queue_size = 10[0m
[rgbd_odometry-1] [0m[INFO] [1780550444.327887294] [rtabmap.rgbd_odometry]: RGBDOdometry: sync_queue_size  = 100[0m
[rgbd_odometry-1] [0m[INFO] [1780550444.327950609] [rtabmap.rgbd_odometry]: RGBDOdometry: qos             = 2[0m
[rgbd_odometry-1] [0m[INFO] [1780550444.328013447] [rtabmap.rgbd_odometry]: RGBDOdometry: qos_camera_info = 2[0m
[rgbd_odometry-1] [0m[INFO] [1780550444.328076156] [rtabmap.rgbd_odometry]: RGBDOdometry: subscribe_rgbd = false[0m
[rgbd_odometry-1] [0m[INFO] [1780550444.328138498] [rtabmap.rgbd_odometry]: RGBDOdometry: rgbd_cameras   = 1[0m
[rgbd_odometry-1] [0m[INFO] [1780550444.328335681] [rtabmap.rgbd_odometry]: RGBDOdometry: keep_color     = false[0m
[rgbd_odometry-1] [0m[INFO] [1780550444.328400594] [rtabmap.rgbd_odometry]: RGBDOdometry: rgb_transport   = raw[0m
[rgbd_odometry-1] [0m[INFO] [1780550444.328415941] [rtabmap.rgbd_odometry]: RGBDOdometry: depth_transport = raw[0m
[rtabmap-2] [0m[INFO] [1780550444.338595883] [rtabmap.rtabmap]: Setting RTAB-Map parameter "Mem/IncrementalMemory"="true" (rosparam)[0m
[rtabmap-2] [0m[INFO] [1780550444.338736327] [rtabmap.rtabmap]: Setting RTAB-Map parameter "Mem/InitWMWithAllNodes"="false" (rosparam)[0m
[rgbd_odometry-1] [0m[INFO] [1780550444.341007533] [rtabmap.rgbd_odometry]: 
[rgbd_odometry-1] rgbd_odometry subscribed to (approx sync, max interval=0.050000s, topic_queue_size=10, sync_queue_size=100):
[rgbd_odometry-1]    /oak/rgb/image_raw,
[rgbd_odometry-1]    /oak/stereo/image_raw,
[rgbd_odometry-1]    /oak/rgb/camera_info[0m
[rtabmap-2] [0m[INFO] [1780550444.343810023] [rtabmap.rtabmap]: Update RTAB-Map parameter "Kp/MaxFeatures"="800" from arguments[0m
[rtabmap-2] [0m[INFO] [1780550444.343907191] [rtabmap.rtabmap]: Update RTAB-Map parameter "Mem/IncrementalMemory"="true" from arguments[0m
[rtabmap-2] [0m[INFO] [1780550444.343981968] [rtabmap.rtabmap]: Update RTAB-Map parameter "Rtabmap/DetectionRate"="1.0" from arguments[0m
[rtabmap-2] [0m[INFO] [1780550444.344044411] [rtabmap.rtabmap]: Update RTAB-Map parameter "Vis/MaxFeatures"="600" from arguments[0m
[rtabmap-2] [0m[INFO] [1780550444.344119739] [rtabmap.rtabmap]: Update RTAB-Map parameter "Vis/MinInliers"="15" from arguments[0m
[rtabmap-2] [0m[INFO] [1780550444.528507583] [rtabmap.rtabmap]: RTAB-Map detection rate = 1.000000 Hz[0m
[rtabmap-2] [0m[INFO] [1780550444.528679785] [rtabmap.rtabmap]: rtabmap: Using database from "/home/yamato_matsumura/.ros/rtabmap.db" (0 MB).[0m
[rtabmap-2] [0m[INFO] [1780550444.555429023] [rtabmap.rtabmap]: rtabmap: Database version = "0.22.1".[0m
[rtabmap-2] [0m[INFO] [1780550444.555545248] [rtabmap.rtabmap]: rtabmap: SLAM mode (Mem/IncrementalMemory=true)[0m
[rtabmap-2] [0m[INFO] [1780550444.596932759] [rtabmap.rtabmap]: Setup callbacks[0m
[rtabmap-2] [0m[INFO] [1780550444.597216741] [rtabmap.rtabmap]: rtabmap: subscribe_depth = true[0m
[rtabmap-2] [0m[INFO] [1780550444.597287064] [rtabmap.rtabmap]: rtabmap: subscribe_rgb = true[0m
[rtabmap-2] [0m[INFO] [1780550444.597302650] [rtabmap.rtabmap]: rtabmap: subscribe_stereo = false[0m
[rtabmap-2] [0m[INFO] [1780550444.597363761] [rtabmap.rtabmap]: rtabmap: subscribe_rgbd = false (rgbd_cameras=1)[0m
[rtabmap-2] [0m[INFO] [1780550444.597426663] [rtabmap.rtabmap]: rtabmap: subscribe_sensor_data = false[0m
[rtabmap-2] [0m[INFO] [1780550444.597489372] [rtabmap.rtabmap]: rtabmap: subscribe_odom_info = true[0m
[rtabmap-2] [0m[INFO] [1780550444.597555626] [rtabmap.rtabmap]: rtabmap: subscribe_user_data = false[0m
[rtabmap-2] [0m[INFO] [1780550444.597617160] [rtabmap.rtabmap]: rtabmap: subscribe_scan = false[0m
[rtabmap-2] [0m[INFO] [1780550444.597634371] [rtabmap.rtabmap]: rtabmap: subscribe_scan_cloud = false[0m
[rtabmap-2] [0m[INFO] [1780550444.597648395] [rtabmap.rtabmap]: rtabmap: subscribe_scan_descriptor = false[0m
[rtabmap-2] [0m[INFO] [1780550444.597694509] [rtabmap.rtabmap]: rtabmap: topic_queue_size = 10[0m
[rtabmap-2] [0m[INFO] [1780550444.597707284] [rtabmap.rtabmap]: rtabmap: sync_queue_size  = 100[0m
[rtabmap-2] [0m[INFO] [1780550444.597765171] [rtabmap.rtabmap]: rtabmap: qos_image       = 2[0m
[rtabmap-2] [0m[INFO] [1780550444.597785432] [rtabmap.rtabmap]: rtabmap: qos_camera_info = 2[0m
[rtabmap-2] [0m[INFO] [1780550444.597794698] [rtabmap.rtabmap]: rtabmap: qos_scan        = 2[0m
[rtabmap-2] [0m[INFO] [1780550444.597804801] [rtabmap.rtabmap]: rtabmap: qos_odom        = 2[0m
[rtabmap-2] [0m[INFO] [1780550444.597818366] [rtabmap.rtabmap]: rtabmap: qos_user_data   = 2[0m
[rtabmap-2] [0m[INFO] [1780550444.597826916] [rtabmap.rtabmap]: rtabmap: approx_sync     = true[0m
[rtabmap-2] [0m[INFO] [1780550444.597842272] [rtabmap.rtabmap]: Setup depth callback[0m
[rtabmap-2] [0m[INFO] [1780550444.617437881] [rtabmap.rtabmap]: 
[rtabmap-2] rtabmap subscribed to (approx sync):
[rtabmap-2]    /rtabmap/odom \
[rtabmap-2]    /oak/rgb/image_raw \
[rtabmap-2]    /oak/stereo/image_raw \
[rtabmap-2]    /oak/rgb/camera_info \
[rtabmap-2]    /rtabmap/odom_info[0m
[rgbd_odometry-1] [0m[INFO] [1780550451.619758449] [rtabmap.rgbd_odometry]: Odom: quality=0, std dev=99.995000m|99.995000rad, update time=0.036409s delay=0.132946s[0m
[rgbd_odometry-1] [0m[INFO] [1780550451.700493689] [rtabmap.rgbd_odometry]: Odom: quality=283, std dev=0.011279m|0.015865rad, update time=0.078809s delay=0.174645s[0m
[rgbd_odometry-1] [0m[INFO] [1780550451.760301657] [rtabmap.rgbd_odometry]: Odom: quality=285, std dev=0.021817m|0.015492rad, update time=0.027750s delay=0.149604s[0m
[rtabmap-2] [33m[ WARN] (2026-06-03 23:20:51.804) MsgConversion.cpp:2010::getTransform() (getting transform odom -> oak_parent_frame) Lookup would require extrapolation into the past.  Requested time 1780439709.335409 but the earliest data is at time 1780439709.335494, when looking up transform from frame [oak_parent_frame] to frame [odom] (wait_for_transform=0.200000)[0m
[rtabmap-2] [33m[WARN] [1780550451.804976062] [rtabmap.rtabmap]: We received odometry message, but we cannot get the corresponding TF odom->oak_parent_frame at data stamp 1780439709.335409s (odom msg stamp is 1780439709.335494s). Make sure TF of odometry is also published to get more accurate pose estimation. This warning is only printed once.[0m
[rgbd_odometry-1] [0m[INFO] [1780550451.822662236] [rtabmap.rgbd_odometry]: Odom: quality=273, std dev=0.027969m|0.019672rad, update time=0.037184s delay=0.166319s[0m
[rtabmap-2] [0m[INFO] [1780550451.906092123] [rtabmap.rtabmap]: rtabmap (1): Rate=1.00s, Limit=0.000s, Conversion=0.0019s, RTAB-Map=0.0981s, Maps update=0.0003s pub=0.0000s delay=0.4329s (local map=1, WM=1)[0m
[rgbd_odometry-1] [0m[INFO] [1780550451.923637174] [rtabmap.rgbd_odometry]: Odom: quality=260, std dev=0.035261m|0.018649rad, update time=0.043519s delay=0.199565s[0m
[rgbd_odometry-1] [0m[INFO] [1780550451.997760505] [rtabmap.rgbd_odometry]: Odom: quality=222, std dev=0.035372m|0.017689rad, update time=0.037104s delay=0.208086s[0m
[rgbd_odometry-1] [0m[INFO] [1780550452.030374803] [rtabmap.rgbd_odometry]: Odom: quality=211, std dev=0.034892m|0.019282rad, update time=0.031369s delay=0.224639s[0m
[rgbd_odometry-1] [0m[INFO] [1780550452.074267603] [rtabmap.rgbd_odometry]: Odom: quality=197, std dev=0.033941m|0.018649rad, update time=0.033119s delay=0.216221s[0m
[rgbd_odometry-1] [0m[INFO] [1780550452.119235845] [rtabmap.rgbd_odometry]: Odom: quality=214, std dev=0.043879m|0.016851rad, update time=0.033610s delay=0.232979s[0m
[rgbd_odometry-1] [0m[INFO] [1780550452.161327968] [rtabmap.rgbd_odometry]: Odom: quality=214, std dev=0.034801m|0.016542rad, update time=0.038142s delay=0.249676s[0m
[rgbd_odometry-1] [0m[INFO] [1780550452.206042673] [rtabmap.rgbd_odometry]: Odom: quality=204, std dev=0.029791m|0.017689rad, update time=0.036021s delay=0.266266s[0m
[rgbd_odometry-1] [0m[INFO] [1780550452.242174509] [rtabmap.rgbd_odometry]: Odom: quality=186, std dev=0.031516m|0.021486rad, update time=0.032414s delay=0.258316s[0m
[rgbd_odometry-1] [0m[INFO] [1780550452.277395611] [rtabmap.rgbd_odometry]: Odom: quality=196, std dev=0.036665m|0.018867rad, update time=0.032372s delay=0.274652s[0m
[rgbd_odometry-1] [0m[INFO] [1780550452.310269112] [rtabmap.rgbd_odometry]: Odom: quality=178, std dev=0.025870m|0.017944rad, update time=0.032207s delay=0.266220s[0m
[rgbd_odometry-1] [0m[INFO] [1780550452.350921687] [rtabmap.rgbd_odometry]: Odom: quality=177, std dev=0.030552m|0.018188rad, update time=0.031988s delay=0.257955s[0m
[rgbd_odometry-1] [0m[INFO] [1780550452.386351664] [rtabmap.rgbd_odometry]: Odom: quality=182, std dev=0.035003m|0.019282rad, update time=0.031948s delay=0.274607s[0m
[rgbd_odometry-1] [0m[INFO] [1780550452.420328781] [rtabmap.rgbd_odometry]: Odom: quality=175, std dev=0.031082m|0.017689rad, update time=0.032924s delay=0.266351s[0m
[rgbd_odometry-1] [0m[INFO] [1780550452.475606112] [rtabmap.rgbd_odometry]: Odom: quality=174, std dev=0.042421m|0.019282rad, update time=0.036373s delay=0.282935s[0m
[rgbd_odometry-1] [0m[INFO] [1780550452.514618861] [rtabmap.rgbd_odometry]: Odom: quality=172, std dev=0.036772m|0.019480rad, update time=0.036787s delay=0.299632s[0m
[rgbd_odometry-1] [0m[INFO] [1780550452.546393501] [rtabmap.rgbd_odometry]: Odom: quality=171, std dev=0.033299m|0.018867rad, update time=0.031354s delay=0.291277s[0m
[rgbd_odometry-1] [0m[INFO] [1780550452.583805072] [rtabmap.rgbd_odometry]: Odom: quality=172, std dev=0.043428m|0.017944rad, update time=0.034548s delay=0.307974s[0m
[rgbd_odometry-1] [0m[INFO] [1780550452.617358846] [rtabmap.rgbd_odometry]: Odom: quality=170, std dev=0.042571m|0.020720rad, update time=0.031980s delay=0.299645s[0m
[rgbd_odometry-1] [0m[INFO] [1780550452.650414176] [rtabmap.rgbd_odometry]: Odom: quality=157, std dev=0.023993m|0.018188rad, update time=0.032010s delay=0.291314s[0m
[rgbd_odometry-1] [0m[INFO] [1780550452.689949291] [rtabmap.rgbd_odometry]: Odom: quality=167, std dev=0.033994m|0.016542rad, update time=0.037812s delay=0.307989s[0m
[rgbd_odometry-1] [0m[INFO] [1780550452.761632088] [rtabmap.rgbd_odometry]: Odom: quality=161, std dev=0.040074m|0.019858rad, update time=0.038331s delay=0.316331s[0m
[rgbd_odometry-1] [0m[INFO] [1780550452.822082671] [rtabmap.rgbd_odometry]: Odom: quality=146, std dev=0.039610m|0.019078rad, update time=0.035059s delay=0.299635s[0m
[rgbd_odometry-1] [0m[INFO] [1780550452.882458431] [rtabmap.rgbd_odometry]: Odom: quality=235, std dev=0.017698m|0.017689rad, update time=0.059353s delay=0.341433s[0m
[rtabmap-2] [0m[INFO] [1780550452.974667388] [rtabmap.rtabmap]: rtabmap (2): Rate=1.00s, Limit=0.000s, Conversion=0.0020s, RTAB-Map=0.0875s, Maps update=0.0000s pub=0.0000s delay=0.4165s (local map=2, WM=2)[0m
[rgbd_odometry-1] [0m[INFO] [1780550452.994992367] [rtabmap.rgbd_odometry]: Odom: quality=256, std dev=0.021706m|0.016851rad, update time=0.056317s delay=0.375137s[0m
[rgbd_odometry-1] [0m[INFO] [1780550453.056152626] [rtabmap.rgbd_odometry]: Odom: quality=232, std dev=0.031705m|0.017144rad, update time=0.047142s delay=0.349707s[0m
[rgbd_odometry-1] [0m[INFO] [1780550453.119337565] [rtabmap.rgbd_odometry]: Odom: quality=223, std dev=0.030903m|0.019858rad, update time=0.042100s delay=0.332970s[0m
[rgbd_odometry-1] [0m[INFO] [1780550453.190746256] [rtabmap.rgbd_odometry]: Odom: quality=209, std dev=0.028628m|0.020556rad, update time=0.039084s delay=0.341286s[0m
[rgbd_odometry-1] [0m[INFO] [1780550453.272173757] [rtabmap.rgbd_odometry]: Odom: quality=201, std dev=0.032749m|0.018423rad, update time=0.046774s delay=0.349685s[0m
[rgbd_odometry-1] [0m[INFO] [1780550453.357907783] [rtabmap.rgbd_odometry]: Odom: quality=199, std dev=0.034791m|0.020216rad, update time=0.045308s delay=0.383007s[0m
[rgbd_odometry-1] [0m[INFO] [1780550453.425515353] [rtabmap.rgbd_odometry]: Odom: quality=195, std dev=0.031474m|0.018867rad, update time=0.038676s delay=0.366323s[0m
[rgbd_odometry-1] [0m[INFO] [1780550453.479731945] [rtabmap.rgbd_odometry]: Odom: quality=182, std dev=0.035966m|0.022437rad, update time=0.039050s delay=0.407941s[0m
[rgbd_odometry-1] [0m[INFO] [1780550453.552706634] [rtabmap.rgbd_odometry]: Odom: quality=179, std dev=0.042621m|0.019480rad, update time=0.049498s delay=0.416333s[0m
[rgbd_odometry-1] [0m[INFO] [1780550453.634893222] [rtabmap.rgbd_odometry]: Odom: quality=182, std dev=0.032038m|0.020040rad, update time=0.047967s delay=0.424675s[0m
[rgbd_odometry-1] [0m[INFO] [1780550453.697700286] [rtabmap.rgbd_odometry]: Odom: quality=189, std dev=0.026989m|0.019282rad, update time=0.041369s delay=0.407965s[0m
[rgbd_odometry-1] [0m[INFO] [1780550453.776494469] [rtabmap.rgbd_odometry]: Odom: quality=168, std dev=0.026472m|0.024346rad, update time=0.038380s delay=0.416313s[0m
[rgbd_odometry-1] [0m[INFO] [1780550453.855190493] [rtabmap.rgbd_odometry]: Odom: quality=164, std dev=0.030994m|0.023394rad, update time=0.048764s delay=0.449665s[0m
[rgbd_odometry-1] [0m[INFO] [1780550453.922637045] [rtabmap.rgbd_odometry]: Odom: quality=139, std dev=0.026530m|0.022308rad, update time=0.045593s delay=0.432959s[0m
[rgbd_odometry-1] [0m[INFO] [1780550453.980880550] [rtabmap.rgbd_odometry]: Odom: quality=250, std dev=0.024234m|0.023049rad, update time=0.042277s delay=0.441243s[0m
[rgbd_odometry-1] [0m[INFO] [1780550454.062916569] [rtabmap.rgbd_odometry]: Odom: quality=231, std dev=0.021371m|0.021036rad, update time=0.041892s delay=0.449618s[0m
[rgbd_odometry-1] [0m[INFO] [1780550454.137750990] [rtabmap.rgbd_odometry]: Odom: quality=188, std dev=0.028951m|0.021486rad, update time=0.051190s delay=0.458046s[0m
[rtabmap-2] [0m[INFO] [1780550454.170507807] [rtabmap.rtabmap]: rtabmap (3): Rate=1.00s, Limit=0.000s, Conversion=0.0008s, RTAB-Map=0.1054s, Maps update=0.0000s pub=0.0001s delay=0.5499s (local map=3, WM=3)[0m
[rgbd_odometry-1] [0m[INFO] [1780550454.219229748] [rtabmap.rgbd_odometry]: Odom: quality=171, std dev=0.029667m|0.023937rad, update time=0.050423s delay=0.466383s[0m
[rgbd_odometry-1] [0m[INFO] [1780550454.287201927] [rtabmap.rgbd_odometry]: Odom: quality=173, std dev=0.037800m|0.023281rad, update time=0.039909s delay=0.474613s[0m
[rgbd_odometry-1] [0m[INFO] [1780550454.343262526] [rtabmap.rgbd_odometry]: Odom: quality=159, std dev=0.043756m|0.025890rad, update time=0.046243s delay=0.491278s[0m
[rgbd_odometry-1] [0m[INFO] [1780550454.418048957] [rtabmap.rgbd_odometry]: Odom: quality=163, std dev=0.027239m|0.024041rad, update time=0.043044s delay=0.499643s[0m
[rgbd_odometry-1] [0m[INFO] [1780550454.491302504] [rtabmap.rgbd_odometry]: Odom: quality=152, std dev=0.030932m|0.023394rad, update time=0.039431s delay=0.508054s[0m
[rgbd_odometry-1] [0m[INFO] [1780550454.568627549] [rtabmap.rgbd_odometry]: Odom: quality=137, std dev=0.037250m|0.026682rad, update time=0.041569s delay=0.516310s[0m
[rgbd_odometry-1] [0m[INFO] [1780550454.657348730] [rtabmap.rgbd_odometry]: Odom: quality=226, std dev=0.025434m|0.024831rad, update time=0.052906s delay=0.549665s[0m
[rgbd_odometry-1] [0m[INFO] [1780550454.722377730] [rtabmap.rgbd_odometry]: Odom: quality=226, std dev=0.025189m|0.023616rad, update time=0.045871s delay=0.533075s[0m
[rgbd_odometry-1] [0m[INFO] [1780550454.784655896] [rtabmap.rgbd_odometry]: Odom: quality=223, std dev=0.033648m|0.021630rad, update time=0.041694s delay=0.541261s[0m
[rgbd_odometry-1] [0m[INFO] [1780550454.849359756] [rtabmap.rgbd_odometry]: Odom: quality=205, std dev=0.027998m|0.026980rad, update time=0.037945s delay=0.524656s[0m
[rgbd_odometry-1] [0m[INFO] [1780550454.895702818] [rtabmap.rgbd_odometry]: Odom: quality=201, std dev=0.029013m|0.024736rad, update time=0.043658s delay=0.541602s[0m
[rgbd_odometry-1] [0m[INFO] [1780550454.973431601] [rtabmap.rgbd_odometry]: Odom: quality=189, std dev=0.025964m|0.023166rad, update time=0.044800s delay=0.549667s[0m
[rgbd_odometry-1] [0m[INFO] [1780550455.046798079] [rtabmap.rgbd_odometry]: Odom: quality=185, std dev=0.023657m|0.021630rad, update time=0.039893s delay=0.557984s[0m
[rgbd_odometry-1] [0m[INFO] [1780550455.131084773] [rtabmap.rgbd_odometry]: Odom: quality=180, std dev=0.022047m|0.020720rad, update time=0.046142s delay=0.591277s[0m
[rgbd_odometry-1] [0m[INFO] [1780550455.211283906] [rtabmap.rgbd_odometry]: Odom: quality=176, std dev=0.023570m|0.022810rad, update time=0.054305s delay=0.599637s[0m
[rgbd_odometry-1] [0m[INFO] [1780550455.314258300] [rtabmap.rgbd_odometry]: Odom: quality=173, std dev=0.026432m|0.021189rad, update time=0.041358s delay=0.632971s[0m
[rtabmap-2] [0m[INFO] [1780550455.404793346] [rtabmap.rtabmap]: rtabmap (4): Rate=1.00s, Limit=0.000s, Conversion=0.0005s, RTAB-Map=0.0894s, Maps update=0.0000s pub=0.0000s delay=0.7331s (local map=4, WM=4)[0m
[rgbd_odometry-1] [0m[INFO] [1780550455.414247521] [rtabmap.rgbd_odometry]: Odom: quality=83, std dev=0.025327m|0.025722rad, update time=0.062184s delay=0.632976s[0m
[rgbd_odometry-1] [0m[INFO] [1780550455.473932560] [rtabmap.rgbd_odometry]: Odom: quality=219, std dev=0.024410m|0.025108rad, update time=0.047380s delay=0.616417s[0m
[rgbd_odometry-1] [0m[INFO] [1780550455.552013149] [rtabmap.rgbd_odometry]: Odom: quality=227, std dev=0.014658m|0.020040rad, update time=0.045201s delay=0.649695s[0m
[rgbd_odometry-1] [0m[INFO] [1780550455.624146357] [rtabmap.rgbd_odometry]: Odom: quality=200, std dev=0.018013m|0.021770rad, update time=0.044176s delay=0.632971s[0m
[rgbd_odometry-1] [0m[INFO] [1780550455.739605003] [rtabmap.rgbd_odometry]: Odom: quality=173, std dev=0.024207m|0.024446rad, update time=0.046777s delay=0.691286s[0m
[rgbd_odometry-1] [0m[INFO] [1780550455.817659355] [rtabmap.rgbd_odometry]: Odom: quality=147, std dev=0.022818m|0.024543rad, update time=0.046060s delay=0.666322s[0m
[rgbd_odometry-1] [0m[INFO] [1780550455.894094438] [rtabmap.rgbd_odometry]: Odom: quality=218, std dev=0.023966m|0.023831rad, update time=0.041023s delay=0.674622s[0m
[rgbd_odometry-1] [0m[INFO] [1780550455.947258802] [rtabmap.rgbd_odometry]: Odom: quality=208, std dev=0.027358m|0.025722rad, update time=0.040216s delay=0.691270s[0m
[rgbd_odometry-1] [0m[INFO] [1780550456.014703726] [rtabmap.rgbd_odometry]: Odom: quality=200, std dev=0.034307m|0.027685rad, update time=0.042135s delay=0.699647s[0m
[rgbd_odometry-1] [0m[INFO] [1780550456.082356564] [rtabmap.rgbd_odometry]: Odom: quality=190, std dev=0.022616m|0.026606rad, update time=0.039759s delay=0.707962s[0m
[rgbd_odometry-1] [0m[INFO] [1780550456.158275253] [rtabmap.rgbd_odometry]: Odom: quality=191, std dev=0.030157m|0.029416rad, update time=0.039837s delay=0.716277s[0m
[rgbd_odometry-1] [0m[INFO] [1780550456.228862780] [rtabmap.rgbd_odometry]: Odom: quality=153, std dev=0.030782m|0.027126rad, update time=0.036419s delay=0.724552s[0m
[rgbd_odometry-1] [0m[INFO] [1780550456.278438345] [rtabmap.rgbd_odometry]: Odom: quality=171, std dev=0.025262m|0.026295rad, update time=0.041270s delay=0.741335s[0m
[rgbd_odometry-1] [0m[INFO] [1780550456.363451186] [rtabmap.rgbd_odometry]: Odom: quality=146, std dev=0.025445m|0.029529rad, update time=0.044416s delay=0.749559s[0m
[rgbd_odometry-1] [0m[INFO] [1780550456.426808386] [rtabmap.rgbd_odometry]: Odom: quality=233, std dev=0.017986m|0.028084rad, update time=0.038572s delay=0.732917s[0m
[rtabmap-2] [0m[INFO] [1780550456.493583641] [rtabmap.rtabmap]: rtabmap (5): Rate=1.00s, Limit=0.000s, Conversion=0.0005s, RTAB-Map=0.0651s, Maps update=0.0000s pub=0.0000s delay=0.8080s (local map=5, WM=5)[0m
[rgbd_odometry-1] [0m[INFO] [1780550456.518922847] [rtabmap.rgbd_odometry]: Odom: quality=204, std dev=0.018539m|0.026980rad, update time=0.047144s delay=0.766312s[0m
[rgbd_odometry-1] [0m[INFO] [1780550456.574561499] [rtabmap.rgbd_odometry]: Odom: quality=193, std dev=0.017362m|0.025199rad, update time=0.039836s delay=0.749609s[0m
[rgbd_odometry-1] [0m[INFO] [1780550456.637493271] [rtabmap.rgbd_odometry]: Odom: quality=202, std dev=0.025417m|0.025890rad, update time=0.052336s delay=0.791248s[0m
[rgbd_odometry-1] [0m[INFO] [1780550456.696491142] [rtabmap.rgbd_odometry]: Odom: quality=199, std dev=0.030877m|0.030386rad, update time=0.039342s delay=0.774579s[0m
[rgbd_odometry-1] [0m[INFO] [1780550456.768663058] [rtabmap.rgbd_odometry]: Odom: quality=176, std dev=0.022313m|0.027410rad, update time=0.039215s delay=0.782941s[0m
[rgbd_odometry-1] [0m[INFO] [1780550456.846783708] [rtabmap.rgbd_odometry]: Odom: quality=169, std dev=0.023200m|0.029416rad, update time=0.043787s delay=0.791233s[0m
[rgbd_odometry-1] [0m[INFO] [1780550456.911333882] [rtabmap.rgbd_odometry]: Odom: quality=166, std dev=0.043887m|0.034948rad, update time=0.039110s delay=0.799596s[0m
[rgbd_odometry-1] [0m[INFO] [1780550456.991277225] [rtabmap.rgbd_odometry]: Odom: quality=177, std dev=0.023644m|0.027549rad, update time=0.039270s delay=0.807914s[0m
[rgbd_odometry-1] [0m[INFO] [1780550457.062511091] [rtabmap.rgbd_odometry]: Odom: quality=156, std dev=0.031759m|0.032344rad, update time=0.037280s delay=0.816195s[0m
[rgbd_odometry-1] [0m[INFO] [1780550457.147394702] [rtabmap.rgbd_odometry]: Odom: quality=142, std dev=0.021079m|0.026135rad, update time=0.047728s delay=0.824603s[0m
[rgbd_odometry-1] [0m[INFO] [1780550457.215800653] [rtabmap.rgbd_odometry]: Odom: quality=196, std dev=0.027266m|0.030386rad, update time=0.044648s delay=0.832940s[0m
[rgbd_odometry-1] [0m[INFO] [1780550457.288435413] [rtabmap.rgbd_odometry]: Odom: quality=208, std dev=0.025942m|0.028953rad, update time=0.042357s delay=0.841231s[0m
[rgbd_odometry-1] [0m[INFO] [1780550457.365884642] [rtabmap.rgbd_odometry]: Odom: quality=205, std dev=0.022846m|0.027269rad, update time=0.040368s delay=0.849590s[0m
[rgbd_odometry-1] [0m[INFO] [1780550457.433763106] [rtabmap.rgbd_odometry]: Odom: quality=172, std dev=0.028864m|0.025637rad, update time=0.039120s delay=0.824636s[0m
[rgbd_odometry-1] [0m[INFO] [1780550457.475332525] [rtabmap.rgbd_odometry]: Odom: quality=179, std dev=0.021184m|0.025722rad, update time=0.039455s delay=0.816280s[0m
[rgbd_odometry-1] [0m[INFO] [1780550457.551080281] [rtabmap.rgbd_odometry]: Odom: quality=162, std dev=0.029258m|0.029529rad, update time=0.039883s delay=0.824543s[0m
[rgbd_odometry-1] [0m[INFO] [1780550457.590162993] [rtabmap.rgbd_odometry]: Odom: quality=164, std dev=0.033476m|0.030126rad, update time=0.038688s delay=0.841251s[0m
[rtabmap-2] [0m[INFO] [1780550457.635806554] [rtabmap.rtabmap]: rtabmap (6): Rate=1.00s, Limit=0.000s, Conversion=0.0015s, RTAB-Map=0.0820s, Maps update=0.0000s pub=0.0000s delay=0.9247s (local map=6, WM=6)[0m
[rgbd_odometry-1] [0m[INFO] [1780550457.670782488] [rtabmap.rgbd_odometry]: Odom: quality=134, std dev=0.027927m|0.029804rad, update time=0.045201s delay=0.849668s[0m
[rgbd_odometry-1] [0m[INFO] [1780550457.736005344] [rtabmap.rgbd_odometry]: Odom: quality=167, std dev=0.031268m|0.028528rad, update time=0.039239s delay=0.857899s[0m
[rgbd_odometry-1] [0m[INFO] [1780550457.800439906] [rtabmap.rgbd_odometry]: Odom: quality=123, std dev=0.041152m|0.037788rad, update time=0.037922s delay=0.807900s[0m
[rgbd_odometry-1] [0m[INFO] [1780550457.836438917] [rtabmap.rgbd_odometry]: Odom: quality=171, std dev=0.025939m|0.030689rad, update time=0.034851s delay=0.824576s[0m
[rgbd_odometry-1] [0m[INFO] [1780550457.874597119] [rtabmap.rgbd_odometry]: Odom: quality=155, std dev=0.032497m|0.033359rad, update time=0.036337s delay=0.816268s[0m
[rgbd_odometry-1] [0m[INFO] [1780550457.913678091] [rtabmap.rgbd_odometry]: Odom: quality=134, std dev=0.039102m|0.036613rad, update time=0.037430s delay=0.832892s[0m
[rgbd_odometry-1] [0m[INFO] [1780550457.991520390] [rtabmap.rgbd_odometry]: Odom: quality=165, std dev=0.045451m|0.039057rad, update time=0.039875s delay=0.841334s[0m
[rgbd_odometry-1] [0m[INFO] [1780550458.071581809] [rtabmap.rgbd_odometry]: Odom: quality=139, std dev=0.029896m|0.033242rad, update time=0.042765s delay=0.849622s[0m
[rgbd_odometry-1] [0m[INFO] [1780550458.135241160] [rtabmap.rgbd_odometry]: Odom: quality=163, std dev=0.036879m|0.032513rad, update time=0.037533s delay=0.824561s[0m
[rgbd_odometry-1] [0m[INFO] [1780550458.174688327] [rtabmap.rgbd_odometry]: Odom: quality=159, std dev=0.037008m|0.033163rad, update time=0.038651s delay=0.816265s[0m
[rgbd_odometry-1] [0m[INFO] [1780550458.217667267] [rtabmap.rgbd_odometry]: Odom: quality=157, std dev=0.032897m|0.029640rad, update time=0.039684s delay=0.833133s[0m
[rgbd_odometry-1] [0m[INFO] [1780550458.259340377] [rtabmap.rgbd_odometry]: Odom: quality=148, std dev=0.030675m|0.031865rad, update time=0.040326s delay=0.849570s[0m
[rgbd_odometry-1] [0m[INFO] [1780550458.334248320] [rtabmap.rgbd_odometry]: Odom: quality=171, std dev=0.027318m|0.027887rad, update time=0.041733s delay=0.857859s[0m
[rgbd_odometry-1] [0m[INFO] [1780550458.395099445] [rtabmap.rgbd_odometry]: Odom: quality=162, std dev=0.026420m|0.030689rad, update time=0.038811s delay=0.807916s[0m
[rgbd_odometry-1] [0m[INFO] [1780550458.475621279] [rtabmap.rgbd_odometry]: Odom: quality=151, std dev=0.026963m|0.027753rad, update time=0.038666s delay=0.849603s[0m
[rgbd_odometry-1] [0m[INFO] [1780550458.568986871] [rtabmap.rgbd_odometry]: Odom: quality=28, std dev=0.105282m|0.041277rad, update time=0.050716s delay=0.849558s[0m
[rgbd_odometry-1] [0m[INFO] [1780550458.662741401] [rtabmap.rgbd_odometry]: Odom: quality=125, std dev=0.026336m|0.031686rad, update time=0.069840s delay=0.883043s[0m
[rgbd_odometry-1] [0m[INFO] [1780550458.725682529] [rtabmap.rgbd_odometry]: Odom: quality=168, std dev=0.025045m|0.027340rad, update time=0.055150s delay=0.899635s[0m
[rtabmap-2] [0m[INFO] [1780550458.767350073] [rtabmap.rtabmap]: rtabmap (7): Rate=1.00s, Limit=0.000s, Conversion=0.0006s, RTAB-Map=0.1029s, Maps update=0.0000s pub=0.0000s delay=0.9830s (local map=7, WM=7)[0m
[rgbd_odometry-1] [33m[WARN] [1780550458.793472889] [rtabmap.rgbd_odometry]: The time difference between rgb and depth frames is high (diff=0.033271s, rgb=1780439715.835454s, depth=1780439715.802183s). You may want to set approx_sync_max_interval lower than 0.02s to reject spurious bad synchronizations or use approx_sync=false if streams have all the exact same timestamp.[0m
[rgbd_odometry-1] [0m[INFO] [1780550458.815608036] [rtabmap.rgbd_odometry]: Odom: quality=151, std dev=0.039215m|0.038362rad, update time=0.053112s delay=0.899589s[0m
[rgbd_odometry-1] [0m[INFO] [1780550458.917899386] [rtabmap.rgbd_odometry]: Odom: quality=137, std dev=0.028524m|0.033513rad, update time=0.075303s delay=0.899591s[0m
[rgbd_odometry-1] [0m[INFO] [1780550458.980389705] [rtabmap.rgbd_odometry]: Odom: quality=201, std dev=0.038834m|0.029473rad, update time=0.045279s delay=0.907985s[0m
[rgbd_odometry-1] [0m[INFO] [1780550459.068951127] [rtabmap.rgbd_odometry]: Odom: quality=184, std dev=0.035390m|0.035248rad, update time=0.043780s delay=0.916233s[0m
[rgbd_odometry-1] [0m[INFO] [1780550459.114924207] [rtabmap.rgbd_odometry]: Odom: quality=168, std dev=0.035767m|0.035149rad, update time=0.044986s delay=0.932924s[0m
[rgbd_odometry-1] [0m[INFO] [1780550459.209432136] [rtabmap.rgbd_odometry]: Odom: quality=160, std dev=0.040088m|0.036495rad, update time=0.046597s delay=0.932875s[0m
[rgbd_odometry-1] [0m[INFO] [1780550459.309733786] [rtabmap.rgbd_odometry]: Odom: quality=141, std dev=0.032861m|0.031503rad, update time=0.054672s delay=0.966180s[0m
[rgbd_odometry-1] [0m[INFO] [1780550459.388618874] [rtabmap.rgbd_odometry]: Odom: quality=201, std dev=0.042043m|0.035888rad, update time=0.044175s delay=0.974552s[0m
[rgbd_odometry-1] [0m[INFO] [1780550459.435701486] [rtabmap.rgbd_odometry]: Odom: quality=190, std dev=0.056861m|0.043188rad, update time=0.043184s delay=0.991274s[0m
[rgbd_odometry-1] [0m[INFO] [1780550459.484797205] [rtabmap.rgbd_odometry]: Odom: quality=158, std dev=0.054616m|0.040734rad, update time=0.044221s delay=1.007928s[0m
[rgbd_odometry-1] [0m[INFO] [1780550459.584497619] [rtabmap.rgbd_odometry]: Odom: quality=133, std dev=0.050344m|0.038813rad, update time=0.045962s delay=1.007941s[0m
[rgbd_odometry-1] [0m[INFO] [1780550459.636716184] [rtabmap.rgbd_odometry]: Odom: quality=191, std dev=0.041170m|0.037627rad, update time=0.049971s delay=1.024779s[0m
[rgbd_odometry-1] [0m[INFO] [1780550459.728461206] [rtabmap.rgbd_odometry]: Odom: quality=144, std dev=0.025539m|0.029129rad, update time=0.042723s delay=1.057930s[0m
[rgbd_odometry-1] [0m[INFO] [1780550459.769970267] [rtabmap.rgbd_odometry]: Odom: quality=195, std dev=0.029564m|0.037841rad, update time=0.039407s delay=1.016250s[0m
[rgbd_odometry-1] [0m[INFO] [1780550459.826368186] [rtabmap.rgbd_odometry]: Odom: quality=200, std dev=0.035365m|0.040840rad, update time=0.039918s delay=1.032921s[0m
[rgbd_odometry-1] [0m[INFO] [1780550459.874122848] [rtabmap.rgbd_odometry]: Odom: quality=178, std dev=0.034712m|0.038387rad, update time=0.040244s delay=1.049588s[0m
[rgbd_odometry-1] [0m[INFO] [1780550459.931318126] [rtabmap.rgbd_odometry]: Odom: quality=174, std dev=0.042245m|0.043241rad, update time=0.045918s delay=1.091317s[0m
[rtabmap-2] [0m[INFO] [1780550459.936723709] [rtabmap.rtabmap]: rtabmap (8): Rate=1.00s, Limit=0.000s, Conversion=0.0006s, RTAB-Map=0.0603s, Maps update=0.0000s pub=0.0000s delay=1.1247s (local map=8, WM=8)[0m
[rgbd_odometry-1] [0m[INFO] [1780550459.984203438] [rtabmap.rgbd_odometry]: Odom: quality=150, std dev=0.065660m|0.055269rad, update time=0.043223s delay=1.074589s[0m
[rgbd_odometry-1] [0m[INFO] [1780550460.035942207] [rtabmap.rgbd_odometry]: Odom: quality=221, std dev=0.028496m|0.037353rad, update time=0.044083s delay=1.091291s[0m
[rgbd_odometry-1] [33m[ WARN] (2026-06-03 23:21:00.142) OdometryF2M.cpp:626::computeTransform() Registration failed: "Not enough inliers 11/15 (matches=97) between -1 and 130" (guess=xyz=0.027022,-0.059556,0.005599 rpy=0.010461,0.061615,0.001745)[0m
[rgbd_odometry-1] [33m[ WARN] (2026-06-03 23:21:00.142) OdometryF2M.cpp:319::computeTransform() Failed to find a transformation with the provided guess (xyz=0.027022,-0.059556,0.005599 rpy=0.010461,0.061615,0.001745), trying again without a guess.[0m
[rgbd_odometry-1] [33m[ WARN] (2026-06-03 23:21:00.205) OdometryF2M.cpp:636::computeTransform() Trial with no guess succeeded![0m
[rgbd_odometry-1] [0m[INFO] [1780550460.207043088] [rtabmap.rgbd_odometry]: Odom: quality=191, std dev=0.033938m|0.038589rad, update time=0.119240s delay=1.166291s[0m
[rgbd_odometry-1] [0m[INFO] [1780550460.282386452] [rtabmap.rgbd_odometry]: Odom: quality=190, std dev=0.028430m|0.039201rad, update time=0.046709s delay=1.107937s[0m
[rgbd_odometry-1] [0m[INFO] [1780550460.329394878] [rtabmap.rgbd_odometry]: Odom: quality=184, std dev=0.040768m|0.042935rad, update time=0.043474s delay=1.124630s[0m
[rgbd_odometry-1] [0m[INFO] [1780550460.377282144] [rtabmap.rgbd_odometry]: Odom: quality=182, std dev=0.042444m|0.045080rad, update time=0.044908s delay=1.107924s[0m
[rgbd_odometry-1] [0m[INFO] [1780550460.429260612] [rtabmap.rgbd_odometry]: Odom: quality=173, std dev=0.046845m|0.049987rad, update time=0.042181s delay=1.124579s[0m
[rgbd_odometry-1] [0m[INFO] [1780550460.480959725] [rtabmap.rgbd_odometry]: Odom: quality=135, std dev=0.049644m|0.053869rad, update time=0.046150s delay=1.107932s[0m
[rgbd_odometry-1] [0m[INFO] [1780550460.538263102] [rtabmap.rgbd_odometry]: Odom: quality=254, std dev=0.016004m|0.031128rad, update time=0.046457s delay=1.124609s[0m
[rgbd_odometry-1] [0m[INFO] [1780550460.601824589] [rtabmap.rgbd_odometry]: Odom: quality=246, std dev=0.021275m|0.038413rad, update time=0.049241s delay=1.141348s[0m
[rgbd_odometry-1] [0m[INFO] [1780550460.699414043] [rtabmap.rgbd_odometry]: Odom: quality=207, std dev=0.041663m|0.046504rad, update time=0.041609s delay=1.141294s[0m
[rgbd_odometry-1] [0m[INFO] [1780550460.744525420] [rtabmap.rgbd_odometry]: Odom: quality=179, std dev=0.043099m|0.051592rad, update time=0.038957s delay=1.124612s[0m
[rgbd_odometry-1] [0m[INFO] [1780550460.804822620] [rtabmap.rgbd_odometry]: Odom: quality=179, std dev=0.037297m|0.048467rad, update time=0.041734s delay=1.166250s[0m
[rgbd_odometry-1] [0m[INFO] [1780550460.850383695] [rtabmap.rgbd_odometry]: Odom: quality=159, std dev=0.031336m|0.044122rad, update time=0.041491s delay=1.124628s[0m
[rgbd_odometry-1] [0m[INFO] [1780550460.916897472] [rtabmap.rgbd_odometry]: Odom: quality=134, std dev=0.042421m|0.049614rad, update time=0.047986s delay=1.166256s[0m
[rgbd_odometry-1] [0m[INFO] [1780550460.959468588] [rtabmap.rgbd_odometry]: Odom: quality=247, std dev=0.022172m|0.038714rad, update time=0.040937s delay=1.149593s[0m
[rgbd_odometry-1] [0m[INFO] [1780550461.025067706] [rtabmap.rgbd_odometry]: Odom: quality=241, std dev=0.022630m|0.039485rad, update time=0.039724s delay=1.166259s[0m
[rgbd_odometry-1] [0m[INFO] [1780550461.074019771] [rtabmap.rgbd_odometry]: Odom: quality=231, std dev=0.044144m|0.052629rad, update time=0.043202s delay=1.149591s[0m
[rtabmap-2] [0m[INFO] [1780550461.128358987] [rtabmap.rtabmap]: rtabmap (9): Rate=1.00s, Limit=0.000s, Conversion=0.0017s, RTAB-Map=0.1000s, Maps update=0.0000s pub=0.0000s delay=1.2917s (local map=9, WM=9)[0m
[rgbd_odometry-1] [0m[INFO] [1780550461.140694929] [rtabmap.rgbd_odometry]: Odom: quality=226, std dev=0.042256m|0.052570rad, update time=0.061148s delay=1.158349s[0m
[rgbd_odometry-1] [0m[INFO] [1780550461.231828580] [rtabmap.rgbd_odometry]: Odom: quality=187, std dev=0.029279m|0.042548rad, update time=0.045066s delay=1.191266s[0m
[rgbd_odometry-1] [0m[INFO] [1780550461.275591744] [rtabmap.rgbd_odometry]: Odom: quality=200, std dev=0.021628m|0.039461rad, update time=0.043444s delay=1.149609s[0m
[rgbd_odometry-1] [0m[INFO] [1780550461.326679201] [rtabmap.rgbd_odometry]: Odom: quality=193, std dev=0.024194m|0.038813rad, update time=0.039529s delay=1.166294s[0m
[rgbd_odometry-1] [0m[INFO] [1780550461.373422758] [rtabmap.rgbd_odometry]: Odom: quality=161, std dev=0.042405m|0.051872rad, update time=0.041395s delay=1.149605s[0m
[rgbd_odometry-1] [0m[INFO] [1780550461.435263975] [rtabmap.rgbd_odometry]: Odom: quality=181, std dev=0.037114m|0.052923rad, update time=0.041812s delay=1.191279s[0m
[rgbd_odometry-1] [0m[INFO] [1780550461.495225359] [rtabmap.rgbd_odometry]: Odom: quality=191, std dev=0.021993m|0.040079rad, update time=0.049400s delay=1.174676s[0m
[rgbd_odometry-1] [0m[INFO] [1780550461.568333468] [rtabmap.rgbd_odometry]: Odom: quality=157, std dev=0.039318m|0.052679rad, update time=0.048507s delay=1.216279s[0m
[rgbd_odometry-1] [0m[INFO] [1780550461.621646925] [rtabmap.rgbd_odometry]: Odom: quality=147, std dev=0.020767m|0.034000rad, update time=0.044935s delay=1.199617s[0m
[rgbd_odometry-1] [0m[INFO] [1780550461.698203286] [rtabmap.rgbd_odometry]: Odom: quality=263, std dev=0.015105m|0.029416rad, update time=0.044463s delay=1.241330s[0m
[rgbd_odometry-1] [0m[INFO] [1780550461.754837615] [rtabmap.rgbd_odometry]: Odom: quality=234, std dev=0.015532m|0.030334rad, update time=0.048028s delay=1.249653s[0m
[rgbd_odometry-1] [0m[INFO] [1780550461.824492797] [rtabmap.rgbd_odometry]: Odom: quality=223, std dev=0.021350m|0.035116rad, update time=0.043744s delay=1.232981s[0m
[rgbd_odometry-1] [0m[INFO] [1780550461.936005827] [rtabmap.rgbd_odometry]: Odom: quality=196, std dev=0.020866m|0.033203rad, update time=0.049559s delay=1.324747s[0m
[rgbd_odometry-1] [0m[INFO] [1780550461.980814487] [rtabmap.rgbd_odometry]: Odom: quality=182, std dev=0.015371m|0.030788rad, update time=0.041705s delay=1.307961s[0m
[rgbd_odometry-1] [0m[INFO] [1780550462.046437222] [rtabmap.rgbd_odometry]: Odom: quality=170, std dev=0.016991m|0.032924rad, update time=0.042849s delay=1.324660s[0m
[rgbd_odometry-1] [0m[INFO] [1780550462.099132926] [rtabmap.rgbd_odometry]: Odom: quality=167, std dev=0.025432m|0.042417rad, update time=0.042709s delay=1.307944s[0m
[rgbd_odometry-1] [0m[INFO] [1780550462.223659124] [rtabmap.rgbd_odometry]: Odom: quality=153, std dev=0.028732m|0.044874rad, update time=0.046575s delay=1.332970s[0m
[rgbd_odometry-1] [0m[INFO] [1780550462.291923161] [rtabmap.rgbd_odometry]: Odom: quality=149, std dev=0.024287m|0.038813rad, update time=0.056882s delay=1.341282s[0m
[rtabmap-2] [0m[INFO] [1780550462.322249661] [rtabmap.rtabmap]: rtabmap (10): Rate=1.00s, Limit=0.000s, Conversion=0.0007s, RTAB-Map=0.0966s, Maps update=0.0000s pub=0.0000s delay=1.4331s (local map=10, WM=10)[0m
[rgbd_odometry-1] [0m[INFO] [1780550462.394999869] [rtabmap.rgbd_odometry]: Odom: quality=196, std dev=0.021224m|0.034606rad, update time=0.041940s delay=1.341274s[0m
[rgbd_odometry-1] [0m[INFO] [1780550464.606414708] [rtabmap.rgbd_odometry]: Odom: quality=208, std dev=0.025737m|0.039648rad, update time=2.207252s delay=1.324594s[0m
[rgbd_odometry-1] [0m[INFO] [1780550464.675207900] [rtabmap.rgbd_odometry]: Odom: quality=204, std dev=0.019590m|0.034109rad, update time=0.047461s delay=1.366235s[0m
[rgbd_odometry-1] [0m[INFO] [1780550464.722465647] [rtabmap.rgbd_odometry]: Odom: quality=210, std dev=0.018848m|0.035950rad, update time=0.046183s delay=1.349556s[0m
[rgbd_odometry-1] [0m[INFO] [1780550464.794507911] [rtabmap.rgbd_odometry]: Odom: quality=188, std dev=0.018797m|0.033589rad, update time=0.041075s delay=1.391238s[0m
[rgbd_odometry-1] [0m[INFO] [1780550464.840831080] [rtabmap.rgbd_odometry]: Odom: quality=195, std dev=0.021388m|0.037518rad, update time=0.040758s delay=1.349610s[0m
[rgbd_odometry-1] [0m[INFO] [1780550464.898582329] [rtabmap.rgbd_odometry]: Odom: quality=171, std dev=0.019873m|0.036316rad, update time=0.042614s delay=1.391226s[0m
[rgbd_odometry-1] [0m[INFO] [1780550464.941468444] [rtabmap.rgbd_odometry]: Odom: quality=161, std dev=0.025382m|0.041480rad, update time=0.039581s delay=1.349646s[0m
[rgbd_odometry-1] [0m[INFO] [1780550464.995899004] [rtabmap.rgbd_odometry]: Odom: quality=165, std dev=0.020815m|0.037187rad, update time=0.044743s delay=1.358013s[0m
[rgbd_odometry-1] [0m[INFO] [1780550465.042675077] [rtabmap.rgbd_odometry]: Odom: quality=152, std dev=0.019632m|0.036436rad, update time=0.042222s delay=1.316275s[0m
[rgbd_odometry-1] [0m[INFO] [1780550465.097964534] [rtabmap.rgbd_odometry]: Odom: quality=134, std dev=0.026747m|0.044985rad, update time=0.045818s delay=1.324645s[0m
[rgbd_odometry-1] [0m[INFO] [1780550465.149114192] [rtabmap.rgbd_odometry]: Odom: quality=265, std dev=0.026004m|0.038387rad, update time=0.043765s delay=1.307951s[0m
[rgbd_odometry-1] [0m[INFO] [1780550465.205083049] [rtabmap.rgbd_odometry]: Odom: quality=242, std dev=0.025739m|0.039854rad, update time=0.044830s delay=1.324610s[0m
[rgbd_odometry-1] [0m[INFO] [1780550465.250286809] [rtabmap.rgbd_odometry]: Odom: quality=212, std dev=0.022267m|0.036436rad, update time=0.044537s delay=1.274625s[0m
[rgbd_odometry-1] [0m[INFO] [1780550465.303258362] [rtabmap.rgbd_odometry]: Odom: quality=195, std dev=0.018492m|0.033513rad, update time=0.047710s delay=1.224839s[0m
[rgbd_odometry-1] [0m[INFO] [1780550465.355413425] [rtabmap.rgbd_odometry]: Odom: quality=173, std dev=0.019724m|0.030639rad, update time=0.046016s delay=1.241274s[0m
[rtabmap-2] [0m[INFO] [1780550465.404716491] [rtabmap.rtabmap]: rtabmap (11): Rate=1.00s, Limit=0.000s, Conversion=0.0014s, RTAB-Map=0.0989s, Maps update=0.0000s pub=0.0000s delay=1.3247s (local map=11, WM=11)[0m
[rgbd_odometry-1] [0m[INFO] [1780550465.440725339] [rtabmap.rgbd_odometry]: Odom: quality=175, std dev=0.024044m|0.035116rad, update time=0.039638s delay=1.182981s[0m
[rgbd_odometry-1] [0m[INFO] [1780550465.489459208] [rtabmap.rgbd_odometry]: Odom: quality=157, std dev=0.019038m|0.032042rad, update time=0.040262s delay=1.166265s[0m
[rgbd_odometry-1] [0m[INFO] [1780550465.538729473] [rtabmap.rgbd_odometry]: Odom: quality=148, std dev=0.025499m|0.037017rad, update time=0.040841s delay=1.149611s[0m
[rgbd_odometry-1] [0m[INFO] [1780550465.609454951] [rtabmap.rgbd_odometry]: Odom: quality=279, std dev=0.010557m|0.024640rad, update time=0.055286s delay=1.191283s[0m
[rgbd_odometry-1] [0m[INFO] [1780550465.684083211] [rtabmap.rgbd_odometry]: Odom: quality=255, std dev=0.015859m|0.031595rad, update time=0.047105s delay=1.132897s[0m
[rgbd_odometry-1] [0m[INFO] [1780550465.737533034] [rtabmap.rgbd_odometry]: Odom: quality=247, std dev=0.013623m|0.030639rad, update time=0.045192s delay=1.149600s[0m
[rgbd_odometry-1] [0m[INFO] [1780550465.829210727] [rtabmap.rgbd_odometry]: Odom: quality=223, std dev=0.014173m|0.028953rad, update time=0.039317s delay=1.116258s[0m
[rgbd_odometry-1] [0m[INFO] [1780550465.885251662] [rtabmap.rgbd_odometry]: Odom: quality=194, std dev=0.017469m|0.032924rad, update time=0.041220s delay=1.099610s[0m
[rgbd_odometry-1] [0m[INFO] [1780550466.001788929] [rtabmap.rgbd_odometry]: Odom: quality=190, std dev=0.019735m|0.033778rad, update time=0.045448s delay=1.191298s[0m
[rgbd_odometry-1] [0m[INFO] [1780550466.045305406] [rtabmap.rgbd_odometry]: Odom: quality=178, std dev=0.018433m|0.033203rad, update time=0.039165s delay=1.141294s[0m
[rgbd_odometry-1] [0m[INFO] [1780550466.098939178] [rtabmap.rgbd_odometry]: Odom: quality=180, std dev=0.020548m|0.036196rad, update time=0.041104s delay=1.124616s[0m
[rgbd_odometry-1] [0m[INFO] [1780550466.158828709] [rtabmap.rgbd_odometry]: Odom: quality=165, std dev=0.016053m|0.033926rad, update time=0.039878s delay=1.141324s[0m
[rgbd_odometry-1] [0m[INFO] [1780550466.211469455] [rtabmap.rgbd_odometry]: Odom: quality=159, std dev=0.016917m|0.034641rad, update time=0.045346s delay=1.124662s[0m
[rgbd_odometry-1] [0m[INFO] [1780550466.269611972] [rtabmap.rgbd_odometry]: Odom: quality=162, std dev=0.016855m|0.031998rad, update time=0.045154s delay=1.166325s[0m
[rgbd_odometry-1] [0m[INFO] [1780550466.364960382] [rtabmap.rgbd_odometry]: Odom: quality=148, std dev=0.018064m|0.036759rad, update time=0.044045s delay=1.141261s[0m
[rtabmap-2] [0m[INFO] [1780550466.441676200] [rtabmap.rtabmap]: rtabmap (12): Rate=1.00s, Limit=0.000s, Conversion=0.0007s, RTAB-Map=0.1703s, Maps update=0.0000s pub=0.0000s delay=1.3163s (local map=12, WM=12)[0m
[rgbd_odometry-1] [0m[INFO] [1780550466.463706925] [rtabmap.rgbd_odometry]: Odom: quality=255, std dev=0.013110m|0.029695rad, update time=0.043907s delay=1.141267s[0m
[rgbd_odometry-1] [0m[INFO] [1780550466.518489021] [rtabmap.rgbd_odometry]: Odom: quality=237, std dev=0.018752m|0.035731rad, update time=0.044414s delay=1.149599s[0m
[rgbd_odometry-1] [0m[INFO] [1780550466.586715787] [rtabmap.rgbd_odometry]: Odom: quality=237, std dev=0.012121m|0.028652rad, update time=0.046195s delay=1.166317s[0m
[rgbd_odometry-1] [0m[INFO] [1780550466.631423154] [rtabmap.rgbd_odometry]: Odom: quality=230, std dev=0.013812m|0.030334rad, update time=0.042807s delay=1.149645s[0m
[rgbd_odometry-1] [0m[INFO] [1780550466.694266460] [rtabmap.rgbd_odometry]: Odom: quality=213, std dev=0.023562m|0.040627rad, update time=0.041552s delay=1.191235s[0m
[rgbd_odometry-1] [33m[ WARN] (2026-06-03 23:21:06.755) OdometryF2M.cpp:626::computeTransform() Registration failed: "Not enough inliers 12/15 (matches=96) between -1 and 200" (guess=xyz=0.010650,-0.054530,0.016581 rpy=0.006001,0.031572,-0.038723)[0m
[rgbd_odometry-1] [33m[ WARN] (2026-06-03 23:21:06.755) OdometryF2M.cpp:319::computeTransform() Failed to find a transformation with the provided guess (xyz=0.010650,-0.054530,0.016581 rpy=0.006001,0.031572,-0.038723), trying again without a guess.[0m
[rgbd_odometry-1] [33m[ WARN] (2026-06-03 23:21:06.817) OdometryF2M.cpp:636::computeTransform() Trial with no guess succeeded![0m
[rgbd_odometry-1] [0m[INFO] [1780550466.819047039] [rtabmap.rgbd_odometry]: Odom: quality=165, std dev=0.022573m|0.039694rad, update time=0.109865s delay=1.249558s[0m
[rgbd_odometry-1] [33m[ WARN] (2026-06-03 23:21:06.884) OdometryF2M.cpp:626::computeTransform() Registration failed: "Not enough inliers 10/15 (matches=93) between -1 and 201" (guess=xyz=0.014182,-0.027596,0.023065 rpy=-0.010518,-0.028982,-0.065051)[0m
[rgbd_odometry-1] [33m[ WARN] (2026-06-03 23:21:06.884) OdometryF2M.cpp:319::computeTransform() Failed to find a transformation with the provided guess (xyz=0.014182,-0.027596,0.023065 rpy=-0.010518,-0.028982,-0.065051), trying again without a guess.[0m
[rgbd_odometry-1] [33m[ WARN] (2026-06-03 23:21:06.944) OdometryF2M.cpp:636::computeTransform() Trial with no guess succeeded![0m
[rgbd_odometry-1] [0m[INFO] [1780550466.945718129] [rtabmap.rgbd_odometry]: Odom: quality=182, std dev=0.022789m|0.039081rad, update time=0.109239s delay=1.307824s[0m
[rgbd_odometry-1] [0m[INFO] [1780550467.038364726] [rtabmap.rgbd_odometry]: Odom: quality=94, std dev=0.022491m|0.036584rad, update time=0.047304s delay=1.216239s[0m
[rgbd_odometry-1] [0m[INFO] [1780550467.086210340] [rtabmap.rgbd_odometry]: Odom: quality=288, std dev=0.017494m|0.035314rad, update time=0.041773s delay=1.199600s[0m
[rgbd_odometry-1] [0m[INFO] [1780550467.148928210] [rtabmap.rgbd_odometry]: Odom: quality=275, std dev=0.017196m|0.033551rad, update time=0.043760s delay=1.241218s[0m
[rgbd_odometry-1] [0m[INFO] [1780550467.205451396] [rtabmap.rgbd_odometry]: Odom: quality=256, std dev=0.018222m|0.034109rad, update time=0.047870s delay=1.224594s[0m
[rgbd_odometry-1] [0m[INFO] [1780550467.258426780] [rtabmap.rgbd_odometry]: Odom: quality=242, std dev=0.017545m|0.034431rad, update time=0.046549s delay=1.241228s[0m
[rgbd_odometry-1] [0m[INFO] [1780550467.363586211] [rtabmap.rgbd_odometry]: Odom: quality=72, std dev=0.013734m|0.036165rad, update time=0.056795s delay=1.207885s[0m
[rtabmap-2] [0m[INFO] [1780550467.451133994] [rtabmap.rtabmap]: rtabmap (13): Rate=1.00s, Limit=0.000s, Conversion=0.0006s, RTAB-Map=0.0859s, Maps update=0.0000s pub=0.0000s delay=1.3080s (local map=13, WM=13)[0m
[rgbd_odometry-1] [0m[INFO] [1780550467.455281495] [rtabmap.rgbd_odometry]: Odom: quality=226, std dev=0.015659m|0.032172rad, update time=0.045004s delay=1.207901s[0m
[rgbd_odometry-1] [0m[INFO] [1780550467.520006663] [rtabmap.rgbd_odometry]: Odom: quality=235, std dev=0.015127m|0.031175rad, update time=0.046597s delay=1.249610s[0m
[rgbd_odometry-1] [0m[INFO] [1780550467.625872917] [rtabmap.rgbd_odometry]: Odom: quality=190, std dev=0.017511m|0.035950rad, update time=0.048633s delay=1.249653s[0m
[rgbd_odometry-1] [0m[INFO] [1780550467.668827614] [rtabmap.rgbd_odometry]: Odom: quality=183, std dev=0.022591m|0.039785rad, update time=0.042173s delay=1.232904s[0m
[rgbd_odometry-1] [0m[INFO] [1780550467.720518539] [rtabmap.rgbd_odometry]: Odom: quality=174, std dev=0.017817m|0.035149rad, update time=0.039989s delay=1.216249s[0m
[rgbd_odometry-1] [0m[INFO] [1780550467.785608918] [rtabmap.rgbd_odometry]: Odom: quality=167, std dev=0.014870m|0.032428rad, update time=0.042017s delay=1.232926s[0m
[rgbd_odometry-1] [0m[INFO] [1780550467.833499659] [rtabmap.rgbd_odometry]: Odom: quality=178, std dev=0.016191m|0.033589rad, update time=0.045256s delay=1.216261s[0m
[rgbd_odometry-1] [0m[INFO] [1780550467.887930494] [rtabmap.rgbd_odometry]: Odom: quality=161, std dev=0.016793m|0.035314rad, update time=0.048424s delay=1.199544s[0m
[rgbd_odometry-1] [0m[INFO] [1780550467.933736192] [rtabmap.rgbd_odometry]: Odom: quality=147, std dev=0.025084m|0.041819rad, update time=0.042630s delay=1.182902s[0m
[rgbd_odometry-1] [0m[INFO] [1780550467.989310819] [rtabmap.rgbd_odometry]: Odom: quality=224, std dev=0.015377m|0.033084rad, update time=0.043027s delay=1.166240s[0m
[rgbd_odometry-1] [0m[INFO] [1780550468.048644428] [rtabmap.rgbd_odometry]: Odom: quality=232, std dev=0.019093m|0.037017rad, update time=0.042236s delay=1.207865s[0m
[rgbd_odometry-1] [0m[INFO] [1780550468.101199218] [rtabmap.rgbd_odometry]: Odom: quality=203, std dev=0.023571m|0.042341rad, update time=0.044016s delay=1.191292s[0m
[rgbd_odometry-1] [0m[INFO] [1780550468.164960735] [rtabmap.rgbd_odometry]: Odom: quality=196, std dev=0.019610m|0.039391rad, update time=0.044321s delay=1.207925s[0m
[rgbd_odometry-1] [0m[INFO] [1780550468.215665773] [rtabmap.rgbd_odometry]: Odom: quality=184, std dev=0.032169m|0.051359rad, update time=0.044213s delay=1.191254s[0m
[rgbd_odometry-1] [0m[INFO] [1780550468.269935622] [rtabmap.rgbd_odometry]: Odom: quality=184, std dev=0.021518m|0.043170rad, update time=0.042586s delay=1.199596s[0m
[rgbd_odometry-1] [0m[INFO] [1780550468.326549550] [rtabmap.rgbd_odometry]: Odom: quality=185, std dev=0.029029m|0.047231rad, update time=0.040068s delay=1.216220s[0m
[rgbd_odometry-1] [0m[INFO] [1780550468.373853953] [rtabmap.rgbd_odometry]: Odom: quality=176, std dev=0.024654m|0.043330rad, update time=0.041825s delay=1.199560s[0m
[rgbd_odometry-1] [0m[INFO] [1780550468.425269202] [rtabmap.rgbd_odometry]: Odom: quality=165, std dev=0.015565m|0.038639rad, update time=0.042569s delay=1.182912s[0m
[rtabmap-2] [0m[INFO] [1780550468.464814400] [rtabmap.rtabmap]: rtabmap (14): Rate=1.00s, Limit=0.000s, Conversion=0.0007s, RTAB-Map=0.0890s, Maps update=0.0000s pub=0.0000s delay=1.2750s (local map=14, WM=14)[0m
[rgbd_odometry-1] [0m[INFO] [1780550468.493308636] [rtabmap.rgbd_odometry]: Odom: quality=165, std dev=0.018475m|0.037187rad, update time=0.049668s delay=1.224517s[0m
[rgbd_odometry-1] [0m[INFO] [1780550468.607422719] [rtabmap.rgbd_odometry]: Odom: quality=124, std dev=0.022699m|0.043817rad, update time=0.053343s delay=1.224662s[0m
[rgbd_odometry-1] [0m[INFO] [1780550468.695911131] [rtabmap.rgbd_odometry]: Odom: quality=205, std dev=0.020626m|0.038489rad, update time=0.038918s delay=1.224498s[0m
[rgbd_odometry-1] [0m[INFO] [1780550468.754833452] [rtabmap.rgbd_odometry]: Odom: quality=197, std dev=0.027557m|0.043835rad, update time=0.046480s delay=1.207960s[0m
[rgbd_odometry-1] [0m[INFO] [1780550468.825050829] [rtabmap.rgbd_odometry]: Odom: quality=176, std dev=0.024682m|0.044173rad, update time=0.044511s delay=1.249558s[0m
[rgbd_odometry-1] [0m[INFO] [1780550468.875008792] [rtabmap.rgbd_odometry]: Odom: quality=168, std dev=0.019677m|0.036346rad, update time=0.040645s delay=1.232856s[0m
[rgbd_odometry-1] [0m[INFO] [1780550468.932652914] [rtabmap.rgbd_odometry]: Odom: quality=152, std dev=0.024534m|0.044617rad, update time=0.041293s delay=1.216255s[0m
[rgbd_odometry-1] [0m[INFO] [1780550468.991666043] [rtabmap.rgbd_odometry]: Odom: quality=162, std dev=0.029056m|0.045048rad, update time=0.039404s delay=1.232923s[0m
[rgbd_odometry-1] [0m[INFO] [1780550469.058089305] [rtabmap.rgbd_odometry]: Odom: quality=161, std dev=0.029351m|0.046732rad, update time=0.056352s delay=1.241238s[0m
[rgbd_odometry-1] [0m[INFO] [1780550469.147112102] [rtabmap.rgbd_odometry]: Odom: quality=154, std dev=0.024256m|0.043453rad, update time=0.046161s delay=1.241218s[0m
[rgbd_odometry-1] [0m[INFO] [1780550469.193756256] [rtabmap.rgbd_odometry]: Odom: quality=151, std dev=0.020482m|0.040323rad, update time=0.042246s delay=1.224546s[0m
[rgbd_odometry-1] [0m[INFO] [1780550469.258340126] [rtabmap.rgbd_odometry]: Odom: quality=156, std dev=0.025246m|0.044890rad, update time=0.039217s delay=1.241256s[0m
[rgbd_odometry-1] [0m[INFO] [1780550469.309133357] [rtabmap.rgbd_odometry]: Odom: quality=150, std dev=0.018652m|0.037921rad, update time=0.040780s delay=1.224591s[0m
[rgbd_odometry-1] [0m[INFO] [1780550469.362425591] [rtabmap.rgbd_odometry]: Odom: quality=205, std dev=0.020068m|0.039296rad, update time=0.039877s delay=1.207836s[0m
[rgbd_odometry-1] [0m[INFO] [1780550469.478062039] [rtabmap.rgbd_odometry]: Odom: quality=173, std dev=0.024315m|0.043365rad, update time=0.043255s delay=1.232904s[0m
[rgbd_odometry-1] [0m[INFO] [1780550469.534955024] [rtabmap.rgbd_odometry]: Odom: quality=164, std dev=0.017985m|0.038689rad, update time=0.046759s delay=1.216278s[0m
[rtabmap-2] [0m[INFO] [1780550469.578500240] [rtabmap.rtabmap]: rtabmap (15): Rate=1.00s, Limit=0.000s, Conversion=0.0011s, RTAB-Map=0.0980s, Maps update=0.0000s pub=0.0000s delay=1.3330s (local map=15, WM=15)[0m
[rgbd_odometry-1] [0m[INFO] [1780550469.594101410] [rtabmap.rgbd_odometry]: Odom: quality=153, std dev=0.021834m|0.040967rad, update time=0.041421s delay=1.257859s[0m
[rgbd_odometry-1] [0m[INFO] [1780550469.644379874] [rtabmap.rgbd_odometry]: Odom: quality=138, std dev=0.025784m|0.046273rad, update time=0.040738s delay=1.241222s[0m
[rgbd_odometry-1] [0m[INFO] [1780550469.715621981] [rtabmap.rgbd_odometry]: Odom: quality=238, std dev=0.018313m|0.037868rad, update time=0.040786s delay=1.257914s[0m
[rgbd_odometry-1] [0m[INFO] [1780550469.775356124] [rtabmap.rgbd_odometry]: Odom: quality=215, std dev=0.015893m|0.036989rad, update time=0.046286s delay=1.266241s[0m
[rgbd_odometry-1] [0m[INFO] [1780550469.837237308] [rtabmap.rgbd_odometry]: Odom: quality=207, std dev=0.018891m|0.040146rad, update time=0.043333s delay=1.249617s[0m
[rgbd_odometry-1] [0m[INFO] [1780550469.892677423] [rtabmap.rgbd_odometry]: Odom: quality=181, std dev=0.020946m|0.039785rad, update time=0.039897s delay=1.266226s[0m
[rgbd_odometry-1] [0m[INFO] [1780550469.941486509] [rtabmap.rgbd_odometry]: Odom: quality=186, std dev=0.015719m|0.035888rad, update time=0.039354s delay=1.249588s[0m
[rgbd_odometry-1] [0m[INFO] [1780550469.996222323] [rtabmap.rgbd_odometry]: Odom: quality=181, std dev=0.019260m|0.039225rad, update time=0.040531s delay=1.257861s[0m
[rgbd_odometry-1] [0m[INFO] [1780550470.048406667] [rtabmap.rgbd_odometry]: Odom: quality=196, std dev=0.020939m|0.039508rad, update time=0.040111s delay=1.241297s[0m
[rgbd_odometry-1] [0m[INFO] [1780550470.120970050] [rtabmap.rgbd_odometry]: Odom: quality=182, std dev=0.022347m|0.043436rad, update time=0.051217s delay=1.282863s[0m
[rgbd_odometry-1] [0m[INFO] [1780550470.213885231] [rtabmap.rgbd_odometry]: Odom: quality=121, std dev=0.026095m|0.048109rad, update time=0.044633s delay=1.224569s[0m
[rgbd_odometry-1] [0m[INFO] [1780550470.270209507] [rtabmap.rgbd_odometry]: Odom: quality=208, std dev=0.016214m|0.036495rad, update time=0.041209s delay=1.266188s[0m
[rgbd_odometry-1] [0m[INFO] [1780550470.316816736] [rtabmap.rgbd_odometry]: Odom: quality=182, std dev=0.022870m|0.043418rad, update time=0.039902s delay=1.224863s[0m
[rgbd_odometry-1] [0m[INFO] [1780550470.397384349] [rtabmap.rgbd_odometry]: Odom: quality=180, std dev=0.025844m|0.045048rad, update time=0.049508s delay=1.291235s[0m
[rgbd_odometry-1] [0m[INFO] [1780550470.496236057] [rtabmap.rgbd_odometry]: Odom: quality=68, std dev=0.018217m|0.039485rad, update time=0.058847s delay=1.257872s[0m
[rgbd_odometry-1] [0m[INFO] [1780550470.586927090] [rtabmap.rgbd_odometry]: Odom: quality=204, std dev=0.012430m|0.031549rad, update time=0.045592s delay=1.232892s[0m
[rtabmap-2] [0m[INFO] [1780550470.587452438] [rtabmap.rtabmap]: rtabmap (16): Rate=1.00s, Limit=0.000s, Conversion=0.0006s, RTAB-Map=0.0895s, Maps update=0.0000s pub=0.0000s delay=1.3330s (local map=16, WM=16)[0m
[rgbd_odometry-1] [0m[INFO] [1780550470.640627019] [rtabmap.rgbd_odometry]: Odom: quality=183, std dev=0.021486m|0.042417rad, update time=0.041347s delay=1.216238s[0m
[rgbd_odometry-1] [0m[INFO] [1780550470.703089615] [rtabmap.rgbd_odometry]: Odom: quality=168, std dev=0.015338m|0.034431rad, update time=0.047123s delay=1.257870s[0m
[rgbd_odometry-1] [0m[INFO] [1780550470.800461210] [rtabmap.rgbd_odometry]: Odom: quality=158, std dev=0.021919m|0.040124rad, update time=0.047186s delay=1.224626s[0m
[rgbd_odometry-1] [0m[INFO] [1780550470.873572897] [rtabmap.rgbd_odometry]: Odom: quality=127, std dev=0.023804m|0.044568rad, update time=0.048023s delay=1.266265s[0m
[rgbd_odometry-1] [0m[INFO] [1780550470.918744857] [rtabmap.rgbd_odometry]: Odom: quality=213, std dev=0.015413m|0.033740rad, update time=0.041643s delay=1.249643s[0m
[rgbd_odometry-1] [0m[INFO] [1780550470.986963637] [rtabmap.rgbd_odometry]: Odom: quality=194, std dev=0.015871m|0.034641rad, update time=0.039411s delay=1.233029s[0m
[rgbd_odometry-1] [0m[INFO] [1780550471.052830147] [rtabmap.rgbd_odometry]: Odom: quality=164, std dev=0.020342m|0.039033rad, update time=0.046406s delay=1.241319s[0m
[rgbd_odometry-1] [0m[INFO] [1780550471.110837747] [rtabmap.rgbd_odometry]: Odom: quality=133, std dev=0.017939m|0.038130rad, update time=0.049600s delay=1.224607s[0m
[rgbd_odometry-1] [0m[INFO] [1780550471.168262919] [rtabmap.rgbd_odometry]: Odom: quality=250, std dev=0.017865m|0.035508rad, update time=0.041917s delay=1.266290s[0m
[rgbd_odometry-1] [0m[INFO] [1780550471.224104197] [rtabmap.rgbd_odometry]: Odom: quality=210, std dev=0.025016m|0.045189rad, update time=0.047969s delay=1.249643s[0m
[rgbd_odometry-1] [0m[INFO] [1780550471.288005464] [rtabmap.rgbd_odometry]: Odom: quality=186, std dev=0.026011m|0.044372rad, update time=0.052797s delay=1.233088s[0m
[rgbd_odometry-1] [0m[INFO] [1780550471.349301256] [rtabmap.rgbd_odometry]: Odom: quality=183, std dev=0.022599m|0.043134rad, update time=0.053428s delay=1.274621s[0m
[rgbd_odometry-1] [0m[INFO] [1780550471.449460443] [rtabmap.rgbd_odometry]: Odom: quality=160, std dev=0.023544m|0.043971rad, update time=0.042904s delay=1.274621s[0m
[rgbd_odometry-1] [0m[INFO] [1780550471.499933941] [rtabmap.rgbd_odometry]: Odom: quality=161, std dev=0.021540m|0.041440rad, update time=0.044905s delay=1.257963s[0m
[rgbd_odometry-1] [0m[INFO] [1780550471.558560653] [rtabmap.rgbd_odometry]: Odom: quality=136, std dev=0.018670m|0.038739rad, update time=0.045694s delay=1.241365s[0m
[rgbd_odometry-1] [0m[INFO] [1780550471.620175975] [rtabmap.rgbd_odometry]: Odom: quality=256, std dev=0.013747m|0.028713rad, update time=0.046763s delay=1.282941s[0m
[rtabmap-2] [0m[INFO] [1780550471.664424606] [rtabmap.rtabmap]: rtabmap (17): Rate=1.00s, Limit=0.000s, Conversion=0.0008s, RTAB-Map=0.1035s, Maps update=0.0000s pub=0.0000s delay=1.3414s (local map=17, WM=17)[0m
[rgbd_odometry-1] [0m[INFO] [1780550471.723611778] [rtabmap.rgbd_odometry]: Odom: quality=163, std dev=0.017437m|0.034948rad, update time=0.045399s delay=1.282931s[0m
[rgbd_odometry-1] [0m[INFO] [1780550471.812164512] [rtabmap.rgbd_odometry]: Odom: quality=190, std dev=0.025810m|0.040627rad, update time=0.040954s delay=1.224576s[0m
[rgbd_odometry-1] [0m[INFO] [1780550471.869770294] [rtabmap.rgbd_odometry]: Odom: quality=186, std dev=0.019975m|0.037187rad, update time=0.042114s delay=1.266237s[0m
[rgbd_odometry-1] [0m[INFO] [1780550471.920139227] [rtabmap.rgbd_odometry]: Odom: quality=182, std dev=0.027229m|0.043783rad, update time=0.042608s delay=1.249601s[0m
[rgbd_odometry-1] [0m[INFO] [1780550471.987003193] [rtabmap.rgbd_odometry]: Odom: quality=161, std dev=0.020379m|0.034396rad, update time=0.049057s delay=1.266271s[0m
[rgbd_odometry-1] [0m[INFO] [1780550472.149076102] [rtabmap.rgbd_odometry]: Odom: quality=74, std dev=0.030631m|0.049365rad, update time=0.062049s delay=1.241266s[0m
[rgbd_odometry-1] [0m[INFO] [1780550472.298065188] [rtabmap.rgbd_odometry]: Odom: quality=222, std dev=0.014827m|0.031080rad, update time=0.045812s delay=1.291323s[0m
[rgbd_odometry-1] [0m[INFO] [1780550472.348371228] [rtabmap.rgbd_odometry]: Odom: quality=199, std dev=0.018477m|0.032554rad, update time=0.049321s delay=1.207950s[0m
[rgbd_odometry-1] [0m[INFO] [1780550472.443005403] [rtabmap.rgbd_odometry]: Odom: quality=181, std dev=0.016033m|0.032215rad, update time=0.041825s delay=1.207981s[0m
[rgbd_odometry-1] [0m[INFO] [1780550472.494778237] [rtabmap.rgbd_odometry]: Odom: quality=182, std dev=0.018314m|0.032596rad, update time=0.042756s delay=1.191277s[0m
[rgbd_odometry-1] [0m[INFO] [1780550472.544830929] [rtabmap.rgbd_odometry]: Odom: quality=157, std dev=0.025373m|0.041257rad, update time=0.042659s delay=1.174640s[0m
[rtabmap-2] [0m[INFO] [1780550472.646295290] [rtabmap.rtabmap]: rtabmap (18): Rate=1.00s, Limit=0.000s, Conversion=0.0006s, RTAB-Map=0.0996s, Maps update=0.0001s pub=0.0000s delay=1.2747s (local map=18, WM=18)[0m
[rgbd_odometry-1] [0m[INFO] [1780550472.648645443] [rtabmap.rgbd_odometry]: Odom: quality=157, std dev=0.024010m|0.038664rad, update time=0.049120s delay=1.241257s[0m
[rgbd_odometry-1] [0m[INFO] [1780550472.746379324] [rtabmap.rgbd_odometry]: Odom: quality=149, std dev=0.023019m|0.038311rad, update time=0.045073s delay=1.174487s[0m
[rgbd_odometry-1] [0m[INFO] [1780550472.791770449] [rtabmap.rgbd_odometry]: Odom: quality=154, std dev=0.019308m|0.035857rad, update time=0.041512s delay=1.132884s[0m
[rgbd_odometry-1] [0m[INFO] [1780550472.843834530] [rtabmap.rgbd_odometry]: Odom: quality=211, std dev=0.021067m|0.034847rad, update time=0.039384s delay=1.141258s[0m
[rgbd_odometry-1] [0m[INFO] [1780550472.910387616] [rtabmap.rgbd_odometry]: Odom: quality=191, std dev=0.025271m|0.040946rad, update time=0.043806s delay=1.157891s[0m
[rgbd_odometry-1] [0m[INFO] [1780550472.968119780] [rtabmap.rgbd_odometry]: Odom: quality=188, std dev=0.025387m|0.038788rad, update time=0.047488s delay=1.199566s[0m
[rgbd_odometry-1] [0m[INFO] [1780550473.015632571] [rtabmap.rgbd_odometry]: Odom: quality=193, std dev=0.029039m|0.041681rad, update time=0.040963s delay=1.157859s[0m
[rgbd_odometry-1] [0m[INFO] [1780550473.075530585] [rtabmap.rgbd_odometry]: Odom: quality=174, std dev=0.022544m|0.038739rad, update time=0.042690s delay=1.166221s[0m
[rgbd_odometry-1] [0m[INFO] [1780550473.128997182] [rtabmap.rgbd_odometry]: Odom: quality=172, std dev=0.022568m|0.037353rad, update time=0.040703s delay=1.182900s[0m
[rgbd_odometry-1] [0m[INFO] [1780550473.178994229] [rtabmap.rgbd_odometry]: Odom: quality=163, std dev=0.021061m|0.036525rad, update time=0.041145s delay=1.166247s[0m
[rgbd_odometry-1] [0m[INFO] [1780550473.241330275] [rtabmap.rgbd_odometry]: Odom: quality=162, std dev=0.021829m|0.036555rad, update time=0.044154s delay=1.182892s[0m
[rgbd_odometry-1] [0m[INFO] [1780550473.299044273] [rtabmap.rgbd_odometry]: Odom: quality=146, std dev=0.024558m|0.039531rad, update time=0.049231s delay=1.191239s[0m
[rgbd_odometry-1] [0m[INFO] [1780550473.353457608] [rtabmap.rgbd_odometry]: Odom: quality=260, std dev=0.016141m|0.031080rad, update time=0.046685s delay=1.207875s[0m
[rgbd_odometry-1] [0m[INFO] [1780550473.398003719] [rtabmap.rgbd_odometry]: Odom: quality=246, std dev=0.014215m|0.031776rad, update time=0.041737s delay=1.191271s[0m
[rgbd_odometry-1] [0m[INFO] [1780550473.449463990] [rtabmap.rgbd_odometry]: Odom: quality=223, std dev=0.020240m|0.036256rad, update time=0.039201s delay=1.174535s[0m
[rgbd_odometry-1] [0m[INFO] [1780550473.512171940] [rtabmap.rgbd_odometry]: Odom: quality=197, std dev=0.014412m|0.031640rad, update time=0.040570s delay=1.191202s[0m
[rgbd_odometry-1] [0m[INFO] [1780550473.559019062] [rtabmap.rgbd_odometry]: Odom: quality=193, std dev=0.018061m|0.035476rad, update time=0.039212s delay=1.174552s[0m
[rgbd_odometry-1] [0m[INFO] [1780550473.619166064] [rtabmap.rgbd_odometry]: Odom: quality=183, std dev=0.018546m|0.035215rad, update time=0.043380s delay=1.216324s[0m
[rgbd_odometry-1] [0m[INFO] [1780550473.667943430] [rtabmap.rgbd_odometry]: Odom: quality=170, std dev=0.022932m|0.038539rad, update time=0.045498s delay=1.199505s[0m
[rtabmap-2] [0m[INFO] [1780550473.714137588] [rtabmap.rtabmap]: rtabmap (19): Rate=1.00s, Limit=0.000s, Conversion=0.0036s, RTAB-Map=0.0904s, Maps update=0.0000s pub=0.0000s delay=1.2914s (local map=19, WM=19)[0m
[rgbd_odometry-1] [0m[INFO] [1780550473.728531252] [rtabmap.rgbd_odometry]: Odom: quality=172, std dev=0.021116m|0.037788rad, update time=0.043433s delay=1.216204s[0m
[rgbd_odometry-1] [0m[INFO] [1780550473.772163125] [rtabmap.rgbd_odometry]: Odom: quality=164, std dev=0.023029m|0.039320rad, update time=0.039427s delay=1.199708s[0m
[rgbd_odometry-1] [0m[INFO] [1780550473.834488518] [rtabmap.rgbd_odometry]: Odom: quality=169, std dev=0.024880m|0.040819rad, update time=0.043084s delay=1.216232s[0m
[rgbd_odometry-1] [0m[INFO] [1780550473.883367585] [rtabmap.rgbd_odometry]: Odom: quality=166, std dev=0.018800m|0.037600rad, update time=0.043944s delay=1.199548s[0m
[rgbd_odometry-1] [0m[INFO] [1780550473.938646485] [rtabmap.rgbd_odometry]: Odom: quality=176, std dev=0.016148m|0.033163rad, update time=0.044512s delay=1.216226s[0m
[rgbd_odometry-1] [0m[INFO] [1780550473.990436273] [rtabmap.rgbd_odometry]: Odom: quality=162, std dev=0.018402m|0.036226rad, update time=0.045762s delay=1.199575s[0m
[rgbd_odometry-1] [0m[INFO] [1780550474.049964797] [rtabmap.rgbd_odometry]: Odom: quality=155, std dev=0.017382m|0.033398rad, update time=0.044424s delay=1.241211s[0m
[rgbd_odometry-1] [0m[INFO] [1780550474.094087401] [rtabmap.rgbd_odometry]: Odom: quality=159, std dev=0.020045m|0.034325rad, update time=0.041292s delay=1.224658s[0m
[rgbd_odometry-1] [0m[INFO] [1780550474.146160170] [rtabmap.rgbd_odometry]: Odom: quality=171, std dev=0.021498m|0.039081rad, update time=0.040606s delay=1.207903s[0m
[rgbd_odometry-1] [0m[INFO] [1780550474.218673753] [rtabmap.rgbd_odometry]: Odom: quality=97, std dev=0.028951m|0.046802rad, update time=0.056634s delay=1.216184s[0m
[rgbd_odometry-1] [0m[INFO] [1780550474.262550105] [rtabmap.rgbd_odometry]: Odom: quality=227, std dev=0.015482m|0.028713rad, update time=0.040966s delay=1.207950s[0m
[rgbd_odometry-1] [0m[INFO] [1780550474.325113437] [rtabmap.rgbd_odometry]: Odom: quality=23, std dev=0.035522m|0.043116rad, update time=0.052187s delay=1.216219s[0m
[rgbd_odometry-1] [0m[INFO] [1780550474.378776350] [rtabmap.rgbd_odometry]: Odom: quality=160, std dev=0.009749m|0.022930rad, update time=0.046129s delay=1.232859s[0m
[rgbd_odometry-1] [0m[INFO] [1780550474.440416358] [rtabmap.rgbd_odometry]: Odom: quality=125, std dev=0.018784m|0.033740rad, update time=0.056339s delay=1.216156s[0m
[rgbd_odometry-1] [0m[INFO] [1780550474.556987649] [rtabmap.rgbd_odometry]: Odom: quality=64, std dev=0.023512m|0.038234rad, update time=0.061732s delay=1.241261s[0m
[rgbd_odometry-1] [33m[ WARN] (2026-06-03 23:21:14.658) OdometryF2M.cpp:626::computeTransform() Registration failed: "Not enough inliers 12/15 (matches=106) between -1 and 319" (guess=xyz=0.000654,-0.081768,-0.008168 rpy=-0.008783,0.034409,0.093103)[0m
[rgbd_odometry-1] [33m[ WARN] (2026-06-03 23:21:14.658) OdometryF2M.cpp:319::computeTransform() Failed to find a transformation with the provided guess (xyz=0.000654,-0.081768,-0.008168 rpy=-0.008783,0.034409,0.093103), trying again without a guess.[0m
[rgbd_odometry-1] [33m[ WARN] (2026-06-03 23:21:14.743) OdometryF2M.cpp:636::computeTransform() Trial with no guess succeeded![0m
[rgbd_odometry-1] [0m[INFO] [1780550474.745188662] [rtabmap.rgbd_odometry]: Odom: quality=143, std dev=0.014929m|0.030984rad, update time=0.137643s delay=1.307861s[0m
[rgbd_odometry-1] [0m[INFO] [1780550474.830765752] [rtabmap.rgbd_odometry]: Odom: quality=229, std dev=0.016632m|0.033004rad, update time=0.045109s delay=1.249503s[0m
[rgbd_odometry-1] [0m[INFO] [1780550474.865920285] [rtabmap.rgbd_odometry]: Odom: quality=225, std dev=0.031641m|0.046054rad, update time=0.033521s delay=1.207836s[0m
[rgbd_odometry-1] [0m[INFO] [1780550474.919292989] [rtabmap.rgbd_odometry]: Odom: quality=210, std dev=0.017172m|0.033852rad, update time=0.032080s delay=1.216099s[0m
[rgbd_odometry-1] [0m[INFO] [1780550474.974662887] [rtabmap.rgbd_odometry]: Odom: quality=193, std dev=0.020262m|0.035182rad, update time=0.031537s delay=1.232772s[0m
[rtabmap-2] [0m[INFO] [1780550475.013161868] [rtabmap.rtabmap]: rtabmap (20): Rate=1.00s, Limit=0.000s, Conversion=0.0008s, RTAB-Map=0.2660s, Maps update=0.0000s pub=0.0000s delay=1.5579s (local map=20, WM=20)[0m
[rgbd_odometry-1] [0m[INFO] [1780550475.031230523] [rtabmap.rgbd_odometry]: Odom: quality=203, std dev=0.024437m|0.039201rad, update time=0.031328s delay=1.216180s[0m
[rgbd_odometry-1] [0m[INFO] [1780550475.087632366] [rtabmap.rgbd_odometry]: Odom: quality=186, std dev=0.022930m|0.038960rad, update time=0.031995s delay=1.232797s[0m
[rgbd_odometry-1] [0m[INFO] [1780550475.136887675] [rtabmap.rgbd_odometry]: Odom: quality=181, std dev=0.025501m|0.039694rad, update time=0.032230s delay=1.216115s[0m
[rgbd_odometry-1] [0m[INFO] [1780550475.193049445] [rtabmap.rgbd_odometry]: Odom: quality=160, std dev=0.022587m|0.039601rad, update time=0.032191s delay=1.224531s[0m
[rgbd_odometry-1] [0m[INFO] [1780550475.259501703] [rtabmap.rgbd_odometry]: Odom: quality=143, std dev=0.025184m|0.040519rad, update time=0.034551s delay=1.241060s[0m
[rgbd_odometry-1] [0m[INFO] [1780550475.323351811] [rtabmap.rgbd_odometry]: Odom: quality=236, std dev=0.012392m|0.028893rad, update time=0.038578s delay=1.249469s[0m
[rgbd_odometry-1] [0m[INFO] [1780550475.385609702] [rtabmap.rgbd_odometry]: Odom: quality=220, std dev=0.011472m|0.027617rad, update time=0.033211s delay=1.266144s[0m
[rgbd_odometry-1] [0m[INFO] [1780550475.438791968] [rtabmap.rgbd_odometry]: Odom: quality=223, std dev=0.013474m|0.029640rad, update time=0.032663s delay=1.249415s[0m
[rgbd_odometry-1] [0m[INFO] [1780550475.493073914] [rtabmap.rgbd_odometry]: Odom: quality=222, std dev=0.013281m|0.028340rad, update time=0.033297s delay=1.257809s[0m
[rgbd_odometry-1] [0m[INFO] [1780550475.551953760] [rtabmap.rgbd_odometry]: Odom: quality=209, std dev=0.012245m|0.028019rad, update time=0.031952s delay=1.274454s[0m
[rgbd_odometry-1] [0m[INFO] [1780550475.604221080] [rtabmap.rgbd_odometry]: Odom: quality=200, std dev=0.015550m|0.031503rad, update time=0.034084s delay=1.257752s[0m
[rgbd_odometry-1] [0m[INFO] [1780550475.659025544] [rtabmap.rgbd_odometry]: Odom: quality=170, std dev=0.016616m|0.031954rad, update time=0.033292s delay=1.241098s[0m
[rgbd_odometry-1] [0m[INFO] [1780550475.720333911] [rtabmap.rgbd_odometry]: Odom: quality=173, std dev=0.017907m|0.034641rad, update time=0.033580s delay=1.282790s[0m
[rgbd_odometry-1] [0m[INFO] [1780550475.772025295] [rtabmap.rgbd_odometry]: Odom: quality=163, std dev=0.015901m|0.032344rad, update time=0.036137s delay=1.266142s[0m
[rgbd_odometry-1] [0m[INFO] [1780550475.827359699] [rtabmap.rgbd_odometry]: Odom: quality=164, std dev=0.014970m|0.030488rad, update time=0.033953s delay=1.249504s[0m
[rtabmap-2] [0m[INFO] [1780550475.876114289] [rtabmap.rtabmap]: rtabmap (21): Rate=1.00s, Limit=0.000s, Conversion=0.0018s, RTAB-Map=0.1009s, Maps update=0.0000s pub=0.0000s delay=1.3663s (local map=21, WM=21)[0m
[rgbd_odometry-1] [0m[INFO] [1780550475.888101768] [rtabmap.rgbd_odometry]: Odom: quality=171, std dev=0.017148m|0.033084rad, update time=0.034510s delay=1.232844s[0m
[rgbd_odometry-1] [0m[INFO] [1780550475.952329185] [rtabmap.rgbd_odometry]: Odom: quality=156, std dev=0.014172m|0.029360rad, update time=0.033008s delay=1.274476s[0m
[rgbd_odometry-1] [0m[INFO] [1780550476.000756021] [rtabmap.rgbd_odometry]: Odom: quality=157, std dev=0.017274m|0.030589rad, update time=0.032322s delay=1.257820s[0m
[rgbd_odometry-1] [0m[INFO] [1780550476.056350927] [rtabmap.rgbd_odometry]: Odom: quality=143, std dev=0.014177m|0.031080rad, update time=0.034448s delay=1.241140s[0m
[rgbd_odometry-1] [0m[INFO] [1780550476.112110517] [rtabmap.rgbd_odometry]: Odom: quality=245, std dev=0.010543m|0.025017rad, update time=0.034577s delay=1.257792s[0m
[rgbd_odometry-1] [0m[INFO] [1780550476.172569678] [rtabmap.rgbd_odometry]: Odom: quality=214, std dev=0.016936m|0.032258rad, update time=0.048320s delay=1.266106s[0m
[rgbd_odometry-1] [0m[INFO] [1780550476.223785219] [rtabmap.rgbd_odometry]: Odom: quality=189, std dev=0.021072m|0.034501rad, update time=0.038768s delay=1.282806s[0m
[rgbd_odometry-1] [0m[INFO] [1780550476.277144519] [rtabmap.rgbd_odometry]: Odom: quality=184, std dev=0.014770m|0.030020rad, update time=0.042324s delay=1.266112s[0m
[rgbd_odometry-1] [0m[INFO] [1780550476.328459525] [rtabmap.rgbd_odometry]: Odom: quality=173, std dev=0.017122m|0.031317rad, update time=0.039286s delay=1.249516s[0m
[rgbd_odometry-1] [0m[INFO] [1780550476.391055630] [rtabmap.rgbd_odometry]: Odom: quality=167, std dev=0.013343m|0.027340rad, update time=0.038958s delay=1.266145s[0m
[rgbd_odometry-1] [0m[INFO] [1780550476.446059301] [rtabmap.rgbd_odometry]: Odom: quality=147, std dev=0.013009m|0.027685rad, update time=0.046602s delay=1.274518s[0m
[rgbd_odometry-1] [0m[INFO] [1780550476.497030121] [rtabmap.rgbd_odometry]: Odom: quality=280, std dev=0.006863m|0.020040rad, update time=0.048038s delay=1.257837s[0m
[rgbd_odometry-1] [0m[INFO] [1780550476.545078388] [rtabmap.rgbd_odometry]: Odom: quality=278, std dev=0.009014m|0.023394rad, update time=0.044626s delay=1.241095s[0m
[rgbd_odometry-1] [0m[INFO] [1780550476.599624221] [rtabmap.rgbd_odometry]: Odom: quality=261, std dev=0.011649m|0.026907rad, update time=0.044350s delay=1.224446s[0m
[rgbd_odometry-1] [0m[INFO] [1780550476.660221028] [rtabmap.rgbd_odometry]: Odom: quality=236, std dev=0.022013m|0.036074rad, update time=0.040832s delay=1.241165s[0m
[rgbd_odometry-1] [0m[INFO] [1780550476.706500380] [rtabmap.rgbd_odometry]: Odom: quality=211, std dev=0.014147m|0.027953rad, update time=0.040364s delay=1.224446s[0m
[rgbd_odometry-1] [0m[INFO] [1780550476.761982774] [rtabmap.rgbd_odometry]: Odom: quality=185, std dev=0.017468m|0.031998rad, update time=0.043082s delay=1.207812s[0m
[rgbd_odometry-1] [0m[INFO] [1780550476.817731582] [rtabmap.rgbd_odometry]: Odom: quality=174, std dev=0.023958m|0.039391rad, update time=0.043596s delay=1.224447s[0m
[rtabmap-2] [0m[INFO] [1780550476.861288628] [rtabmap.rtabmap]: rtabmap (22): Rate=1.00s, Limit=0.000s, Conversion=0.0007s, RTAB-Map=0.0969s, Maps update=0.0000s pub=0.0000s delay=1.3080s (local map=22, WM=22)[0m
[rgbd_odometry-1] [0m[INFO] [1780550476.868132302] [rtabmap.rgbd_odometry]: Odom: quality=156, std dev=0.020119m|0.034948rad, update time=0.048644s delay=1.232827s[0m
[rgbd_odometry-1] [0m[INFO] [1780550476.908450534] [rtabmap.rgbd_odometry]: Odom: quality=156, std dev=0.016067m|0.030282rad, update time=0.039055s delay=1.191203s[0m
[rgbd_odometry-1] [0m[INFO] [1780550476.969371914] [rtabmap.rgbd_odometry]: Odom: quality=162, std dev=0.014123m|0.028893rad, update time=0.039441s delay=1.232845s[0m
[rgbd_odometry-1] [0m[INFO] [1780550477.017480291] [rtabmap.rgbd_odometry]: Odom: quality=147, std dev=0.028858m|0.038935rad, update time=0.039282s delay=1.191177s[0m
[rgbd_odometry-1] [0m[INFO] [1780550477.078402182] [rtabmap.rgbd_odometry]: Odom: quality=235, std dev=0.015551m|0.029302rad, update time=0.045581s delay=1.199521s[0m
[rgbd_odometry-1] [0m[INFO] [1780550477.131264111] [rtabmap.rgbd_odometry]: Odom: quality=234, std dev=0.011400m|0.023724rad, update time=0.048405s delay=1.182839s[0m
[rgbd_odometry-1] [0m[INFO] [1780550477.177980573] [rtabmap.rgbd_odometry]: Odom: quality=230, std dev=0.012131m|0.026452rad, update time=0.041427s delay=1.199456s[0m
[rgbd_odometry-1] [0m[INFO] [1780550477.219529634] [rtabmap.rgbd_odometry]: Odom: quality=216, std dev=0.010609m|0.024736rad, update time=0.038282s delay=1.182767s[0m
[rgbd_odometry-1] [0m[INFO] [1780550477.272414252] [rtabmap.rgbd_odometry]: Odom: quality=213, std dev=0.011210m|0.023616rad, update time=0.039327s delay=1.199537s[0m
[rgbd_odometry-1] [0m[INFO] [1780550477.316085768] [rtabmap.rgbd_odometry]: Odom: quality=203, std dev=0.011213m|0.024640rad, update time=0.039307s delay=1.157845s[0m
[rgbd_odometry-1] [0m[INFO] [1780550477.379745376] [rtabmap.rgbd_odometry]: Odom: quality=192, std dev=0.015940m|0.028893rad, update time=0.049607s delay=1.166104s[0m
[rgbd_odometry-1] [0m[INFO] [1780550477.428485695] [rtabmap.rgbd_odometry]: Odom: quality=184, std dev=0.013358m|0.025377rad, update time=0.042709s delay=1.182806s[0m
[rgbd_odometry-1] [0m[INFO] [1780550477.470305306] [rtabmap.rgbd_odometry]: Odom: quality=165, std dev=0.020291m|0.036135rad, update time=0.040803s delay=1.166121s[0m
[rgbd_odometry-1] [0m[INFO] [1780550477.518701604] [rtabmap.rgbd_odometry]: Odom: quality=147, std dev=0.019291m|0.033889rad, update time=0.041537s delay=1.149474s[0m
[rgbd_odometry-1] [0m[INFO] [1780550477.579611380] [rtabmap.rgbd_odometry]: Odom: quality=225, std dev=0.015966m|0.031640rad, update time=0.047264s delay=1.166074s[0m
[rgbd_odometry-1] [0m[INFO] [1780550477.678219047] [rtabmap.rgbd_odometry]: Odom: quality=204, std dev=0.017916m|0.032513rad, update time=0.046655s delay=1.166222s[0m
[rgbd_odometry-1] [0m[INFO] [1780550477.788486728] [rtabmap.rgbd_odometry]: Odom: quality=20, std dev=0.023557m|0.037518rad, update time=0.056464s delay=1.132789s[0m
[rtabmap-2] [0m[INFO] [1780550477.887708716] [rtabmap.rtabmap]: rtabmap (23): Rate=1.00s, Limit=0.000s, Conversion=0.0006s, RTAB-Map=0.0975s, Maps update=0.0000s pub=0.0000s delay=1.2329s (local map=23, WM=23)[0m
[rgbd_odometry-1] [0m[INFO] [1780550477.901319464] [rtabmap.rgbd_odometry]: Odom: quality=32, std dev=0.013491m|0.028149rad, update time=0.061709s delay=1.157784s[0m
[rgbd_odometry-1] [0m[INFO] [1780550477.999119534] [rtabmap.rgbd_odometry]: Odom: quality=151, std dev=0.011481m|0.024246rad, update time=0.058947s delay=1.157886s[0m
[rgbd_odometry-1] [0m[INFO] [1780550478.098161718] [rtabmap.rgbd_odometry]: Odom: quality=121, std dev=0.011350m|0.024924rad, update time=0.062702s delay=1.157838s[0m
[rgbd_odometry-1] [0m[INFO] [1780550478.177954110] [rtabmap.rgbd_odometry]: Odom: quality=220, std dev=0.016373m|0.027617rad, update time=0.038995s delay=1.132815s[0m
[rgbd_odometry-1] [0m[INFO] [1780550478.224377861] [rtabmap.rgbd_odometry]: Odom: quality=210, std dev=0.013879m|0.026452rad, update time=0.041277s delay=1.116139s[0m
[rgbd_odometry-1] [0m[INFO] [1780550478.275861978] [rtabmap.rgbd_odometry]: Odom: quality=207, std dev=0.014263m|0.026374rad, update time=0.040525s delay=1.132884s[0m
[rgbd_odometry-1] [0m[INFO] [1780550478.330185248] [rtabmap.rgbd_odometry]: Odom: quality=198, std dev=0.012272m|0.024640rad, update time=0.049636s delay=1.116138s[0m
[rgbd_odometry-1] [0m[INFO] [1780550478.379859088] [rtabmap.rgbd_odometry]: Odom: quality=205, std dev=0.013019m|0.026054rad, update time=0.046006s delay=1.132813s[0m
[rgbd_odometry-1] [0m[INFO] [1780550478.491471784] [rtabmap.rgbd_odometry]: Odom: quality=216, std dev=0.014244m|0.026606rad, update time=0.052372s delay=1.132776s[0m
[rgbd_odometry-1] [0m[INFO] [1780550478.574483003] [rtabmap.rgbd_odometry]: Odom: quality=204, std dev=0.013372m|0.026135rad, update time=0.040547s delay=1.132745s[0m
[rgbd_odometry-1] [0m[INFO] [1780550478.624933117] [rtabmap.rgbd_odometry]: Odom: quality=208, std dev=0.019510m|0.030935rad, update time=0.045970s delay=1.116167s[0m
[rgbd_odometry-1] [0m[INFO] [1780550478.688602336] [rtabmap.rgbd_odometry]: Odom: quality=160, std dev=0.021711m|0.031317rad, update time=0.054176s delay=1.132803s[0m
[rgbd_odometry-1] [0m[INFO] [1780550478.774579381] [rtabmap.rgbd_odometry]: Odom: quality=152, std dev=0.015781m|0.027340rad, update time=0.042281s delay=1.132785s[0m
[rgbd_odometry-1] [0m[INFO] [1780550478.824117483] [rtabmap.rgbd_odometry]: Odom: quality=147, std dev=0.014531m|0.026980rad, update time=0.046831s delay=1.116198s[0m
[rgbd_odometry-1] [0m[INFO] [1780550478.879648061] [rtabmap.rgbd_odometry]: Odom: quality=240, std dev=0.008917m|0.022178rad, update time=0.043710s delay=1.132848s[0m
[rtabmap-2] [0m[INFO] [1780550478.922596552] [rtabmap.rtabmap]: rtabmap (24): Rate=1.00s, Limit=0.000s, Conversion=0.0008s, RTAB-Map=0.0965s, Maps update=0.0000s pub=0.0000s delay=1.2163s (local map=24, WM=24)[0m
[rgbd_odometry-1] [0m[INFO] [1780550478.932075824] [rtabmap.rgbd_odometry]: Odom: quality=220, std dev=0.011964m|0.025377rad, update time=0.050910s delay=1.116184s[0m
[rgbd_odometry-1] [0m[INFO] [1780550478.983432506] [rtabmap.rgbd_odometry]: Odom: quality=221, std dev=0.015933m|0.029187rad, update time=0.046917s delay=1.132895s[0m
[rgbd_odometry-1] [0m[INFO] [1780550479.031499224] [rtabmap.rgbd_odometry]: Odom: quality=209, std dev=0.014910m|0.028403rad, update time=0.047454s delay=1.116085s[0m
[rgbd_odometry-1] [0m[INFO] [1780550479.081729699] [rtabmap.rgbd_odometry]: Odom: quality=195, std dev=0.013695m|0.025806rad, update time=0.046312s delay=1.099416s[0m
[rgbd_odometry-1] [0m[INFO] [1780550479.151385045] [rtabmap.rgbd_odometry]: Odom: quality=184, std dev=0.014386m|0.026682rad, update time=0.062031s delay=1.141309s[0m
[rgbd_odometry-1] [0m[INFO] [1780550479.236013130] [rtabmap.rgbd_odometry]: Odom: quality=156, std dev=0.014888m|0.028084rad, update time=0.047258s delay=1.116243s[0m
[rgbd_odometry-1] [0m[INFO] [1780550479.340241096] [rtabmap.rgbd_odometry]: Odom: quality=162, std dev=0.016196m|0.029129rad, update time=0.047044s delay=1.116107s[0m
[rgbd_odometry-1] [0m[INFO] [1780550479.383296963] [rtabmap.rgbd_odometry]: Odom: quality=156, std dev=0.018421m|0.029473rad, update time=0.041571s delay=1.132783s[0m
[rgbd_odometry-1] [0m[INFO] [1780550479.429598520] [rtabmap.rgbd_odometry]: Odom: quality=161, std dev=0.013618m|0.027410rad, update time=0.040632s delay=1.116152s[0m
[rgbd_odometry-1] [0m[INFO] [1780550479.485846262] [rtabmap.rgbd_odometry]: Odom: quality=156, std dev=0.018062m|0.030386rad, update time=0.041026s delay=1.132811s[0m
[rgbd_odometry-1] [0m[INFO] [1780550479.536556502] [rtabmap.rgbd_odometry]: Odom: quality=149, std dev=0.013901m|0.026833rad, update time=0.045875s delay=1.116075s[0m
[rgbd_odometry-1] [0m[INFO] [1780550479.602051906] [rtabmap.rgbd_odometry]: Odom: quality=307, std dev=0.006430m|0.017423rad, update time=0.049193s delay=1.157797s[0m
[rgbd_odometry-1] [0m[INFO] [1780550479.694107800] [rtabmap.rgbd_odometry]: Odom: quality=276, std dev=0.012349m|0.024924rad, update time=0.042248s delay=1.157803s[0m
[rgbd_odometry-1] [0m[INFO] [1780550479.794114118] [rtabmap.rgbd_odometry]: Odom: quality=249, std dev=0.010302m|0.020880rad, update time=0.042295s delay=1.157872s[0m
[rgbd_odometry-1] [0m[INFO] [1780550479.844845390] [rtabmap.rgbd_odometry]: Odom: quality=217, std dev=0.012571m|0.025199rad, update time=0.047982s delay=1.141109s[0m
[rgbd_odometry-1] [0m[INFO] [1780550479.901052393] [rtabmap.rgbd_odometry]: Odom: quality=213, std dev=0.018927m|0.030230rad, update time=0.048986s delay=1.157859s[0m
[rtabmap-2] [0m[INFO] [1780550479.996499423] [rtabmap.rtabmap]: rtabmap (25): Rate=1.00s, Limit=0.000s, Conversion=0.0005s, RTAB-Map=0.0925s, Maps update=0.0000s pub=0.0000s delay=1.2580s (local map=25, WM=25)[0m
[rgbd_odometry-1] [0m[INFO] [1780550480.013236224] [rtabmap.rgbd_odometry]: Odom: quality=49, std dev=0.028315m|0.033203rad, update time=0.061300s delay=1.157892s[0m
[rgbd_odometry-1] [0m[INFO] [1780550480.091527907] [rtabmap.rgbd_odometry]: Odom: quality=242, std dev=0.010892m|0.023166rad, update time=0.039822s delay=1.132792s[0m
[rgbd_odometry-1] [0m[INFO] [1780550480.137608896] [rtabmap.rgbd_odometry]: Odom: quality=233, std dev=0.012555m|0.023937rad, update time=0.039277s delay=1.116103s[0m
[rgbd_odometry-1] [0m[INFO] [1780550480.199961007] [rtabmap.rgbd_odometry]: Odom: quality=242, std dev=0.017105m|0.026054rad, update time=0.047583s delay=1.157856s[0m
[rgbd_odometry-1] [0m[INFO] [1780550480.292279931] [rtabmap.rgbd_odometry]: Odom: quality=207, std dev=0.015343m|0.025551rad, update time=0.039620s delay=1.132820s[0m
[rgbd_odometry-1] [0m[INFO] [1780550480.335360114] [rtabmap.rgbd_odometry]: Odom: quality=203, std dev=0.015445m|0.026452rad, update time=0.038501s delay=1.116084s[0m
[rgbd_odometry-1] [0m[INFO] [1780550480.396271241] [rtabmap.rgbd_odometry]: Odom: quality=208, std dev=0.016431m|0.027410rad, update time=0.039088s delay=1.157790s[0m
[rgbd_odometry-1] [0m[INFO] [1780550480.445224341] [rtabmap.rgbd_odometry]: Odom: quality=192, std dev=0.014175m|0.027410rad, update time=0.038099s delay=1.141153s[0m
[rgbd_odometry-1] [0m[INFO] [1780550480.609108279] [rtabmap.rgbd_odometry]: Odom: quality=192, std dev=0.015996m|0.027410rad, update time=0.045162s delay=1.157775s[0m
[rgbd_odometry-1] [0m[INFO] [1780550480.652740763] [rtabmap.rgbd_odometry]: Odom: quality=198, std dev=0.015383m|0.027887rad, update time=0.041501s delay=1.141191s[0m
[rgbd_odometry-1] [0m[INFO] [1780550480.703478307] [rtabmap.rgbd_odometry]: Odom: quality=191, std dev=0.015565m|0.026529rad, update time=0.039156s delay=1.124485s[0m
[rgbd_odometry-1] [0m[INFO] [1780550480.757800185] [rtabmap.rgbd_odometry]: Odom: quality=178, std dev=0.013820m|0.025464rad, update time=0.039330s delay=1.141087s[0m
[rgbd_odometry-1] [0m[INFO] [1780550480.815214093] [rtabmap.rgbd_odometry]: Odom: quality=176, std dev=0.014151m|0.026682rad, update time=0.050895s delay=1.124567s[0m
[rgbd_odometry-1] [0m[INFO] [1780550480.868972424] [rtabmap.rgbd_odometry]: Odom: quality=182, std dev=0.014685m|0.024640rad, update time=0.048012s delay=1.166111s[0m
[rgbd_odometry-1] [0m[INFO] [1780550480.972686078] [rtabmap.rgbd_odometry]: Odom: quality=162, std dev=0.019454m|0.030788rad, update time=0.040636s delay=1.166159s[0m
[rgbd_odometry-1] [0m[INFO] [1780550481.030010606] [rtabmap.rgbd_odometry]: Odom: quality=155, std dev=0.021938m|0.030334rad, update time=0.041996s delay=1.149516s[0m
[rtabmap-2] [0m[INFO] [1780550481.066834531] [rtabmap.rtabmap]: rtabmap (26): Rate=1.00s, Limit=0.000s, Conversion=0.0016s, RTAB-Map=0.0912s, Maps update=0.0001s pub=0.0000s delay=1.2411s (local map=26, WM=26)[0m
[rgbd_odometry-1] [0m[INFO] [1780550481.094702720] [rtabmap.rgbd_odometry]: Odom: quality=154, std dev=0.016054m|0.027820rad, update time=0.042859s delay=1.191175s[0m
[rgbd_odometry-1] [0m[INFO] [1780550481.153035528] [rtabmap.rgbd_odometry]: Odom: quality=141, std dev=0.019149m|0.029416rad, update time=0.053026s delay=1.174493s[0m
[rgbd_odometry-1] [0m[INFO] [1780550481.202963970] [rtabmap.rgbd_odometry]: Odom: quality=272, std dev=0.006028m|0.015865rad, update time=0.047593s delay=1.191154s[0m
[rgbd_odometry-1] [0m[INFO] [1780550481.298448399] [rtabmap.rgbd_odometry]: Odom: quality=266, std dev=0.007147m|0.018188rad, update time=0.041491s delay=1.191150s[0m
[rgbd_odometry-1] [0m[INFO] [1780550481.346333339] [rtabmap.rgbd_odometry]: Odom: quality=250, std dev=0.013384m|0.024446rad, update time=0.042176s delay=1.174497s[0m
[rgbd_odometry-1] [0m[INFO] [1780550481.401074436] [rtabmap.rgbd_odometry]: Odom: quality=257, std dev=0.013668m|0.024543rad, update time=0.041708s delay=1.191202s[0m
[rgbd_odometry-1] [0m[INFO] [1780550481.447065707] [rtabmap.rgbd_odometry]: Odom: quality=237, std dev=0.013367m|0.026135rad, update time=0.041887s delay=1.174484s[0m
[rgbd_odometry-1] [0m[INFO] [1780550481.510613329] [rtabmap.rgbd_odometry]: Odom: quality=244, std dev=0.011306m|0.022930rad, update time=0.052443s delay=1.191160s[0m
[rgbd_odometry-1] [0m[INFO] [1780550481.603845506] [rtabmap.rgbd_odometry]: Odom: quality=220, std dev=0.013212m|0.024446rad, update time=0.046442s delay=1.157807s[0m
[rgbd_odometry-1] [0m[INFO] [1780550481.657580882] [rtabmap.rgbd_odometry]: Odom: quality=215, std dev=0.011041m|0.022930rad, update time=0.039299s delay=1.174494s[0m
[rgbd_odometry-1] [0m[INFO] [1780550481.707304145] [rtabmap.rgbd_odometry]: Odom: quality=197, std dev=0.014963m|0.025551rad, update time=0.041655s delay=1.157806s[0m
[rgbd_odometry-1] [0m[INFO] [1780550481.760822936] [rtabmap.rgbd_odometry]: Odom: quality=177, std dev=0.013493m|0.024041rad, update time=0.041394s delay=1.174448s[0m
[rgbd_odometry-1] [0m[INFO] [1780550481.810359444] [rtabmap.rgbd_odometry]: Odom: quality=182, std dev=0.012075m|0.023616rad, update time=0.046260s delay=1.157745s[0m
[rgbd_odometry-1] [0m[INFO] [1780550481.863857596] [rtabmap.rgbd_odometry]: Odom: quality=173, std dev=0.013433m|0.024543rad, update time=0.045528s delay=1.174500s[0m
[rgbd_odometry-1] [0m[INFO] [1780550481.905667551] [rtabmap.rgbd_odometry]: Odom: quality=168, std dev=0.010148m|0.022437rad, update time=0.039832s delay=1.157810s[0m
[rgbd_odometry-1] [0m[INFO] [1780550481.965510044] [rtabmap.rgbd_odometry]: Odom: quality=188, std dev=0.011509m|0.023049rad, update time=0.041595s delay=1.174438s[0m
[rgbd_odometry-1] [0m[INFO] [1780550482.013223080] [rtabmap.rgbd_odometry]: Odom: quality=165, std dev=0.014074m|0.025551rad, update time=0.039838s delay=1.157784s[0m
[rgbd_odometry-1] [0m[INFO] [1780550482.066709698] [rtabmap.rgbd_odometry]: Odom: quality=180, std dev=0.011534m|0.023724rad, update time=0.039390s delay=1.174479s[0m
[rtabmap-2] [0m[INFO] [1780550482.109411836] [rtabmap.rtabmap]: rtabmap (27): Rate=1.00s, Limit=0.000s, Conversion=0.0007s, RTAB-Map=0.0940s, Maps update=0.0000s pub=0.0000s delay=1.2579s (local map=27, WM=27)[0m
[rgbd_odometry-1] [0m[INFO] [1780550482.114585092] [rtabmap.rgbd_odometry]: Odom: quality=164, std dev=0.013403m|0.024041rad, update time=0.043248s delay=1.157801s[0m
[rgbd_odometry-1] [0m[INFO] [1780550482.165967609] [rtabmap.rgbd_odometry]: Odom: quality=164, std dev=0.012019m|0.024640rad, update time=0.044933s delay=1.141130s[0m
[rgbd_odometry-1] [0m[INFO] [1780550482.224730397] [rtabmap.rgbd_odometry]: Odom: quality=130, std dev=0.013443m|0.023616rad, update time=0.054264s delay=1.149489s[0m
[rgbd_odometry-1] [0m[INFO] [1780550482.313585088] [rtabmap.rgbd_odometry]: Odom: quality=249, std dev=0.007236m|0.019672rad, update time=0.046138s delay=1.124467s[0m
[rgbd_odometry-1] [0m[INFO] [1780550482.376362501] [rtabmap.rgbd_odometry]: Odom: quality=237, std dev=0.007674m|0.018423rad, update time=0.057663s delay=1.166170s[0m
[rgbd_odometry-1] [0m[INFO] [1780550482.461420612] [rtabmap.rgbd_odometry]: Odom: quality=219, std dev=0.012440m|0.021909rad, update time=0.042791s delay=1.141152s[0m
[rgbd_odometry-1] [0m[INFO] [1780550482.518657799] [rtabmap.rgbd_odometry]: Odom: quality=213, std dev=0.013982m|0.025288rad, update time=0.056514s delay=1.149556s[0m
[rgbd_odometry-1] [0m[INFO] [1780550482.611498254] [rtabmap.rgbd_odometry]: Odom: quality=203, std dev=0.012609m|0.023506rad, update time=0.047939s delay=1.124459s[0m
[rgbd_odometry-1] [0m[INFO] [1780550482.702504504] [rtabmap.rgbd_odometry]: Odom: quality=189, std dev=0.011796m|0.021909rad, update time=0.041409s delay=1.124441s[0m
[rgbd_odometry-1] [0m[INFO] [1780550482.817070777] [rtabmap.rgbd_odometry]: Odom: quality=173, std dev=0.016746m|0.026135rad, update time=0.043384s delay=1.157772s[0m
[rgbd_odometry-1] [0m[INFO] [1780550482.927084515] [rtabmap.rgbd_odometry]: Odom: quality=177, std dev=0.014767m|0.024446rad, update time=0.051935s delay=1.182841s[0m
[rgbd_odometry-1] [0m[INFO] [1780550482.990677409] [rtabmap.rgbd_odometry]: Odom: quality=152, std dev=0.021809m|0.028590rad, update time=0.045232s delay=1.199478s[0m
[rgbd_odometry-1] [0m[INFO] [1780550483.045139657] [rtabmap.rgbd_odometry]: Odom: quality=150, std dev=0.023093m|0.030282rad, update time=0.044354s delay=1.207783s[0m
[rgbd_odometry-1] [0m[INFO] [1780550483.113071280] [rtabmap.rgbd_odometry]: Odom: quality=279, std dev=0.009407m|0.019282rad, update time=0.050517s delay=1.224495s[0m
[rtabmap-2] [0m[INFO] [1780550483.145927121] [rtabmap.rtabmap]: rtabmap (28): Rate=1.00s, Limit=0.000s, Conversion=0.0013s, RTAB-Map=0.0978s, Maps update=0.0000s pub=0.0000s delay=1.3079s (local map=28, WM=28)[0m
[rgbd_odometry-1] [0m[INFO] [1780550483.224450053] [rtabmap.rgbd_odometry]: Odom: quality=265, std dev=0.014638m|0.024446rad, update time=0.049124s delay=1.249416s[0m
[rgbd_odometry-1] [0m[INFO] [1780550483.337779194] [rtabmap.rgbd_odometry]: Odom: quality=252, std dev=0.014566m|0.024041rad, update time=0.051741s delay=1.249459s[0m
[rgbd_odometry-1] [0m[INFO] [1780550483.431999557] [rtabmap.rgbd_odometry]: Odom: quality=245, std dev=0.012992m|0.024041rad, update time=0.046155s delay=1.249448s[0m
[rgbd_odometry-1] [0m[INFO] [1780550483.535343044] [rtabmap.rgbd_odometry]: Odom: quality=227, std dev=0.013410m|0.021630rad, update time=0.044933s delay=1.249434s[0m
[rgbd_odometry-1] [0m[INFO] [1780550483.626419312] [rtabmap.rgbd_odometry]: Odom: quality=216, std dev=0.014566m|0.024246rad, update time=0.040119s delay=1.249380s[0m
[rgbd_odometry-1] [0m[INFO] [1780550483.671230690] [rtabmap.rgbd_odometry]: Odom: quality=192, std dev=0.016830m|0.025551rad, update time=0.039973s delay=1.232779s[0m
[rgbd_odometry-1] [0m[INFO] [1780550483.730626567] [rtabmap.rgbd_odometry]: Odom: quality=190, std dev=0.015513m|0.024736rad, update time=0.045271s delay=1.249370s[0m
[rgbd_odometry-1] [0m[INFO] [1780550483.823441173] [rtabmap.rgbd_odometry]: Odom: quality=158, std dev=0.019549m|0.029012rad, update time=0.038369s delay=1.249408s[0m
[rgbd_odometry-1] [0m[INFO] [1780550483.872376989] [rtabmap.rgbd_odometry]: Odom: quality=150, std dev=0.014678m|0.022810rad, update time=0.039251s delay=1.266184s[0m
[rgbd_odometry-1] [0m[INFO] [1780550483.924312332] [rtabmap.rgbd_odometry]: Odom: quality=282, std dev=0.010983m|0.020388rad, update time=0.045911s delay=1.249443s[0m
[rgbd_odometry-1] [0m[INFO] [1780550483.982021087] [rtabmap.rgbd_odometry]: Odom: quality=249, std dev=0.018876m|0.027953rad, update time=0.042784s delay=1.199398s[0m
[rgbd_odometry-1] [0m[INFO] [1780550484.038910241] [rtabmap.rgbd_odometry]: Odom: quality=234, std dev=0.014295m|0.023831rad, update time=0.047478s delay=1.182780s[0m
[rgbd_odometry-1] [0m[INFO] [1780550484.091753324] [rtabmap.rgbd_odometry]: Odom: quality=258, std dev=0.012984m|0.023049rad, update time=0.052060s delay=1.166048s[0m
[rgbd_odometry-1] [0m[INFO] [1780550484.184373964] [rtabmap.rgbd_odometry]: Odom: quality=233, std dev=0.014645m|0.022810rad, update time=0.040563s delay=1.233305s[0m
[rtabmap-2] [0m[INFO] [1780550484.192312399] [rtabmap.rtabmap]: rtabmap (29): Rate=1.00s, Limit=0.000s, Conversion=0.0009s, RTAB-Map=0.0980s, Maps update=0.0000s pub=0.0000s delay=1.2667s (local map=29, WM=29)[0m
[rgbd_odometry-1] [0m[INFO] [1780550484.237228107] [rtabmap.rgbd_odometry]: Odom: quality=206, std dev=0.016986m|0.026215rad, update time=0.046141s delay=1.149422s[0m
[rgbd_odometry-1] [0m[INFO] [1780550484.283272031] [rtabmap.rgbd_odometry]: Odom: quality=208, std dev=0.013083m|0.022437rad, update time=0.041810s delay=1.132807s[0m
[rgbd_odometry-1] [0m[INFO] [1780550484.351127035] [rtabmap.rgbd_odometry]: Odom: quality=177, std dev=0.015705m|0.023506rad, update time=0.049734s delay=1.174408s[0m
[rgbd_odometry-1] [0m[INFO] [1780550484.447591332] [rtabmap.rgbd_odometry]: Odom: quality=191, std dev=0.014721m|0.023724rad, update time=0.043251s delay=1.141055s[0m
[rgbd_odometry-1] [0m[INFO] [1780550484.501645277] [rtabmap.rgbd_odometry]: Odom: quality=180, std dev=0.015643m|0.023724rad, update time=0.038901s delay=1.157748s[0m
[rgbd_odometry-1] [0m[INFO] [1780550484.550292759] [rtabmap.rgbd_odometry]: Odom: quality=173, std dev=0.013354m|0.022930rad, update time=0.041701s delay=1.141068s[0m
[rgbd_odometry-1] [0m[INFO] [1780550484.610171433] [rtabmap.rgbd_odometry]: Odom: quality=172, std dev=0.013376m|0.023049rad, update time=0.041846s delay=1.157775s[0m
[rgbd_odometry-1] [0m[INFO] [1780550484.664378868] [rtabmap.rgbd_odometry]: Odom: quality=150, std dev=0.021995m|0.026606rad, update time=0.047543s delay=1.141059s[0m
[rgbd_odometry-1] [0m[INFO] [1780550484.721002358] [rtabmap.rgbd_odometry]: Odom: quality=278, std dev=0.008180m|0.017144rad, update time=0.047275s delay=1.182926s[0m
[rgbd_odometry-1] [0m[INFO] [1780550484.766045468] [rtabmap.rgbd_odometry]: Odom: quality=246, std dev=0.011952m|0.020040rad, update time=0.043773s delay=1.141096s[0m
[rgbd_odometry-1] [0m[INFO] [1780550484.828302298] [rtabmap.rgbd_odometry]: Odom: quality=242, std dev=0.009504m|0.019078rad, update time=0.042644s delay=1.182736s[0m
[rgbd_odometry-1] [0m[INFO] [1780550484.874708400] [rtabmap.rgbd_odometry]: Odom: quality=225, std dev=0.012173m|0.021036rad, update time=0.042161s delay=1.166057s[0m
[rgbd_odometry-1] [0m[INFO] [1780550484.982712465] [rtabmap.rgbd_odometry]: Odom: quality=196, std dev=0.014279m|0.020388rad, update time=0.048647s delay=1.166151s[0m
[rgbd_odometry-1] [0m[INFO] [1780550485.038317687] [rtabmap.rgbd_odometry]: Odom: quality=175, std dev=0.019409m|0.025199rad, update time=0.050419s delay=1.182759s[0m
[rgbd_odometry-1] [0m[INFO] [1780550485.132903844] [rtabmap.rgbd_odometry]: Odom: quality=181, std dev=0.016547m|0.025017rad, update time=0.040226s delay=1.182702s[0m
[rgbd_odometry-1] [0m[INFO] [1780550485.181766468] [rtabmap.rgbd_odometry]: Odom: quality=191, std dev=0.016011m|0.024246rad, update time=0.041972s delay=1.166102s[0m
[rtabmap-2] [0m[INFO] [1780550485.227054363] [rtabmap.rtabmap]: rtabmap (30): Rate=1.00s, Limit=0.000s, Conversion=0.0006s, RTAB-Map=0.0924s, Maps update=0.0000s pub=0.0000s delay=1.2828s (local map=30, WM=30)[0m
[rgbd_odometry-1] [0m[INFO] [1780550485.243359483] [rtabmap.rgbd_odometry]: Odom: quality=184, std dev=0.015683m|0.023616rad, update time=0.047556s delay=1.207884s[0m
[rgbd_odometry-1] [0m[INFO] [1780550485.348115518] [rtabmap.rgbd_odometry]: Odom: quality=184, std dev=0.015890m|0.023281rad, update time=0.045440s delay=1.207731s[0m
[rgbd_odometry-1] [0m[INFO] [1780550485.394513012] [rtabmap.rgbd_odometry]: Odom: quality=167, std dev=0.016026m|0.022044rad, update time=0.044259s delay=1.191088s[0m
[rgbd_odometry-1] [0m[INFO] [1780550485.446763173] [rtabmap.rgbd_odometry]: Odom: quality=150, std dev=0.014771m|0.023937rad, update time=0.043675s delay=1.174425s[0m
[rgbd_odometry-1] [0m[INFO] [1780550485.502304087] [rtabmap.rgbd_odometry]: Odom: quality=291, std dev=0.014098m|0.023506rad, update time=0.042685s delay=1.191082s[0m
[rgbd_odometry-1] [0m[INFO] [1780550485.556356051] [rtabmap.rgbd_odometry]: Odom: quality=244, std dev=0.014032m|0.022688rad, update time=0.042369s delay=1.174431s[0m
[rgbd_odometry-1] [0m[INFO] [1780550485.622689949] [rtabmap.rgbd_odometry]: Odom: quality=238, std dev=0.018246m|0.023616rad, update time=0.050796s delay=1.216122s[0m
[rgbd_odometry-1] [0m[INFO] [1780550485.717005735] [rtabmap.rgbd_odometry]: Odom: quality=175, std dev=0.025532m|0.026907rad, update time=0.045585s delay=1.157735s[0m
[rgbd_odometry-1] [0m[INFO] [1780550485.825648301] [rtabmap.rgbd_odometry]: Odom: quality=179, std dev=0.020209m|0.026295rad, update time=0.040462s delay=1.249450s[0m
[rgbd_odometry-1] [0m[INFO] [1780550485.892035885] [rtabmap.rgbd_odometry]: Odom: quality=55, std dev=0.032941m|0.031503rad, update time=0.055046s delay=1.199407s[0m
[rgbd_odometry-1] [0m[INFO] [1780550485.938757203] [rtabmap.rgbd_odometry]: Odom: quality=135, std dev=0.015422m|0.023937rad, update time=0.045589s delay=1.182744s[0m
[rgbd_odometry-1] [0m[INFO] [1780550485.997932746] [rtabmap.rgbd_odometry]: Odom: quality=125, std dev=0.017293m|0.026054rad, update time=0.054379s delay=1.191094s[0m
[rgbd_odometry-1] [0m[INFO] [1780550486.045434437] [rtabmap.rgbd_odometry]: Odom: quality=255, std dev=0.022061m|0.028084rad, update time=0.042297s delay=1.207725s[0m
[rgbd_odometry-1] [0m[INFO] [1780550486.140086051] [rtabmap.rgbd_odometry]: Odom: quality=161, std dev=0.018157m|0.025637rad, update time=0.039578s delay=1.182732s[0m
[rgbd_odometry-1] [0m[INFO] [1780550486.192123122] [rtabmap.rgbd_odometry]: Odom: quality=171, std dev=0.023363m|0.025464rad, update time=0.045255s delay=1.166092s[0m
[rtabmap-2] [0m[INFO] [1780550486.250334164] [rtabmap.rtabmap]: rtabmap (31): Rate=1.00s, Limit=0.000s, Conversion=0.0007s, RTAB-Map=0.1081s, Maps update=0.0001s pub=0.0000s delay=1.3078s (local map=31, WM=31)[0m
[rgbd_odometry-1] [0m[INFO] [1780550486.253897238] [rtabmap.rgbd_odometry]: Odom: quality=143, std dev=0.021830m|0.025637rad, update time=0.049569s delay=1.207775s[0m
[rgbd_odometry-1] [33m[ WARN] (2026-06-03 23:21:26.360) OdometryF2M.cpp:626::computeTransform() Registration failed: "Not enough inliers 10/15 (matches=91) between -1 and 499" (guess=xyz=-0.039838,-0.072067,-0.027851 rpy=-0.027605,-0.060445,-0.014963)[0m
[rgbd_odometry-1] [33m[ WARN] (2026-06-03 23:21:26.361) OdometryF2M.cpp:319::computeTransform() Failed to find a transformation with the provided guess (xyz=-0.039838,-0.072067,-0.027851 rpy=-0.027605,-0.060445,-0.014963), trying again without a guess.[0m
[rgbd_odometry-1] [33m[ WARN] (2026-06-03 23:21:26.422) OdometryF2M.cpp:636::computeTransform() Trial with no guess succeeded![0m
[rgbd_odometry-1] [0m[INFO] [1780550486.423567118] [rtabmap.rgbd_odometry]: Odom: quality=189, std dev=0.036651m|0.032924rad, update time=0.113074s delay=1.282863s[0m
[rgbd_odometry-1] [0m[INFO] [1780550486.518777483] [rtabmap.rgbd_odometry]: Odom: quality=153, std dev=0.024417m|0.028466rad, update time=0.038407s delay=1.216090s[0m
[rgbd_odometry-1] [0m[INFO] [1780550486.583511708] [rtabmap.rgbd_odometry]: Odom: quality=191, std dev=0.031906m|0.029750rad, update time=0.050088s delay=1.199448s[0m
[rgbd_odometry-1] [0m[INFO] [1780550486.654043545] [rtabmap.rgbd_odometry]: Odom: quality=192, std dev=0.032488m|0.031595rad, update time=0.045558s delay=1.241113s[0m
[rgbd_odometry-1] [0m[INFO] [1780550486.764218862] [rtabmap.rgbd_odometry]: Odom: quality=125, std dev=0.027554m|0.026980rad, update time=0.059199s delay=1.207720s[0m
[rgbd_odometry-1] [0m[INFO] [1780550486.808152512] [rtabmap.rgbd_odometry]: Odom: quality=285, std dev=0.014148m|0.022044rad, update time=0.043231s delay=1.224421s[0m
[rgbd_odometry-1] [0m[INFO] [1780550486.867683391] [rtabmap.rgbd_odometry]: Odom: quality=267, std dev=0.012925m|0.019672rad, update time=0.053155s delay=1.207773s[0m
[rgbd_odometry-1] [0m[INFO] [1780550486.919906959] [rtabmap.rgbd_odometry]: Odom: quality=247, std dev=0.012593m|0.021036rad, update time=0.048950s delay=1.249446s[0m
[rgbd_odometry-1] [0m[INFO] [1780550487.023283982] [rtabmap.rgbd_odometry]: Odom: quality=212, std dev=0.016157m|0.023724rad, update time=0.042064s delay=1.216090s[0m
[rgbd_odometry-1] [0m[INFO] [1780550487.096864930] [rtabmap.rgbd_odometry]: Odom: quality=217, std dev=0.012278m|0.019858rad, update time=0.042082s delay=1.257797s[0m
[rgbd_odometry-1] [0m[INFO] [1780550487.152679494] [rtabmap.rgbd_odometry]: Odom: quality=207, std dev=0.018428m|0.024831rad, update time=0.043132s delay=1.241100s[0m
[rgbd_odometry-1] [0m[INFO] [1780550487.222404036] [rtabmap.rgbd_odometry]: Odom: quality=175, std dev=0.018800m|0.024041rad, update time=0.050615s delay=1.249435s[0m
[rgbd_odometry-1] [0m[INFO] [1780550487.281717657] [rtabmap.rgbd_odometry]: Odom: quality=179, std dev=0.017442m|0.024041rad, update time=0.048337s delay=1.266123s[0m
[rtabmap-2] [0m[INFO] [1780550487.319647424] [rtabmap.rtabmap]: rtabmap (32): Rate=1.00s, Limit=0.000s, Conversion=0.0007s, RTAB-Map=0.0951s, Maps update=0.0001s pub=0.0000s delay=1.3495s (local map=32, WM=32)[0m
[rgbd_odometry-1] [0m[INFO] [1780550487.330852984] [rtabmap.rgbd_odometry]: Odom: quality=164, std dev=0.016036m|0.022044rad, update time=0.046963s delay=1.249403s[0m
[rgbd_odometry-1] [0m[INFO] [1780550487.393797719] [rtabmap.rgbd_odometry]: Odom: quality=157, std dev=0.017837m|0.026374rad, update time=0.041937s delay=1.291120s[0m
[rgbd_odometry-1] [0m[INFO] [1780550487.447210255] [rtabmap.rgbd_odometry]: Odom: quality=114, std dev=0.033443m|0.031731rad, update time=0.046846s delay=1.274448s[0m
[rgbd_odometry-1] [0m[INFO] [1780550487.500362108] [rtabmap.rgbd_odometry]: Odom: quality=255, std dev=0.016854m|0.022437rad, update time=0.043605s delay=1.291097s[0m
[rgbd_odometry-1] [0m[INFO] [1780550487.555854899] [rtabmap.rgbd_odometry]: Odom: quality=246, std dev=0.019008m|0.024446rad, update time=0.050593s delay=1.274430s[0m
[rgbd_odometry-1] [0m[INFO] [1780550487.618133700] [rtabmap.rgbd_odometry]: Odom: quality=248, std dev=0.019792m|0.023616rad, update time=0.054290s delay=1.316142s[0m
[rgbd_odometry-1] [0m[INFO] [1780550487.708372378] [rtabmap.rgbd_odometry]: Odom: quality=210, std dev=0.018499m|0.024543rad, update time=0.042553s delay=1.257852s[0m
[rgbd_odometry-1] [0m[INFO] [1780550487.757980394] [rtabmap.rgbd_odometry]: Odom: quality=221, std dev=0.019283m|0.024924rad, update time=0.039837s delay=1.241019s[0m
[rgbd_odometry-1] [0m[INFO] [1780550487.871869259] [rtabmap.rgbd_odometry]: Odom: quality=165, std dev=0.023044m|0.026606rad, update time=0.048943s delay=1.266043s[0m
[rgbd_odometry-1] [0m[INFO] [1780550487.941240625] [rtabmap.rgbd_odometry]: Odom: quality=97, std dev=0.044378m|0.030837rad, update time=0.064183s delay=1.249430s[0m
[rgbd_odometry-1] [0m[INFO] [1780550488.024860209] [rtabmap.rgbd_odometry]: Odom: quality=228, std dev=0.035191m|0.031317rad, update time=0.041703s delay=1.249369s[0m
[rgbd_odometry-1] [0m[INFO] [1780550488.075737389] [rtabmap.rgbd_odometry]: Odom: quality=190, std dev=0.028306m|0.027269rad, update time=0.040818s delay=1.232801s[0m
[rgbd_odometry-1] [0m[INFO] [1780550488.131541792] [rtabmap.rgbd_odometry]: Odom: quality=182, std dev=0.030319m|0.029416rad, update time=0.040241s delay=1.249403s[0m
[rgbd_odometry-1] [0m[INFO] [1780550488.187663884] [rtabmap.rgbd_odometry]: Odom: quality=168, std dev=0.022121m|0.024831rad, update time=0.048598s delay=1.232794s[0m
[rgbd_odometry-1] [0m[INFO] [1780550488.249519656] [rtabmap.rgbd_odometry]: Odom: quality=78, std dev=0.045860m|0.029804rad, update time=0.059820s delay=1.241109s[0m
[rgbd_odometry-1] [0m[INFO] [1780550488.346764007] [rtabmap.rgbd_odometry]: Odom: quality=129, std dev=0.024427m|0.025806rad, update time=0.054420s delay=1.207706s[0m
[rtabmap-2] [0m[INFO] [1780550488.350378690] [rtabmap.rtabmap]: rtabmap (33): Rate=1.00s, Limit=0.000s, Conversion=0.0015s, RTAB-Map=0.0982s, Maps update=0.0000s pub=0.0000s delay=1.3411s (local map=33, WM=33)[0m
[rgbd_odometry-1] [0m[INFO] [1780550488.395533058] [rtabmap.rgbd_odometry]: Odom: quality=259, std dev=0.027540m|0.026606rad, update time=0.043922s delay=1.224403s[0m
[rgbd_odometry-1] [0m[INFO] [1780550488.447733449] [rtabmap.rgbd_odometry]: Odom: quality=236, std dev=0.027570m|0.026452rad, update time=0.043487s delay=1.207787s[0m
[rgbd_odometry-1] [0m[INFO] [1780550488.508092548] [rtabmap.rgbd_odometry]: Odom: quality=225, std dev=0.024364m|0.025377rad, update time=0.049168s delay=1.191040s[0m
[rgbd_odometry-1] [0m[INFO] [1780550488.600791685] [rtabmap.rgbd_odometry]: Odom: quality=88, std dev=0.024669m|0.026907rad, update time=0.086987s delay=1.224495s[0m
[rgbd_odometry-1] [0m[INFO] [1780550488.666691031] [rtabmap.rgbd_odometry]: Odom: quality=179, std dev=0.029553m|0.025637rad, update time=0.049433s delay=1.174452s[0m
[rgbd_odometry-1] [0m[INFO] [1780550488.724701952] [rtabmap.rgbd_odometry]: Odom: quality=218, std dev=0.044567m|0.031032rad, update time=0.052162s delay=1.216171s[0m
[rgbd_odometry-1] [33m[ WARN] (2026-06-03 23:21:28.825) OdometryF2M.cpp:626::computeTransform() Registration failed: "Not enough inliers 11/15 (matches=90) between -1 and 534" (guess=xyz=0.014025,-0.001169,-0.016647 rpy=-0.060534,0.074821,0.066399)[0m
[rgbd_odometry-1] [33m[ WARN] (2026-06-03 23:21:28.826) OdometryF2M.cpp:319::computeTransform() Failed to find a transformation with the provided guess (xyz=0.014025,-0.001169,-0.016647 rpy=-0.060534,0.074821,0.066399), trying again without a guess.[0m
[rgbd_odometry-1] [33m[ WARN] (2026-06-03 23:21:28.892) OdometryF2M.cpp:636::computeTransform() Trial with no guess succeeded![0m
[rgbd_odometry-1] [0m[INFO] [1780550488.893894392] [rtabmap.rgbd_odometry]: Odom: quality=172, std dev=0.027521m|0.026215rad, update time=0.121687s delay=1.257775s[0m
[rgbd_odometry-1] [0m[INFO] [1780550488.979780973] [rtabmap.rgbd_odometry]: Odom: quality=184, std dev=0.032486m|0.030020rad, update time=0.045440s delay=1.199439s[0m
[rgbd_odometry-1] [0m[INFO] [1780550489.077423335] [rtabmap.rgbd_odometry]: Odom: quality=149, std dev=0.024019m|0.028084rad, update time=0.046684s delay=1.166090s[0m
[rgbd_odometry-1] [0m[INFO] [1780550489.135735044] [rtabmap.rgbd_odometry]: Odom: quality=248, std dev=0.014223m|0.021630rad, update time=0.048700s delay=1.182763s[0m
[rgbd_odometry-1] [0m[INFO] [1780550489.232837310] [rtabmap.rgbd_odometry]: Odom: quality=225, std dev=0.032556m|0.031032rad, update time=0.043628s delay=1.182772s[0m
[rgbd_odometry-1] [0m[INFO] [1780550489.285377791] [rtabmap.rgbd_odometry]: Odom: quality=192, std dev=0.025950m|0.026980rad, update time=0.048418s delay=1.166090s[0m
[rtabmap-2] [0m[INFO] [1780550489.326888202] [rtabmap.rtabmap]: rtabmap (34): Rate=1.00s, Limit=0.000s, Conversion=0.0007s, RTAB-Map=0.0918s, Maps update=0.0000s pub=0.0000s delay=1.2829s (local map=34, WM=34)[0m
[rgbd_odometry-1] [0m[INFO] [1780550489.338670386] [rtabmap.rgbd_odometry]: Odom: quality=188, std dev=0.022581m|0.025722rad, update time=0.044340s delay=1.182785s[0m
[rgbd_odometry-1] [0m[INFO] [1780550489.386218457] [rtabmap.rgbd_odometry]: Odom: quality=171, std dev=0.022620m|0.024446rad, update time=0.043810s delay=1.166126s[0m
[rgbd_odometry-1] [0m[INFO] [1780550489.448056791] [rtabmap.rgbd_odometry]: Odom: quality=175, std dev=0.026984m|0.027053rad, update time=0.045081s delay=1.207758s[0m
[rgbd_odometry-1] [0m[INFO] [1780550489.494895975] [rtabmap.rgbd_odometry]: Odom: quality=175, std dev=0.045126m|0.032679rad, update time=0.044040s delay=1.191135s[0m
[rgbd_odometry-1] [0m[INFO] [1780550489.614276059] [rtabmap.rgbd_odometry]: Odom: quality=107, std dev=0.037041m|0.031640rad, update time=0.061505s delay=1.191078s[0m
[rgbd_odometry-1] [0m[INFO] [1780550489.740054209] [rtabmap.rgbd_odometry]: Odom: quality=18, std dev=0.060385m|0.032085rad, update time=0.080362s delay=1.182846s[0m
[rgbd_odometry-1] [0m[INFO] [1780550489.819403624] [rtabmap.rgbd_odometry]: Odom: quality=144, std dev=0.026106m|0.022044rad, update time=0.050162s delay=1.182737s[0m
[rgbd_odometry-1] [0m[INFO] [1780550489.865982521] [rtabmap.rgbd_odometry]: Odom: quality=243, std dev=0.017108m|0.018649rad, update time=0.043259s delay=1.174525s[0m
[rgbd_odometry-1] [0m[INFO] [1780550489.911715189] [rtabmap.rgbd_odometry]: Odom: quality=206, std dev=0.025734m|0.026374rad, update time=0.043479s delay=1.157767s[0m
[rgbd_odometry-1] [0m[INFO] [1780550489.965713168] [rtabmap.rgbd_odometry]: Odom: quality=197, std dev=0.034698m|0.024446rad, update time=0.041639s delay=1.174471s[0m
[rgbd_odometry-1] [0m[INFO] [1780550490.017463064] [rtabmap.rgbd_odometry]: Odom: quality=196, std dev=0.039335m|0.028590rad, update time=0.046542s delay=1.157756s[0m
[rgbd_odometry-1] [33m[ WARN] (2026-06-03 23:21:30.079) OdometryF2M.cpp:626::computeTransform() Registration failed: "Not enough inliers 12/15 (matches=111) between -1 and 551" (guess=xyz=0.008675,-0.042541,-0.011987 rpy=-0.005914,0.001636,0.039112)[0m
[rgbd_odometry-1] [33m[ WARN] (2026-06-03 23:21:30.079) OdometryF2M.cpp:319::computeTransform() Failed to find a transformation with the provided guess (xyz=0.008675,-0.042541,-0.011987 rpy=-0.005914,0.001636,0.039112), trying again without a guess.[0m
[rgbd_odometry-1] [33m[ WARN] (2026-06-03 23:21:30.145) OdometryF2M.cpp:636::computeTransform() Trial with no guess succeeded![0m
[rgbd_odometry-1] [0m[INFO] [1780550490.146414848] [rtabmap.rgbd_odometry]: Odom: quality=191, std dev=0.032495m|0.026529rad, update time=0.123740s delay=1.241129s[0m
[rgbd_odometry-1] [0m[INFO] [1780550490.242512846] [rtabmap.rgbd_odometry]: Odom: quality=17, std dev=0.113009m|0.034360rad, update time=0.055104s delay=1.182724s[0m
[rgbd_odometry-1] [0m[INFO] [1780550490.335439568] [rtabmap.rgbd_odometry]: Odom: quality=237, std dev=0.036346m|0.025377rad, update time=0.045465s delay=1.182750s[0m
[rgbd_odometry-1] [0m[INFO] [1780550490.393870546] [rtabmap.rgbd_odometry]: Odom: quality=187, std dev=0.014182m|0.018867rad, update time=0.052242s delay=1.191117s[0m
[rtabmap-2] [0m[INFO] [1780550490.437087809] [rtabmap.rtabmap]: rtabmap (35): Rate=1.00s, Limit=0.000s, Conversion=0.0007s, RTAB-Map=0.0998s, Maps update=0.0001s pub=0.0000s delay=1.2830s (local map=35, WM=35)[0m
[rgbd_odometry-1] [0m[INFO] [1780550490.516050845] [rtabmap.rgbd_odometry]: Odom: quality=130, std dev=0.022470m|0.021486rad, update time=0.066934s delay=1.191066s[0m
[rgbd_odometry-1] [0m[INFO] [1780550490.592561138] [rtabmap.rgbd_odometry]: Odom: quality=222, std dev=0.026580m|0.023831rad, update time=0.040483s delay=1.166115s[0m
[rgbd_odometry-1] [0m[INFO] [1780550490.640394357] [rtabmap.rgbd_odometry]: Odom: quality=212, std dev=0.021998m|0.023166rad, update time=0.041254s delay=1.149438s[0m
[rgbd_odometry-1] [0m[INFO] [1780550490.692599231] [rtabmap.rgbd_odometry]: Odom: quality=198, std dev=0.019861m|0.022563rad, update time=0.041194s delay=1.166101s[0m
[rgbd_odometry-1] [0m[INFO] [1780550490.748230730] [rtabmap.rgbd_odometry]: Odom: quality=196, std dev=0.027615m|0.027198rad, update time=0.051314s delay=1.174414s[0m
[rgbd_odometry-1] [0m[INFO] [1780550490.794914176] [rtabmap.rgbd_odometry]: Odom: quality=170, std dev=0.026662m|0.024446rad, update time=0.042985s delay=1.191072s[0m
[rgbd_odometry-1] [0m[INFO] [1780550490.858496199] [rtabmap.rgbd_odometry]: Odom: quality=91, std dev=0.020905m|0.024246rad, update time=0.059345s delay=1.174318s[0m
[rgbd_odometry-1] [0m[INFO] [1780550490.956807033] [rtabmap.rgbd_odometry]: Odom: quality=15, std dev=0.046520m|0.045559rad, update time=0.052546s delay=1.174354s[0m
[rgbd_odometry-1] [0m[INFO] [1780550491.044531414] [rtabmap.rgbd_odometry]: Odom: quality=220, std dev=0.018982m|0.019480rad, update time=0.040426s delay=1.174358s[0m
[rgbd_odometry-1] [0m[INFO] [1780550491.112648315] [rtabmap.rgbd_odometry]: Odom: quality=175, std dev=0.017949m|0.019672rad, update time=0.058673s delay=1.157742s[0m
[rgbd_odometry-1] [0m[INFO] [1780550491.180841821] [rtabmap.rgbd_odometry]: Odom: quality=168, std dev=0.017062m|0.019078rad, update time=0.062195s delay=1.199346s[0m
[rgbd_odometry-1] [0m[INFO] [1780550491.272742237] [rtabmap.rgbd_odometry]: Odom: quality=66, std dev=0.013705m|0.018188rad, update time=0.057750s delay=1.166034s[0m
[rgbd_odometry-1] [0m[INFO] [1780550491.358149725] [rtabmap.rgbd_odometry]: Odom: quality=216, std dev=0.019221m|0.022044rad, update time=0.044609s delay=1.141007s[0m
[rgbd_odometry-1] [0m[INFO] [1780550491.423495997] [rtabmap.rgbd_odometry]: Odom: quality=236, std dev=0.015362m|0.021189rad, update time=0.056097s delay=1.182828s[0m
[rgbd_odometry-1] [0m[INFO] [1780550491.525759942] [rtabmap.rgbd_odometry]: Odom: quality=47, std dev=0.083593m|0.038614rad, update time=0.061125s delay=1.149379s[0m
[rgbd_odometry-1] [0m[INFO] [1780550491.608196188] [rtabmap.rgbd_odometry]: Odom: quality=153, std dev=0.020758m|0.023049rad, update time=0.045005s delay=1.124338s[0m
[rgbd_odometry-1] [0m[INFO] [1780550491.664036766] [rtabmap.rgbd_odometry]: Odom: quality=176, std dev=0.019375m|0.021339rad, update time=0.045607s delay=1.141039s[0m
[rgbd_odometry-1] [0m[INFO] [1780550491.719571529] [rtabmap.rgbd_odometry]: Odom: quality=151, std dev=0.017955m|0.021630rad, update time=0.053892s delay=1.149317s[0m
[rgbd_odometry-1] [0m[INFO] [1780550491.787957189] [rtabmap.rgbd_odometry]: Odom: quality=142, std dev=0.025779m|0.024831rad, update time=0.067167s delay=1.166045s[0m
[rtabmap-2] [0m[INFO] [1780550491.840007003] [rtabmap.rtabmap]: rtabmap (36): Rate=1.00s, Limit=0.000s, Conversion=0.0006s, RTAB-Map=0.4794s, Maps update=0.0000s pub=0.0001s delay=1.6161s (local map=36, WM=36)[0m
[rgbd_odometry-1] [0m[INFO] [1780550491.872655950] [rtabmap.rgbd_odometry]: Odom: quality=231, std dev=0.017240m|0.020720rad, update time=0.048576s delay=1.166019s[0m
[rgbd_odometry-1] [0m[INFO] [1780550491.917237725] [rtabmap.rgbd_odometry]: Odom: quality=220, std dev=0.021051m|0.024543rad, update time=0.040508s delay=1.124363s[0m
[rgbd_odometry-1] [0m[INFO] [1780550491.992882934] [rtabmap.rgbd_odometry]: Odom: quality=201, std dev=0.022735m|0.025551rad, update time=0.040265s delay=1.191020s[0m
[rgbd_odometry-1] [0m[INFO] [1780550492.050545448] [rtabmap.rgbd_odometry]: Odom: quality=201, std dev=0.025507m|0.025017rad, update time=0.041311s delay=1.207636s[0m
[rgbd_odometry-1] [0m[INFO] [1780550492.109393382] [rtabmap.rgbd_odometry]: Odom: quality=146, std dev=0.030011m|0.029245rad, update time=0.052911s delay=1.191043s[0m
[rgbd_odometry-1] [0m[INFO] [1780550492.236082661] [rtabmap.rgbd_odometry]: Odom: quality=238, std dev=0.020598m|0.024041rad, update time=0.125864s delay=1.249340s[0m
[rgbd_odometry-1] [0m[INFO] [1780550492.364921991] [rtabmap.rgbd_odometry]: Odom: quality=153, std dev=0.023669m|0.024144rad, update time=0.096607s delay=1.207742s[0m
[rgbd_odometry-1] [0m[INFO] [1780550492.477566657] [rtabmap.rgbd_odometry]: Odom: quality=155, std dev=0.018910m|0.023937rad, update time=0.109086s delay=1.232666s[0m
[rgbd_odometry-1] [0m[INFO] [1780550492.633956022] [rtabmap.rgbd_odometry]: Odom: quality=25, std dev=0.031765m|0.030020rad, update time=0.114810s delay=1.249406s[0m
[rtabmap-2] [0m[INFO] [1780550492.646736600] [rtabmap.rtabmap]: rtabmap (37): Rate=1.00s, Limit=0.000s, Conversion=0.0008s, RTAB-Map=0.1672s, Maps update=0.0001s pub=0.0000s delay=1.4080s (local map=37, WM=37)[0m
[rgbd_odometry-1] [0m[INFO] [1780550492.737776062] [rtabmap.rgbd_odometry]: Odom: quality=100, std dev=0.013547m|0.016214rad, update time=0.072233s delay=1.182737s[0m
[rgbd_odometry-1] [0m[INFO] [1780550492.823452937] [rtabmap.rgbd_odometry]: Odom: quality=179, std dev=0.019166m|0.022178rad, update time=0.058126s delay=1.182722s[0m
[rgbd_odometry-1] [0m[INFO] [1780550492.922924740] [rtabmap.rgbd_odometry]: Odom: quality=168, std dev=0.017431m|0.021486rad, update time=0.068444s delay=1.182721s[0m
[rgbd_odometry-1] [0m[INFO] [1780550493.006963672] [rtabmap.rgbd_odometry]: Odom: quality=136, std dev=0.023499m|0.021909rad, update time=0.055569s delay=1.157731s[0m
[rgbd_odometry-1] [0m[INFO] [1780550493.119790827] [rtabmap.rgbd_odometry]: Odom: quality=226, std dev=0.040366m|0.028340rad, update time=0.073048s delay=1.149416s[0m
[rgbd_odometry-1] [0m[INFO] [1780550493.201190569] [rtabmap.rgbd_odometry]: Odom: quality=204, std dev=0.024106m|0.024346rad, update time=0.054140s delay=1.124414s[0m
[rgbd_odometry-1] [0m[INFO] [1780550493.308427738] [rtabmap.rgbd_odometry]: Odom: quality=182, std dev=0.020736m|0.023506rad, update time=0.055286s delay=1.124447s[0m
[rgbd_odometry-1] [0m[INFO] [1780550493.400901788] [rtabmap.rgbd_odometry]: Odom: quality=175, std dev=0.016820m|0.022437rad, update time=0.048726s delay=1.124387s[0m
[rgbd_odometry-1] [0m[INFO] [1780550493.503467173] [rtabmap.rgbd_odometry]: Odom: quality=173, std dev=0.016786m|0.020388rad, update time=0.051260s delay=1.124530s[0m
[rtabmap-2] [0m[INFO] [1780550493.518037798] [rtabmap.rtabmap]: rtabmap (38): Rate=1.00s, Limit=0.000s, Conversion=0.0007s, RTAB-Map=0.1151s, Maps update=0.0001s pub=0.0000s delay=1.2246s (local map=38, WM=38)[0m
[rgbd_odometry-1] [0m[INFO] [1780550493.600729905] [rtabmap.rgbd_odometry]: Odom: quality=158, std dev=0.019851m|0.023281rad, update time=0.048385s delay=1.124345s[0m
[rgbd_odometry-1] [0m[INFO] [1780550493.707181140] [rtabmap.rgbd_odometry]: Odom: quality=15, std dev=0.056232m|0.045017rad, update time=0.054980s delay=1.124324s[0m
[rgbd_odometry-1] [0m[INFO] [1780550493.811266077] [rtabmap.rgbd_odometry]: Odom: quality=89, std dev=0.028310m|0.030073rad, update time=0.059958s delay=1.124374s[0m
[rgbd_odometry-1] [0m[INFO] [1780550493.908918832] [rtabmap.rgbd_odometry]: Odom: quality=30, std dev=0.021043m|0.025288rad, update time=0.056483s delay=1.124395s[0m
[rgbd_odometry-1] [0m[INFO] [1780550493.992949391] [rtabmap.rgbd_odometry]: Odom: quality=167, std dev=0.012455m|0.017944rad, update time=0.047046s delay=1.124401s[0m
[rgbd_odometry-1] [0m[INFO] [1780550494.041523980] [rtabmap.rgbd_odometry]: Odom: quality=164, std dev=0.012185m|0.016214rad, update time=0.042250s delay=1.116037s[0m
[rgbd_odometry-1] [0m[INFO] [1780550494.100766070] [rtabmap.rgbd_odometry]: Odom: quality=140, std dev=0.013316m|0.019858rad, update time=0.058217s delay=1.124349s[0m
[rgbd_odometry-1] [0m[INFO] [1780550494.187302928] [rtabmap.rgbd_odometry]: Odom: quality=238, std dev=0.018282m|0.023506rad, update time=0.049020s delay=1.099500s[0m
[rgbd_odometry-1] [0m[INFO] [1780550494.233929854] [rtabmap.rgbd_odometry]: Odom: quality=227, std dev=0.018726m|0.024346rad, update time=0.044290s delay=1.116058s[0m
[rgbd_odometry-1] [0m[INFO] [1780550494.324888831] [rtabmap.rgbd_odometry]: Odom: quality=213, std dev=0.022253m|0.024736rad, update time=0.040534s delay=1.116058s[0m
[rgbd_odometry-1] [0m[INFO] [1780550494.375354791] [rtabmap.rgbd_odometry]: Odom: quality=181, std dev=0.024073m|0.023506rad, update time=0.041155s delay=1.099436s[0m
[rgbd_odometry-1] [0m[INFO] [1780550494.428996960] [rtabmap.rgbd_odometry]: Odom: quality=179, std dev=0.020377m|0.023937rad, update time=0.043863s delay=1.115992s[0m
[rtabmap-2] [0m[INFO] [1780550494.477566821] [rtabmap.rtabmap]: rtabmap (39): Rate=1.00s, Limit=0.000s, Conversion=0.0007s, RTAB-Map=0.1003s, Maps update=0.0000s pub=0.0000s delay=1.1994s (local map=39, WM=39)[0m
[rgbd_odometry-1] [0m[INFO] [1780550494.529155546] [rtabmap.rgbd_odometry]: Odom: quality=155, std dev=0.021195m|0.023166rad, update time=0.050763s delay=1.116047s[0m
[rgbd_odometry-1] [0m[INFO] [1780550494.617317531] [rtabmap.rgbd_odometry]: Odom: quality=163, std dev=0.023820m|0.024041rad, update time=0.041084s delay=1.091141s[0m
[rgbd_odometry-1] [0m[INFO] [1780550494.665201540] [rtabmap.rgbd_odometry]: Odom: quality=145, std dev=0.025050m|0.023506rad, update time=0.045365s delay=1.074400s[0m
[rgbd_odometry-1] [0m[INFO] [1780550494.715409506] [rtabmap.rgbd_odometry]: Odom: quality=245, std dev=0.010899m|0.017423rad, update time=0.042655s delay=1.091058s[0m
[rgbd_odometry-1] [0m[INFO] [1780550494.813533396] [rtabmap.rgbd_odometry]: Odom: quality=211, std dev=0.018792m|0.020880rad, update time=0.041180s delay=1.091090s[0m
[rgbd_odometry-1] [0m[INFO] [1780550494.856545111] [rtabmap.rgbd_odometry]: Odom: quality=209, std dev=0.017304m|0.020040rad, update time=0.042027s delay=1.074430s[0m
[rgbd_odometry-1] [0m[INFO] [1780550494.907940708] [rtabmap.rgbd_odometry]: Odom: quality=190, std dev=0.022045m|0.022563rad, update time=0.044024s delay=1.091090s[0m
[rgbd_odometry-1] [0m[INFO] [1780550494.996696018] [rtabmap.rgbd_odometry]: Odom: quality=194, std dev=0.019491m|0.022308rad, update time=0.039711s delay=1.090989s[0m
[rgbd_odometry-1] [0m[INFO] [1780550495.040501799] [rtabmap.rgbd_odometry]: Odom: quality=171, std dev=0.025291m|0.025890rad, update time=0.041076s delay=1.049371s[0m
[rgbd_odometry-1] [0m[INFO] [1780550495.137975725] [rtabmap.rgbd_odometry]: Odom: quality=177, std dev=0.019981m|0.021339rad, update time=0.041955s delay=1.049381s[0m
[rgbd_odometry-1] [0m[INFO] [1780550495.202524833] [rtabmap.rgbd_odometry]: Odom: quality=160, std dev=0.019450m|0.023281rad, update time=0.050175s delay=1.091093s[0m
[rgbd_odometry-1] [0m[INFO] [1780550495.295298248] [rtabmap.rgbd_odometry]: Odom: quality=156, std dev=0.021740m|0.023166rad, update time=0.046130s delay=1.091107s[0m
[rgbd_odometry-1] [0m[INFO] [1780550495.342718852] [rtabmap.rgbd_odometry]: Odom: quality=166, std dev=0.020657m|0.023166rad, update time=0.041554s delay=1.082779s[0m
[rgbd_odometry-1] [0m[INFO] [1780550495.392642765] [rtabmap.rgbd_odometry]: Odom: quality=153, std dev=0.020649m|0.023937rad, update time=0.045790s delay=1.066092s[0m
[rgbd_odometry-1] [0m[INFO] [1780550495.449099507] [rtabmap.rgbd_odometry]: Odom: quality=138, std dev=0.015141m|0.021189rad, update time=0.048152s delay=1.107747s[0m
[rtabmap-2] [0m[INFO] [1780550495.495886307] [rtabmap.rtabmap]: rtabmap (40): Rate=1.00s, Limit=0.000s, Conversion=0.0009s, RTAB-Map=0.1011s, Maps update=0.0001s pub=0.0000s delay=1.1912s (local map=40, WM=40)[0m
[rgbd_odometry-1] [0m[INFO] [1780550495.545320609] [rtabmap.rgbd_odometry]: Odom: quality=206, std dev=0.016974m|0.022437rad, update time=0.043832s delay=1.107744s[0m
[rgbd_odometry-1] [0m[INFO] [1780550495.597381975] [rtabmap.rgbd_odometry]: Odom: quality=193, std dev=0.014097m|0.020040rad, update time=0.049439s delay=1.091093s[0m
[rgbd_odometry-1] [0m[INFO] [1780550495.647527360] [rtabmap.rgbd_odometry]: Odom: quality=195, std dev=0.017361m|0.022044rad, update time=0.044321s delay=1.107757s[0m
[rgbd_odometry-1] [0m[INFO] [1780550495.692617960] [rtabmap.rgbd_odometry]: Odom: quality=184, std dev=0.017134m|0.022563rad, update time=0.044126s delay=1.066094s[0m
[rgbd_odometry-1] [0m[INFO] [1780550495.746475055] [rtabmap.rgbd_odometry]: Odom: quality=171, std dev=0.018756m|0.025637rad, update time=0.044383s delay=1.107749s[0m
[rgbd_odometry-1] [0m[INFO] [1780550495.799879244] [rtabmap.rgbd_odometry]: Odom: quality=170, std dev=0.014610m|0.021339rad, update time=0.047345s delay=1.124466s[0m
[rgbd_odometry-1] [0m[INFO] [1780550495.900819828] [rtabmap.rgbd_odometry]: Odom: quality=154, std dev=0.020004m|0.025806rad, update time=0.048806s delay=1.124535s[0m
[rgbd_odometry-1] [0m[INFO] [1780550495.952464051] [rtabmap.rgbd_odometry]: Odom: quality=139, std dev=0.013369m|0.019858rad, update time=0.051175s delay=1.107755s[0m
[rgbd_odometry-1] [0m[INFO] [1780550496.043298223] [rtabmap.rgbd_odometry]: Odom: quality=244, std dev=0.015766m|0.022810rad, update time=0.044040s delay=1.141072s[0m
[rgbd_odometry-1] [0m[INFO] [1780550496.145369290] [rtabmap.rgbd_odometry]: Odom: quality=218, std dev=0.019874m|0.025288rad, update time=0.045075s delay=1.141078s[0m
[rgbd_odometry-1] [0m[INFO] [1780550496.192218412] [rtabmap.rgbd_odometry]: Odom: quality=187, std dev=0.015939m|0.022688rad, update time=0.044481s delay=1.099422s[0m
[rgbd_odometry-1] [0m[INFO] [1780550496.255249578] [rtabmap.rgbd_odometry]: Odom: quality=195, std dev=0.024760m|0.029187rad, update time=0.051015s delay=1.141238s[0m
[rgbd_odometry-1] [0m[INFO] [1780550496.350173278] [rtabmap.rgbd_odometry]: Odom: quality=162, std dev=0.021121m|0.025377rad, update time=0.044354s delay=1.141094s[0m
[rgbd_odometry-1] [0m[INFO] [1780550496.445406563] [rtabmap.rgbd_odometry]: Odom: quality=158, std dev=0.025193m|0.028213rad, update time=0.043656s delay=1.141095s[0m
[rgbd_odometry-1] [0m[INFO] [1780550496.508827242] [rtabmap.rgbd_odometry]: Odom: quality=38, std dev=0.028449m|0.026682rad, update time=0.058467s delay=1.124410s[0m
[rtabmap-2] [0m[INFO] [1780550496.549781755] [rtabmap.rtabmap]: rtabmap (41): Rate=1.00s, Limit=0.000s, Conversion=0.0007s, RTAB-Map=0.1024s, Maps update=0.0000s pub=0.0000s delay=1.2411s (local map=41, WM=41)[0m
[rgbd_odometry-1] [0m[INFO] [1780550496.556986971] [rtabmap.rgbd_odometry]: Odom: quality=195, std dev=0.017042m|0.022930rad, update time=0.046931s delay=1.141043s[0m
[rgbd_odometry-1] [0m[INFO] [1780550496.711795202] [rtabmap.rgbd_odometry]: Odom: quality=15, std dev=0.060147m|0.042111rad, update time=0.058695s delay=1.124345s[0m
[rgbd_odometry-1] [0m[INFO] [1780550496.796988239] [rtabmap.rgbd_odometry]: Odom: quality=146, std dev=0.014207m|0.021486rad, update time=0.044655s delay=1.124312s[0m
[rgbd_odometry-1] [0m[INFO] [1780550499.050309650] [rtabmap.rgbd_odometry]: Odom: quality=214, std dev=0.019855m|0.026529rad, update time=2.246668s delay=1.141045s[0m
[rgbd_odometry-1] [0m[INFO] [1780550499.095898135] [rtabmap.rgbd_odometry]: Odom: quality=194, std dev=0.021576m|0.027820rad, update time=0.043523s delay=1.099447s[0m
[rgbd_odometry-1] [0m[INFO] [1780550499.148997646] [rtabmap.rgbd_odometry]: Odom: quality=198, std dev=0.020495m|0.027480rad, update time=0.043219s delay=1.141010s[0m
[rgbd_odometry-1] [0m[INFO] [1780550499.196599113] [rtabmap.rgbd_odometry]: Odom: quality=180, std dev=0.019218m|0.025890rad, update time=0.045194s delay=1.099382s[0m
[rgbd_odometry-1] [0m[INFO] [1780550499.298864359] [rtabmap.rgbd_odometry]: Odom: quality=190, std dev=0.020335m|0.027198rad, update time=0.041571s delay=1.191032s[0m
[rgbd_odometry-1] [0m[INFO] [1780550499.352531696] [rtabmap.rgbd_odometry]: Odom: quality=157, std dev=0.016052m|0.025722rad, update time=0.050027s delay=1.141031s[0m
[rgbd_odometry-1] [0m[INFO] [1780550499.401604813] [rtabmap.rgbd_odometry]: Odom: quality=147, std dev=0.020983m|0.027953rad, update time=0.047866s delay=1.124403s[0m
[rgbd_odometry-1] [0m[INFO] [1780550499.456617832] [rtabmap.rgbd_odometry]: Odom: quality=251, std dev=0.020118m|0.025551rad, update time=0.041264s delay=1.141016s[0m
[rgbd_odometry-1] [0m[INFO] [1780550499.505383136] [rtabmap.rgbd_odometry]: Odom: quality=220, std dev=0.018701m|0.028084rad, update time=0.040720s delay=1.124345s[0m
[rgbd_odometry-1] [0m[INFO] [1780550499.576520167] [rtabmap.rgbd_odometry]: Odom: quality=204, std dev=0.019214m|0.025464rad, update time=0.050890s delay=1.166020s[0m
[rgbd_odometry-1] [0m[INFO] [1780550499.676572762] [rtabmap.rgbd_odometry]: Odom: quality=163, std dev=0.022769m|0.026374rad, update time=0.041397s delay=1.166014s[0m
[rgbd_odometry-1] [0m[INFO] [1780550499.725506565] [rtabmap.rgbd_odometry]: Odom: quality=158, std dev=0.025184m|0.029913rad, update time=0.040192s delay=1.149331s[0m
[rgbd_odometry-1] [0m[INFO] [1780550499.782307817] [rtabmap.rgbd_odometry]: Odom: quality=162, std dev=0.023221m|0.026529rad, update time=0.040824s delay=1.166029s[0m
[rtabmap-2] [0m[INFO] [1780550499.822567871] [rtabmap.rtabmap]: rtabmap (42): Rate=1.00s, Limit=0.000s, Conversion=0.0008s, RTAB-Map=0.0949s, Maps update=0.0000s pub=0.0000s delay=1.2245s (local map=42, WM=42)[0m
[rgbd_odometry-1] [0m[INFO] [1780550499.834437787] [rtabmap.rgbd_odometry]: Odom: quality=166, std dev=0.020773m|0.028652rad, update time=0.045808s delay=1.149407s[0m
[rgbd_odometry-1] [0m[INFO] [1780550499.885071101] [rtabmap.rgbd_odometry]: Odom: quality=157, std dev=0.023653m|0.028019rad, update time=0.042100s delay=1.166039s[0m
[rgbd_odometry-1] [0m[INFO] [1780550499.935892820] [rtabmap.rgbd_odometry]: Odom: quality=137, std dev=0.023685m|0.028773rad, update time=0.047683s delay=1.149340s[0m
[rgbd_odometry-1] [0m[INFO] [1780550499.981522253] [rtabmap.rgbd_odometry]: Odom: quality=263, std dev=0.008827m|0.019078rad, update time=0.041681s delay=1.166053s[0m
[rgbd_odometry-1] [0m[INFO] [1780550500.026297862] [rtabmap.rgbd_odometry]: Odom: quality=245, std dev=0.013133m|0.020880rad, update time=0.041412s delay=1.149330s[0m
[rgbd_odometry-1] [0m[INFO] [1780550500.078028314] [rtabmap.rgbd_odometry]: Odom: quality=240, std dev=0.014766m|0.023724rad, update time=0.040794s delay=1.166025s[0m
[rgbd_odometry-1] [0m[INFO] [1780550500.122762576] [rtabmap.rgbd_odometry]: Odom: quality=220, std dev=0.015728m|0.025288rad, update time=0.041848s delay=1.124424s[0m
[rgbd_odometry-1] [0m[INFO] [1780550500.186228378] [rtabmap.rgbd_odometry]: Odom: quality=213, std dev=0.017801m|0.026374rad, update time=0.046775s delay=1.166232s[0m
[rgbd_odometry-1] [0m[INFO] [1780550500.295049450] [rtabmap.rgbd_odometry]: Odom: quality=178, std dev=0.017687m|0.028652rad, update time=0.054907s delay=1.166203s[0m
[rgbd_odometry-1] [0m[INFO] [1780550500.379910682] [rtabmap.rgbd_odometry]: Odom: quality=157, std dev=0.020458m|0.029750rad, update time=0.041966s delay=1.166034s[0m
[rgbd_odometry-1] [0m[INFO] [1780550500.428997248] [rtabmap.rgbd_odometry]: Odom: quality=137, std dev=0.024491m|0.029750rad, update time=0.046965s delay=1.149356s[0m
[rgbd_odometry-1] [0m[INFO] [1780550500.482986460] [rtabmap.rgbd_odometry]: Odom: quality=234, std dev=0.022261m|0.028019rad, update time=0.043888s delay=1.166075s[0m
[rgbd_odometry-1] [0m[INFO] [1780550500.591684773] [rtabmap.rgbd_odometry]: Odom: quality=130, std dev=0.024991m|0.029416rad, update time=0.054559s delay=1.166076s[0m
[rgbd_odometry-1] [0m[INFO] [1780550500.680050605] [rtabmap.rgbd_odometry]: Odom: quality=245, std dev=0.021788m|0.029416rad, update time=0.047565s delay=1.132724s[0m
[rgbd_odometry-1] [0m[INFO] [1780550500.729566877] [rtabmap.rgbd_odometry]: Odom: quality=232, std dev=0.018665m|0.027617rad, update time=0.045297s delay=1.149370s[0m
[rgbd_odometry-1] [0m[INFO] [1780550500.820306868] [rtabmap.rgbd_odometry]: Odom: quality=197, std dev=0.019652m|0.028403rad, update time=0.046299s delay=1.091130s[0m
[rgbd_odometry-1] [0m[INFO] [1780550500.871999697] [rtabmap.rgbd_odometry]: Odom: quality=196, std dev=0.021691m|0.029859rad, update time=0.047522s delay=1.107712s[0m
[rtabmap-2] [0m[INFO] [1780550500.928954117] [rtabmap.rtabmap]: rtabmap (43): Rate=1.00s, Limit=0.000s, Conversion=0.0011s, RTAB-Map=0.1061s, Maps update=0.0000s pub=0.0000s delay=1.2162s (local map=43, WM=43)[0m
[rgbd_odometry-1] [0m[INFO] [1780550500.971580242] [rtabmap.rgbd_odometry]: Odom: quality=198, std dev=0.024656m|0.031595rad, update time=0.047159s delay=1.107747s[0m
[rgbd_odometry-1] [0m[INFO] [1780550501.069813724] [rtabmap.rgbd_odometry]: Odom: quality=165, std dev=0.026887m|0.032638rad, update time=0.045363s delay=1.107724s[0m
[rgbd_odometry-1] [0m[INFO] [1780550501.164805466] [rtabmap.rgbd_odometry]: Odom: quality=149, std dev=0.030029m|0.034710rad, update time=0.040816s delay=1.107666s[0m
[rgbd_odometry-1] [0m[INFO] [1780550501.209944389] [rtabmap.rgbd_odometry]: Odom: quality=257, std dev=0.032411m|0.037353rad, update time=0.042013s delay=1.090990s[0m
[rgbd_odometry-1] [0m[INFO] [1780550501.266830174] [rtabmap.rgbd_odometry]: Odom: quality=247, std dev=0.026990m|0.032964rad, update time=0.042842s delay=1.107640s[0m
[rgbd_odometry-1] [0m[INFO] [1780550501.314276959] [rtabmap.rgbd_odometry]: Odom: quality=216, std dev=0.027778m|0.033475rad, update time=0.043933s delay=1.090934s[0m
[rgbd_odometry-1] [0m[INFO] [1780550501.367272577] [rtabmap.rgbd_odometry]: Odom: quality=218, std dev=0.028623m|0.034536rad, update time=0.043218s delay=1.107661s[0m
[rgbd_odometry-1] [0m[INFO] [1780550501.460709578] [rtabmap.rgbd_odometry]: Odom: quality=188, std dev=0.025102m|0.031998rad, update time=0.043908s delay=1.107663s[0m
[rgbd_odometry-1] [0m[INFO] [1780550501.506333181] [rtabmap.rgbd_odometry]: Odom: quality=158, std dev=0.031598m|0.035476rad, update time=0.043136s delay=1.091008s[0m
[rgbd_odometry-1] [0m[INFO] [1780550501.559955580] [rtabmap.rgbd_odometry]: Odom: quality=151, std dev=0.026974m|0.035016rad, update time=0.043850s delay=1.107616s[0m
[rgbd_odometry-1] [0m[INFO] [1780550501.658223155] [rtabmap.rgbd_odometry]: Odom: quality=151, std dev=0.036576m|0.038285rad, update time=0.044955s delay=1.107683s[0m
[rgbd_odometry-1] [0m[INFO] [1780550501.754416861] [rtabmap.rgbd_odometry]: Odom: quality=141, std dev=0.037776m|0.039105rad, update time=0.047025s delay=1.107594s[0m
[rgbd_odometry-1] [0m[INFO] [1780550501.848282285] [rtabmap.rgbd_odometry]: Odom: quality=207, std dev=0.027211m|0.034325rad, update time=0.041903s delay=1.082648s[0m
[rgbd_odometry-1] [0m[INFO] [1780550501.902218265] [rtabmap.rgbd_odometry]: Odom: quality=205, std dev=0.030629m|0.033852rad, update time=0.044840s delay=1.124308s[0m
[rtabmap-2] [0m[INFO] [1780550501.949410736] [rtabmap.rtabmap]: rtabmap (44): Rate=1.00s, Limit=0.000s, Conversion=0.0008s, RTAB-Map=0.0991s, Maps update=0.0000s pub=0.0000s delay=1.2077s (local map=44, WM=44)[0m
[rgbd_odometry-1] [0m[INFO] [1780550501.998468260] [rtabmap.rgbd_odometry]: Odom: quality=175, std dev=0.026144m|0.030984rad, update time=0.041103s delay=1.099308s[0m
[rgbd_odometry-1] [0m[INFO] [1780550502.045935409] [rtabmap.rgbd_odometry]: Odom: quality=158, std dev=0.024636m|0.030886rad, update time=0.042351s delay=1.082711s[0m
[rgbd_odometry-1] [0m[INFO] [1780550502.099635536] [rtabmap.rgbd_odometry]: Odom: quality=148, std dev=0.027798m|0.035636rad, update time=0.041273s delay=1.124308s[0m
[rgbd_odometry-1] [0m[INFO] [1780550502.147379203] [rtabmap.rgbd_odometry]: Odom: quality=236, std dev=0.031357m|0.036436rad, update time=0.044251s delay=1.082643s[0m
[rgbd_odometry-1] [0m[INFO] [1780550502.200783364] [rtabmap.rgbd_odometry]: Odom: quality=212, std dev=0.034059m|0.038052rad, update time=0.043052s delay=1.124320s[0m
[rgbd_odometry-1] [0m[INFO] [1780550502.244465187] [rtabmap.rgbd_odometry]: Odom: quality=211, std dev=0.031081m|0.036730rad, update time=0.041474s delay=1.082653s[0m
[rgbd_odometry-1] [0m[INFO] [1780550502.302609593] [rtabmap.rgbd_odometry]: Odom: quality=201, std dev=0.026853m|0.033004rad, update time=0.041577s delay=1.124320s[0m
[rgbd_odometry-1] [0m[INFO] [1780550502.355132696] [rtabmap.rgbd_odometry]: Odom: quality=194, std dev=0.031877m|0.038000rad, update time=0.046451s delay=1.107649s[0m
[rgbd_odometry-1] [0m[INFO] [1780550502.405555906] [rtabmap.rgbd_odometry]: Odom: quality=182, std dev=0.032241m|0.038078rad, update time=0.044481s delay=1.124316s[0m
[rgbd_odometry-1] [0m[INFO] [1780550502.510581958] [rtabmap.rgbd_odometry]: Odom: quality=33, std dev=0.037401m|0.043817rad, update time=0.053533s delay=1.124322s[0m
[rgbd_odometry-1] [0m[INFO] [1780550502.585758394] [rtabmap.rgbd_odometry]: Odom: quality=179, std dev=0.020689m|0.031549rad, update time=0.041132s delay=1.099301s[0m
[rgbd_odometry-1] [0m[INFO] [1780550502.639397817] [rtabmap.rgbd_odometry]: Odom: quality=197, std dev=0.015991m|0.026758rad, update time=0.043748s delay=1.115958s[0m
[rgbd_odometry-1] [0m[INFO] [1780550502.731300643] [rtabmap.rgbd_odometry]: Odom: quality=198, std dev=0.025527m|0.032172rad, update time=0.040942s delay=1.115966s[0m
[rgbd_odometry-1] [0m[INFO] [1780550502.798308326] [rtabmap.rgbd_odometry]: Odom: quality=142, std dev=0.015986m|0.028590rad, update time=0.061688s delay=1.099273s[0m
[rgbd_odometry-1] [0m[INFO] [1780550502.881390709] [rtabmap.rgbd_odometry]: Odom: quality=236, std dev=0.029185m|0.035950rad, update time=0.044792s delay=1.099314s[0m
[rgbd_odometry-1] [0m[INFO] [1780550502.937289094] [rtabmap.rgbd_odometry]: Odom: quality=223, std dev=0.030057m|0.036730rad, update time=0.046394s delay=1.115979s[0m
[rtabmap-2] [0m[INFO] [1780550502.972619974] [rtabmap.rtabmap]: rtabmap (45): Rate=1.00s, Limit=0.000s, Conversion=0.0006s, RTAB-Map=0.0896s, Maps update=0.0000s pub=0.0000s delay=1.1744s (local map=45, WM=45)[0m
[rgbd_odometry-1] [0m[INFO] [1780550503.033548782] [rtabmap.rgbd_odometry]: Odom: quality=193, std dev=0.028724m|0.036759rad, update time=0.042449s delay=1.116074s[0m
[rgbd_odometry-1] [0m[INFO] [1780550503.095404406] [rtabmap.rgbd_odometry]: Odom: quality=88, std dev=0.034332m|0.037409rad, update time=0.056979s delay=1.099320s[0m
[rgbd_odometry-1] [0m[INFO] [1780550503.180228886] [rtabmap.rgbd_odometry]: Odom: quality=205, std dev=0.017048m|0.026606rad, update time=0.040270s delay=1.099257s[0m
[rgbd_odometry-1] [0m[INFO] [1780550503.234164428] [rtabmap.rgbd_odometry]: Odom: quality=208, std dev=0.020609m|0.030334rad, update time=0.040523s delay=1.115943s[0m
[rgbd_odometry-1] [0m[INFO] [1780550503.283077929] [rtabmap.rgbd_odometry]: Odom: quality=217, std dev=0.019806m|0.027953rad, update time=0.044655s delay=1.099354s[0m
[rgbd_odometry-1] [0m[INFO] [1780550503.332809028] [rtabmap.rgbd_odometry]: Odom: quality=187, std dev=0.028482m|0.035604rad, update time=0.042288s delay=1.115983s[0m
[rgbd_odometry-1] [0m[INFO] [1780550503.380197198] [rtabmap.rgbd_odometry]: Odom: quality=187, std dev=0.021203m|0.031731rad, update time=0.044812s delay=1.099253s[0m
[rgbd_odometry-1] [0m[INFO] [1780550503.433083476] [rtabmap.rgbd_odometry]: Odom: quality=199, std dev=0.022927m|0.032720rad, update time=0.042104s delay=1.115940s[0m
[rgbd_odometry-1] [0m[INFO] [1780550503.479977269] [rtabmap.rgbd_odometry]: Odom: quality=190, std dev=0.019710m|0.029640rad, update time=0.042805s delay=1.099276s[0m
[rgbd_odometry-1] [0m[INFO] [1780550503.536443543] [rtabmap.rgbd_odometry]: Odom: quality=175, std dev=0.017552m|0.027340rad, update time=0.045307s delay=1.115986s[0m
[rgbd_odometry-1] [0m[INFO] [1780550503.584263956] [rtabmap.rgbd_odometry]: Odom: quality=160, std dev=0.022645m|0.031364rad, update time=0.047262s delay=1.099323s[0m
[rgbd_odometry-1] [0m[INFO] [1780550503.645215476] [rtabmap.rgbd_odometry]: Odom: quality=150, std dev=0.020359m|0.030334rad, update time=0.054975s delay=1.115971s[0m
[rgbd_odometry-1] [0m[INFO] [1780550503.723305511] [rtabmap.rgbd_odometry]: Odom: quality=232, std dev=0.022415m|0.031865rad, update time=0.040541s delay=1.091005s[0m
[rgbd_odometry-1] [0m[INFO] [1780550503.779991669] [rtabmap.rgbd_odometry]: Odom: quality=216, std dev=0.023016m|0.033852rad, update time=0.039269s delay=1.132713s[0m
[rgbd_odometry-1] [0m[INFO] [1780550503.834176907] [rtabmap.rgbd_odometry]: Odom: quality=191, std dev=0.027368m|0.035149rad, update time=0.038929s delay=1.115956s[0m
[rgbd_odometry-1] [0m[INFO] [1780550503.920496688] [rtabmap.rgbd_odometry]: Odom: quality=180, std dev=0.027922m|0.035016rad, update time=0.045917s delay=1.157674s[0m
[rgbd_odometry-1] [0m[INFO] [1780550503.965649527] [rtabmap.rgbd_odometry]: Odom: quality=168, std dev=0.041932m|0.044487rad, update time=0.040680s delay=1.141028s[0m
[rgbd_odometry-1] [0m[INFO] [1780550504.042562768] [rtabmap.rgbd_odometry]: Odom: quality=142, std dev=0.028134m|0.035016rad, update time=0.046283s delay=1.182682s[0m
[rtabmap-2] [0m[INFO] [1780550504.076927625] [rtabmap.rtabmap]: rtabmap (46): Rate=1.00s, Limit=0.000s, Conversion=0.0008s, RTAB-Map=0.1094s, Maps update=0.0001s pub=0.0000s delay=1.2661s (local map=46, WM=46)[0m
[rgbd_odometry-1] [0m[INFO] [1780550504.105487376] [rtabmap.rgbd_odometry]: Odom: quality=270, std dev=0.018946m|0.029585rad, update time=0.046163s delay=1.191136s[0m
[rgbd_odometry-1] [0m[INFO] [1780550504.170263872] [rtabmap.rgbd_odometry]: Odom: quality=269, std dev=0.018582m|0.029187rad, update time=0.043411s delay=1.207689s[0m
[rgbd_odometry-1] [0m[INFO] [1780550504.221626541] [rtabmap.rgbd_odometry]: Odom: quality=249, std dev=0.025638m|0.036135rad, update time=0.042148s delay=1.190996s[0m
[rgbd_odometry-1] [0m[INFO] [1780550504.286761089] [rtabmap.rgbd_odometry]: Odom: quality=250, std dev=0.024152m|0.033004rad, update time=0.045629s delay=1.232722s[0m
[rgbd_odometry-1] [0m[INFO] [1780550504.331621803] [rtabmap.rgbd_odometry]: Odom: quality=231, std dev=0.029492m|0.037326rad, update time=0.041811s delay=1.216006s[0m
[rgbd_odometry-1] [0m[INFO] [1780550504.400562039] [rtabmap.rgbd_odometry]: Odom: quality=226, std dev=0.023737m|0.032679rad, update time=0.042401s delay=1.257627s[0m
[rgbd_odometry-1] [0m[INFO] [1780550504.453906514] [rtabmap.rgbd_odometry]: Odom: quality=225, std dev=0.027166m|0.033889rad, update time=0.042383s delay=1.241064s[0m
[rgbd_odometry-1] [0m[INFO] [1780550504.523537951] [rtabmap.rgbd_odometry]: Odom: quality=229, std dev=0.029513m|0.037788rad, update time=0.042359s delay=1.282675s[0m
[rgbd_odometry-1] [0m[INFO] [1780550504.584186090] [rtabmap.rgbd_odometry]: Odom: quality=209, std dev=0.026922m|0.034073rad, update time=0.042453s delay=1.266039s[0m
[rgbd_odometry-1] [0m[INFO] [1780550504.646019102] [rtabmap.rgbd_odometry]: Odom: quality=181, std dev=0.025488m|0.034675rad, update time=0.043855s delay=1.282728s[0m
[rgbd_odometry-1] [0m[INFO] [1780550504.695703666] [rtabmap.rgbd_odometry]: Odom: quality=167, std dev=0.017899m|0.027887rad, update time=0.041470s delay=1.265992s[0m
[rgbd_odometry-1] [0m[INFO] [1780550504.749065148] [rtabmap.rgbd_odometry]: Odom: quality=166, std dev=0.024241m|0.034571rad, update time=0.042422s delay=1.307660s[0m
[rgbd_odometry-1] [0m[INFO] [1780550504.801543036] [rtabmap.rgbd_odometry]: Odom: quality=153, std dev=0.015697m|0.027480rad, update time=0.041059s delay=1.291002s[0m
[rgbd_odometry-1] [0m[INFO] [1780550504.866904531] [rtabmap.rgbd_odometry]: Odom: quality=143, std dev=0.018909m|0.030230rad, update time=0.041764s delay=1.307682s[0m
[rgbd_odometry-1] [0m[INFO] [1780550504.920245094] [rtabmap.rgbd_odometry]: Odom: quality=253, std dev=0.015279m|0.025637rad, update time=0.043617s delay=1.291050s[0m
[rgbd_odometry-1] [0m[INFO] [1780550504.981574148] [rtabmap.rgbd_odometry]: Odom: quality=259, std dev=0.015379m|0.026295rad, update time=0.045005s delay=1.332717s[0m
[rgbd_odometry-1] [0m[INFO] [1780550505.029714835] [rtabmap.rgbd_odometry]: Odom: quality=241, std dev=0.019176m|0.028833rad, update time=0.042759s delay=1.316019s[0m
[rgbd_odometry-1] [0m[INFO] [1780550505.088104557] [rtabmap.rgbd_odometry]: Odom: quality=223, std dev=0.017264m|0.028084rad, update time=0.043671s delay=1.332684s[0m
[rgbd_odometry-1] [0m[INFO] [1780550505.137022758] [rtabmap.rgbd_odometry]: Odom: quality=206, std dev=0.032178m|0.037518rad, update time=0.041618s delay=1.316008s[0m
[rgbd_odometry-1] [0m[INFO] [1780550505.192574620] [rtabmap.rgbd_odometry]: Odom: quality=176, std dev=0.016725m|0.027340rad, update time=0.041565s delay=1.299331s[0m
[rgbd_odometry-1] [0m[INFO] [1780550505.245564570] [rtabmap.rgbd_odometry]: Odom: quality=181, std dev=0.022006m|0.029859rad, update time=0.040427s delay=1.282701s[0m
[rtabmap-2] [0m[INFO] [1780550505.247613265] [rtabmap.rtabmap]: rtabmap (47): Rate=1.00s, Limit=0.000s, Conversion=0.0007s, RTAB-Map=0.1085s, Maps update=0.0001s pub=0.0000s delay=1.4161s (local map=47, WM=47)[0m
[rgbd_odometry-1] [0m[INFO] [1780550505.297969070] [rtabmap.rgbd_odometry]: Odom: quality=183, std dev=0.025267m|0.035049rad, update time=0.040510s delay=1.266004s[0m
[rgbd_odometry-1] [0m[INFO] [1780550505.357488844] [rtabmap.rgbd_odometry]: Odom: quality=164, std dev=0.018358m|0.027820rad, update time=0.046341s delay=1.274398s[0m
[rgbd_odometry-1] [0m[INFO] [1780550505.414766762] [rtabmap.rgbd_odometry]: Odom: quality=173, std dev=0.019008m|0.027953rad, update time=0.053411s delay=1.257757s[0m
[rgbd_odometry-1] [0m[INFO] [1780550505.535845273] [rtabmap.rgbd_odometry]: Odom: quality=174, std dev=0.020808m|0.029913rad, update time=0.043041s delay=1.282711s[0m
[rgbd_odometry-1] [0m[INFO] [1780550505.582059193] [rtabmap.rgbd_odometry]: Odom: quality=154, std dev=0.014423m|0.024346rad, update time=0.038866s delay=1.266022s[0m
[rgbd_odometry-1] [0m[INFO] [1780550505.641014544] [rtabmap.rgbd_odometry]: Odom: quality=147, std dev=0.018571m|0.029585rad, update time=0.042276s delay=1.249430s[0m
[rgbd_odometry-1] [0m[INFO] [1780550505.702356317] [rtabmap.rgbd_odometry]: Odom: quality=272, std dev=0.011829m|0.023281rad, update time=0.044199s delay=1.291007s[0m
[rgbd_odometry-1] [0m[INFO] [1780550505.751650108] [rtabmap.rgbd_odometry]: Odom: quality=235, std dev=0.024901m|0.034036rad, update time=0.044408s delay=1.274339s[0m
[rgbd_odometry-1] [0m[INFO] [1780550505.804468153] [rtabmap.rgbd_odometry]: Odom: quality=225, std dev=0.019140m|0.028149rad, update time=0.042646s delay=1.257824s[0m
[rgbd_odometry-1] [0m[INFO] [1780550505.861722350] [rtabmap.rgbd_odometry]: Odom: quality=225, std dev=0.028081m|0.034710rad, update time=0.044553s delay=1.240986s[0m
[rgbd_odometry-1] [0m[INFO] [1780550505.919940819] [rtabmap.rgbd_odometry]: Odom: quality=189, std dev=0.021304m|0.031080rad, update time=0.042505s delay=1.224354s[0m
[rgbd_odometry-1] [0m[INFO] [1780550505.975494695] [rtabmap.rgbd_odometry]: Odom: quality=191, std dev=0.019232m|0.028528rad, update time=0.041990s delay=1.265982s[0m
[rgbd_odometry-1] [0m[INFO] [1780550506.022389711] [rtabmap.rgbd_odometry]: Odom: quality=184, std dev=0.024352m|0.033163rad, update time=0.042973s delay=1.224547s[0m
[rgbd_odometry-1] [0m[INFO] [1780550506.076828071] [rtabmap.rgbd_odometry]: Odom: quality=174, std dev=0.017679m|0.027126rad, update time=0.049513s delay=1.232735s[0m
[rgbd_odometry-1] [0m[INFO] [1780550506.125686459] [rtabmap.rgbd_odometry]: Odom: quality=165, std dev=0.027979m|0.034847rad, update time=0.042944s delay=1.249343s[0m
[rgbd_odometry-1] [0m[INFO] [1780550506.185884346] [rtabmap.rgbd_odometry]: Odom: quality=182, std dev=0.027291m|0.036043rad, update time=0.057164s delay=1.232690s[0m
[rtabmap-2] [0m[INFO] [1780550506.202849226] [rtabmap.rtabmap]: rtabmap (48): Rate=1.00s, Limit=0.000s, Conversion=0.0010s, RTAB-Map=0.1239s, Maps update=0.0001s pub=0.0000s delay=1.3579s (local map=48, WM=48)[0m
[rgbd_odometry-1] [0m[INFO] [1780550506.289866577] [rtabmap.rgbd_odometry]: Odom: quality=22, std dev=0.154755m|0.090231rad, update time=0.056979s delay=1.232686s[0m
[rgbd_odometry-1] [0m[INFO] [1780550506.410234295] [rtabmap.rgbd_odometry]: Odom: quality=68, std dev=0.093800m|0.068871rad, update time=0.067386s delay=1.224754s[0m
[rgbd_odometry-1] [0m[INFO] [1780550506.497596767] [rtabmap.rgbd_odometry]: Odom: quality=104, std dev=0.053937m|0.048977rad, update time=0.045666s delay=1.199373s[0m
[rgbd_odometry-1] [0m[INFO] [1780550506.558548193] [rtabmap.rgbd_odometry]: Odom: quality=254, std dev=0.022519m|0.031317rad, update time=0.043748s delay=1.241021s[0m
[rgbd_odometry-1] [0m[INFO] [1780550506.604240183] [rtabmap.rgbd_odometry]: Odom: quality=236, std dev=0.024739m|0.033815rad, update time=0.043540s delay=1.224460s[0m
[rgbd_odometry-1] [0m[INFO] [1780550506.655490438] [rtabmap.rgbd_odometry]: Odom: quality=195, std dev=0.028124m|0.035346rad, update time=0.043466s delay=1.207772s[0m
[rgbd_odometry-1] [0m[INFO] [1780550506.717755209] [rtabmap.rgbd_odometry]: Odom: quality=72, std dev=0.074233m|0.053628rad, update time=0.059461s delay=1.190982s[0m
[rgbd_odometry-1] [0m[INFO] [1780550506.797086826] [rtabmap.rgbd_odometry]: Odom: quality=191, std dev=0.018257m|0.028590rad, update time=0.040455s delay=1.165982s[0m
[rgbd_odometry-1] [0m[INFO] [1780550506.911084552] [rtabmap.rgbd_odometry]: Odom: quality=226, std dev=0.012986m|0.022810rad, update time=0.040023s delay=1.191144s[0m
[rgbd_odometry-1] [0m[INFO] [1780550506.960932944] [rtabmap.rgbd_odometry]: Odom: quality=191, std dev=0.016967m|0.025017rad, update time=0.042749s delay=1.174316s[0m
[rgbd_odometry-1] [0m[INFO] [1780550507.006248593] [rtabmap.rgbd_odometry]: Odom: quality=197, std dev=0.018321m|0.027953rad, update time=0.038244s delay=1.157696s[0m
[rgbd_odometry-1] [0m[INFO] [1780550507.060824422] [rtabmap.rgbd_odometry]: Odom: quality=196, std dev=0.021562m|0.029473rad, update time=0.036830s delay=1.174329s[0m
[rgbd_odometry-1] [0m[INFO] [1780550507.108753069] [rtabmap.rgbd_odometry]: Odom: quality=172, std dev=0.023799m|0.031865rad, update time=0.040947s delay=1.157640s[0m
[rgbd_odometry-1] [0m[INFO] [1780550507.150841871] [rtabmap.rgbd_odometry]: Odom: quality=167, std dev=0.017231m|0.025017rad, update time=0.037388s delay=1.140985s[0m
[rtabmap-2] [0m[INFO] [1780550507.158892915] [rtabmap.rtabmap]: rtabmap (49): Rate=1.00s, Limit=0.000s, Conversion=0.0006s, RTAB-Map=0.0962s, Maps update=0.0001s pub=0.0000s delay=1.2744s (local map=49, WM=49)[0m
[rgbd_odometry-1] [0m[INFO] [1780550507.209173658] [rtabmap.rgbd_odometry]: Odom: quality=158, std dev=0.017346m|0.027269rad, update time=0.039832s delay=1.157690s[0m
[rgbd_odometry-1] [0m[INFO] [1780550507.252356024] [rtabmap.rgbd_odometry]: Odom: quality=172, std dev=0.024946m|0.032883rad, update time=0.037038s delay=1.174305s[0m
[rgbd_odometry-1] [0m[INFO] [1780550507.296943768] [rtabmap.rgbd_odometry]: Odom: quality=151, std dev=0.032465m|0.038234rad, update time=0.039537s delay=1.132653s[0m
[rgbd_odometry-1] [0m[INFO] [1780550507.353721707] [rtabmap.rgbd_odometry]: Odom: quality=123, std dev=0.050425m|0.043506rad, update time=0.044402s delay=1.174292s[0m
[rgbd_odometry-1] [0m[INFO] [1780550507.405240122] [rtabmap.rgbd_odometry]: Odom: quality=23, std dev=0.097716m|0.064720rad, update time=0.050549s delay=1.157587s[0m
[rgbd_odometry-1] [0m[INFO] [1780550507.562636660] [rtabmap.rgbd_odometry]: Odom: quality=90, std dev=0.027232m|0.036226rad, update time=0.053871s delay=1.140941s[0m
[rgbd_odometry-1] [0m[INFO] [1780550507.672632723] [rtabmap.rgbd_odometry]: Odom: quality=61, std dev=0.020598m|0.028893rad, update time=0.057362s delay=1.140918s[0m
[rgbd_odometry-1] [0m[INFO] [1780550507.749158014] [rtabmap.rgbd_odometry]: Odom: quality=142, std dev=0.027814m|0.036903rad, update time=0.037076s delay=1.140950s[0m
[rgbd_odometry-1] [0m[INFO] [1780550507.794561905] [rtabmap.rgbd_odometry]: Odom: quality=206, std dev=0.024992m|0.029913rad, update time=0.038630s delay=1.099313s[0m
[rgbd_odometry-1] [0m[INFO] [1780550507.853470206] [rtabmap.rgbd_odometry]: Odom: quality=224, std dev=0.022186m|0.029529rad, update time=0.044363s delay=1.140976s[0m
[rgbd_odometry-1] [0m[INFO] [1780550507.892419558] [rtabmap.rgbd_odometry]: Odom: quality=176, std dev=0.035876m|0.037815rad, update time=0.037866s delay=1.099278s[0m
[rgbd_odometry-1] [0m[INFO] [1780550507.953599196] [rtabmap.rgbd_odometry]: Odom: quality=29, std dev=0.037000m|0.043697rad, update time=0.051098s delay=1.107636s[0m
[rgbd_odometry-1] [0m[INFO] [1780550507.996241172] [rtabmap.rgbd_odometry]: Odom: quality=228, std dev=0.018601m|0.026682rad, update time=0.038464s delay=1.099300s[0m
[rgbd_odometry-1] [0m[INFO] [1780550508.055711680] [rtabmap.rgbd_odometry]: Odom: quality=59, std dev=0.037697m|0.039578rad, update time=0.054425s delay=1.107590s[0m
[rgbd_odometry-1] [0m[INFO] [1780550508.152044831] [rtabmap.rgbd_odometry]: Odom: quality=89, std dev=0.073253m|0.059846rad, update time=0.058976s delay=1.107757s[0m
[rtabmap-2] [0m[INFO] [1780550508.167685966] [rtabmap.rtabmap]: rtabmap (50): Rate=1.00s, Limit=0.000s, Conversion=0.0006s, RTAB-Map=0.1101s, Maps update=0.0000s pub=0.0000s delay=1.2078s (local map=50, WM=50)[0m
[rgbd_odometry-1] [33m[ WARN] (2026-06-03 23:21:48.249) OdometryF2M.cpp:626::computeTransform() Registration failed: "Not enough inliers 11/15 (matches=95) between -1 and 781" (guess=xyz=-0.074831,-0.019546,0.014142 rpy=-0.031798,-0.014335,-0.033585)[0m
[rgbd_odometry-1] [33m[ WARN] (2026-06-03 23:21:48.249) OdometryF2M.cpp:319::computeTransform() Failed to find a transformation with the provided guess (xyz=-0.074831,-0.019546,0.014142 rpy=-0.031798,-0.014335,-0.033585), trying again without a guess.[0m
[rgbd_odometry-1] [33m[ WARN] (2026-06-03 23:21:48.329) OdometryF2M.cpp:636::computeTransform() Trial with no guess succeeded![0m
[rgbd_odometry-1] [0m[INFO] [1780550508.330883174] [rtabmap.rgbd_odometry]: Odom: quality=155, std dev=0.026090m|0.030437rad, update time=0.135793s delay=1.182698s[0m
[rgbd_odometry-1] [33m[ WARN] (2026-06-03 23:21:48.405) OdometryF2M.cpp:626::computeTransform() Registration failed: "Not enough inliers 10/15 (matches=88) between -1 and 782" (guess=xyz=-0.016527,-0.061847,-0.007104 rpy=0.068044,-0.007796,0.048528)[0m
[rgbd_odometry-1] [33m[ WARN] (2026-06-03 23:21:48.405) OdometryF2M.cpp:319::computeTransform() Failed to find a transformation with the provided guess (xyz=-0.016527,-0.061847,-0.007104 rpy=0.068044,-0.007796,0.048528), trying again without a guess.[0m
[rgbd_odometry-1] [33m[ WARN] (2026-06-03 23:21:48.472) OdometryF2M.cpp:636::computeTransform() Trial with no guess succeeded![0m
[rgbd_odometry-1] [0m[INFO] [1780550508.473800038] [rtabmap.rgbd_odometry]: Odom: quality=158, std dev=0.026017m|0.031175rad, update time=0.117215s delay=1.199301s[0m
[rgbd_odometry-1] [33m[ WARN] (2026-06-03 23:21:48.551) OdometryF2M.cpp:626::computeTransform() Registration failed: "Too low inliers after bundle adjustment: 13<15" (guess=xyz=-0.027451,-0.060921,-0.007623 rpy=0.024174,0.014605,-0.012520)[0m
[rgbd_odometry-1] [33m[ WARN] (2026-06-03 23:21:48.551) OdometryF2M.cpp:319::computeTransform() Failed to find a transformation with the provided guess (xyz=-0.027451,-0.060921,-0.007623 rpy=0.024174,0.014605,-0.012520), trying again without a guess.[0m
[rgbd_odometry-1] [33m[ WARN] (2026-06-03 23:21:48.620) OdometryF2M.cpp:636::computeTransform() Trial with no guess succeeded![0m
[rgbd_odometry-1] [0m[INFO] [1780550508.622495479] [rtabmap.rgbd_odometry]: Odom: quality=131, std dev=0.030606m|0.034778rad, update time=0.117835s delay=1.190935s[0m
[rgbd_odometry-1] [0m[INFO] [1780550508.674218553] [rtabmap.rgbd_odometry]: Odom: quality=211, std dev=0.034968m|0.036012rad, update time=0.035492s delay=1.099246s[0m
[rgbd_odometry-1] [0m[INFO] [1780550508.733658983] [rtabmap.rgbd_odometry]: Odom: quality=192, std dev=0.040078m|0.036286rad, update time=0.041648s delay=1.116017s[0m
[rgbd_odometry-1] [0m[INFO] [1780550508.780066580] [rtabmap.rgbd_odometry]: Odom: quality=150, std dev=0.071938m|0.050576rad, update time=0.038422s delay=1.099312s[0m
[rgbd_odometry-1] [0m[INFO] [1780550508.839320455] [rtabmap.rgbd_odometry]: Odom: quality=288, std dev=0.025514m|0.030178rad, update time=0.041323s delay=1.116030s[0m
[rgbd_odometry-1] [0m[INFO] [1780550508.883826000] [rtabmap.rgbd_odometry]: Odom: quality=211, std dev=0.029075m|0.034325rad, update time=0.040020s delay=1.099397s[0m
[rgbd_odometry-1] [0m[INFO] [1780550508.942729857] [rtabmap.rgbd_odometry]: Odom: quality=187, std dev=0.029720m|0.034073rad, update time=0.042415s delay=1.115938s[0m
[rgbd_odometry-1] [0m[INFO] [1780550508.992544148] [rtabmap.rgbd_odometry]: Odom: quality=144, std dev=0.027893m|0.034325rad, update time=0.046835s delay=1.099211s[0m
[rgbd_odometry-1] [0m[INFO] [1780550509.051225887] [rtabmap.rgbd_odometry]: Odom: quality=270, std dev=0.012459m|0.022930rad, update time=0.050585s delay=1.140953s[0m
[rgbd_odometry-1] [0m[INFO] [1780550509.165317510] [rtabmap.rgbd_odometry]: Odom: quality=33, std dev=0.045823m|0.035379rad, update time=0.052391s delay=1.140836s[0m
[rgbd_odometry-1] [0m[INFO] [1780550509.245964774] [rtabmap.rgbd_odometry]: Odom: quality=229, std dev=0.011700m|0.022308rad, update time=0.036277s delay=1.115873s[0m
[rtabmap-2] [0m[INFO] [1780550509.263904501] [rtabmap.rtabmap]: rtabmap (51): Rate=1.00s, Limit=0.000s, Conversion=0.0007s, RTAB-Map=0.0971s, Maps update=0.0001s pub=0.0000s delay=1.2410s (local map=51, WM=51)[0m
[rgbd_odometry-1] [0m[INFO] [1780550509.303864006] [rtabmap.rgbd_odometry]: Odom: quality=210, std dev=0.018486m|0.029695rad, update time=0.037695s delay=1.157572s[0m
[rgbd_odometry-1] [0m[INFO] [1780550509.344444532] [rtabmap.rgbd_odometry]: Odom: quality=224, std dev=0.014074m|0.024543rad, update time=0.036839s delay=1.115905s[0m
[rgbd_odometry-1] [0m[INFO] [1780550509.394752141] [rtabmap.rgbd_odometry]: Odom: quality=203, std dev=0.028686m|0.033852rad, update time=0.039286s delay=1.099354s[0m
[rgbd_odometry-1] [0m[INFO] [1780550509.445307802] [rtabmap.rgbd_odometry]: Odom: quality=188, std dev=0.019521m|0.028652rad, update time=0.038633s delay=1.115902s[0m
[rgbd_odometry-1] [33m[ WARN] (2026-06-03 23:21:49.493) OdometryF2M.cpp:626::computeTransform() Registration failed: "Not enough inliers 10/15 (matches=71) between -1 and 798" (guess=xyz=-0.001628,-0.030137,0.027936 rpy=0.008218,0.010414,-0.038341)[0m
[rgbd_odometry-1] [33m[ WARN] (2026-06-03 23:21:49.493) OdometryF2M.cpp:319::computeTransform() Failed to find a transformation with the provided guess (xyz=-0.001628,-0.030137,0.027936 rpy=0.008218,0.010414,-0.038341), trying again without a guess.[0m
[rgbd_odometry-1] [33m[ WARN] (2026-06-03 23:21:49.554) OdometryF2M.cpp:636::computeTransform() Trial with no guess succeeded![0m
[rgbd_odometry-1] [0m[INFO] [1780550509.555962719] [rtabmap.rgbd_odometry]: Odom: quality=185, std dev=0.017552m|0.027887rad, update time=0.108112s delay=1.174238s[0m
[rgbd_odometry-1] [0m[INFO] [1780550509.660008287] [rtabmap.rgbd_odometry]: Odom: quality=66, std dev=0.032315m|0.038078rad, update time=0.053758s delay=1.140977s[0m
[rgbd_odometry-1] [0m[INFO] [1780550509.755302559] [rtabmap.rgbd_odometry]: Odom: quality=17, std dev=0.015311m|0.027410rad, update time=0.048886s delay=1.140899s[0m
[rgbd_odometry-1] [0m[INFO] [1780550509.796299437] [rtabmap.rgbd_odometry]: Odom: quality=271, std dev=0.007885m|0.017944rad, update time=0.038037s delay=1.132579s[0m
[rgbd_odometry-1] [0m[INFO] [1780550509.838590212] [rtabmap.rgbd_odometry]: Odom: quality=224, std dev=0.011572m|0.023724rad, update time=0.036409s delay=1.115879s[0m
[rgbd_odometry-1] [0m[INFO] [1780550509.898190631] [rtabmap.rgbd_odometry]: Odom: quality=223, std dev=0.012219m|0.022930rad, update time=0.040629s delay=1.132566s[0m
[rgbd_odometry-1] [0m[INFO] [1780550509.944952771] [rtabmap.rgbd_odometry]: Odom: quality=222, std dev=0.011470m|0.022178rad, update time=0.036842s delay=1.115884s[0m
[rgbd_odometry-1] [0m[INFO] [1780550509.998939557] [rtabmap.rgbd_odometry]: Odom: quality=191, std dev=0.011746m|0.021770rad, update time=0.038747s delay=1.157569s[0m
[rgbd_odometry-1] [0m[INFO] [1780550510.060905985] [rtabmap.rgbd_odometry]: Odom: quality=64, std dev=0.017339m|0.030689rad, update time=0.054532s delay=1.140852s[0m
[rgbd_odometry-1] [0m[INFO] [1780550510.150824032] [rtabmap.rgbd_odometry]: Odom: quality=124, std dev=0.020983m|0.027887rad, update time=0.046092s delay=1.140828s[0m
[rgbd_odometry-1] [0m[INFO] [1780550510.194739598] [rtabmap.rgbd_odometry]: Odom: quality=133, std dev=0.022374m|0.032085rad, update time=0.039203s delay=1.099231s[0m
[rgbd_odometry-1] [0m[INFO] [1780550510.248480697] [rtabmap.rgbd_odometry]: Odom: quality=248, std dev=0.019071m|0.028893rad, update time=0.039445s delay=1.140906s[0m
[rgbd_odometry-1] [0m[INFO] [1780550510.297277226] [rtabmap.rgbd_odometry]: Odom: quality=227, std dev=0.025169m|0.031820rad, update time=0.043016s delay=1.099362s[0m
[rtabmap-2] [0m[INFO] [1780550510.308788205] [rtabmap.rtabmap]: rtabmap (52): Rate=1.00s, Limit=0.000s, Conversion=0.0006s, RTAB-Map=0.1121s, Maps update=0.0001s pub=0.0000s delay=1.2243s (local map=52, WM=52)[0m
[rgbd_odometry-1] [0m[INFO] [1780550510.347642518] [rtabmap.rgbd_odometry]: Odom: quality=238, std dev=0.040007m|0.042697rad, update time=0.039975s delay=1.115914s[0m
[rgbd_odometry-1] [33m[ WARN] (2026-06-03 23:21:50.398) OdometryF2M.cpp:626::computeTransform() Registration failed: "Not enough inliers 9/15 (matches=84) between -1 and 812" (guess=xyz=-0.035298,0.024620,0.052922 rpy=0.027589,-0.005165,0.038661)[0m
[rgbd_odometry-1] [33m[ WARN] (2026-06-03 23:21:50.398) OdometryF2M.cpp:319::computeTransform() Failed to find a transformation with the provided guess (xyz=-0.035298,0.024620,0.052922 rpy=0.027589,-0.005165,0.038661), trying again without a guess.[0m
[rgbd_odometry-1] [33m[ WARN] (2026-06-03 23:21:50.459) OdometryF2M.cpp:636::computeTransform() Trial with no guess succeeded![0m
[rgbd_odometry-1] [0m[INFO] [1780550510.460585758] [rtabmap.rgbd_odometry]: Odom: quality=201, std dev=0.024337m|0.032172rad, update time=0.109501s delay=1.174222s[0m
[rgbd_odometry-1] [33m[ WARN] (2026-06-03 23:21:50.553) OdometryF2M.cpp:626::computeTransform() Registration failed: "Not enough inliers 11/15 (matches=75) between -1 and 813" (guess=xyz=0.012086,-0.049193,-0.047484 rpy=-0.034525,-0.034871,-0.042114)[0m
[rgbd_odometry-1] [33m[ WARN] (2026-06-03 23:21:50.553) OdometryF2M.cpp:319::computeTransform() Failed to find a transformation with the provided guess (xyz=0.012086,-0.049193,-0.047484 rpy=-0.034525,-0.034871,-0.042114), trying again without a guess.[0m
[rgbd_odometry-1] [33m[ WARN] (2026-06-03 23:21:50.615) OdometryF2M.cpp:636::computeTransform() Trial with no guess succeeded![0m
[rgbd_odometry-1] [0m[INFO] [1780550510.616800965] [rtabmap.rgbd_odometry]: Odom: quality=194, std dev=0.036371m|0.038026rad, update time=0.107053s delay=1.190958s[0m
[rgbd_odometry-1] [0m[INFO] [1780550510.672459854] [rtabmap.rgbd_odometry]: Odom: quality=17, std dev=0.034388m|0.039320rad, update time=0.048376s delay=1.140851s[0m
[rgbd_odometry-1] [0m[INFO] [1780550510.767091313] [rtabmap.rgbd_odometry]: Odom: quality=141, std dev=0.011075m|0.022178rad, update time=0.036777s delay=1.140853s[0m
[rgbd_odometry-1] [0m[INFO] [1780550510.830081427] [rtabmap.rgbd_odometry]: Odom: quality=185, std dev=0.015795m|0.026054rad, update time=0.047775s delay=1.149245s[0m
[rgbd_odometry-1] [0m[INFO] [1780550510.946852717] [rtabmap.rgbd_odometry]: Odom: quality=176, std dev=0.018585m|0.029529rad, update time=0.049874s delay=1.215923s[0m
[rgbd_odometry-1] [0m[INFO] [1780550511.066883416] [rtabmap.rgbd_odometry]: Odom: quality=85, std dev=0.035528m|0.039717rad, update time=0.068522s delay=1.174231s[0m
[rgbd_odometry-1] [0m[INFO] [1780550511.145385731] [rtabmap.rgbd_odometry]: Odom: quality=163, std dev=0.031526m|0.036376rad, update time=0.040486s delay=1.149218s[0m
[rgbd_odometry-1] [0m[INFO] [1780550511.202925695] [rtabmap.rgbd_odometry]: Odom: quality=196, std dev=0.064502m|0.052767rad, update time=0.037986s delay=1.190916s[0m
[rgbd_odometry-1] [0m[INFO] [1780550511.269186638] [rtabmap.rgbd_odometry]: Odom: quality=57, std dev=0.033668m|0.043365rad, update time=0.055903s delay=1.174251s[0m
[rgbd_odometry-1] [0m[INFO] [1780550511.341961591] [rtabmap.rgbd_odometry]: Odom: quality=185, std dev=0.026681m|0.034325rad, update time=0.040655s delay=1.149197s[0m
[rgbd_odometry-1] [0m[INFO] [1780550511.400110568] [rtabmap.rgbd_odometry]: Odom: quality=189, std dev=0.019788m|0.027753rad, update time=0.042712s delay=1.190897s[0m
[rtabmap-2] [0m[INFO] [1780550511.442266905] [rtabmap.rtabmap]: rtabmap (53): Rate=1.00s, Limit=0.000s, Conversion=0.0015s, RTAB-Map=0.0974s, Maps update=0.0000s pub=0.0000s delay=1.2494s (local map=53, WM=53)[0m
[rgbd_odometry-1] [0m[INFO] [1780550511.453787757] [rtabmap.rgbd_odometry]: Odom: quality=171, std dev=0.032826m|0.038837rad, update time=0.051373s delay=1.174267s[0m
[rgbd_odometry-1] [0m[INFO] [1780550511.506842631] [rtabmap.rgbd_odometry]: Odom: quality=168, std dev=0.041467m|0.040498rad, update time=0.045593s delay=1.190910s[0m
[rgbd_odometry-1] [0m[INFO] [1780550511.563383992] [rtabmap.rgbd_odometry]: Odom: quality=154, std dev=0.039803m|0.040904rad, update time=0.054257s delay=1.174269s[0m
[rgbd_odometry-1] [0m[INFO] [1780550511.611339950] [rtabmap.rgbd_odometry]: Odom: quality=161, std dev=0.020350m|0.028953rad, update time=0.047283s delay=1.190927s[0m
[rgbd_odometry-1] [0m[INFO] [1780550511.721141999] [rtabmap.rgbd_odometry]: Odom: quality=94, std dev=0.017740m|0.025972rad, update time=0.061731s delay=1.190873s[0m
[rgbd_odometry-1] [33m[ WARN] (2026-06-03 23:21:51.799) OdometryF2M.cpp:626::computeTransform() Registration failed: "Not enough inliers 11/15 (matches=94) between -1 and 829" (guess=xyz=-0.037752,0.015347,-0.027853 rpy=-0.009229,0.010812,-0.015323)[0m
[rgbd_odometry-1] [33m[ WARN] (2026-06-03 23:21:51.799) OdometryF2M.cpp:319::computeTransform() Failed to find a transformation with the provided guess (xyz=-0.037752,0.015347,-0.027853 rpy=-0.009229,0.010812,-0.015323), trying again without a guess.[0m
[rgbd_odometry-1] [33m[ WARN] (2026-06-03 23:21:51.868) OdometryF2M.cpp:636::computeTransform() Trial with no guess succeeded![0m
[rgbd_odometry-1] [0m[INFO] [1780550511.870315465] [rtabmap.rgbd_odometry]: Odom: quality=149, std dev=0.039754m|0.040057rad, update time=0.119742s delay=1.207579s[0m
[rgbd_odometry-1] [0m[INFO] [1780550511.941754716] [rtabmap.rgbd_odometry]: Odom: quality=181, std dev=0.027487m|0.031731rad, update time=0.036419s delay=1.115903s[0m
[rgbd_odometry-1] [0m[INFO] [1780550511.991297699] [rtabmap.rgbd_odometry]: Odom: quality=181, std dev=0.034023m|0.039624rad, update time=0.033194s delay=1.132518s[0m
[rgbd_odometry-1] [0m[INFO] [1780550512.045947533] [rtabmap.rgbd_odometry]: Odom: quality=179, std dev=0.047231m|0.045935rad, update time=0.044514s delay=1.115922s[0m
[rgbd_odometry-1] [0m[INFO] [1780550512.092208853] [rtabmap.rgbd_odometry]: Odom: quality=183, std dev=0.036485m|0.038984rad, update time=0.034712s delay=1.132518s[0m
[rgbd_odometry-1] [0m[INFO] [1780550512.158320476] [rtabmap.rgbd_odometry]: Odom: quality=79, std dev=0.027892m|0.036135rad, update time=0.053419s delay=1.140918s[0m
[rgbd_odometry-1] [0m[INFO] [1780550512.261287031] [rtabmap.rgbd_odometry]: Odom: quality=87, std dev=0.029577m|0.041480rad, update time=0.052848s delay=1.140866s[0m
[rgbd_odometry-1] [0m[INFO] [1780550512.334446920] [rtabmap.rgbd_odometry]: Odom: quality=215, std dev=0.021723m|0.027617rad, update time=0.031361s delay=1.082585s[0m
[rgbd_odometry-1] [0m[INFO] [1780550512.394777136] [rtabmap.rgbd_odometry]: Odom: quality=217, std dev=0.032095m|0.034778rad, update time=0.037192s delay=1.099229s[0m
[rtabmap-2] [0m[INFO] [1780550512.414306646] [rtabmap.rtabmap]: rtabmap (54): Rate=1.00s, Limit=0.000s, Conversion=0.0007s, RTAB-Map=0.0774s, Maps update=0.0001s pub=0.0000s delay=1.1576s (local map=54, WM=54)[0m
[rgbd_odometry-1] [0m[INFO] [1780550512.441231057] [rtabmap.rgbd_odometry]: Odom: quality=208, std dev=0.049725m|0.048842rad, update time=0.036833s delay=1.115908s[0m
[rgbd_odometry-1] [0m[INFO] [1780550512.485745832] [rtabmap.rgbd_odometry]: Odom: quality=185, std dev=0.030442m|0.039344rad, update time=0.038067s delay=1.099237s[0m
[rgbd_odometry-1] [0m[INFO] [1780550512.548807884] [rtabmap.rgbd_odometry]: Odom: quality=167, std dev=0.036629m|0.041257rad, update time=0.036134s delay=1.115907s[0m
[rgbd_odometry-1] [0m[INFO] [1780550512.588740203] [rtabmap.rgbd_odometry]: Odom: quality=160, std dev=0.037272m|0.042360rad, update time=0.035879s delay=1.099213s[0m
[rgbd_odometry-1] [0m[INFO] [1780550512.658827077] [rtabmap.rgbd_odometry]: Odom: quality=175, std dev=0.037129m|0.039922rad, update time=0.033247s delay=1.140926s[0m
[rgbd_odometry-1] [0m[INFO] [1780550512.707166821] [rtabmap.rgbd_odometry]: Odom: quality=162, std dev=0.023603m|0.032215rad, update time=0.046618s delay=1.124221s[0m
[rgbd_odometry-1] [0m[INFO] [1780550512.753045343] [rtabmap.rgbd_odometry]: Odom: quality=160, std dev=0.028063m|0.035248rad, update time=0.040373s delay=1.140919s[0m
[rgbd_odometry-1] [0m[INFO] [1780550512.789285119] [rtabmap.rgbd_odometry]: Odom: quality=157, std dev=0.025724m|0.033889rad, update time=0.034325s delay=1.099406s[0m
[rgbd_odometry-1] [0m[INFO] [1780550512.836962017] [rtabmap.rgbd_odometry]: Odom: quality=158, std dev=0.029122m|0.035182rad, update time=0.030306s delay=1.116096s[0m
[rgbd_odometry-1] [0m[INFO] [1780550512.882716908] [rtabmap.rgbd_odometry]: Odom: quality=143, std dev=0.032984m|0.037326rad, update time=0.033009s delay=1.099234s[0m
[rgbd_odometry-1] [0m[INFO] [1780550512.945554051] [rtabmap.rgbd_odometry]: Odom: quality=266, std dev=0.014395m|0.025108rad, update time=0.038159s delay=1.115858s[0m
[rgbd_odometry-1] [0m[INFO] [1780550512.994405194] [rtabmap.rgbd_odometry]: Odom: quality=233, std dev=0.029267m|0.035444rad, update time=0.040848s delay=1.099227s[0m
[rgbd_odometry-1] [0m[INFO] [1780550513.044571312] [rtabmap.rgbd_odometry]: Odom: quality=207, std dev=0.024320m|0.033627rad, update time=0.041428s delay=1.115884s[0m
[rgbd_odometry-1] [0m[INFO] [1780550513.097557073] [rtabmap.rgbd_odometry]: Odom: quality=203, std dev=0.022548m|0.030589rad, update time=0.048368s delay=1.099216s[0m
[rgbd_odometry-1] [0m[INFO] [1780550513.145273279] [rtabmap.rgbd_odometry]: Odom: quality=203, std dev=0.023669m|0.030886rad, update time=0.041599s delay=1.115909s[0m
[rgbd_odometry-1] [0m[INFO] [1780550513.187416190] [rtabmap.rgbd_odometry]: Odom: quality=182, std dev=0.018555m|0.027269rad, update time=0.041520s delay=1.099173s[0m
[rgbd_odometry-1] [0m[INFO] [1780550513.234137478] [rtabmap.rgbd_odometry]: Odom: quality=200, std dev=0.024994m|0.032596rad, update time=0.040116s delay=1.115850s[0m
[rgbd_odometry-1] [0m[INFO] [1780550513.275990401] [rtabmap.rgbd_odometry]: Odom: quality=187, std dev=0.025778m|0.031776rad, update time=0.039718s delay=1.099152s[0m
[rgbd_odometry-1] [0m[INFO] [1780550513.405247099] [rtabmap.rgbd_odometry]: Odom: quality=176, std dev=0.030311m|0.033004rad, update time=0.048670s delay=1.190935s[0m
[rgbd_odometry-1] [0m[INFO] [1780550513.474732753] [rtabmap.rgbd_odometry]: Odom: quality=146, std dev=0.024639m|0.031776rad, update time=0.041604s delay=1.099252s[0m
[rgbd_odometry-1] [0m[INFO] [1780550513.531395252] [rtabmap.rgbd_odometry]: Odom: quality=210, std dev=0.019426m|0.027198rad, update time=0.040791s delay=1.116116s[0m
[rtabmap-2] [0m[INFO] [1780550513.556312046] [rtabmap.rtabmap]: rtabmap (55): Rate=1.00s, Limit=0.000s, Conversion=0.0007s, RTAB-Map=0.0797s, Maps update=0.0001s pub=0.0000s delay=1.1743s (local map=55, WM=55)[0m
[rgbd_odometry-1] [0m[INFO] [1780550513.574671109] [rtabmap.rgbd_odometry]: Odom: quality=169, std dev=0.023887m|0.029529rad, update time=0.039737s delay=1.099232s[0m
[rgbd_odometry-1] [0m[INFO] [1780550513.627648073] [rtabmap.rgbd_odometry]: Odom: quality=147, std dev=0.024705m|0.031270rad, update time=0.036412s delay=1.115908s[0m
[rgbd_odometry-1] [0m[INFO] [1780550513.670749550] [rtabmap.rgbd_odometry]: Odom: quality=174, std dev=0.027046m|0.035636rad, update time=0.037109s delay=1.074244s[0m
[rgbd_odometry-1] [0m[INFO] [1780550513.729817923] [rtabmap.rgbd_odometry]: Odom: quality=150, std dev=0.028479m|0.037788rad, update time=0.038565s delay=1.115911s[0m
[rgbd_odometry-1] [0m[INFO] [1780550513.771190258] [rtabmap.rgbd_odometry]: Odom: quality=153, std dev=0.030868m|0.038362rad, update time=0.036257s delay=1.074265s[0m
[rgbd_odometry-1] [0m[INFO] [1780550513.827629343] [rtabmap.rgbd_odometry]: Odom: quality=153, std dev=0.034164m|0.041561rad, update time=0.037203s delay=1.115902s[0m
[rgbd_odometry-1] [0m[INFO] [1780550513.869147697] [rtabmap.rgbd_odometry]: Odom: quality=143, std dev=0.037708m|0.040713rad, update time=0.037709s delay=1.074213s[0m
[rgbd_odometry-1] [0m[INFO] [1780550513.926473532] [rtabmap.rgbd_odometry]: Odom: quality=194, std dev=0.021419m|0.031032rad, update time=0.037874s delay=1.115924s[0m
[rgbd_odometry-1] [0m[INFO] [1780550513.968255314] [rtabmap.rgbd_odometry]: Odom: quality=168, std dev=0.027292m|0.037600rad, update time=0.037799s delay=1.074263s[0m
[rgbd_odometry-1] [0m[INFO] [1780550514.021956643] [rtabmap.rgbd_odometry]: Odom: quality=157, std dev=0.038480m|0.041561rad, update time=0.040657s delay=1.090945s[0m
[rgbd_odometry-1] [0m[INFO] [1780550514.116482549] [rtabmap.rgbd_odometry]: Odom: quality=18, std dev=0.031261m|0.037381rad, update time=0.046527s delay=1.090913s[0m
[rgbd_odometry-1] [0m[INFO] [1780550514.228286066] [rtabmap.rgbd_odometry]: Odom: quality=95, std dev=0.018816m|0.029071rad, update time=0.053105s delay=1.115897s[0m
[rgbd_odometry-1] [0m[INFO] [1780550514.307650310] [rtabmap.rgbd_odometry]: Odom: quality=125, std dev=0.026667m|0.034948rad, update time=0.036528s delay=1.090903s[0m
[rgbd_odometry-1] [0m[INFO] [1780550514.369051625] [rtabmap.rgbd_odometry]: Odom: quality=168, std dev=0.018676m|0.026980rad, update time=0.039624s delay=1.107533s[0m
[rgbd_odometry-1] [0m[INFO] [1780550514.416888828] [rtabmap.rgbd_odometry]: Odom: quality=140, std dev=0.028276m|0.035950rad, update time=0.041416s delay=1.090856s[0m
[rgbd_odometry-1] [0m[INFO] [1780550514.468417974] [rtabmap.rgbd_odometry]: Odom: quality=204, std dev=0.020204m|0.029071rad, update time=0.038799s delay=1.107541s[0m
[rgbd_odometry-1] [0m[INFO] [1780550514.566353940] [rtabmap.rgbd_odometry]: Odom: quality=151, std dev=0.035111m|0.038614rad, update time=0.041472s delay=1.107514s[0m
[rgbd_odometry-1] [0m[INFO] [1780550514.612657837] [rtabmap.rgbd_odometry]: Odom: quality=133, std dev=0.024964m|0.034466rad, update time=0.042932s delay=1.090918s[0m
[rtabmap-2] [0m[INFO] [1780550514.632792255] [rtabmap.rtabmap]: rtabmap (56): Rate=1.00s, Limit=0.000s, Conversion=0.0007s, RTAB-Map=0.0647s, Maps update=0.0001s pub=0.0000s delay=1.1827s (local map=56, WM=56)[0m
[rgbd_odometry-1] [0m[INFO] [1780550514.713524770] [rtabmap.rgbd_odometry]: Odom: quality=178, std dev=0.028522m|0.034606rad, update time=0.038346s delay=1.157566s[0m
[rgbd_odometry-1] [0m[INFO] [1780550514.757633259] [rtabmap.rgbd_odometry]: Odom: quality=157, std dev=0.022557m|0.034217rad, update time=0.039982s delay=1.107577s[0m
[rgbd_odometry-1] [0m[INFO] [1780550514.807341823] [rtabmap.rgbd_odometry]: Odom: quality=138, std dev=0.021870m|0.035888rad, update time=0.038855s delay=1.090909s[0m
[rgbd_odometry-1] [0m[INFO] [1780550514.861037716] [rtabmap.rgbd_odometry]: Odom: quality=178, std dev=0.017717m|0.030282rad, update time=0.036711s delay=1.107533s[0m
[rgbd_odometry-1] [0m[INFO] [1780550514.912453945] [rtabmap.rgbd_odometry]: Odom: quality=165, std dev=0.018744m|0.030334rad, update time=0.039339s delay=1.090894s[0m
[rgbd_odometry-1] [0m[INFO] [1780550514.963113277] [rtabmap.rgbd_odometry]: Odom: quality=156, std dev=0.018782m|0.032638rad, update time=0.038348s delay=1.107565s[0m
[rgbd_odometry-1] [0m[INFO] [1780550515.007628742] [rtabmap.rgbd_odometry]: Odom: quality=121, std dev=0.022995m|0.034744rad, update time=0.039123s delay=1.090866s[0m
[rgbd_odometry-1] [0m[INFO] [1780550515.062833381] [rtabmap.rgbd_odometry]: Odom: quality=184, std dev=0.013972m|0.029473rad, update time=0.038032s delay=1.107569s[0m
[rgbd_odometry-1] [0m[INFO] [1780550515.108859368] [rtabmap.rgbd_odometry]: Odom: quality=165, std dev=0.014737m|0.030437rad, update time=0.037894s delay=1.124228s[0m
[rgbd_odometry-1] [0m[INFO] [1780550515.156460625] [rtabmap.rgbd_odometry]: Odom: quality=120, std dev=0.018128m|0.033926rad, update time=0.040997s delay=1.107572s[0m
[rgbd_odometry-1] [0m[INFO] [1780550515.208133526] [rtabmap.rgbd_odometry]: Odom: quality=151, std dev=0.019352m|0.035215rad, update time=0.035594s delay=1.124210s[0m
[rgbd_odometry-1] [0m[INFO] [1780550515.255415156] [rtabmap.rgbd_odometry]: Odom: quality=134, std dev=0.025663m|0.040946rad, update time=0.039999s delay=1.107684s[0m
[rgbd_odometry-1] [0m[INFO] [1780550515.308417992] [rtabmap.rgbd_odometry]: Odom: quality=167, std dev=0.014675m|0.031820rad, update time=0.037399s delay=1.124309s[0m
[rgbd_odometry-1] [0m[INFO] [1780550515.353901123] [rtabmap.rgbd_odometry]: Odom: quality=151, std dev=0.015712m|0.033665rad, update time=0.039278s delay=1.107554s[0m
[rgbd_odometry-1] [0m[INFO] [1780550515.447273047] [rtabmap.rgbd_odometry]: Odom: quality=136, std dev=0.017819m|0.031223rad, update time=0.035199s delay=1.082568s[0m
[rgbd_odometry-1] [0m[INFO] [1780550515.497369181] [rtabmap.rgbd_odometry]: Odom: quality=188, std dev=0.013410m|0.027685rad, update time=0.036558s delay=1.099229s[0m
[rgbd_odometry-1] [0m[INFO] [1780550515.541027242] [rtabmap.rgbd_odometry]: Odom: quality=169, std dev=0.012406m|0.027820rad, update time=0.037166s delay=1.082643s[0m
[rgbd_odometry-1] [0m[INFO] [1780550515.593384729] [rtabmap.rgbd_odometry]: Odom: quality=163, std dev=0.014127m|0.033513rad, update time=0.035818s delay=1.099230s[0m
[rgbd_odometry-1] [0m[INFO] [1780550515.651175962] [rtabmap.rgbd_odometry]: Odom: quality=145, std dev=0.017067m|0.033926rad, update time=0.039971s delay=1.107665s[0m
[rtabmap-2] [0m[INFO] [1780550515.667110038] [rtabmap.rtabmap]: rtabmap (57): Rate=1.00s, Limit=0.000s, Conversion=0.0007s, RTAB-Map=0.0716s, Maps update=0.0001s pub=0.0000s delay=1.1744s (local map=57, WM=57)[0m
[rgbd_odometry-1] [0m[INFO] [1780550515.701880173] [rtabmap.rgbd_odometry]: Odom: quality=200, std dev=0.015957m|0.031503rad, update time=0.038964s delay=1.124216s[0m
[rgbd_odometry-1] [0m[INFO] [1780550515.742833611] [rtabmap.rgbd_odometry]: Odom: quality=169, std dev=0.022482m|0.040102rad, update time=0.036343s delay=1.082569s[0m
[rgbd_odometry-1] [0m[INFO] [1780550515.806110991] [rtabmap.rgbd_odometry]: Odom: quality=151, std dev=0.016365m|0.037242rad, update time=0.041929s delay=1.124268s[0m
[rgbd_odometry-1] [0m[INFO] [1780550515.851333041] [rtabmap.rgbd_odometry]: Odom: quality=144, std dev=0.021138m|0.037600rad, update time=0.039411s delay=1.107622s[0m
[rgbd_odometry-1] [0m[INFO] [1780550515.903487841] [rtabmap.rgbd_odometry]: Odom: quality=194, std dev=0.011982m|0.027198rad, update time=0.038329s delay=1.124242s[0m
[rgbd_odometry-1] [0m[INFO] [1780550515.950331044] [rtabmap.rgbd_odometry]: Odom: quality=163, std dev=0.015284m|0.030437rad, update time=0.037256s delay=1.107567s[0m
[rgbd_odometry-1] [0m[INFO] [1780550516.015972324] [rtabmap.rgbd_odometry]: Odom: quality=146, std dev=0.013860m|0.032924rad, update time=0.041700s delay=1.124170s[0m
[rgbd_odometry-1] [0m[INFO] [1780550516.063716010] [rtabmap.rgbd_odometry]: Odom: quality=184, std dev=0.012760m|0.028466rad, update time=0.041488s delay=1.107536s[0m
[rgbd_odometry-1] [0m[INFO] [1780550516.119497566] [rtabmap.rgbd_odometry]: Odom: quality=160, std dev=0.019936m|0.034536rad, update time=0.040349s delay=1.124204s[0m
[rgbd_odometry-1] [0m[INFO] [1780550516.163459342] [rtabmap.rgbd_odometry]: Odom: quality=148, std dev=0.018087m|0.034000rad, update time=0.040402s delay=1.107565s[0m
[rgbd_odometry-1] [0m[INFO] [1780550516.221114832] [rtabmap.rgbd_odometry]: Odom: quality=195, std dev=0.012063m|0.031776rad, update time=0.041911s delay=1.124249s[0m
[rgbd_odometry-1] [0m[INFO] [1780550516.261996410] [rtabmap.rgbd_odometry]: Odom: quality=166, std dev=0.020792m|0.039485rad, update time=0.038649s delay=1.107539s[0m
[rgbd_odometry-1] [0m[INFO] [1780550516.318272593] [rtabmap.rgbd_odometry]: Odom: quality=136, std dev=0.015480m|0.033627rad, update time=0.040170s delay=1.124254s[0m
[rgbd_odometry-1] [0m[INFO] [1780550516.358883693] [rtabmap.rgbd_odometry]: Odom: quality=167, std dev=0.015759m|0.034982rad, update time=0.038700s delay=1.107692s[0m
[rgbd_odometry-1] [0m[INFO] [1780550516.410832320] [rtabmap.rgbd_odometry]: Odom: quality=161, std dev=0.016293m|0.033163rad, update time=0.039269s delay=1.124239s[0m
[rgbd_odometry-1] [0m[INFO] [1780550516.455648951] [rtabmap.rgbd_odometry]: Odom: quality=152, std dev=0.017936m|0.036104rad, update time=0.039858s delay=1.107499s[0m
[rgbd_odometry-1] [0m[INFO] [1780550516.523667537] [rtabmap.rgbd_odometry]: Odom: quality=154, std dev=0.016657m|0.036875rad, update time=0.042407s delay=1.149251s[0m
[rgbd_odometry-1] [0m[INFO] [1780550516.570435312] [rtabmap.rgbd_odometry]: Odom: quality=132, std dev=0.018958m|0.037518rad, update time=0.041282s delay=1.140942s[0m
[rgbd_odometry-1] [0m[INFO] [1780550516.616557488] [rtabmap.rgbd_odometry]: Odom: quality=151, std dev=0.021400m|0.038362rad, update time=0.040924s delay=1.124205s[0m
[rgbd_odometry-1] [0m[INFO] [1780550516.672103124] [rtabmap.rgbd_odometry]: Odom: quality=140, std dev=0.018347m|0.037409rad, update time=0.046761s delay=1.140822s[0m
[rtabmap-2] [0m[INFO] [1780550516.750128430] [rtabmap.rtabmap]: rtabmap (58): Rate=1.00s, Limit=0.000s, Conversion=0.0018s, RTAB-Map=0.0748s, Maps update=0.0001s pub=0.0000s delay=1.2409s (local map=58, WM=58)[0m
[rgbd_odometry-1] [0m[INFO] [1780550516.772825632] [rtabmap.rgbd_odometry]: Odom: quality=132, std dev=0.015276m|0.034360rad, update time=0.048526s delay=1.140847s[0m
[rgbd_odometry-1] [0m[INFO] [1780550516.866411019] [rtabmap.rgbd_odometry]: Odom: quality=146, std dev=0.016646m|0.034109rad, update time=0.042191s delay=1.140833s[0m
[rgbd_odometry-1] [0m[INFO] [1780550516.950178764] [rtabmap.rgbd_odometry]: Odom: quality=145, std dev=0.020967m|0.039153rad, update time=0.041234s delay=1.107507s[0m
[rgbd_odometry-1] [0m[INFO] [1780550516.998354699] [rtabmap.rgbd_odometry]: Odom: quality=200, std dev=0.014720m|0.033359rad, update time=0.040807s delay=1.099164s[0m
[rgbd_odometry-1] [0m[INFO] [1780550517.042493992] [rtabmap.rgbd_odometry]: Odom: quality=154, std dev=0.019839m|0.039033rad, update time=0.042831s delay=1.082451s[0m
[rgbd_odometry-1] [0m[INFO] [1780550517.092282743] [rtabmap.rgbd_odometry]: Odom: quality=153, std dev=0.020562m|0.039414rad, update time=0.043233s delay=1.099225s[0m
[rgbd_odometry-1] [0m[INFO] [1780550517.185283501] [rtabmap.rgbd_odometry]: Odom: quality=126, std dev=0.023755m|0.042053rad, update time=0.045641s delay=1.099202s[0m
[rgbd_odometry-1] [0m[INFO] [1780550517.281623836] [rtabmap.rgbd_odometry]: Odom: quality=149, std dev=0.024007m|0.040389rad, update time=0.045886s delay=1.099206s[0m
[rgbd_odometry-1] [0m[INFO] [1780550517.373664688] [rtabmap.rgbd_odometry]: Odom: quality=146, std dev=0.022964m|0.039854rad, update time=0.044099s delay=1.099290s[0m
[rgbd_odometry-1] [0m[INFO] [1780550517.472386329] [rtabmap.rgbd_odometry]: Odom: quality=146, std dev=0.020539m|0.036043rad, update time=0.048241s delay=1.074312s[0m
[rgbd_odometry-1] [0m[INFO] [1780550517.558088195] [rtabmap.rgbd_odometry]: Odom: quality=157, std dev=0.022212m|0.034217rad, update time=0.045640s delay=1.074193s[0m
[rgbd_odometry-1] [0m[INFO] [1780550517.640992861] [rtabmap.rgbd_odometry]: Odom: quality=151, std dev=0.018618m|0.032596rad, update time=0.044830s delay=1.049215s[0m
[rtabmap-2] [0m[INFO] [1780550517.724210323] [rtabmap.rtabmap]: rtabmap (59): Rate=1.00s, Limit=0.000s, Conversion=0.0007s, RTAB-Map=0.0812s, Maps update=0.0001s pub=0.0000s delay=1.1494s (local map=59, WM=59)[0m
[rgbd_odometry-1] [0m[INFO] [1780550517.749512565] [rtabmap.rgbd_odometry]: Odom: quality=128, std dev=0.017276m|0.029245rad, update time=0.058090s delay=1.074233s[0m
[rgbd_odometry-1] [0m[INFO] [1780550517.827744970] [rtabmap.rgbd_odometry]: Odom: quality=177, std dev=0.016972m|0.026452rad, update time=0.046543s delay=1.049247s[0m
[rgbd_odometry-1] [0m[INFO] [1780550517.916487812] [rtabmap.rgbd_odometry]: Odom: quality=133, std dev=0.025948m|0.031686rad, update time=0.048360s delay=1.024238s[0m
[rgbd_odometry-1] [0m[INFO] [1780550518.008867456] [rtabmap.rgbd_odometry]: Odom: quality=150, std dev=0.018345m|0.029804rad, update time=0.054245s delay=1.024299s[0m
[rgbd_odometry-1] [0m[INFO] [1780550518.092379707] [rtabmap.rgbd_odometry]: Odom: quality=160, std dev=0.018067m|0.031686rad, update time=0.045148s delay=1.032510s[0m
[rgbd_odometry-1] [0m[INFO] [1780550518.178772908] [rtabmap.rgbd_odometry]: Odom: quality=160, std dev=0.028016m|0.035281rad, update time=0.044490s delay=1.032548s[0m
[rgbd_odometry-1] [0m[INFO] [1780550518.270012949] [rtabmap.rgbd_odometry]: Odom: quality=119, std dev=0.026672m|0.031998rad, update time=0.045774s delay=1.007520s[0m
[rgbd_odometry-1] [0m[INFO] [1780550518.358902273] [rtabmap.rgbd_odometry]: Odom: quality=146, std dev=0.020828m|0.030282rad, update time=0.050700s delay=1.007539s[0m
[rgbd_odometry-1] [0m[INFO] [1780550518.447006634] [rtabmap.rgbd_odometry]: Odom: quality=123, std dev=0.024110m|0.033589rad, update time=0.051862s delay=0.982538s[0m
[rgbd_odometry-1] [0m[INFO] [1780550518.539398050] [rtabmap.rgbd_odometry]: Odom: quality=159, std dev=0.022371m|0.033513rad, update time=0.048853s delay=1.015841s[0m
[rgbd_odometry-1] [0m[INFO] [1780550518.647533906] [rtabmap.rgbd_odometry]: Odom: quality=106, std dev=0.021695m|0.032554rad, update time=0.056384s delay=1.015868s[0m
[rtabmap-2] [0m[INFO] [1780550518.721185668] [rtabmap.rtabmap]: rtabmap (60): Rate=1.00s, Limit=0.000s, Conversion=0.0008s, RTAB-Map=0.0717s, Maps update=0.0000s pub=0.0000s delay=1.0909s (local map=60, WM=60)[0m
[rgbd_odometry-1] [0m[INFO] [1780550518.730599423] [rtabmap.rgbd_odometry]: Odom: quality=154, std dev=0.016329m|0.030126rad, update time=0.055833s delay=1.015848s[0m
[rgbd_odometry-1] [0m[INFO] [1780550518.824644889] [rtabmap.rgbd_odometry]: Odom: quality=144, std dev=0.019126m|0.031909rad, update time=0.057817s delay=1.049173s[0m
[rgbd_odometry-1] [0m[INFO] [1780550518.926838138] [rtabmap.rgbd_odometry]: Odom: quality=77, std dev=0.021029m|0.042492rad, update time=0.069269s delay=1.049168s[0m
[rgbd_odometry-1] [0m[INFO] [1780550518.992059786] [rtabmap.rgbd_odometry]: Odom: quality=123, std dev=0.022798m|0.032638rad, update time=0.052417s delay=0.999302s[0m
[rgbd_odometry-1] [0m[INFO] [1780550519.082676161] [rtabmap.rgbd_odometry]: Odom: quality=140, std dev=0.017632m|0.032386rad, update time=0.049698s delay=1.032547s[0m
[rgbd_odometry-1] [0m[INFO] [1780550519.166231976] [rtabmap.rgbd_odometry]: Odom: quality=171, std dev=0.019079m|0.029804rad, update time=0.047164s delay=1.007470s[0m
[rgbd_odometry-1] [0m[INFO] [1780550519.249672174] [rtabmap.rgbd_odometry]: Odom: quality=151, std dev=0.018455m|0.031595rad, update time=0.048319s delay=1.007502s[0m
[rgbd_odometry-1] [0m[INFO] [1780550519.342391227] [rtabmap.rgbd_odometry]: Odom: quality=149, std dev=0.018752m|0.028713rad, update time=0.051697s delay=1.015798s[0m
[rgbd_odometry-1] [0m[INFO] [1780550519.422675814] [rtabmap.rgbd_odometry]: Odom: quality=184, std dev=0.020622m|0.033163rad, update time=0.043972s delay=0.990839s[0m
[rgbd_odometry-1] [0m[INFO] [1780550519.470294437] [rtabmap.rgbd_odometry]: Odom: quality=152, std dev=0.024768m|0.036165rad, update time=0.046628s delay=1.007591s[0m
[rgbd_odometry-1] [0m[INFO] [1780550519.558507272] [rtabmap.rgbd_odometry]: Odom: quality=137, std dev=0.028406m|0.034813rad, update time=0.049148s delay=1.007524s[0m
[rgbd_odometry-1] [0m[INFO] [1780550519.646225808] [rtabmap.rgbd_odometry]: Odom: quality=154, std dev=0.028733m|0.036788rad, update time=0.043756s delay=0.982527s[0m
[rgbd_odometry-1] [0m[INFO] [1780550519.705680031] [rtabmap.rgbd_odometry]: Odom: quality=139, std dev=0.034594m|0.035572rad, update time=0.047593s delay=1.024220s[0m
[rtabmap-2] [0m[INFO] [1780550519.725343363] [rtabmap.rtabmap]: rtabmap (61): Rate=1.00s, Limit=0.000s, Conversion=0.0011s, RTAB-Map=0.0767s, Maps update=0.0001s pub=0.0000s delay=1.0826s (local map=61, WM=61)[0m
[rgbd_odometry-1] [0m[INFO] [1780550519.810336987] [rtabmap.rgbd_odometry]: Odom: quality=108, std dev=0.024051m|0.040146rad, update time=0.052666s delay=1.024392s[0m
[rgbd_odometry-1] [0m[INFO] [1780550519.904463179] [rtabmap.rgbd_odometry]: Odom: quality=192, std dev=0.023350m|0.034813rad, update time=0.045348s delay=1.090864s[0m
[rgbd_odometry-1] [0m[INFO] [1780550519.998604137] [rtabmap.rgbd_odometry]: Odom: quality=159, std dev=0.025845m|0.035082rad, update time=0.041323s delay=1.057533s[0m
[rgbd_odometry-1] [0m[INFO] [1780550520.053024932] [rtabmap.rgbd_odometry]: Odom: quality=141, std dev=0.025827m|0.034710rad, update time=0.045985s delay=1.040849s[0m
[rgbd_odometry-1] [0m[INFO] [1780550520.099660317] [rtabmap.rgbd_odometry]: Odom: quality=228, std dev=0.015091m|0.028833rad, update time=0.042122s delay=1.057471s[0m
[rgbd_odometry-1] [0m[INFO] [1780550520.154621943] [rtabmap.rgbd_odometry]: Odom: quality=194, std dev=0.020831m|0.029640rad, update time=0.047667s delay=1.074216s[0m
[rgbd_odometry-1] [0m[INFO] [1780550520.251045899] [rtabmap.rgbd_odometry]: Odom: quality=147, std dev=0.020969m|0.032386rad, update time=0.045824s delay=1.074193s[0m
[rgbd_odometry-1] [0m[INFO] [1780550520.299096756] [rtabmap.rgbd_odometry]: Odom: quality=190, std dev=0.014294m|0.026295rad, update time=0.041301s delay=1.090862s[0m
[rgbd_odometry-1] [0m[INFO] [1780550520.346546317] [rtabmap.rgbd_odometry]: Odom: quality=154, std dev=0.020911m|0.031640rad, update time=0.041224s delay=1.082567s[0m
[rgbd_odometry-1] [0m[INFO] [1780550520.435309934] [rtabmap.rgbd_odometry]: Odom: quality=128, std dev=0.020825m|0.028340rad, update time=0.044701s delay=1.082532s[0m
[rgbd_odometry-1] [0m[INFO] [1780550520.519125409] [rtabmap.rgbd_odometry]: Odom: quality=158, std dev=0.024143m|0.036701rad, update time=0.045917s delay=1.057473s[0m
[rgbd_odometry-1] [0m[INFO] [1780550520.610844515] [rtabmap.rgbd_odometry]: Odom: quality=117, std dev=0.026432m|0.033703rad, update time=0.052912s delay=1.090869s[0m
[rgbd_odometry-1] [0m[INFO] [1780550520.689432515] [rtabmap.rgbd_odometry]: Odom: quality=132, std dev=0.020841m|0.029966rad, update time=0.044765s delay=1.065863s[0m
[rgbd_odometry-1] [0m[INFO] [1780550520.782508251] [rtabmap.rgbd_odometry]: Odom: quality=142, std dev=0.016731m|0.029750rad, update time=0.044718s delay=1.065893s[0m
[rtabmap-2] [0m[INFO] [1780550520.862668701] [rtabmap.rtabmap]: rtabmap (62): Rate=1.00s, Limit=0.000s, Conversion=0.0010s, RTAB-Map=0.0777s, Maps update=0.0000s pub=0.0000s delay=1.1409s (local map=62, WM=62)[0m
[rgbd_odometry-1] [0m[INFO] [1780550520.885537981] [rtabmap.rgbd_odometry]: Odom: quality=156, std dev=0.014652m|0.027820rad, update time=0.046959s delay=1.065871s[0m
[rgbd_odometry-1] [0m[INFO] [1780550520.984986921] [rtabmap.rgbd_odometry]: Odom: quality=132, std dev=0.026152m|0.036495rad, update time=0.046185s delay=1.065874s[0m
[rgbd_odometry-1] [0m[INFO] [1780550521.069892699] [rtabmap.rgbd_odometry]: Odom: quality=150, std dev=0.018711m|0.029302rad, update time=0.044349s delay=1.040869s[0m
[rgbd_odometry-1] [0m[INFO] [1780550521.156277126] [rtabmap.rgbd_odometry]: Odom: quality=182, std dev=0.019940m|0.029913rad, update time=0.046617s delay=1.040856s[0m
[rgbd_odometry-1] [0m[INFO] [1780550521.291759764] [rtabmap.rgbd_odometry]: Odom: quality=132, std dev=0.021122m|0.030689rad, update time=0.049908s delay=1.065887s[0m
[rgbd_odometry-1] [0m[INFO] [1780550521.420797941] [rtabmap.rgbd_odometry]: Odom: quality=149, std dev=0.024214m|0.029071rad, update time=0.042545s delay=1.057540s[0m
[rgbd_odometry-1] [0m[INFO] [1780550521.514383970] [rtabmap.rgbd_odometry]: Odom: quality=165, std dev=0.024941m|0.032258rad, update time=0.046309s delay=1.024123s[0m
[rgbd_odometry-1] [0m[INFO] [1780550521.608343528] [rtabmap.rgbd_odometry]: Odom: quality=128, std dev=0.025360m|0.033703rad, update time=0.051134s delay=1.024220s[0m
[rgbd_odometry-1] [0m[INFO] [1780550521.653036066] [rtabmap.rgbd_odometry]: Odom: quality=196, std dev=0.015160m|0.026682rad, update time=0.041191s delay=1.040828s[0m
[rgbd_odometry-1] [0m[INFO] [1780550521.707538260] [rtabmap.rgbd_odometry]: Odom: quality=189, std dev=0.018983m|0.026215rad, update time=0.043614s delay=1.057531s[0m
[rgbd_odometry-1] [0m[INFO] [1780550521.753514446] [rtabmap.rgbd_odometry]: Odom: quality=185, std dev=0.019287m|0.030178rad, update time=0.043963s delay=1.040866s[0m
[rgbd_odometry-1] [0m[INFO] [1780550521.810924765] [rtabmap.rgbd_odometry]: Odom: quality=161, std dev=0.023034m|0.029913rad, update time=0.047819s delay=1.057563s[0m
[rtabmap-2] [0m[INFO] [1780550521.840178088] [rtabmap.rtabmap]: rtabmap (63): Rate=1.00s, Limit=0.000s, Conversion=0.0009s, RTAB-Map=0.0844s, Maps update=0.0000s pub=0.0000s delay=1.1160s (local map=63, WM=63)[0m
[rgbd_odometry-1] [0m[INFO] [1780550521.861316116] [rtabmap.rgbd_odometry]: Odom: quality=153, std dev=0.030220m|0.032344rad, update time=0.049136s delay=1.040858s[0m
[rgbd_odometry-1] [0m[INFO] [1780550521.916460547] [rtabmap.rgbd_odometry]: Odom: quality=134, std dev=0.032663m|0.034571rad, update time=0.050167s delay=1.057579s[0m
[rgbd_odometry-1] [0m[INFO] [1780550522.009115845] [rtabmap.rgbd_odometry]: Odom: quality=181, std dev=0.028738m|0.029302rad, update time=0.046651s delay=1.057560s[0m
[rgbd_odometry-1] [0m[INFO] [1780550522.097580485] [rtabmap.rgbd_odometry]: Odom: quality=140, std dev=0.029651m|0.034641rad, update time=0.046007s delay=1.032512s[0m
[rgbd_odometry-1] [0m[INFO] [1780550522.148670755] [rtabmap.rgbd_odometry]: Odom: quality=231, std dev=0.021385m|0.026833rad, update time=0.044144s delay=1.074214s[0m
[rgbd_odometry-1] [0m[INFO] [1780550522.191350046] [rtabmap.rgbd_odometry]: Odom: quality=222, std dev=0.022331m|0.028713rad, update time=0.042241s delay=1.065859s[0m
[rgbd_odometry-1] [0m[INFO] [1780550522.235027799] [rtabmap.rgbd_odometry]: Odom: quality=205, std dev=0.026673m|0.027685rad, update time=0.043376s delay=1.049206s[0m
[rgbd_odometry-1] [0m[INFO] [1780550522.282603624] [rtabmap.rgbd_odometry]: Odom: quality=178, std dev=0.027123m|0.028773rad, update time=0.041863s delay=1.065890s[0m
[rgbd_odometry-1] [0m[INFO] [1780550522.331370099] [rtabmap.rgbd_odometry]: Odom: quality=186, std dev=0.027055m|0.027410rad, update time=0.041794s delay=1.082547s[0m
[rgbd_odometry-1] [0m[INFO] [1780550522.376842319] [rtabmap.rgbd_odometry]: Odom: quality=146, std dev=0.021584m|0.026606rad, update time=0.044017s delay=1.065882s[0m
[rgbd_odometry-1] [0m[INFO] [1780550522.424531642] [rtabmap.rgbd_odometry]: Odom: quality=256, std dev=0.015068m|0.022178rad, update time=0.046264s delay=1.082687s[0m
[rgbd_odometry-1] [0m[INFO] [1780550522.512507820] [rtabmap.rgbd_odometry]: Odom: quality=201, std dev=0.022084m|0.025722rad, update time=0.044134s delay=1.057607s[0m
[rgbd_odometry-1] [0m[INFO] [1780550522.557677007] [rtabmap.rgbd_odometry]: Odom: quality=186, std dev=0.024224m|0.026215rad, update time=0.041522s delay=1.074143s[0m
[rgbd_odometry-1] [0m[INFO] [1780550522.605195061] [rtabmap.rgbd_odometry]: Odom: quality=167, std dev=0.027109m|0.031317rad, update time=0.043465s delay=1.090859s[0m
[rgbd_odometry-1] [0m[INFO] [1780550522.691396297] [rtabmap.rgbd_odometry]: Odom: quality=156, std dev=0.026244m|0.027480rad, update time=0.043838s delay=1.065966s[0m
[rgbd_odometry-1] [0m[INFO] [1780550522.795051238] [rtabmap.rgbd_odometry]: Odom: quality=127, std dev=0.024122m|0.023724rad, update time=0.052378s delay=1.065856s[0m
[rgbd_odometry-1] [0m[INFO] [1780550522.868877439] [rtabmap.rgbd_odometry]: Odom: quality=174, std dev=0.022350m|0.027198rad, update time=0.041806s delay=1.007492s[0m
[rgbd_odometry-1] [0m[INFO] [1780550522.921726509] [rtabmap.rgbd_odometry]: Odom: quality=161, std dev=0.033113m|0.030334rad, update time=0.047578s delay=1.024187s[0m
[rtabmap-2] [0m[INFO] [1780550522.956486064] [rtabmap.rtabmap]: rtabmap (64): Rate=1.00s, Limit=0.000s, Conversion=0.0009s, RTAB-Map=0.0853s, Maps update=0.0001s pub=0.0000s delay=1.1076s (local map=64, WM=64)[0m
[rgbd_odometry-1] [0m[INFO] [1780550523.008351096] [rtabmap.rgbd_odometry]: Odom: quality=42, std dev=0.042529m|0.033778rad, update time=0.054156s delay=1.024182s[0m
[rgbd_odometry-1] [0m[INFO] [1780550523.084073785] [rtabmap.rgbd_odometry]: Odom: quality=205, std dev=0.013210m|0.023724rad, update time=0.044417s delay=1.065921s[0m
[rgbd_odometry-1] [0m[INFO] [1780550523.185707538] [rtabmap.rgbd_odometry]: Odom: quality=138, std dev=0.018675m|0.025199rad, update time=0.061505s delay=1.032498s[0m
[rgbd_odometry-1] [0m[INFO] [1780550523.256595863] [rtabmap.rgbd_odometry]: Odom: quality=179, std dev=0.028076m|0.027753rad, update time=0.044880s delay=1.007523s[0m
[rgbd_odometry-1] [0m[INFO] [1780550523.353693366] [rtabmap.rgbd_odometry]: Odom: quality=146, std dev=0.027428m|0.028466rad, update time=0.052075s delay=1.007570s[0m
[rgbd_odometry-1] [0m[INFO] [1780550523.426663161] [rtabmap.rgbd_odometry]: Odom: quality=181, std dev=0.022713m|0.022688rad, update time=0.043121s delay=0.982469s[0m
[rgbd_odometry-1] [0m[INFO] [1780550523.474661387] [rtabmap.rgbd_odometry]: Odom: quality=173, std dev=0.019967m|0.022563rad, update time=0.045102s delay=0.999253s[0m
[rgbd_odometry-1] [0m[INFO] [1780550523.582083944] [rtabmap.rgbd_odometry]: Odom: quality=131, std dev=0.028697m|0.028084rad, update time=0.068040s delay=0.999123s[0m
[rgbd_odometry-1] [0m[INFO] [1780550523.649485776] [rtabmap.rgbd_odometry]: Odom: quality=179, std dev=0.021410m|0.024346rad, update time=0.039401s delay=1.007476s[0m
[rgbd_odometry-1] [0m[INFO] [1780550523.697453152] [rtabmap.rgbd_odometry]: Odom: quality=152, std dev=0.027656m|0.025551rad, update time=0.047606s delay=0.965732s[0m
[rgbd_odometry-1] [0m[INFO] [1780550523.760104537] [rtabmap.rgbd_odometry]: Odom: quality=118, std dev=0.023983m|0.026758rad, update time=0.054095s delay=1.007492s[0m
[rgbd_odometry-1] [0m[INFO] [1780550523.835012586] [rtabmap.rgbd_odometry]: Odom: quality=174, std dev=0.021994m|0.024346rad, update time=0.039786s delay=0.982522s[0m
[rgbd_odometry-1] [0m[INFO] [1780550523.879486023] [rtabmap.rgbd_odometry]: Odom: quality=175, std dev=0.018973m|0.021036rad, update time=0.040794s delay=0.999059s[0m
[rtabmap-2] [0m[INFO] [1780550523.906025721] [rtabmap.rtabmap]: rtabmap (65): Rate=1.00s, Limit=0.000s, Conversion=0.0008s, RTAB-Map=0.0691s, Maps update=0.0000s pub=0.0000s delay=1.0576s (local map=65, WM=65)[0m
[rgbd_odometry-1] [0m[INFO] [1780550523.926933272] [rtabmap.rgbd_odometry]: Odom: quality=161, std dev=0.021670m|0.020720rad, update time=0.041496s delay=1.015834s[0m
[rgbd_odometry-1] [0m[INFO] [1780550524.022604701] [rtabmap.rgbd_odometry]: Odom: quality=127, std dev=0.021161m|0.023394rad, update time=0.050558s delay=0.990732s[0m
[rgbd_odometry-1] [0m[INFO] [1780550524.095449565] [rtabmap.rgbd_odometry]: Odom: quality=182, std dev=0.022057m|0.022178rad, update time=0.037931s delay=0.999076s[0m
[rgbd_odometry-1] [0m[INFO] [1780550524.139502829] [rtabmap.rgbd_odometry]: Odom: quality=156, std dev=0.025824m|0.023281rad, update time=0.042131s delay=0.982428s[0m
[rgbd_odometry-1] [0m[INFO] [1780550524.222883399] [rtabmap.rgbd_odometry]: Odom: quality=156, std dev=0.030817m|0.025890rad, update time=0.040178s delay=1.024201s[0m
[rgbd_odometry-1] [0m[INFO] [1780550524.321999920] [rtabmap.rgbd_odometry]: Odom: quality=143, std dev=0.033790m|0.021770rad, update time=0.057281s delay=0.990831s[0m
[rgbd_odometry-1] [0m[INFO] [1780550524.386859847] [rtabmap.rgbd_odometry]: Odom: quality=186, std dev=0.019243m|0.021486rad, update time=0.041043s delay=0.965782s[0m
[rgbd_odometry-1] [0m[INFO] [1780550524.479249749] [rtabmap.rgbd_odometry]: Odom: quality=142, std dev=0.024208m|0.020388rad, update time=0.043330s delay=0.999145s[0m
[rgbd_odometry-1] [0m[INFO] [1780550524.520336192] [rtabmap.rgbd_odometry]: Odom: quality=186, std dev=0.023381m|0.021630rad, update time=0.039465s delay=0.957434s[0m
[rgbd_odometry-1] [0m[INFO] [1780550524.576255529] [rtabmap.rgbd_odometry]: Odom: quality=142, std dev=0.037224m|0.021630rad, update time=0.042205s delay=0.999129s[0m
[rgbd_odometry-1] [0m[INFO] [1780550524.654665551] [rtabmap.rgbd_odometry]: Odom: quality=172, std dev=0.031225m|0.020388rad, update time=0.039422s delay=1.007463s[0m
[rgbd_odometry-1] [0m[INFO] [1780550524.739571609] [rtabmap.rgbd_odometry]: Odom: quality=138, std dev=0.031420m|0.023166rad, update time=0.042885s delay=0.949062s[0m
[rgbd_odometry-1] [0m[INFO] [1780550524.781536996] [rtabmap.rgbd_odometry]: Odom: quality=210, std dev=0.019079m|0.018188rad, update time=0.039556s delay=0.965782s[0m
[rgbd_odometry-1] [0m[INFO] [1780550524.826118964] [rtabmap.rgbd_odometry]: Odom: quality=179, std dev=0.019441m|0.020388rad, update time=0.040072s delay=0.982502s[0m
[rtabmap-2] [0m[INFO] [1780550524.904931093] [rtabmap.rtabmap]: rtabmap (66): Rate=1.00s, Limit=0.000s, Conversion=0.0007s, RTAB-Map=0.0771s, Maps update=0.0001s pub=0.0000s delay=1.0575s (local map=66, WM=66)[0m
[rgbd_odometry-1] [0m[INFO] [1780550524.916461716] [rtabmap.rgbd_odometry]: Odom: quality=148, std dev=0.023324m|0.023281rad, update time=0.045820s delay=0.957422s[0m
[rgbd_odometry-1] [0m[INFO] [1780550524.997369670] [rtabmap.rgbd_odometry]: Odom: quality=193, std dev=0.025135m|0.017144rad, update time=0.040361s delay=0.965827s[0m
[rgbd_odometry-1] [0m[INFO] [1780550525.087288760] [rtabmap.rgbd_odometry]: Odom: quality=161, std dev=0.034055m|0.020040rad, update time=0.050378s delay=0.965766s[0m
[rgbd_odometry-1] [0m[INFO] [1780550525.168003756] [rtabmap.rgbd_odometry]: Odom: quality=146, std dev=0.036000m|0.020040rad, update time=0.044245s delay=0.974109s[0m
[rgbd_odometry-1] [0m[INFO] [1780550525.246712361] [rtabmap.rgbd_odometry]: Odom: quality=211, std dev=0.026556m|0.019078rad, update time=0.045165s delay=0.949094s[0m
[rgbd_odometry-1] [0m[INFO] [1780550525.328045553] [rtabmap.rgbd_odometry]: Odom: quality=201, std dev=0.033070m|0.018867rad, update time=0.045554s delay=0.982442s[0m
[rgbd_odometry-1] [0m[INFO] [1780550525.420852930] [rtabmap.rgbd_odometry]: Odom: quality=173, std dev=0.028517m|0.021036rad, update time=0.051358s delay=0.957480s[0m
[rgbd_odometry-1] [0m[INFO] [1780550525.512800178] [rtabmap.rgbd_odometry]: Odom: quality=156, std dev=0.034147m|0.021770rad, update time=0.053482s delay=0.957488s[0m
[rgbd_odometry-1] [0m[INFO] [1780550525.587681896] [rtabmap.rgbd_odometry]: Odom: quality=138, std dev=0.036450m|0.021486rad, update time=0.045001s delay=0.965814s[0m
[rgbd_odometry-1] [0m[INFO] [1780550525.668855723] [rtabmap.rgbd_odometry]: Odom: quality=205, std dev=0.023656m|0.021909rad, update time=0.044780s delay=0.940817s[0m
[rgbd_odometry-1] [0m[INFO] [1780550525.745280576] [rtabmap.rgbd_odometry]: Odom: quality=166, std dev=0.029275m|0.019672rad, update time=0.046814s delay=0.915839s[0m
[rgbd_odometry-1] [0m[INFO] [1780550525.791440227] [rtabmap.rgbd_odometry]: Odom: quality=163, std dev=0.021150m|0.019672rad, update time=0.042444s delay=0.932426s[0m
[rgbd_odometry-1] [0m[INFO] [1780550525.883114967] [rtabmap.rgbd_odometry]: Odom: quality=146, std dev=0.024904m|0.022563rad, update time=0.050378s delay=0.965776s[0m
[rgbd_odometry-1] [0m[INFO] [1780550525.968611665] [rtabmap.rgbd_odometry]: Odom: quality=223, std dev=0.027252m|0.020040rad, update time=0.055761s delay=0.940878s[0m
[rtabmap-2] [0m[INFO] [1780550526.024987147] [rtabmap.rtabmap]: rtabmap (67): Rate=1.00s, Limit=0.000s, Conversion=0.0008s, RTAB-Map=0.1396s, Maps update=0.0001s pub=0.0000s delay=1.1160s (local map=67, WM=67)[0m
[rgbd_odometry-1] [0m[INFO] [1780550526.053158703] [rtabmap.rgbd_odometry]: Odom: quality=204, std dev=0.026285m|0.020216rad, update time=0.055151s delay=0.974153s[0m
[rgbd_odometry-1] [0m[INFO] [1780550526.121397737] [rtabmap.rgbd_odometry]: Odom: quality=151, std dev=0.027290m|0.019078rad, update time=0.042590s delay=0.924141s[0m
[rgbd_odometry-1] [0m[INFO] [1780550526.163780676] [rtabmap.rgbd_odometry]: Odom: quality=164, std dev=0.025144m|0.018649rad, update time=0.040040s delay=0.940713s[0m
[rgbd_odometry-1] [0m[INFO] [1780550526.251843837] [rtabmap.rgbd_odometry]: Odom: quality=40, std dev=0.032551m|0.022308rad, update time=0.053174s delay=0.974087s[0m
[rgbd_odometry-1] [0m[INFO] [1780550526.352111340] [rtabmap.rgbd_odometry]: Odom: quality=66, std dev=0.066284m|0.031954rad, update time=0.060726s delay=0.974124s[0m
[rgbd_odometry-1] [0m[INFO] [1780550526.412608100] [rtabmap.rgbd_odometry]: Odom: quality=166, std dev=0.021754m|0.023506rad, update time=0.042347s delay=0.924113s[0m
[rgbd_odometry-1] [0m[INFO] [1780550526.462834680] [rtabmap.rgbd_odometry]: Odom: quality=168, std dev=0.016107m|0.018867rad, update time=0.045985s delay=0.940802s[0m
[rgbd_odometry-1] [0m[INFO] [1780550526.552107992] [rtabmap.rgbd_odometry]: Odom: quality=137, std dev=0.018662m|0.021036rad, update time=0.055387s delay=0.974074s[0m
[rgbd_odometry-1] [0m[INFO] [1780550526.620356002] [rtabmap.rgbd_odometry]: Odom: quality=209, std dev=0.022842m|0.023831rad, update time=0.043638s delay=0.924076s[0m
[rgbd_odometry-1] [0m[INFO] [1780550526.666391995] [rtabmap.rgbd_odometry]: Odom: quality=164, std dev=0.023827m|0.022437rad, update time=0.042315s delay=0.940742s[0m
[rgbd_odometry-1] [0m[INFO] [1780550526.751118399] [rtabmap.rgbd_odometry]: Odom: quality=40, std dev=0.028413m|0.023724rad, update time=0.051006s delay=0.940815s[0m
[rgbd_odometry-1] [0m[INFO] [1780550526.830485493] [rtabmap.rgbd_odometry]: Odom: quality=169, std dev=0.020142m|0.021486rad, update time=0.040363s delay=0.949100s[0m
[rgbd_odometry-1] [0m[INFO] [1780550526.891030407] [rtabmap.rgbd_odometry]: Odom: quality=131, std dev=0.015064m|0.020556rad, update time=0.057840s delay=0.965830s[0m
[rgbd_odometry-1] [0m[INFO] [1780550526.964724474] [rtabmap.rgbd_odometry]: Odom: quality=175, std dev=0.044510m|0.023166rad, update time=0.041351s delay=0.940719s[0m
[rgbd_odometry-1] [0m[INFO] [1780550527.035497170] [rtabmap.rgbd_odometry]: Odom: quality=147, std dev=0.033746m|0.025972rad, update time=0.069720s delay=0.982430s[0m
[rtabmap-2] [0m[INFO] [1780550527.068323034] [rtabmap.rtabmap]: rtabmap (68): Rate=1.00s, Limit=0.000s, Conversion=0.0007s, RTAB-Map=0.1014s, Maps update=0.0000s pub=0.0000s delay=1.0409s (local map=68, WM=68)[0m
[rgbd_odometry-1] [0m[INFO] [1780550527.093642918] [rtabmap.rgbd_odometry]: Odom: quality=194, std dev=0.019160m|0.021339rad, update time=0.044403s delay=0.932431s[0m
[rgbd_odometry-1] [0m[INFO] [1780550527.143342673] [rtabmap.rgbd_odometry]: Odom: quality=180, std dev=0.022259m|0.023049rad, update time=0.041442s delay=0.949142s[0m
[rgbd_odometry-1] [0m[INFO] [1780550527.192784406] [rtabmap.rgbd_odometry]: Odom: quality=167, std dev=0.025085m|0.024246rad, update time=0.043985s delay=0.965712s[0m
[rgbd_odometry-1] [0m[INFO] [1780550527.288715477] [rtabmap.rgbd_odometry]: Odom: quality=123, std dev=0.024309m|0.023937rad, update time=0.056994s delay=0.965795s[0m
[rgbd_odometry-1] [0m[INFO] [1780550527.373743766] [rtabmap.rgbd_odometry]: Odom: quality=191, std dev=0.025418m|0.022688rad, update time=0.046191s delay=0.999155s[0m
[rgbd_odometry-1] [0m[INFO] [1780550527.420590245] [rtabmap.rgbd_odometry]: Odom: quality=162, std dev=0.021855m|0.020556rad, update time=0.046374s delay=0.957490s[0m
[rgbd_odometry-1] [0m[INFO] [1780550527.468835041] [rtabmap.rgbd_odometry]: Odom: quality=163, std dev=0.019484m|0.022178rad, update time=0.044794s delay=0.974200s[0m
[rgbd_odometry-1] [0m[INFO] [1780550527.605229251] [rtabmap.rgbd_odometry]: Odom: quality=152, std dev=0.015790m|0.024446rad, update time=0.047585s delay=1.057485s[0m
[rgbd_odometry-1] [0m[INFO] [1780550527.701506248] [rtabmap.rgbd_odometry]: Odom: quality=134, std dev=0.027529m|0.026215rad, update time=0.052740s delay=1.024138s[0m
[rgbd_odometry-1] [0m[INFO] [1780550527.777725799] [rtabmap.rgbd_odometry]: Odom: quality=214, std dev=0.020540m|0.020388rad, update time=0.045742s delay=1.032505s[0m
[rgbd_odometry-1] [0m[INFO] [1780550527.872207123] [rtabmap.rgbd_odometry]: Odom: quality=167, std dev=0.020958m|0.028403rad, update time=0.047532s delay=1.007489s[0m
[rgbd_odometry-1] [0m[INFO] [1780550527.958702758] [rtabmap.rgbd_odometry]: Odom: quality=115, std dev=0.020214m|0.028340rad, update time=0.050846s delay=1.007634s[0m
[rgbd_odometry-1] [0m[INFO] [1780550528.045797717] [rtabmap.rgbd_odometry]: Odom: quality=204, std dev=0.018872m|0.023394rad, update time=0.046385s delay=1.015828s[0m
[rgbd_odometry-1] [0m[INFO] [1780550528.160175484] [rtabmap.rgbd_odometry]: Odom: quality=188, std dev=0.018796m|0.024246rad, update time=0.067952s delay=1.041048s[0m
[rtabmap-2] [0m[INFO] [1780550528.223988459] [rtabmap.rtabmap]: rtabmap (69): Rate=1.00s, Limit=0.000s, Conversion=0.0011s, RTAB-Map=0.1758s, Maps update=0.0001s pub=0.0000s delay=1.2159s (local map=69, WM=69)[0m
[rgbd_odometry-1] [0m[INFO] [1780550528.236168924] [rtabmap.rgbd_odometry]: Odom: quality=133, std dev=0.019462m|0.022308rad, update time=0.059169s delay=1.015820s[0m
[rgbd_odometry-1] [0m[INFO] [1780550528.313496445] [rtabmap.rgbd_odometry]: Odom: quality=225, std dev=0.013309m|0.023616rad, update time=0.048864s delay=1.024212s[0m
[rgbd_odometry-1] [0m[INFO] [1780550528.406551569] [rtabmap.rgbd_odometry]: Odom: quality=196, std dev=0.012041m|0.020388rad, update time=0.057138s delay=1.024162s[0m
[rgbd_odometry-1] [0m[INFO] [1780550528.489003772] [rtabmap.rgbd_odometry]: Odom: quality=175, std dev=0.018089m|0.025806rad, update time=0.048221s delay=0.999175s[0m
[rgbd_odometry-1] [0m[INFO] [1780550528.568501859] [rtabmap.rgbd_odometry]: Odom: quality=141, std dev=0.017434m|0.026374rad, update time=0.050323s delay=0.974231s[0m
[rgbd_odometry-1] [0m[INFO] [1780550528.662014924] [rtabmap.rgbd_odometry]: Odom: quality=221, std dev=0.017453m|0.018649rad, update time=0.054003s delay=1.007515s[0m
[rgbd_odometry-1] [0m[INFO] [1780550528.750237912] [rtabmap.rgbd_odometry]: Odom: quality=59, std dev=0.018144m|0.026215rad, update time=0.059744s delay=1.007564s[0m
[rgbd_odometry-1] [0m[INFO] [1780550528.831930365] [rtabmap.rgbd_odometry]: Odom: quality=148, std dev=0.014307m|0.018867rad, update time=0.056529s delay=0.982520s[0m
[rgbd_odometry-1] [0m[INFO] [1780550528.911058213] [rtabmap.rgbd_odometry]: Odom: quality=233, std dev=0.020725m|0.022930rad, update time=0.045258s delay=0.990833s[0m
[rgbd_odometry-1] [0m[INFO] [1780550528.992079500] [rtabmap.rgbd_odometry]: Odom: quality=188, std dev=0.019576m|0.022437rad, update time=0.047778s delay=0.965829s[0m
[rgbd_odometry-1] [0m[INFO] [1780550529.087081967] [rtabmap.rgbd_odometry]: Odom: quality=183, std dev=0.018829m|0.022437rad, update time=0.051442s delay=0.965836s[0m
[rgbd_odometry-1] [0m[INFO] [1780550529.176323081] [rtabmap.rgbd_odometry]: Odom: quality=178, std dev=0.018068m|0.022437rad, update time=0.051217s delay=0.999157s[0m
[rtabmap-2] [0m[INFO] [1780550529.230350434] [rtabmap.rtabmap]: rtabmap (70): Rate=1.00s, Limit=0.000s, Conversion=0.0010s, RTAB-Map=0.1405s, Maps update=0.0001s pub=0.0000s delay=1.1161s (local map=70, WM=70)[0m
[rgbd_odometry-1] [0m[INFO] [1780550529.267850870] [rtabmap.rgbd_odometry]: Odom: quality=147, std dev=0.022930m|0.020040rad, update time=0.056318s delay=0.974220s[0m
[rgbd_odometry-1] [0m[INFO] [1780550529.342076110] [rtabmap.rgbd_odometry]: Odom: quality=221, std dev=0.016139m|0.020040rad, update time=0.044926s delay=0.982504s[0m
[rgbd_odometry-1] [0m[INFO] [1780550529.421852189] [rtabmap.rgbd_odometry]: Odom: quality=184, std dev=0.028699m|0.025806rad, update time=0.043665s delay=0.957515s[0m
[rgbd_odometry-1] [0m[INFO] [1780550529.470565651] [rtabmap.rgbd_odometry]: Odom: quality=179, std dev=0.037053m|0.029416rad, update time=0.046396s delay=0.974198s[0m
[rgbd_odometry-1] [0m[INFO] [1780550529.570718659] [rtabmap.rgbd_odometry]: Odom: quality=69, std dev=0.046847m|0.030886rad, update time=0.059206s delay=0.974176s[0m
[rgbd_odometry-1] [0m[INFO] [1780550529.645380072] [rtabmap.rgbd_odometry]: Odom: quality=217, std dev=0.014406m|0.021909rad, update time=0.045517s delay=0.982513s[0m
[rgbd_odometry-1] [0m[INFO] [1780550529.783292452] [rtabmap.rgbd_odometry]: Odom: quality=73, std dev=0.023057m|0.029966rad, update time=0.067253s delay=0.999172s[0m
[rgbd_odometry-1] [0m[INFO] [1780550529.850067814] [rtabmap.rgbd_odometry]: Odom: quality=143, std dev=0.017286m|0.026980rad, update time=0.040044s delay=0.974141s[0m
[rgbd_odometry-1] [0m[INFO] [1780550529.906975387] [rtabmap.rgbd_odometry]: Odom: quality=245, std dev=0.020912m|0.020556rad, update time=0.048650s delay=0.990932s[0m
[rgbd_odometry-1] [0m[INFO] [1780550529.983124078] [rtabmap.rgbd_odometry]: Odom: quality=136, std dev=0.021992m|0.023616rad, update time=0.044386s delay=0.965859s[0m
[rgbd_odometry-1] [0m[INFO] [1780550530.035437970] [rtabmap.rgbd_odometry]: Odom: quality=215, std dev=0.014879m|0.021909rad, update time=0.044558s delay=0.982483s[0m
[rgbd_odometry-1] [0m[INFO] [1780550530.082278832] [rtabmap.rgbd_odometry]: Odom: quality=211, std dev=0.014508m|0.022044rad, update time=0.044284s delay=0.999170s[0m
[rgbd_odometry-1] [0m[INFO] [1780550530.201608653] [rtabmap.rgbd_odometry]: Odom: quality=75, std dev=0.039704m|0.034109rad, update time=0.062493s delay=1.024129s[0m
[rgbd_odometry-1] [0m[INFO] [1780550530.300880354] [rtabmap.rgbd_odometry]: Odom: quality=139, std dev=0.017987m|0.023281rad, update time=0.070122s delay=1.024201s[0m
[rgbd_odometry-1] [0m[INFO] [1780550530.368056191] [rtabmap.rgbd_odometry]: Odom: quality=190, std dev=0.010272m|0.018649rad, update time=0.051251s delay=1.007612s[0m
[rgbd_odometry-1] [0m[INFO] [1780550530.466205440] [rtabmap.rgbd_odometry]: Odom: quality=30, std dev=0.028482m|0.033163rad, update time=0.060080s delay=1.007507s[0m
[rgbd_odometry-1] [0m[INFO] [1780550530.562098167] [rtabmap.rgbd_odometry]: Odom: quality=158, std dev=0.014549m|0.018867rad, update time=0.057320s delay=1.040898s[0m
[rgbd_odometry-1] [0m[INFO] [1780550530.657013456] [rtabmap.rgbd_odometry]: Odom: quality=56, std dev=0.017758m|0.026529rad, update time=0.059953s delay=1.040813s[0m
[rgbd_odometry-1] [0m[INFO] [1780550530.741360145] [rtabmap.rgbd_odometry]: Odom: quality=182, std dev=0.029839m|0.028713rad, update time=0.050034s delay=1.049262s[0m
[rgbd_odometry-1] [0m[INFO] [1780550530.829437602] [rtabmap.rgbd_odometry]: Odom: quality=174, std dev=0.012156m|0.022688rad, update time=0.048399s delay=1.049257s[0m
[rgbd_odometry-1] [0m[INFO] [1780550530.915985851] [rtabmap.rgbd_odometry]: Odom: quality=165, std dev=0.017607m|0.022308rad, update time=0.045694s delay=1.024164s[0m
[rgbd_odometry-1] [0m[INFO] [1780550530.974713471] [rtabmap.rgbd_odometry]: Odom: quality=159, std dev=0.010398m|0.020040rad, update time=0.050279s delay=1.065809s[0m
[rgbd_odometry-1] [0m[INFO] [1780550531.059999141] [rtabmap.rgbd_odometry]: Odom: quality=137, std dev=0.017263m|0.023394rad, update time=0.047539s delay=1.040733s[0m
[rgbd_odometry-1] [0m[INFO] [1780550531.105984487] [rtabmap.rgbd_odometry]: Odom: quality=243, std dev=0.010195m|0.018423rad, update time=0.042798s delay=1.057378s[0m
[rtabmap-2] [0m[INFO] [1780550531.139345451] [rtabmap.rtabmap]: rtabmap (71): Rate=1.00s, Limit=0.000s, Conversion=0.0009s, RTAB-Map=0.9355s, Maps update=0.0001s pub=0.0000s delay=1.9493s (local map=71, WM=71)[0m
[rgbd_odometry-1] [0m[INFO] [1780550531.197742231] [rtabmap.rgbd_odometry]: Odom: quality=218, std dev=0.012014m|0.020720rad, update time=0.040204s delay=1.032436s[0m
[rgbd_odometry-1] [0m[INFO] [1780550531.240618861] [rtabmap.rgbd_odometry]: Odom: quality=181, std dev=0.018708m|0.026295rad, update time=0.040664s delay=1.015753s[0m
[rgbd_odometry-1] [0m[INFO] [1780550533.448090406] [rtabmap.rgbd_odometry]: Odom: quality=182, std dev=0.017306m|0.026135rad, update time=2.189989s delay=1.057450s[0m
[rgbd_odometry-1] [0m[INFO] [1780550533.503994098] [rtabmap.rgbd_odometry]: Odom: quality=176, std dev=0.014403m|0.022810rad, update time=0.051086s delay=1.074101s[0m
[rtabmap-2] [0m[INFO] [1780550533.523633208] [rtabmap.rtabmap]: rtabmap (72): Rate=1.00s, Limit=0.000s, Conversion=0.0007s, RTAB-Map=2.2810s, Maps update=0.0001s pub=0.0000s delay=1.1659s (local map=72, WM=72)[0m
[rgbd_odometry-1] [0m[INFO] [1780550533.592665016] [rtabmap.rgbd_odometry]: Odom: quality=139, std dev=0.014005m|0.019078rad, update time=0.040516s delay=1.049125s[0m
[rgbd_odometry-1] [0m[INFO] [1780550533.705826484] [rtabmap.rgbd_odometry]: Odom: quality=270, std dev=0.009595m|0.017689rad, update time=0.054728s delay=1.140727s[0m
[rgbd_odometry-1] [0m[INFO] [1780550533.804257464] [rtabmap.rgbd_odometry]: Odom: quality=20, std dev=0.029182m|0.037242rad, update time=0.053848s delay=1.107386s[0m
[rgbd_odometry-1] [0m[INFO] [1780550533.906203633] [rtabmap.rgbd_odometry]: Odom: quality=85, std dev=0.019919m|0.027887rad, update time=0.060308s delay=1.107425s[0m
[rgbd_odometry-1] [0m[INFO] [1780550534.010175822] [rtabmap.rgbd_odometry]: Odom: quality=139, std dev=0.011159m|0.022044rad, update time=0.050116s delay=1.107409s[0m
[rgbd_odometry-1] [0m[INFO] [1780550534.099736278] [rtabmap.rgbd_odometry]: Odom: quality=271, std dev=0.011500m|0.020720rad, update time=0.044669s delay=1.107404s[0m
[rgbd_odometry-1] [0m[INFO] [1780550534.157957332] [rtabmap.rgbd_odometry]: Odom: quality=270, std dev=0.010028m|0.019480rad, update time=0.048094s delay=1.124112s[0m
[rgbd_odometry-1] [0m[INFO] [1780550534.273880609] [rtabmap.rgbd_odometry]: Odom: quality=28, std dev=0.047302m|0.032513rad, update time=0.067344s delay=1.149107s[0m
[rgbd_odometry-1] [0m[INFO] [1780550534.371339740] [rtabmap.rgbd_odometry]: Odom: quality=171, std dev=0.022621m|0.025972rad, update time=0.066528s delay=1.149127s[0m
[rgbd_odometry-1] [0m[INFO] [1780550534.452204491] [rtabmap.rgbd_odometry]: Odom: quality=215, std dev=0.017638m|0.024041rad, update time=0.049107s delay=1.124170s[0m
[rgbd_odometry-1] [0m[INFO] [1780550534.522927244] [rtabmap.rgbd_odometry]: Odom: quality=157, std dev=0.029512m|0.028953rad, update time=0.069387s delay=1.165771s[0m
[rgbd_odometry-1] [0m[INFO] [1780550534.601393423] [rtabmap.rgbd_odometry]: Odom: quality=175, std dev=0.012900m|0.020720rad, update time=0.051726s delay=1.140794s[0m
[rgbd_odometry-1] [33m[ WARN] (2026-06-03 23:22:14.658) OdometryF2M.cpp:626::computeTransform() Registration failed: "Not enough inliers 10/15 (matches=103) between -1 and 1118" (guess=xyz=0.003442,0.003652,0.014592 rpy=0.000562,0.009443,-0.001879)[0m
[rgbd_odometry-1] [33m[ WARN] (2026-06-03 23:22:14.658) OdometryF2M.cpp:319::computeTransform() Failed to find a transformation with the provided guess (xyz=0.003442,0.003652,0.014592 rpy=0.000562,0.009443,-0.001879), trying again without a guess.[0m
[rtabmap-2] [0m[INFO] [1780550534.736485707] [rtabmap.rtabmap]: rtabmap (73): Rate=1.00s, Limit=0.000s, Conversion=0.0007s, RTAB-Map=0.1331s, Maps update=0.0001s pub=0.0000s delay=1.2658s (local map=73, WM=73)[0m
[rgbd_odometry-1] [33m[ WARN] (2026-06-03 23:22:14.750) OdometryF2M.cpp:636::computeTransform() Trial with no guess succeeded![0m
[rgbd_odometry-1] [0m[INFO] [1780550534.751528900] [rtabmap.rgbd_odometry]: Odom: quality=173, std dev=0.019581m|0.023394rad, update time=0.147314s delay=1.224126s[0m
[rgbd_odometry-1] [33m[ WARN] (2026-06-03 23:22:14.805) OdometryF2M.cpp:626::computeTransform() Registration failed: "Not enough inliers 12/15 (matches=83) between -1 and 1119" (guess=xyz=0.013276,0.021137,0.016116 rpy=-0.039997,-0.103629,-0.007179)[0m
[rgbd_odometry-1] [33m[ WARN] (2026-06-03 23:22:14.806) OdometryF2M.cpp:319::computeTransform() Failed to find a transformation with the provided guess (xyz=0.013276,0.021137,0.016116 rpy=-0.039997,-0.103629,-0.007179), trying again without a guess.[0m
[rgbd_odometry-1] [33m[ WARN] (2026-06-03 23:22:14.892) OdometryF2M.cpp:636::computeTransform() Trial with no guess succeeded![0m
[rgbd_odometry-1] [0m[INFO] [1780550534.895066984] [rtabmap.rgbd_odometry]: Odom: quality=149, std dev=0.011324m|0.022437rad, update time=0.136576s delay=1.215783s[0m
[rgbd_odometry-1] [0m[INFO] [1780550534.993209837] [rtabmap.rgbd_odometry]: Odom: quality=33, std dev=0.015342m|0.030984rad, update time=0.050634s delay=1.115777s[0m
[rgbd_odometry-1] [33m[ WARN] (2026-06-03 23:22:15.081) OdometryF2M.cpp:626::computeTransform() Registration failed: "Not enough inliers 13/15 (matches=115) between -1 and 1121" (guess=xyz=0.003356,0.031506,-0.025071 rpy=-0.019548,-0.021373,0.037776)[0m
[rgbd_odometry-1] [33m[ WARN] (2026-06-03 23:22:15.081) OdometryF2M.cpp:319::computeTransform() Failed to find a transformation with the provided guess (xyz=0.003356,0.031506,-0.025071 rpy=-0.019548,-0.021373,0.037776), trying again without a guess.[0m
[rgbd_odometry-1] [33m[ WARN] (2026-06-03 23:22:15.160) OdometryF2M.cpp:636::computeTransform() Trial with no guess succeeded![0m
[rgbd_odometry-1] [0m[INFO] [1780550535.162033981] [rtabmap.rgbd_odometry]: Odom: quality=162, std dev=0.017240m|0.028528rad, update time=0.121679s delay=1.190775s[0m
[rgbd_odometry-1] [0m[INFO] [1780550535.234013426] [rtabmap.rgbd_odometry]: Odom: quality=143, std dev=0.020083m|0.024640rad, update time=0.040554s delay=1.099060s[0m
[rgbd_odometry-1] [0m[INFO] [1780550535.291333141] [rtabmap.rgbd_odometry]: Odom: quality=271, std dev=0.014726m|0.024736rad, update time=0.041595s delay=1.115739s[0m
[rgbd_odometry-1] [0m[INFO] [1780550535.327908731] [rtabmap.rgbd_odometry]: Odom: quality=144, std dev=0.014799m|0.024446rad, update time=0.034107s delay=1.099093s[0m
[rgbd_odometry-1] [0m[INFO] [1780550535.393606237] [rtabmap.rgbd_odometry]: Odom: quality=277, std dev=0.016422m|0.021630rad, update time=0.040678s delay=1.115791s[0m
[rgbd_odometry-1] [0m[INFO] [1780550535.434223202] [rtabmap.rgbd_odometry]: Odom: quality=226, std dev=0.024919m|0.026452rad, update time=0.032068s delay=1.099074s[0m
[rgbd_odometry-1] [0m[INFO] [1780550535.505022351] [rtabmap.rgbd_odometry]: Odom: quality=209, std dev=0.024707m|0.025377rad, update time=0.032898s delay=1.140820s[0m
[rgbd_odometry-1] [0m[INFO] [1780550535.555615443] [rtabmap.rgbd_odometry]: Odom: quality=192, std dev=0.016637m|0.022563rad, update time=0.036319s delay=1.124085s[0m
[rgbd_odometry-1] [0m[INFO] [1780550535.613279675] [rtabmap.rgbd_odometry]: Odom: quality=170, std dev=0.019879m|0.024246rad, update time=0.039863s delay=1.140797s[0m
[rgbd_odometry-1] [0m[INFO] [1780550535.657076714] [rtabmap.rgbd_odometry]: Odom: quality=155, std dev=0.021268m|0.026295rad, update time=0.033120s delay=1.124017s[0m
[rgbd_odometry-1] [0m[INFO] [1780550535.730953429] [rtabmap.rgbd_odometry]: Odom: quality=150, std dev=0.020432m|0.025890rad, update time=0.054232s delay=1.165748s[0m
[rtabmap-2] [0m[INFO] [1780550535.777770059] [rtabmap.rtabmap]: rtabmap (74): Rate=1.00s, Limit=0.000s, Conversion=0.0007s, RTAB-Map=0.1186s, Maps update=0.0001s pub=0.0000s delay=1.2492s (local map=74, WM=74)[0m
[rgbd_odometry-1] [0m[INFO] [1780550535.829174109] [rtabmap.rgbd_odometry]: Odom: quality=24, std dev=0.044697m|0.030334rad, update time=0.055740s delay=1.165743s[0m
[rgbd_odometry-1] [0m[INFO] [1780550535.906226230] [rtabmap.rgbd_odometry]: Odom: quality=107, std dev=0.029140m|0.023049rad, update time=0.044993s delay=1.140794s[0m
[rgbd_odometry-1] [0m[INFO] [1780550535.986431096] [rtabmap.rgbd_odometry]: Odom: quality=108, std dev=0.076959m|0.024543rad, update time=0.036837s delay=1.115755s[0m
[rgbd_odometry-1] [0m[INFO] [1780550536.034535378] [rtabmap.rgbd_odometry]: Odom: quality=197, std dev=0.120432m|0.028277rad, update time=0.037744s delay=1.132440s[0m
