# Created by Open3D 
# object name: rtabmap_mesh
# number of vertices: 2206
# number of triangles: 2473
v -3.86918 2.31238 -2.62341 0.756863 0.741176 0.721569
vn -0.348291 -0.27273 -0.896835
v -3.98953 2.27135 -2.63208 0.905882 0.905882 0.905882
vn 0.212759 -0.18117 -0.960162
v -3.78577 2.21821 -2.64128 0.611765 0.607843 0.603922
vn -0.531211 -0.18231 -0.827392
v -3.87309 2.21531 -2.61307 0.560784 0.564706 0.568627
vn -0.270235 0.129894 -0.953992
v -3.90577 2.21592 -2.62848 0.811765 0.8 0.780392
vn 0.156806 0.210922 -0.964844
v -3.76619 2.16458 -2.62472 0.686275 0.647059 0.596078
vn -0.323513 -0.322438 -0.889592
v -3.86559 2.19168 -2.6491 0.333333 0.321569 0.309804
vn -0.65045 0.286437 -0.703469
v -3.83046 2.10899 -2.62124 0.984314 0.980392 0.945098
vn 0.0123391 0.0697776 -0.997486
v -3.83322 2.08729 -2.6369 0.505882 0.509804 0.509804
vn -0.761027 -0.244147 0.601025
v -3.86454 2.07179 -2.64414 0.556863 0.552941 0.552941
vn -0.824745 0.473462 -0.309241
v -3.73447 2.02267 -2.64408 0.356863 0.368627 0.388235
vn 0.878998 0.222702 -0.421624
v -3.8173 2.30382 -2.67947 0.458824 0.447059 0.431373
vn -0.621056 -0.561268 -0.547053
v -3.78912 2.26625 -2.6797 0.341176 0.341176 0.34902
vn -0.405311 0.0506139 -0.912776
v -3.87266 2.17059 -2.68035 0.533333 0.52549 0.517647
vn -0.984915 -0.128074 -0.116359
v -3.77886 2.05793 -2.6656 0.407843 0.407843 0.419608
vn 0.464719 0.245248 -0.850817
v -3.83762 2.09742 -2.66447 0.345098 0.337255 0.321569
vn -0.979151 0.178515 0.0969275
v -3.85229 2.05366 -2.65711 0.831373 0.807843 0.788235
vn -0.781907 0.15564 -0.603654
v -3.77262 2.02582 -2.6646 0.427451 0.427451 0.443137
vn 0.650794 0.623602 -0.433113
v -3.88165 2.00579 -2.65722 0.388235 0.380392 0.388235
vn 0.667708 0.306079 -0.678588
v -3.8565 1.97461 -2.66091 0.380392 0.368627 0.380392
vn -0.00631213 0.591971 -0.805934
v -3.86758 1.94693 -2.66809 0.372549 0.360784 0.372549
vn -0.235133 0.754864 -0.612285
v -3.79686 2.00042 -2.74612 0.396078 0.396078 0.415686
vn -0.0482408 0.652778 -0.756012
v -3.89873 2.0095 -2.73983 0.356863 0.356863 0.376471
vn -0.386845 0.216961 -0.896258
v -3.91418 2.03688 -2.7317 0.356863 0.360784 0.388235
vn -0.4241 0.566761 -0.706344
v -3.84116 1.99027 -2.74051 0.388235 0.392157 0.407843
vn -0.260933 0.719373 -0.643752
v -3.92424 1.98284 -2.72746 0.352941 0.352941 0.372549
vn 0.730438 0.677388 0.087216
v -3.87914 1.96536 -2.76769 0.396078 0.4 0.419608
vn -0.32375 -0.163245 -0.931953
v -3.86564 1.94182 -2.75268 0.435294 0.431373 0.45098
vn -0.275857 -0.773729 -0.570303
v -3.69388 2.50985 -2.84563 0.25098 0.254902 0.290196
vn -0.270935 0.279438 -0.921145
v -3.75875 2.51232 -2.8469 0.439216 0.415686 0.427451
vn -0.213013 0.119973 -0.969656
v -3.80814 2.50058 -2.83452 0.294118 0.282353 0.301961
vn -0.117333 -0.0648194 -0.990975
v -3.90703 2.25709 -2.82509 0.290196 0.294118 0.321569
vn 0.156623 0.278255 -0.947652
v -4.01474 2.20333 -2.84898 0.282353 0.278431 0.298039
vn 0.959835 -0.280561 -0.00180534
v -3.73423 1.91882 -2.84592 0.254902 0.243137 0.25098
vn -0.578646 -0.814935 -0.0324008
v -3.532 1.86091 -2.84567 0.317647 0.329412 0.360784
vn -0.106703 -0.122699 -0.986691
v -3.57041 1.85493 -2.84345 0.423529 0.423529 0.443137
vn 0.0168159 -0.235027 -0.971843
v -3.60725 1.86209 -2.84559 0.611765 0.596078 0.580392
vn 0.232495 -0.301819 -0.924582
v -3.52171 1.81272 -2.84072 0.647059 0.631373 0.631373
vn -0.0916896 0.0021198 -0.995785
v -3.62532 1.78915 -2.84913 0.309804 0.317647 0.333333
vn 0.0258149 -0.149923 -0.988361
v -3.67739 2.52256 -2.86776 0.34902 0.333333 0.345098
vn -0.35709 0.471274 -0.806466
v -3.62126 2.49343 -2.87531 0.266667 0.262745 0.290196
vn -0.657776 0.390351 -0.644171
v -3.83868 2.26675 -2.86774 0.333333 0.345098 0.368627
vn -0.689021 -0.542045 -0.48108
v -3.92269 2.26053 -2.86926 0.270588 0.27451 0.298039
vn -0.633459 0.752327 0.180922
v -3.8145 2.21695 -2.87387 0.356863 0.360784 0.380392
vn -0.284041 0.250989 -0.925379
v -3.88811 2.21843 -2.8853 0.329412 0.341176 0.376471
vn 0.651018 0.105768 -0.751657
v -3.91001 2.22003 -2.86726 0.301961 0.301961 0.333333
vn 0.468693 0.324321 -0.821671
v -3.97983 2.21506 -2.87042 0.290196 0.294118 0.317647
vn 0.899531 -0.406885 0.159022
v -3.79037 2.16878 -2.88776 0.517647 0.509804 0.513725
vn -0.317024 0.37174 -0.872528
v -3.95974 2.1833 -2.86985 0.298039 0.294118 0.32549
vn 0.791746 -0.0480956 0.608954
v -4.00721 2.1912 -2.8523 0.282353 0.278431 0.301961
vn 0.944399 -0.291086 0.1529
v -3.69128 2.07631 -2.87019 0.290196 0.305882 0.321569
vn -0.362037 -0.929796 -0.0663971
v -3.71901 2.06437 -2.87046 0.247059 0.258824 0.286275
vn -0.5146 -0.854292 0.0732953
v -3.83287 2.07081 -2.88801 0.258824 0.266667 0.290196
vn -0.159107 -0.0025232 -0.987258
v -3.8644 2.06106 -2.87678 0.301961 0.305882 0.337255
vn -0.104734 0.0107103 -0.994443
v -3.71631 2.01018 -2.88942 0.345098 0.360784 0.372549
vn -0.162508 0.300518 -0.93983
v -3.88664 2.04729 -2.88619 0.258824 0.262745 0.290196
vn 0.0452082 0.160487 -0.986002
v -3.6267 1.99747 -2.87274 0.411765 0.423529 0.435294
vn -0.36511 -0.377094 -0.851173
v -3.82949 1.97418 -2.89101 0.32549 0.341176 0.364706
vn 0.638402 0.744448 -0.19555
v -3.38872 1.9043 -2.88256 0.729412 0.701961 0.686275
vn 0.140392 -0.517969 -0.8438
v -3.59779 1.92494 -2.88461 0.482353 0.47451 0.509804
vn -0.202694 -0.380965 -0.902098
v -3.63432 1.93524 -2.88194 0.278431 0.278431 0.286275
vn 0.0978963 -0.103994 -0.989748
v -3.79666 1.93853 -2.88945 0.266667 0.278431 0.301961
vn -0.570762 -0.720561 0.39373
v -3.39895 1.8994 -2.87427 0.517647 0.505882 0.509804
vn 0.0109496 -0.372454 -0.927986
v -3.4841 1.82749 -2.86775 0.439216 0.439216 0.462745
vn -0.172843 -0.365838 -0.914488
v -3.57035 1.81976 -2.86371 0.486275 0.482353 0.494118
vn -0.124845 0.0576547 -0.9905
v -3.65809 1.80438 -2.86576 0.509804 0.498039 0.494118
vn -0.169279 -0.354691 -0.919532
v -3.5749 1.79094 -2.86035 0.396078 0.388235 0.396078
vn 0.0114313 0.0460755 -0.998873
v -3.61638 1.77918 -2.8663 0.392157 0.388235 0.403922
vn -0.0381412 -0.213602 -0.976176
v -3.8383 2.3099 -2.90551 0.509804 0.494118 0.490196
vn -0.670675 -0.458483 -0.583086
v -3.83803 2.21569 -2.92075 0.447059 0.443137 0.45098
vn 0.473867 0.280646 -0.834678
v -3.89817 2.21028 -2.92874 0.631373 0.631373 0.623529
vn 0.915227 0.157012 -0.371088
v -3.82575 2.17357 -2.92654 0.439216 0.435294 0.443137
vn 0.218423 0.44353 -0.869237
v -3.78421 2.11658 -2.91623 0.372549 0.392157 0.4
vn 0.451581 0.224954 -0.863406
v -3.87137 2.12092 -2.94709 0.678431 0.682353 0.658824
vn 0.0938274 -0.14952 -0.984297
v -3.92225 2.13211 -2.92333 0.741176 0.741176 0.752941
vn 0.929542 0.127873 0.345832
v -3.77784 2.07292 -2.92707 0.454902 0.447059 0.443137
vn -0.455208 -0.151677 -0.877371
v -3.76287 2.02366 -2.92581 0.478431 0.478431 0.47451
vn -0.274393 -0.419639 -0.865223
v -3.81139 2.02942 -2.91511 0.286275 0.301961 0.329412
vn -0.335776 -0.212149 -0.91774
v -3.42652 1.96175 -2.91773 0.329412 0.321569 0.309804
vn 0.0565376 -0.814775 -0.577014
v -3.45523 1.96246 -2.92131 0.211765 0.207843 0.203922
vn 0.263954 -0.802568 -0.534989
v -3.4328 1.94235 -2.91185 0.254902 0.254902 0.243137
vn 0.262577 -0.644403 -0.71819
v -3.46273 1.94662 -2.9153 0.564706 0.54902 0.529412
vn 0.337458 -0.760906 -0.554206
v -3.47104 1.85627 -2.90622 0.792157 0.764706 0.74902
vn 0.435069 -0.623983 -0.649122
v -3.53553 1.87084 -2.91487 0.345098 0.341176 0.345098
vn -0.256931 -0.684445 -0.682291
v -3.70769 1.88875 -2.91223 0.0352941 0.0431373 0.0392157
vn -0.509509 -0.860015 0.0278295
v -3.5597 1.83967 -2.90613 0.768627 0.745098 0.72549
vn 0.0476618 -0.526415 -0.848891
v -3.63846 1.82699 -2.90163 0.396078 0.396078 0.403922
vn -0.0373118 -0.398277 -0.916506
v -3.64182 2.52293 -2.99215 0.0588235 0.0627451 0.0666667
vn -0.533818 0.807116 0.252194
v -3.50949 2.46478 -2.98217 0.447059 0.458824 0.490196
vn 0.0809572 -0.0185305 0.996545
v -3.57038 2.46041 -2.99715 0.635294 0.647059 0.698039
vn 0.0115651 -0.385855 0.922487
v -3.70147 2.46965 -2.99271 0.541176 0.552941 0.588235
vn -0.377417 0.807381 0.453533
v -3.47747 2.42836 -2.99075 0.509804 0.517647 0.541176
vn 0.124366 -0.127691 0.983986
v -3.53654 2.441 -2.9979 0.639216 0.654902 0.701961
vn -0.313258 -0.258956 0.91368
v -3.73609 2.41949 -2.99564 0.462745 0.447059 0.443137
vn -0.170942 0.721415 -0.671073
v -3.66147 2.36657 -2.99666 0.486275 0.517647 0.541176
vn 0.264824 -0.448957 0.853408
v -3.71516 2.35538 -2.99597 0.533333 0.541176 0.576471
vn -0.248377 -0.506737 0.825546
v -3.63334 2.29598 -2.99127 0.247059 0.262745 0.290196
vn 0.3159 -0.544351 0.777104
v -3.88974 2.12625 -2.96912 0.552941 0.588235 0.584314
vn 0.284498 0.0886253 -0.954571
v -3.92093 2.11987 -2.98184 0.709804 0.713725 0.741176
vn 0.736155 0.20793 -0.644082
v -3.38571 2.08254 -2.98804 0.709804 0.729412 0.776471
vn 0.00939047 0.0989928 0.995044
v -3.74105 2.05558 -2.95684 0.407843 0.415686 0.411765
vn -0.633598 -0.768564 -0.0886724
v -3.93472 2.05523 -2.97818 0.803922 0.807843 0.843137
vn 0.975067 0.214153 0.0581573
v -3.53089 2.03256 -2.99273 0.498039 0.509804 0.529412
vn -0.00524763 0.541833 0.84047
v -3.62154 2.02437 -2.97383 0.556863 0.47451 0.45098
vn -0.0387838 -0.95109 0.306469
v -3.8626 1.91746 -2.67199 0.415686 0.411765 0.411765
vn 0.168844 0.868344 -0.466338
v -3.29321 2.1048 -3.44865 0.345098 0.341176 0.352941
vn 0.640979 -0.0381928 0.766608
v -3.83479 2.3798 -2.73669 0.435294 0.419608 0.423529
vn -0.752241 -0.640809 -0.153285
v -3.83886 2.12386 -2.72657 0.435294 0.431373 0.443137
vn -0.88438 -0.0542053 0.46361
v -4.18446 2.49077 -3.55341 0.517647 0.501961 0.490196
vn -0.0689157 0.0704836 -0.995129
v -3.76951 2.02807 -2.71327 0.415686 0.403922 0.423529
vn 0.489063 0.779802 -0.390802
v -3.79091 2.29593 -3.17042 0.360784 0.352941 0.356863
vn -0.335363 -0.0420863 0.941148
v -4.08404 2.32669 -3.57825 0.482353 0.458824 0.454902
vn 0.0212333 0.283413 -0.958763
v -3.78541 2.16162 -2.63254 0.313725 0.317647 0.32549
vn -0.424457 -0.220713 -0.878136
v -3.13591 1.88954 -3.57053 0.54902 0.54902 0.54902
vn 0.50022 0.164647 -0.850101
v -3.7217 1.92808 -2.73808 0.329412 0.313725 0.329412
vn -0.893949 -0.251995 -0.370612
v -3.75314 2.50487 -3.09465 0.745098 0.745098 0.745098
vn -0.872515 0.47922 0.0952156
v -3.56971 2.33049 -3.08372 0.619608 0.635294 0.654902
vn 0.0950923 -0.0506084 0.994181
v -3.97403 2.38025 -3.53861 0.203922 0.2 0.2
vn 0.0879857 0.3043 -0.948504
v -4.21896 2.50953 -3.52462 0.658824 0.639216 0.619608
vn -0.0297067 -0.0432018 -0.998625
v -3.91555 2.38215 -2.76477 0.313725 0.321569 0.321569
vn -0.769507 0.599728 -0.219511
v -3.86619 2.28342 -2.78356 0.309804 0.309804 0.333333
vn -0.900183 0.0991916 -0.424066
v -3.231 1.67725 -3.55703 0.439216 0.431373 0.443137
vn 0.117595 0.334255 -0.935118
v -3.81321 2.21459 -2.67497 0.431373 0.439216 0.466667
vn -0.289903 0.0350049 -0.956416
v -3.59096 1.92557 -3.35107 0.478431 0.462745 0.466667
vn -0.245611 -0.807364 0.536506
v -3.85693 2.07155 -2.76915 0.32549 0.32549 0.341176
vn -0.138338 0.173283 -0.975108
v -3.37704 1.78609 -3.53569 0.435294 0.427451 0.423529
vn -0.0528402 0.0584664 -0.99689
v -3.06646 1.76792 -3.52462 0.415686 0.411765 0.419608
vn 0.318107 0.0772969 -0.944898
v -3.76735 2.02247 -2.76325 0.388235 0.380392 0.396078
vn -0.59434 0.349777 -0.724166
v -3.72261 2.55584 -3.12058 0.588235 0.572549 0.568627
vn -0.940376 0.340138 0.000383408
v -3.7277 1.96424 -2.77538 0.337255 0.333333 0.341176
vn -0.882281 -0.269186 -0.386159
v -3.86737 1.97602 -2.7735 0.290196 0.298039 0.321569
vn -0.392632 -0.173161 -0.903247
v -3.92517 1.88998 -3.56251 0.47451 0.466667 0.439216
vn -0.0195932 0.0612467 -0.99793
v -3.77573 2.163 -2.92802 0.647059 0.639216 0.635294
vn 0.351565 0.348819 -0.868751
v -3.81992 2.78162 -3.53897 0.709804 0.690196 0.67451
vn -0.0838548 -0.0514276 -0.99515
v -3.62751 2.27297 -3.5824 0.415686 0.403922 0.407843
vn 0.206607 -0.21635 -0.954204
v -3.86986 1.9694 -2.68176 0.388235 0.388235 0.380392
vn -0.803118 0.546863 -0.236521
v -4.09937 2.14219 -3.61887 0.533333 0.498039 0.494118
vn 0.394871 -0.439786 -0.806638
v -3.77759 2.46397 -2.84527 0.466667 0.462745 0.470588
vn -0.107029 0.31502 -0.943031
v -3.51721 2.5178 -3.42732 0.0784314 0.0784314 0.0784314
vn -0.948462 0.144187 -0.282189
v -3.66763 2.12839 -3.54454 0.454902 0.447059 0.45098
vn 0.125836 0.027549 -0.991668
v -3.63664 2.07857 -3.53502 0.32549 0.317647 0.32549
vn 0.0659291 0.115361 -0.991133
v -3.84135 2.2588 -2.82524 0.317647 0.313725 0.345098
vn -0.439196 0.0436267 -0.897332
v -3.91984 2.2744 -2.82223 0.388235 0.4 0.419608
vn -0.341221 0.753493 -0.561976
v -3.86092 2.24132 -2.8262 0.298039 0.298039 0.32549
vn -0.299914 0.393164 -0.86918
v -3.68606 2.45601 -2.83541 0.584314 0.568627 0.568627
vn -0.331773 0.414717 -0.847311
v -3.37487 1.92328 -3.56471 0.560784 0.54902 0.533333
vn 0.414695 -0.224398 -0.881858
v -3.59205 2.37121 -3.11534 0.360784 0.376471 0.396078
vn -0.0606003 0.153393 0.986305
v -3.86996 2.36823 -2.91055 0.54902 0.533333 0.513725
vn -0.848385 0.420994 -0.320947
v -3.97573 2.24081 -2.66442 0.352941 0.34902 0.352941
vn 0.0858701 -0.206996 -0.974566
v -3.47064 2.47965 -3.56968 0.458824 0.454902 0.466667
vn 0.239511 -0.0589216 -0.969104
v -3.47934 1.43766 -3.52995 0.623529 0.611765 0.607843
vn -0.24209 0.251412 -0.937115
v -3.6683 1.89102 -3.02399 0.0862745 0.0901961 0.0901961
vn -0.179301 -0.915897 -0.359143
v -3.51744 1.90476 -2.83103 0.568627 0.572549 0.568627
vn -0.120626 -0.436523 -0.89157
v -3.32706 1.78883 -3.5582 0.454902 0.447059 0.447059
vn 0.0856733 -0.221496 -0.97139
v -3.52473 2.06115 -3.28936 0.588235 0.568627 0.568627
vn 0.690047 0.204119 0.694384
v -4.01281 2.22586 -3.62814 0.580392 0.552941 0.54902
vn -0.190752 -0.216115 -0.957553
v -3.88985 2.24429 -2.83992 0.337255 0.333333 0.360784
vn -0.103454 0.39829 -0.911407
v -3.73661 1.94339 -2.684 0.372549 0.364706 0.384314
vn -0.836788 0.361637 -0.411101
v -3.62928 2.47887 -2.87067 0.619608 0.603922 0.596078
vn -0.546415 0.491185 -0.678357
v -3.71967 2.45978 -2.8811 0.466667 0.466667 0.462745
vn -0.460662 0.672378 -0.579395
v -3.75866 2.47838 -2.85801 0.392157 0.384314 0.403922
vn -0.292741 0.634993 -0.714903
v -3.25458 2.61565 -3.262 0.505882 0.490196 0.494118
vn -0.393708 0.872419 0.289618
v -3.42513 2.01859 -3.41247 0.254902 0.243137 0.258824
vn 0.842649 -0.243187 0.480419
v -3.76892 1.96557 -2.95176 0.509804 0.427451 0.368627
vn -0.391589 -0.250304 -0.885441
v -3.89665 2.1757 -2.96049 0.576471 0.592157 0.568627
vn 0.172204 0.120345 -0.977683
v -3.9134 2.2833 -2.88146 0.47451 0.47451 0.470588
vn -0.506349 0.815909 0.279113
v -3.9747 2.1792 -2.88406 0.341176 0.352941 0.384314
vn 0.912412 -0.00885192 0.409178
v -3.25613 1.53798 -3.5584 0.435294 0.431373 0.443137
vn -0.230769 0.201168 -0.951986
v -3.51054 1.94413 -3.02421 0.392157 0.4 0.415686
vn 0.961073 0.179517 0.21003
v -3.63964 2.02368 -2.88474 0.560784 0.556863 0.54902
vn -0.62851 -0.354853 -0.692137
v -3.88043 1.93494 -3.49767 0.454902 0.447059 0.447059
vn -0.0515528 -0.0979235 -0.993858
v -3.83471 2.12686 -2.77564 0.356863 0.345098 0.356863
vn -0.931535 -0.360933 -0.0443753
v -3.82875 2.73603 -3.53794 0.701961 0.686275 0.666667
vn -0.161118 -0.113631 -0.980372
v -3.38896 1.91294 -2.89046 0.109804 0.113725 0.109804
vn -0.0749622 -0.66743 -0.74089
v -3.64085 1.91372 -2.89203 0.435294 0.423529 0.419608
vn 0.101638 -0.205082 -0.973453
v -3.53948 1.97464 -3.0266 0.372549 0.384314 0.403922
vn -0.148544 -0.18663 0.971135
v -3.76315 1.93492 -2.88226 0.517647 0.521569 0.505882
vn -0.733149 -0.678672 0.0435495
v -3.80839 1.94156 -2.86999 0.407843 0.403922 0.411765
vn -0.57505 -0.81323 -0.0892952
v -3.39363 1.88613 -2.87556 0.564706 0.552941 0.541176
vn -0.113069 -0.21927 -0.96909
v -3.71774 1.87111 -2.86609 0.45098 0.458824 0.466667
vn -0.3904 -0.842129 -0.372029
v -3.48396 1.83288 -2.87649 0.427451 0.443137 0.466667
vn -0.49187 -0.221815 -0.84194
v -3.51818 1.83116 -2.85978 0.34902 0.356863 0.384314
vn -0.100737 -0.162247 -0.981595
v -3.8735 2.76768 -3.53591 0.709804 0.713725 0.690196
vn 0.114903 -0.185781 -0.97585
v -3.77433 2.51432 -2.83214 0.337255 0.333333 0.341176
vn -0.175198 0.0014644 -0.984532
v -3.52757 2.26988 -3.5809 0.321569 0.317647 0.317647
vn 0.0626578 -0.0972201 -0.993289
v -3.58228 1.78358 -2.87095 0.419608 0.427451 0.45098
vn 0.0556744 -0.224373 -0.972912
v -3.58803 2.56955 -2.9369 0.0901961 0.0980392 0.0980392
vn -0.696091 0.690877 0.19531
v -3.63587 2.43992 -2.91577 0.686275 0.678431 0.658824
vn -0.581744 0.640873 -0.500855
v -3.62881 2.43548 -3.58599 0.482353 0.47451 0.47451
vn 0.722857 -0.442755 -0.530515
v -3.68621 2.44625 -2.92287 0.643137 0.635294 0.615686
vn -0.299348 0.906802 -0.296817
v -3.37093 1.30335 -3.56007 0.407843 0.4 0.407843
vn 0.0313511 -0.948637 -0.314808
v -3.91793 2.23695 -2.93935 0.615686 0.607843 0.596078
vn 0.941778 -0.272244 0.197324
v -3.35021 1.8889 -3.4755 0.384314 0.380392 0.384314
vn 0.872844 0.336072 0.353836
v -3.86058 2.02733 -2.92959 0.678431 0.678431 0.662745
vn 0.914929 0.358651 -0.185136
v -3.82539 2.41205 -2.88625 0.521569 0.517647 0.494118
vn -0.724468 0.657956 -0.205524
v -3.90906 2.02262 -2.9976 0.835294 0.835294 0.87451
vn 0.775197 0.605189 -0.181149
v -3.71528 1.97109 -2.91572 0.286275 0.294118 0.27451
vn 0.687165 -0.655642 -0.31295
v -3.82213 2.17763 -2.62439 0.454902 0.454902 0.462745
vn -0.384085 -0.129382 -0.914188
v -3.81958 2.17883 -2.91952 0.486275 0.478431 0.490196
vn 0.172229 0.286308 -0.942531
v -3.87368 2.07936 -2.97476 0.737255 0.74902 0.752941
vn 0.4081 0.36868 -0.835183
v -3.56781 1.96863 -3.01275 0.74902 0.772549 0.819608
vn -0.213746 0.0300203 0.976428
v -3.94319 2.23186 -2.83283 0.294118 0.290196 0.317647
vn 0.103021 0.189313 -0.976497
v -3.48426 1.92852 -2.96228 0.34902 0.364706 0.372549
vn 0.711466 -0.530233 -0.46116
v -3.7684 1.9245 -2.91913 0.596078 0.596078 0.572549
vn -0.607097 -0.770868 -0.192864
v -3.51433 1.64197 -3.52698 0.380392 0.364706 0.376471
vn -0.500611 -0.309837 -0.808325
v -3.75983 1.8731 -2.8596 0.470588 0.466667 0.45098
vn -0.505692 -0.83183 -0.228765
v -3.88777 2.28718 -2.93488 0.521569 0.513725 0.501961
vn -0.729554 0.433847 0.528704
v -3.44288 1.88076 -2.92529 0.133333 0.141176 0.145098
vn 0.469887 -0.430822 -0.770453
v -3.38575 2.2178 -3.14715 0.596078 0.596078 0.607843
vn -0.496878 -0.274231 0.823353
v -3.56863 1.87123 -2.91762 0.333333 0.333333 0.345098
vn -0.0432339 -0.875379 -0.4815
v -3.74223 2.19149 -2.90882 0.635294 0.607843 0.607843
vn 0.0530865 0.234532 -0.970658
v -3.3845 1.82668 -3.4424 0.352941 0.345098 0.34902
vn 0.731925 -0.634122 -0.249348
v -3.46827 2.0239 -3.33028 0.258824 0.258824 0.258824
vn 0.723211 -0.00654956 0.690597
v -3.61191 2.56265 -2.96746 0.054902 0.0627451 0.0588235
vn -0.312534 0.948236 0.056311
v -3.11775 1.81533 -3.52453 0.490196 0.486275 0.490196
vn 0.568755 0.294839 -0.767846
v -3.7336 2.2841 -3.11605 0.0235294 0.027451 0.027451
vn 0.246275 -0.109052 0.963045
v -3.4908 2.45716 -2.98203 0.192157 0.203922 0.207843
vn 0.100805 0.142631 0.984629
v -3.67292 2.48024 -2.97216 0.52549 0.52549 0.509804
vn -0.789397 0.607149 0.0906748
v -3.503 2.44324 -2.99318 0.345098 0.356863 0.364706
vn -0.0957235 -0.154288 0.983378
v -3.8729 2.22669 -3.16277 0.501961 0.494118 0.486275
vn -0.156018 -0.0862857 0.983978
v -3.46191 2.16946 -3.06304 0.839216 0.858824 0.898039
vn 0.0786811 0.25544 0.963618
v -3.78948 2.56427 -3.60006 0.545098 0.529412 0.517647
vn -0.147905 -0.314649 -0.937614
v -3.78575 2.38109 -2.98623 0.219608 0.215686 0.207843
vn -0.470854 0.733167 -0.490675
v -3.8287 2.32998 -2.95685 0.52549 0.509804 0.494118
vn -0.878226 0.396071 -0.268045
v -3.6408 2.28359 -3.03624 0.733333 0.756863 0.811765
vn 0.0306684 -0.769663 0.637714
v -3.27463 2.02817 -3.45576 0.384314 0.380392 0.380392
vn 0.603722 -0.493452 0.62612
v -3.83008 2.08894 -2.67762 0.403922 0.407843 0.427451
vn -0.836652 0.425427 -0.345002
v -3.83254 2.1257 -2.95576 0.615686 0.615686 0.615686
vn 0.179057 0.104517 -0.978271
v -3.91741 2.14353 -2.96165 0.47451 0.478431 0.501961
vn 0.889654 0.311654 -0.333746
v -3.78095 2.07335 -2.96756 0.752941 0.74902 0.741176
vn -0.524069 -0.318184 -0.790007
v -3.88913 2.07802 -2.97615 0.682353 0.686275 0.713725
vn 0.496749 0.361379 -0.789079
v -3.61815 2.01928 -2.96233 0.686275 0.690196 0.662745
vn -0.0428221 -0.992092 0.117979
v -3.89008 2.11537 -2.96351 0.639216 0.639216 0.643137
vn 0.720672 0.183173 -0.66864
v -3.76169 1.98397 -2.91711 0.366667 0.376471 0.382353
vn -0.596937 -0.146315 -0.788833
v -3.51519 1.92669 -2.97784 0.105882 0.113725 0.117647
vn 0.428547 -0.77327 -0.467333
v -3.9307 1.94665 -2.72851 0.439216 0.435294 0.45098
vn 0.51399 0.650907 0.558691
v -3.72615 1.92212 -2.97197 0.670588 0.670588 0.65098
vn -0.747303 -0.33498 -0.573869
v -3.62452 2.02572 -3.11323 0.717647 0.733333 0.780392
vn -0.367941 -0.235018 0.899659
v -3.56441 1.91124 -2.92818 0.462745 0.462745 0.494118
vn 0.00596442 -0.963055 -0.269238
v -3.53341 1.89189 -2.98803 0.0823529 0.0901961 0.0901961
vn 0.258325 -0.96519 0.0409347
v -3.76756 2.05671 -2.96266 0.745098 0.733333 0.713725
vn -0.192224 0.0388954 -0.98058
v -3.67142 2.02162 -3.04022 0.666667 0.682353 0.72549
vn -0.356105 -0.543854 -0.759876
v -3.6269 2.55988 -3.01646 0.235294 0.243137 0.243137
vn 0.0951346 0.979976 -0.174918
v -3.58212 2.52482 -3.03264 0.615686 0.623529 0.623529
vn 0.397521 0.893406 0.20929
v -3.95275 2.45034 -3.51938 0.47451 0.462745 0.454902
vn 0.534872 0.625277 -0.568278
v -3.71033 2.53104 -3.03616 0.372549 0.364706 0.368627
vn -0.712174 0.422518 0.560613
v -3.81951 1.96459 -2.96576 0.627451 0.623529 0.635294
vn -0.0152519 -0.52637 -0.850119
v -3.66249 1.88435 -3.06415 0.0745098 0.0823529 0.0823529
vn -0.121274 -0.898716 -0.421429
v -3.83755 2.02977 -2.96392 0.545098 0.552941 0.580392
vn 0.178829 -0.255021 -0.950255
v -3.90866 2.37246 -2.72231 0.262745 0.270588 0.278431
vn -0.657577 0.744552 -0.115038
v -3.3992 1.44519 -3.53928 0.501961 0.494118 0.494118
vn 0.0251831 0.306012 -0.951694
v -3.5117 2.44882 -3.0023 0.176471 0.184314 0.192157
vn -0.0957235 -0.154288 0.983378
v -3.6422 2.42703 -3.01882 0.654902 0.654902 0.654902
vn 0.80668 0.15395 0.570584
v -3.7332 2.42901 -3.02822 0.411765 0.407843 0.4
vn -0.686691 0.680549 0.255557
v -3.33468 2.0284 -3.11715 0.4 0.396078 0.396078
vn 0.602069 -0.231232 -0.764228
v -3.48803 2.50903 -3.03149 0.435294 0.435294 0.458824
vn 0.418131 0.748915 0.514094
v -3.61862 1.93335 -3.17837 0.223529 0.223529 0.223529
vn 0.339462 -0.935135 0.10143
v -3.70924 2.3717 -3.01502 0.231373 0.243137 0.258824
vn -0.290947 -0.357298 0.887518
v -3.72924 2.48945 -2.8404 0.270588 0.282353 0.301961
vn -0.302937 0.310482 -0.901016
v -3.72594 1.82716 -3.56225 0.372549 0.356863 0.364706
vn 0.0313169 0.148671 -0.988391
v -3.32359 2.12465 -3.53635 0.496078 0.480392 0.47451
vn 0.430259 -0.125432 -0.893949
v -3.73557 2.33509 -3.02676 0.639216 0.647059 0.690196
vn -0.133158 -0.451379 0.882341
v -3.38079 2.26315 -3.04583 0.494118 0.509804 0.556863
vn -0.500879 -0.24661 0.829641
v -3.82178 2.0404 -2.681 0.419608 0.415686 0.427451
vn -0.241064 0.531811 -0.811828
v -3.64112 2.47618 -2.92346 0.615686 0.611765 0.596078
vn -0.666678 0.745345 0.000729429
v -3.36459 2.21383 -3.04305 0.54902 0.568627 0.623529
vn -0.279199 0.0246012 0.959918
v -3.70488 2.27501 -3.09706 0.815686 0.839216 0.901961
vn 0.266907 0.493313 0.827891
v -3.34657 2.18019 -3.03867 0.0745098 0.0705882 0.0705882
vn -0.109811 -0.0336296 0.993383
v -3.33858 2.13211 -3.03699 0.313725 0.301961 0.309804
vn 0.247062 -0.0225798 0.968737
v -3.37274 2.1246 -3.03446 0.705882 0.721569 0.772549
vn 0.261034 0.147405 0.954009
v -3.86122 2.11395 -3.13661 0.639216 0.631373 0.643137
vn -0.797845 -0.265179 0.541408
v -3.06792 1.72505 -3.52545 0.423529 0.419608 0.427451
vn 0.607782 0.163779 -0.777031
v -3.92244 2.06499 -3.01628 0.619608 0.623529 0.639216
vn 0.95472 0.136897 -0.264138
v -3.34226 2.02232 -3.03422 0.6 0.533333 0.513725
vn -0.669107 0.371968 -0.643378
v -3.72345 2.04885 -3.00063 0.729412 0.729412 0.721569
vn -0.646649 -0.735844 -0.200944
v -3.71216 1.88652 -2.96493 0.14902 0.156863 0.160784
vn -0.650251 -0.583193 -0.486887
v -3.48471 1.96475 -3.0405 0.658824 0.666667 0.686275
vn -0.0129374 -0.811781 -0.583819
v -3.86555 2.31569 -3.16267 0.607843 0.619608 0.643137
vn 0.110356 -0.110289 0.987754
v -3.61807 1.98432 -3.02822 0.313725 0.321569 0.317647
vn 0.0194502 -0.936947 0.348929
v -3.66788 1.98024 -3.01928 0.0941176 0.113725 0.113725
vn -0.751631 -0.382881 -0.537078
v -3.39533 1.595 -3.336 0.360784 0.34902 0.364706
vn 0.940778 -0.211975 -0.264583
v -3.70804 1.95795 -3.00711 0.0156863 0.0235294 0.0196078
vn -0.832367 -0.116564 -0.541829
v -3.48749 1.93456 -3.02493 0.490196 0.501961 0.52549
vn 0.950675 -0.162553 0.264184
v -3.70966 2.23134 -3.0934 0.8 0.819608 0.862745
vn -0.112031 0.0114529 0.993639
v -3.43745 1.78023 -3.37966 0.643137 0.627451 0.623529
vn 0.82116 -0.566499 -0.0691014
v -3.56795 1.89957 -2.90264 0.333333 0.337255 0.372549
vn -0.0522233 -0.898514 -0.435827
v -3.69323 2.03531 -2.94668 0.454902 0.372549 0.321569
vn 0.142977 0.336959 -0.9306
v -4.38483 2.03322 -3.60282 0.368627 0.34902 0.352941
vn -0.304443 0.0802983 -0.94914
v -3.70801 1.89737 -3.00363 0.486275 0.501961 0.529412
vn -0.744591 -0.576078 -0.337222
v -3.52791 1.84123 -3.01439 0.576471 0.564706 0.560784
vn -0.0935461 -0.957081 0.274307
v -3.62316 2.46175 -3.22022 0.145098 0.137255 0.137255
vn -0.479425 0.793247 -0.375382
v -3.43833 2.31348 -3.09504 0.556863 0.564706 0.592157
vn -0.352685 -0.164314 0.921203
v -3.88235 2.33756 -2.7202 0.490196 0.482353 0.486275
vn -0.982144 -0.0372013 -0.184416
v -3.27005 2.06687 -3.57024 0.584314 0.572549 0.564706
vn 0.310809 0.295174 -0.903477
v -3.71117 2.01828 -3.07228 0.670588 0.682353 0.717647
vn -0.522828 -0.341233 0.78116
v -3.59305 2.41709 -3.07817 0.541176 0.556863 0.568627
vn 0.226555 -0.61989 0.751272
v -3.73501 2.43531 -3.07358 0.368627 0.380392 0.396078
vn -0.644974 0.761786 -0.0607549
v -3.68 1.86724 -2.93206 0.309804 0.317647 0.329412
vn -0.371666 -0.877715 -0.302457
v -3.50597 2.67149 -3.52179 0.141176 0.137255 0.141176
vn -0.127716 -0.067808 -0.98949
v -3.71701 2.06431 -2.88509 0.403922 0.411765 0.423529
vn -0.518822 -0.841223 0.152209
v -3.41486 2.36494 -3.05753 0.486275 0.47451 0.486275
vn -0.498494 -0.708827 0.499066
v -3.5248 2.37684 -3.07181 0.815686 0.823529 0.831373
vn -0.37012 0.0443763 0.927923
v -3.61208 2.37947 -3.0624 0.552941 0.568627 0.588235
vn 0.554078 0.515112 0.653955
v -3.72348 2.46778 -2.93733 0.701961 0.690196 0.670588
vn -0.259267 0.929184 -0.263434
v -3.81865 2.37797 -3.07847 0.6 0.611765 0.639216
vn -0.685602 0.348108 0.639352
v -3.47684 2.546 -3.5757 0.227451 0.219608 0.227451
vn 0.171195 0.1248 -0.977301
v -3.71566 1.9694 -3.11968 0.552941 0.556863 0.576471
vn -0.283729 0.0399227 0.958073
v -3.52764 2.00936 -3.02311 0.631373 0.647059 0.670588
vn 0.288921 0.608758 0.738877
v -3.86216 2.31878 -3.08588 0.639216 0.643137 0.670588
vn -0.7008 -0.172356 0.692224
v -3.78041 2.28184 -3.08406 0.568627 0.584314 0.623529
vn -0.263728 -0.382998 0.885303
v -3.3604 2.21715 -3.0652 0.603922 0.627451 0.678431
vn -0.302375 0.0403329 0.952335
v -3.34587 2.18341 -3.05985 0.701961 0.72549 0.788235
vn -0.382481 -0.0722436 0.921135
v -3.46771 2.52004 -3.52666 0.0588235 0.0627451 0.0627451
vn -0.785387 -0.381213 -0.487693
v -3.98561 2.27402 -3.5811 0.4 0.380392 0.384314
vn 0.441092 0.110366 -0.89065
v -3.92078 2.73296 -3.53031 0.631373 0.623529 0.611765
vn 0.222077 -0.0925434 -0.970627
v -3.73492 2.16181 -3.08307 0.678431 0.694118 0.733333
vn -0.23577 0.244991 0.940421
v -3.48376 2.07033 -3.32491 0.513725 0.501961 0.513725
vn 0.785625 0.215439 0.579983
v -3.77151 2.1228 -3.08565 0.729412 0.741176 0.776471
vn -0.385061 -0.0102239 0.922834
v -3.75137 2.16682 -2.92285 0.658824 0.631373 0.631373
vn 0.470749 0.288094 -0.833905
v -3.34516 2.07656 -3.07481 0.423529 0.443137 0.486275
vn -0.995453 -0.0475223 -0.0825522
v -3.35605 2.17163 -3.07543 0.372549 0.396078 0.439216
vn -0.203177 -0.364587 0.908733
v -3.37482 2.07904 -3.06696 0.572549 0.588235 0.631373
vn 0.432952 -0.426616 0.794073
v -3.46993 2.05966 -3.08971 0 0 0
vn -0.107813 -0.484587 0.868074
v -3.73689 2.08684 -3.08166 0.686275 0.701961 0.741176
vn -0.488355 -0.00146383 0.872644
v -3.52208 1.79764 -2.86487 0.345098 0.356863 0.376471
vn -0.245455 -0.00605032 -0.969389
v -3.47723 2.02927 -3.07096 0.784314 0.8 0.839216
vn 0.41294 -0.484738 0.771044
v -4.05812 2.03868 -3.56635 0.513725 0.501961 0.486275
vn -0.0390081 -0.0726006 -0.996598
v -3.51659 2.01933 -3.07198 0.623529 0.647059 0.682353
vn 0.513871 0.0492837 0.856451
v -3.31068 2.22239 -3.43819 0.345098 0.337255 0.345098
vn 0.731971 -0.597516 -0.327404
v -3.58649 2.02368 -3.05933 0.470588 0.482353 0.501961
vn -0.327782 0.319696 0.889018
v -3.68198 2.01486 -3.07587 0.643137 0.658824 0.694118
vn -0.735963 -0.243956 0.631541
v -3.34358 1.98381 -3.07095 0.45098 0.466667 0.498039
vn 0.194262 -0.980949 -0.000571509
v -3.52806 1.97367 -3.08366 0.270588 0.278431 0.298039
vn 0.391394 -0.919763 0.0290836
v -3.71907 2.51585 -2.85543 0.368627 0.356863 0.372549
vn -0.315168 0.51859 -0.794817
v -4.03516 2.47597 -3.52431 0.545098 0.529412 0.521569
vn 0.161653 0.00456372 -0.986837
v -3.66525 1.98321 -3.0704 0.384314 0.396078 0.407843
vn -0.531453 -0.633647 0.562183
v -3.55076 2.6303 -3.51547 0.521569 0.513725 0.509804
vn -0.0461937 0.0284653 -0.998527
v -3.32816 1.97425 -3.56175 0.533333 0.529412 0.517647
vn -0.152141 0.152705 -0.976491
v -3.57065 1.93048 -3.08882 0.231373 0.231373 0.235294
vn 0.439748 -0.641227 -0.628848
v -3.8106 2.58675 -3.58784 0.572549 0.556863 0.541176
vn 0.174199 -0.335869 -0.92566
v -3.574 1.92348 -3.05822 0.576471 0.6 0.639216
vn 0.941099 -0.0714837 -0.330488
v -3.71518 1.92844 -3.09005 0.439216 0.447059 0.462745
vn 0.0217551 -0.835364 -0.549267
v -3.62367 1.89315 -3.06556 0.203922 0.215686 0.219608
vn -0.322175 -0.827365 -0.460076
v -3.27105 2.41742 -3.55069 0.568627 0.541176 0.52549
vn 0.0512452 0.107993 -0.99283
v -3.82304 1.97131 -2.76877 0.411765 0.415686 0.431373
vn -0.212139 -0.0599912 -0.975396
v -3.34374 2.31819 -3.52739 0.27451 0.262745 0.278431
vn 0.154758 -0.0568171 -0.986317
v -3.44035 1.42575 -3.55767 0.490196 0.478431 0.482353
vn -0.136656 0.103787 -0.985167
v -3.62429 2.06339 -3.08036 0.8 0.823529 0.854902
vn -0.402341 0.25275 0.879909
v -3.56748 2.4608 -3.54839 0.627451 0.623529 0.635294
vn 0.643085 -0.364946 -0.673243
v -3.68413 2.52055 -3.13489 0.160784 0.156863 0.152941
vn -0.862207 -0.503658 -0.0541019
v -3.53143 1.79636 -3.44231 0.360784 0.34902 0.352941
vn 0.584675 -0.417115 -0.695824
v -3.58586 2.48316 -3.12029 0.662745 0.65098 0.631373
vn -0.41519 -0.346578 0.841131
v -3.63247 2.42299 -3.17908 0.533333 0.533333 0.545098
vn 0.641493 0.74616 0.178134
v -3.71579 2.47641 -3.13295 0.0941176 0.0941176 0.0901961
vn -0.418835 0.52247 0.742699
v -3.6309 2.41716 -3.11851 0.490196 0.482353 0.466667
vn 0.0843583 0.795787 0.599673
v -3.45495 1.40324 -3.5276 0.32549 0.321569 0.321569
vn -0.074836 -0.0770473 -0.994215
v -3.36966 2.07539 -3.43979 0.27451 0.270588 0.282353
vn 0.515797 0.000545588 0.85671
v -3.72831 2.4267 -3.12973 0.152941 0.14902 0.145098
vn -0.420308 0.828899 -0.369144
v -3.77698 2.41633 -3.11964 0.384314 0.380392 0.388235
vn -0.572225 0.763574 0.299188
v -3.88383 2.32331 -2.87508 0.301961 0.301961 0.298039
vn -0.938257 0.306955 0.159541
v -3.78517 2.37962 -3.13147 0.427451 0.419608 0.423529
vn 0.0957492 -0.275008 0.956662
v -3.61687 2.39087 -3.10486 0.772549 0.780392 0.823529
vn 0.148456 0.179385 0.972513
v -3.82202 2.37554 -3.12955 0.505882 0.501961 0.521569
vn 0.379682 -0.343448 0.859003
v -3.61177 2.56525 -2.92832 0.113725 0.117647 0.117647
vn -0.758396 0.644234 0.0989889
v -3.62532 2.50499 -2.87807 0.627451 0.619608 0.615686
vn -0.65539 0.316714 -0.685679
v -3.36981 2.23096 -3.53156 0.407843 0.396078 0.4
vn 0.50539 -0.0281576 -0.862431
v -3.74319 1.87999 -3.45122 0.133333 0.137255 0.133333
vn 0.219782 -0.973521 0.0628695
v -3.69957 2.30058 -3.11459 0.0588235 0.0666667 0.0705882
vn -0.363574 -0.105145 0.925612
v -3.87072 2.27227 -2.61792 0.407843 0.407843 0.411765
vn -0.423181 -0.149122 -0.893689
v -3.41575 2.25431 -3.10209 0.658824 0.67451 0.717647
vn -0.629919 -0.419989 0.653308
v -3.85645 2.06251 -3.52277 0.411765 0.396078 0.392157
vn 0.0782296 -0.0637473 -0.994895
v -3.72996 2.17655 -3.56263 0.458824 0.443137 0.439216
vn 0.0809369 -0.116005 -0.989945
v -3.87248 2.27765 -3.12983 0.611765 0.615686 0.639216
vn -0.420265 -0.213713 0.881875
v -3.44023 1.44135 -3.53567 0.568627 0.560784 0.560784
vn -0.0944918 0.188024 -0.977608
v -3.92952 2.27882 -3.13814 0.72549 0.690196 0.67451
vn -0.865152 -0.188585 0.464702
v -3.4824 2.4757 -3.09669 0.427451 0.411765 0.4
vn 0.427356 -0.373739 0.823217
v -3.88118 2.16875 -2.96975 0.407843 0.415686 0.431373
vn 0.211082 0.0341499 -0.976872
v -3.85939 2.2138 -3.1351 0.690196 0.682353 0.682353
vn -0.776748 0.057792 0.627154
v -3.47111 1.87434 -2.88797 0.227451 0.231373 0.247059
vn -0.00136371 -0.446083 -0.894991
v -3.98523 2.33557 -2.63868 0.788235 0.792157 0.784314
vn 0.195153 -0.0845211 -0.977124
v -3.90322 2.24673 -3.1438 0.627451 0.615686 0.607843
vn -0.859451 -0.15882 0.485923
v -3.76105 2.02057 -2.96977 0.521569 0.317647 0.192157
vn -0.22084 0.0205967 -0.975093
v -3.63094 2.07262 -3.10851 0.8 0.831373 0.87451
vn -0.103408 0.106952 0.988872
v -3.82627 2.05927 -2.93926 0.572549 0.556863 0.533333
vn -0.174738 -0.0337265 -0.984037
v -3.70423 1.91142 -3.01418 0.313725 0.317647 0.321569
vn -0.668651 -0.642122 -0.374948
v -4.12728 2.43732 -3.5739 0.564706 0.541176 0.533333
vn -0.0526184 0.218316 -0.974458
v -3.47447 2.01386 -3.11341 0 0 0
vn 0.268853 -0.459423 0.846551
v -3.64825 2.00282 -3.10498 0.133333 0.133333 0.133333
vn -0.0600491 -0.424071 0.903636
v -3.31095 1.68753 -3.55047 0.466667 0.458824 0.462745
vn -0.106518 0.22148 -0.96933
v -3.67431 1.86516 -2.9814 0.215686 0.219608 0.219608
vn -0.379439 -0.88305 -0.27613
v -3.7332 1.97488 -2.94036 0.352941 0.290196 0.25098
vn -0.653762 -0.0918812 -0.751101
v -4.48765 1.98601 -3.57693 0.462745 0.45098 0.454902
vn -0.101504 -0.147544 -0.983833
v -3.86981 2.21212 -2.66449 0.207843 0.207843 0.207843
vn -0.609778 0.290309 -0.73749
v -3.38673 1.98749 -3.11488 0.478431 0.482353 0.490196
vn 0.221768 -0.740464 -0.634454
v -3.4319 1.98012 -3.10826 0.552941 0.54902 0.560784
vn 0.132309 -0.817463 -0.560579
v -3.58577 1.96233 -3.123 0.231373 0.235294 0.231373
vn 0.0981514 -0.991596 0.0842791
v -3.327 2.16835 -3.48843 0.427451 0.415686 0.407843
vn 0.775375 -0.545392 -0.318341
v -3.67018 1.96657 -3.12602 0.380392 0.380392 0.384314
vn 0.106434 -0.244261 0.963851
v -3.58687 2.3217 -3.03164 0.47451 0.466667 0.458824
vn 0.424395 0.376828 0.823341
v -3.61754 1.93104 -3.13123 0.12549 0.12549 0.12549
vn -0.407299 -0.898738 -0.16241
v -3.71527 1.92719 -3.1179 0.443137 0.435294 0.435294
vn -0.0379887 -0.64637 -0.762078
v -3.51334 1.81511 -3.53205 0.329412 0.317647 0.329412
vn -0.263285 0.758158 -0.596554
v -3.7536 1.93979 -3.10528 0.607843 0.623529 0.65098
vn -0.286813 0.0233449 0.957702
v -3.58925 2.07691 -3.10647 0.768627 0.788235 0.835294
vn -0.104965 0.0777194 0.991434
v -3.64049 1.9236 -2.97647 0.329412 0.329412 0.32549
vn -0.233148 -0.216328 -0.948074
v -3.33231 2.14265 -3.35692 0.278431 0.266667 0.286275
vn 0.959561 -0.253573 0.122244
v -4.02913 2.62901 -3.56551 0.537255 0.52549 0.517647
vn 0.238255 -0.353309 -0.904659
v -3.42354 2.29366 -3.03176 0.662745 0.682353 0.733333
vn -0.268612 -0.249712 0.930318
v -3.58343 2.12445 -3.04386 0.745098 0.772549 0.823529
vn -0.317714 0.165086 0.933705
v -3.7193 2.50704 -3.18338 0.0509804 0.0509804 0.0509804
vn -0.996954 0.0413528 0.0661254
v -3.75928 2.47252 -3.17905 0.466667 0.447059 0.439216
vn -0.642851 0.70461 0.300447
v -3.85806 2.12711 -2.77125 0.360784 0.352941 0.360784
vn -0.939176 -0.171036 0.297816
v -3.76022 2.52155 -2.8569 0.384314 0.380392 0.4
vn -0.260841 0.190782 -0.946342
v -3.68612 2.46881 -2.8614 0.317647 0.317647 0.345098
vn -0.364044 0.450621 -0.815115
v -3.67005 1.84055 -2.86201 0.376471 0.380392 0.403922
vn -0.575585 -0.513635 -0.636302
v -3.82062 2.3696 -3.08816 0.694118 0.721569 0.74902
vn -0.470414 0.35263 0.808927
v -3.61102 2.39028 -3.12612 0.486275 0.505882 0.52549
vn -0.491396 -0.156288 0.856799
v -3.83018 2.27226 -3.16687 0.537255 0.533333 0.560784
vn -0.0643475 0.0670978 0.995669
v -3.23672 2.22171 -3.53549 0.521569 0.505882 0.498039
vn 0.783422 -0.205642 -0.586482
v -3.81911 2.33239 -3.08741 0.694118 0.713725 0.741176
vn -0.26199 0.0141154 0.964967
v -3.96873 2.32397 -2.66283 0.305882 0.313725 0.313725
vn 0.141953 -0.287401 -0.947233
v -3.78107 2.23048 -3.17148 0.580392 0.568627 0.564706
vn -0.261786 0.0523822 0.963703
v -3.43941 1.92542 -2.96281 0.133333 0.141176 0.137255
vn 0.625751 -0.657451 -0.419755
v -3.80914 2.2172 -3.17259 0.572549 0.568627 0.592157
vn -0.103345 0.002633 0.994642
v -3.32465 1.72957 -3.50898 0.568627 0.556863 0.560784
vn -0.0783452 -0.152902 -0.985131
v -3.34657 2.13074 -3.07157 0.501961 0.52549 0.572549
vn -0.770764 0.00467248 0.637103
v -3.58269 1.86585 -3.52435 0.470588 0.462745 0.458824
vn 0.274432 -0.0941998 -0.956981
v -3.77542 2.43578 -2.83801 0.372549 0.372549 0.380392
vn -0.0823418 0.437196 -0.895589
v -3.38458 2.36568 -3.06259 0.376471 0.364706 0.376471
vn 0.825634 0.544258 -0.148701
v -3.57485 1.93758 -3.11594 0.305882 0.301961 0.298039
vn 0.508611 -0.834374 -0.212452
v -3.82227 2.07134 -3.16715 0.462745 0.470588 0.498039
vn -0.676392 -0.279915 0.681279
v -3.53154 2.0223 -3.06232 0.768627 0.792157 0.827451
vn 0.106004 -0.233809 0.966487
v -3.50796 1.39989 -3.55246 0.560784 0.541176 0.541176
vn -0.11768 0.037929 -0.992327
v -3.53961 1.93348 -3.18871 0.278431 0.270588 0.270588
vn 0.316392 -0.948048 -0.0331751
v -3.58866 1.93993 -3.18743 0.152941 0.156863 0.152941
vn 0.433996 -0.897197 0.0817624
v -3.59024 1.88943 -3.16343 0.270588 0.266667 0.266667
vn 0.707296 -0.666852 -0.234607
v -3.80971 2.43618 -2.84029 0.388235 0.372549 0.380392
vn -0.692064 0.710656 -0.126551
v -3.66957 1.79628 -2.82868 0.372549 0.372549 0.388235
vn -0.205082 0.0862129 -0.97494
v -3.73838 2.20793 -2.89786 0.572549 0.552941 0.560784
vn -0.0551011 0.0886042 -0.994542
v -3.72976 2.51037 -3.22442 0.278431 0.27451 0.266667
vn -0.352684 -0.714164 0.604636
v -3.81342 2.51005 -3.23553 0.270588 0.266667 0.266667
vn -0.647328 0.44649 0.617748
v -3.58445 2.46536 -3.24177 0.184314 0.184314 0.180392
vn -0.584861 0.697813 -0.413516
v -3.66736 2.47357 -3.21762 0.376471 0.364706 0.360784
vn 0.547191 0.833558 0.0759131
v -3.38756 2.05487 -3.44102 0.301961 0.301961 0.298039
vn 0.456354 0.350239 0.817969
v -3.46892 2.47942 -3.11494 0.341176 0.341176 0.341176
vn 0.137411 -0.597037 0.790358
v -3.63209 2.43539 -3.22296 0.0941176 0.0941176 0.0901961
vn -0.831624 0.172059 -0.528012
v -3.42854 1.46844 -3.57027 0.505882 0.494118 0.501961
vn -0.00541507 0.262589 -0.964893
v -3.27228 2.4351 -3.53153 0.564706 0.541176 0.517647
vn 0.0507063 0.110014 -0.992636
v -3.63255 2.53011 -2.8748 0.454902 0.431373 0.435294
vn -0.581722 0.0953222 -0.807783
v -3.65311 1.92928 -3.07065 0.309804 0.321569 0.337255
vn -0.719111 -0.667025 -0.194824
v -3.57131 1.92887 -3.55828 0.403922 0.396078 0.392157
vn -0.260503 0.0570739 -0.963785
v -3.66929 1.78351 -2.86325 0.45098 0.447059 0.45098
vn -0.312352 -0.312198 -0.897201
v -3.82356 2.1791 -3.08679 0.721569 0.729412 0.760784
vn -0.318448 -0.0613984 0.94595
v -3.62031 1.98221 -3.12936 0.352941 0.356863 0.360784
vn -0.0282991 -0.979851 0.197716
v -3.81512 2.41149 -2.96041 0.235294 0.231373 0.227451
vn -0.612785 0.698552 -0.369485
v -3.73171 2.17987 -3.08571 0.701961 0.721569 0.772549
vn -0.494733 0.158167 0.854531
v -4.18013 2.46811 -3.52864 0.627451 0.611765 0.603922
vn -0.150152 0.115098 -0.98194
v -3.87317 2.57305 -3.57432 0.513725 0.494118 0.486275
vn -0.452731 -0.396305 -0.798734
v -3.53006 1.82127 -2.86017 0.431373 0.431373 0.454902
vn -0.117289 -0.200234 -0.972702
v -3.31634 2.01317 -3.55689 0.541176 0.533333 0.52549
vn -0.0568707 -0.0966825 -0.993689
v -4.07826 2.17271 -3.57808 0.539216 0.509804 0.496078
vn 0.375457 -0.219957 -0.900362
v -3.43356 1.96427 -2.9242 0.376471 0.384314 0.396078
vn 0.249004 -0.810885 -0.529586
v -3.81889 2.40962 -3.12473 0.372549 0.368627 0.384314
vn 0.243561 -0.490976 0.836433
v -3.53094 1.96045 -3.23297 0.266667 0.266667 0.266667
vn 0.62245 -0.723351 0.298864
v -3.74003 2.41928 -2.93485 0.705882 0.694118 0.67451
vn -0.31375 0.852059 -0.418995
v -3.32382 2.08059 -3.43949 0.333333 0.333333 0.341176
vn 0.556435 -0.111131 0.823426
v -3.63332 2.47365 -3.57884 0.498039 0.486275 0.486275
vn 0.778876 -0.388212 -0.492589
v -3.62406 1.93868 -3.22402 0.352941 0.34902 0.345098
vn 0.313831 -0.949285 0.0191774
v -3.66619 1.91771 -3.23897 0.415686 0.407843 0.4
vn 0.815053 -0.335491 -0.472372
v -3.47995 2.31912 -3.57281 0.478431 0.478431 0.490196
vn -0.164258 0.105322 -0.980779
v -3.3552 2.12255 -3.06775 0.427451 0.435294 0.462745
vn -0.960085 0.0392004 0.27695
v -4.12185 2.16404 -3.60131 0.533333 0.501961 0.498039
vn 0.800894 -0.265948 -0.536508
v -3.43125 2.07721 -3.02331 0.694118 0.721569 0.768627
vn -0.173259 0.0164154 0.984739
v -3.8257 2.50591 -3.28393 0.188235 0.184314 0.188235
vn -0.745042 0.597335 0.296822
v -3.67656 1.84645 -3.2285 0.192157 0.188235 0.188235
vn 0.745513 -0.518616 -0.418627
v -3.63351 2.16656 -3.53109 0.337255 0.333333 0.341176
vn -0.0105216 -0.137615 -0.99043
v -3.85465 2.40752 -2.87654 0.447059 0.447059 0.439216
vn -0.816899 0.569526 -0.0911868
v -3.31245 2.61645 -3.28105 0.588235 0.564706 0.552941
vn -0.438907 0.777207 0.4509
v -3.77449 2.01825 -2.75602 0.392157 0.4 0.415686
vn -0.0672936 0.728032 -0.682233
v -3.27418 2.573 -3.27508 0.564706 0.545098 0.552941
vn -0.438907 0.777207 0.4509
v -3.73624 1.93811 -2.86057 0.341176 0.341176 0.345098
vn 0.126277 -0.437034 -0.890537
v -3.26695 2.22693 -3.43249 0.427451 0.427451 0.435294
vn 0.57954 -0.542026 0.608557
v -3.71882 1.98118 -3.57422 0.407843 0.4 0.384314
vn 0.22483 -0.0213926 -0.974163
v -4.44694 1.97821 -3.59742 0.466667 0.458824 0.462745
vn -0.0558842 -0.160938 -0.985381
v -3.6267 1.76188 -2.86528 0.541176 0.533333 0.533333
vn 0.0373552 -0.419047 -0.907196
v -3.78417 2.48695 -3.26814 0.141176 0.137255 0.137255
vn -0.632263 0.613264 0.473446
v -3.57036 2.03934 -2.98967 0.529412 0.537255 0.564706
vn 0.327173 0.84394 0.425116
v -3.34296 2.02083 -3.06834 0.478431 0.498039 0.541176
vn -0.895622 0.284384 -0.342033
v -3.81297 1.96646 -3.58199 0.376471 0.360784 0.34902
vn -0.138525 0.00652004 -0.990338
v -3.58856 2.44111 -3.27156 0.27451 0.266667 0.266667
vn -0.764275 0.48466 -0.425428
v -3.76701 2.12758 -3.12135 0.678431 0.694118 0.72549
vn -0.600072 0.164939 0.782757
v -3.56726 1.9077 -2.99104 0.478431 0.486275 0.505882
vn -0.00334768 -0.997284 -0.0735714
v -3.86752 2.59596 -3.62246 0.509804 0.498039 0.494118
vn -0.441196 -0.135379 -0.887141
v -3.48733 1.87283 -3.01077 0.14902 0.156863 0.156863
vn 0.602248 -0.788677 -0.123634
v -3.88632 2.69322 -3.53414 0.513725 0.490196 0.478431
vn -0.0225017 0.0839654 -0.996215
v -3.76467 2.01632 -2.8876 0.32549 0.341176 0.343137
vn -0.141884 0.387904 -0.910714
v -3.64174 2.24234 -3.57819 0.423529 0.415686 0.423529
vn 0.211557 -0.401934 -0.890894
v -3.98516 2.48709 -3.54678 0.435294 0.419608 0.423529
vn -0.0737161 -0.0510563 -0.995971
v -3.6958 2.47888 -2.8395 0.392157 0.396078 0.407843
vn -0.262644 0.292799 -0.919395
v -3.95382 2.15668 -2.95161 0.709804 0.733333 0.768627
vn 0.933245 0.104166 0.343806
v -3.22138 2.38545 -3.53249 0.560784 0.533333 0.52549
vn -0.170491 0.0544413 -0.983854
v -3.34944 2.05074 -3.43404 0.309804 0.305882 0.317647
vn 0.557053 -0.259305 0.788956
v -3.54541 1.89896 -3.35579 0.4 0.380392 0.388235
vn -0.0717409 -0.686679 0.723412
v -3.58484 2.53076 -2.89283 0.164706 0.172549 0.188235
vn -0.877123 0.471496 -0.0913592
v -3.81715 2.28253 -3.12068 0.6 0.603922 0.643137
vn 0.212792 -0.433662 0.875589
v -3.90744 2.17354 -2.88524 0.337255 0.352941 0.364706
vn 0.711861 -0.0896061 -0.696581
v -3.70611 1.97763 -3.08011 0.627451 0.627451 0.627451
vn -0.529252 -0.267659 0.805141
v -4.03381 2.52552 -3.56319 0.521569 0.505882 0.494118
vn 0.075807 0.0172995 -0.996972
v -4.42513 2.02164 -3.60414 0.360784 0.345098 0.352941
vn -0.198802 -0.109577 -0.973895
v -3.38177 2.33671 -3.10515 0.572549 0.552941 0.552941
vn -0.631552 -0.338042 0.697761
v -3.49472 1.48184 -3.45592 0.313725 0.305882 0.309804
vn 0.633953 -0.728623 0.259253
v -3.76892 2.41608 -3.16282 0.54902 0.529412 0.513725
vn -0.592668 0.707949 0.384126
v -3.37938 2.01857 -3.4276 0.282353 0.27451 0.286275
vn 0.843869 0.181243 0.505011
v -3.58802 2.47246 -3.07212 0.501961 0.509804 0.52549
vn -0.661309 0.296135 0.689184
v -3.83614 2.4205 -3.27238 0.560784 0.545098 0.541176
vn -0.787654 0.349578 0.507342
v -3.9719 2.33575 -3.54446 0.364706 0.356863 0.352941
vn 0.271915 0.253107 -0.928439
v -3.72044 2.95428 -3.51287 0.752941 0.74902 0.72549
vn 0.544255 0.240941 -0.803576
v -3.83967 2.40676 -2.72925 0.678431 0.662745 0.643137
vn -0.631047 0.730713 -0.260456
v -4.05797 1.98965 -3.55692 0.537255 0.52549 0.509804
vn -0.053892 0.0407726 -0.997714
v -3.76443 2.51006 -3.22965 0.192157 0.188235 0.184314
vn -0.342236 -0.670449 0.658311
v -3.91144 1.86191 -3.55086 0.156863 0.14902 0.14902
vn -0.0550616 0.166635 -0.98448
v -3.47913 2.46117 -3.05622 0.501961 0.490196 0.501961
vn 0.418421 0.906271 -0.0599667
v -3.7613 1.89316 -2.92108 0.32549 0.32549 0.317647
vn -0.580918 -0.753471 -0.307921
v -3.37554 1.82332 -3.43254 0.419608 0.411765 0.419608
vn 0.809502 -0.561849 -0.17039
v -3.58156 2.47813 -3.01983 0.345098 0.34902 0.372549
vn 0.144431 -0.246537 0.958311
v -3.80269 1.82197 -3.56546 0.458824 0.443137 0.431373
vn -0.0823054 -0.0225419 -0.996352
v -3.75934 1.74771 -3.56922 0.133333 0.129412 0.129412
vn 0.0824805 0.150711 -0.985131
v -3.82877 2.83147 -3.53871 0.592157 0.568627 0.556863
vn 0.123518 -0.0188156 -0.992164
v -3.44951 1.89884 -3.43143 0.301961 0.294118 0.305882
vn 0.999219 -0.0104244 0.0381164
v -4.09901 2.58034 -3.54779 0.54902 0.545098 0.533333
vn -0.0105119 -0.174458 -0.984608
v -3.05222 1.80189 -3.49774 0.407843 0.4 0.4
vn 0.39462 0.192381 -0.898479
v -4.10878 2.27115 -3.63668 0.494118 0.47451 0.478431
vn -0.228959 0.530462 -0.816203
v -3.57783 2.36881 -3.07735 0.756863 0.776471 0.8
vn -0.314597 0.433523 0.844445
v -3.49563 2.00841 -3.03329 0.690196 0.705882 0.737255
vn 0.803782 0.390892 0.448484
v -3.86644 2.72594 -3.53116 0.564706 0.541176 0.529412
vn 0.0455824 -0.101642 -0.993776
v -3.88361 2.1109 -2.66403 0.772549 0.760784 0.737255
vn -0.800409 0.347056 -0.488771
v -4.03217 2.8805 -3.53708 0.458824 0.458824 0.45098
vn -0.542026 0.0702147 -0.837423
v -3.35829 2.16302 -3.04012 0.6 0.619608 0.670588
vn -0.166085 0.0898327 0.982011
v -3.96546 2.41577 -3.67638 0.415686 0.403922 0.4
vn 0.277469 0.224681 -0.934093
v -4.039 2.22835 -3.57428 0.454902 0.431373 0.423529
vn -0.0183618 -0.0630333 -0.997842
v -3.69215 1.83904 -3.25801 0.0745098 0.0784314 0.0745098
vn 0.681705 -0.533418 -0.500743
v -3.53934 2.61129 -3.50071 0.568627 0.552941 0.568627
vn 0.438055 0.082664 -0.89514
v -3.98437 2.21867 -3.54391 0.556863 0.521569 0.521569
vn 0.262287 0.139678 -0.954828
v -3.50163 1.84157 -2.90121 0.521569 0.529412 0.545098
vn -0.339465 -0.438077 -0.832378
v -3.56776 2.37372 -3.52925 0.454902 0.443137 0.45098
vn 0.482933 0.104376 -0.869415
v -3.52986 2.32744 -3.0706 0.682353 0.694118 0.717647
vn -0.368543 -0.0227174 0.929333
v -3.58514 2.07076 -3.02658 0.6 0.6 0.635294
vn -0.197533 0.577736 0.791961
v -3.77595 2.07502 -3.56439 0.403922 0.396078 0.396078
vn -0.10043 -0.0616295 -0.993034
v -3.85457 2.12788 -2.62578 0.627451 0.603922 0.572549
vn 0.266404 0.0192911 -0.963668
v -3.26759 2.22276 -3.47865 0.454902 0.458824 0.482353
vn 0.875455 -0.4647 -0.132787
v -3.37261 1.95792 -3.56457 0.329412 0.321569 0.301961
vn 0.141709 0.0387798 -0.989148
v -4.15865 2.52686 -3.56033 0.611765 0.592157 0.572549
vn -0.0460893 -0.0166693 -0.998798
v -3.98358 2.28911 -3.56801 0.423529 0.403922 0.411765
vn 0.535745 0.0956693 -0.838943
v -3.87518 2.16036 -2.87361 0.298039 0.290196 0.301961
vn -0.100229 0.616933 -0.780608
v -3.75988 2.3107 -3.12285 0.521569 0.533333 0.572549
vn -0.326456 -0.66757 0.669162
v -3.6736 2.08251 -3.57641 0.372549 0.360784 0.360784
vn 0.0690126 0.0412568 -0.996762
v -3.72999 1.88675 -2.91777 0.117647 0.121569 0.117647
vn -0.556003 -0.806826 -0.199731
v -3.64107 1.92469 -3.26452 0.427451 0.423529 0.411765
vn 0.514091 -0.854436 -0.0751597
v -3.32817 1.99103 -3.10301 0.505882 0.505882 0.505882
vn 0.707493 -0.614038 -0.349874
v -3.43538 2.0251 -3.0364 0.752941 0.776471 0.831373
vn 0.00512119 -0.0298924 0.99954
v -3.72273 2.06161 -3.54193 0.380392 0.372549 0.376471
vn -0.0709694 0.00923427 -0.997436
v -3.5025 2.08519 -3.52281 0.172549 0.172549 0.172549
vn 0.0607229 -0.0391594 -0.997386
v -3.59502 1.93977 -3.12396 0.0941176 0.0901961 0.0862745
vn -0.588016 -0.808828 0.00582126
v -3.44089 1.94914 -3.29425 0.239216 0.231373 0.243137
vn 0.614066 -0.256886 0.746279
v -3.78222 1.98952 -2.89737 0.25098 0.262745 0.278431
vn -0.235409 -0.160485 -0.958555
v -3.27626 1.78732 -3.53642 0.494118 0.486275 0.478431
vn 0.0352936 -0.118578 -0.992317
v -3.98565 2.42325 -3.66235 0.552941 0.541176 0.541176
vn 0.281147 0.86493 -0.415756
v -3.61327 1.82067 -2.85902 0.482353 0.47451 0.486275
vn 0.0262434 -0.223768 -0.974289
v -3.86181 2.27654 -3.08873 0.623529 0.631373 0.666667
vn -0.54242 -0.00540261 0.84009
v -3.93336 2.42253 -3.52949 0.117647 0.117647 0.113725
vn -0.869689 0.484443 -0.0946409
v -3.62241 2.9201 -3.54177 0.666667 0.643137 0.631373
vn 0.919469 -0.158761 -0.359682
v -3.53872 2.41794 -3.51939 0.427451 0.415686 0.419608
vn 0.444553 0.240553 -0.862848
v -3.53911 1.92702 -3.11539 0.423529 0.419608 0.423529
vn 0.556939 -0.615454 -0.557705
v -3.42024 1.6709 -3.5368 0.576471 0.572549 0.568627
vn 0.340027 -0.58284 -0.738024
v -3.62055 1.99424 -2.99761 0.462745 0.490196 0.52549
vn -0.743556 -0.247209 -0.621299
v -3.30197 2.21353 -3.46422 0.294118 0.290196 0.286275
vn 0.959613 -0.273387 -0.0663478
v -3.7638 2.17978 -2.70173 0.392157 0.384314 0.4
vn -0.36082 0.295208 -0.884682
v -3.89193 1.83614 -3.55723 0.109804 0.113725 0.105882
vn -0.024431 -0.123043 -0.992101
v -3.76996 2.07064 -3.08452 0.666667 0.678431 0.713725
vn -0.578991 -0.249912 0.776089
v -3.56525 2.22476 -3.56868 0.427451 0.419608 0.427451
vn 0.205526 0.00527717 -0.978637
v -3.76679 2.42485 -2.97278 0.447059 0.439216 0.427451
vn -0.53672 0.824381 -0.179797
v -3.7758 2.13072 -2.96582 0.486275 0.494118 0.501961
vn 0.0898002 0.494524 -0.864512
v -3.2815 2.27797 -3.53114 0.592157 0.576471 0.564706
vn -0.0118293 -0.257038 -0.966329
v -3.82101 2.5975 -3.64866 0.541176 0.533333 0.52549
vn -0.516246 0.142083 -0.844572
v -4.03612 2.86996 -3.52463 0.580392 0.560784 0.556863
vn -0.527676 0.159446 -0.834347
v -3.71273 2.07406 -3.05806 0.682353 0.698039 0.741176
vn -0.803673 -0.388856 0.450445
v -3.82408 2.09083 -2.95354 0.627451 0.623529 0.623529
vn 0.130969 -0.168999 -0.976876
v -3.64416 2.3955 -3.61934 0.505882 0.490196 0.478431
vn 0.837317 -0.530881 -0.130634
v -3.53492 1.94051 -3.22201 0.192157 0.192157 0.188235
vn 0.621284 -0.666515 0.412025
v -3.54766 2.1072 -3.5497 0.239216 0.235294 0.235294
vn 0.0604197 -0.0497454 -0.996933
v -3.67937 1.92878 -3.56046 0.466667 0.458824 0.454902
vn 0.0376271 -0.132727 -0.990438
v -3.48769 2.13352 -3.41608 0.356863 0.352941 0.380392
vn 0.0506117 -0.29235 -0.954971
v -3.49613 2.25047 -3.5585 0.372549 0.372549 0.380392
vn -0.147227 -0.0181885 -0.988936
v -3.67594 2.52193 -3.03101 0.419608 0.431373 0.439216
vn -0.675076 0.441283 0.59122
v -3.65237 1.9315 -2.99677 0.560784 0.54902 0.545098
vn -0.283335 0.0140114 -0.958919
v -3.51784 1.77386 -3.56274 0.360784 0.345098 0.34902
vn -0.13992 0.0482971 -0.988984
v -3.68451 2.18706 -3.52455 0.439216 0.431373 0.439216
vn 0.259331 -0.127372 -0.957352
v -3.44162 2.3685 -3.10881 0.568627 0.572549 0.596078
vn -0.784398 -0.597179 -0.167622
v -4.03199 2.32064 -3.57882 0.529412 0.505882 0.505882
vn -0.298694 0.501305 -0.812081
v -3.96921 2.17452 -3.60575 0.513725 0.490196 0.490196
vn 0.0668695 -0.497881 -0.864664
v -3.90672 1.86269 -3.54192 0.498039 0.482353 0.470588
vn -0.0224475 0.217204 -0.975868
v -3.80994 2.87751 -3.54234 0.596078 0.572549 0.556863
vn -0.0833868 -0.0158446 -0.996391
v -3.73825 1.92538 -2.93531 0.529412 0.52549 0.513725
vn -0.86264 -0.316324 -0.394705
v -3.85351 2.32927 -3.08932 0.8 0.8 0.815686
vn -0.570521 -0.109463 0.813956
v -3.36929 2.06939 -3.53648 0.258824 0.254902 0.243137
vn 0.081679 -0.119329 -0.989489
v -3.86518 2.18729 -3.13784 0.615686 0.623529 0.639216
vn -0.925656 -0.186125 0.329421
v -3.57351 2.42242 -3.52671 0.462745 0.447059 0.454902
vn 0.59204 -0.326222 -0.736931
v -3.65408 2.37267 -3.02006 0.258824 0.270588 0.282353
vn 0.5443 0.0814839 0.834924
v -3.62522 2.2652 -3.10971 0.823529 0.839216 0.882353
vn -0.0593689 -0.119034 0.991114
v -3.54169 2.52946 -3.54182 0.411765 0.403922 0.403922
vn 0.644345 -0.514443 -0.565834
v -3.51013 1.91566 -2.95282 0.623529 0.6 0.580392
vn 0.324874 -0.918885 -0.223847
v -3.8573 2.78768 -3.53646 0.517647 0.494118 0.482353
vn -0.0161462 -0.103672 -0.994481
v -4.10669 2.07761 -3.54769 0.52549 0.498039 0.498039
vn 0.0267717 -0.0270999 -0.999274
v -3.26197 1.64041 -3.42811 0.670588 0.662745 0.654902
vn 0.490132 0.362728 -0.79259
v -3.63477 2.41269 -3.06642 0.768627 0.784314 0.811765
vn 0.687322 0.565502 0.455846
v -3.42678 2.5559 -3.52336 0.0235294 0.0313725 0.027451
vn 0.50136 0.163459 -0.849658
v -3.43224 2.32288 -3.10743 0.52549 0.529412 0.54902
vn -0.389639 -0.223262 0.893496
v -3.43361 1.76643 -3.41514 0.458824 0.443137 0.443137
vn 0.609314 -0.375328 -0.698474
v -3.73925 2.37427 -3.06368 0.654902 0.662745 0.686275
vn 0.366963 -0.163898 0.915683
v -3.32651 2.03349 -3.50694 0.466667 0.462745 0.45098
vn 0.521052 -0.452054 0.723984
v -3.86922 2.03186 -2.98555 0.878431 0.882353 0.917647
vn 0.540595 0.268585 -0.797257
v -3.81363 2.04247 -3.50856 0.533333 0.521569 0.513725
vn -0.117734 0.0327405 -0.992505
v -3.22502 2.42883 -3.53239 0.584314 0.556863 0.537255
vn -0.259766 0.106829 -0.959744
v -3.43659 2.02519 -3.37676 0.631373 0.631373 0.631373
vn 0.713159 -0.236457 0.659918
v -3.8154 1.97661 -2.88657 0.454902 0.45098 0.443137
vn 0.204424 0.325967 -0.923015
v -4.1644 2.32598 -3.53836 0.572549 0.552941 0.54902
vn -0.364985 -0.393296 -0.843863
v -3.77046 2.41365 -3.0227 0.184314 0.188235 0.188235
vn -0.585689 0.810535 -0.000980256
v -3.3701 2.01357 -3.02883 0.603922 0.623529 0.662745
vn 0.125507 -0.282048 0.951156
v -3.36651 1.98002 -3.51614 0.223529 0.219608 0.219608
vn 0.461911 -0.0462637 -0.885719
v -3.42075 2.01986 -3.06924 0.403922 0.415686 0.435294
vn -0.242017 0.0206 0.970053
v -3.43253 1.7824 -3.55607 0.533333 0.513725 0.505882
vn 0.0704408 0.284618 -0.956049
v -3.8817 2.02857 -3.53847 0.439216 0.427451 0.423529
vn 0.0666128 -0.0618055 -0.995863
v -3.92293 2.17638 -2.93283 0.54902 0.556863 0.537255
vn 0.915583 0.402121 0.00250421
v -3.92468 2.18229 -3.58157 0.372549 0.356863 0.34902
vn 0.513238 0.170737 -0.841092
v -3.52144 1.78426 -3.52026 0.317647 0.305882 0.321569
vn -0.491091 0.709695 -0.505136
v -3.66777 2.36609 -3.05971 0.74902 0.772549 0.807843
vn -0.215177 0.251303 0.943687
v -3.28538 2.37243 -3.5176 0.486275 0.458824 0.454902
vn -0.0524402 0.0479766 -0.997471
v -3.27056 1.47291 -3.52661 0.4 0.396078 0.4
vn -0.0890441 -0.0622579 -0.99408
v -3.56774 2.13359 -3.56628 0.352941 0.34902 0.352941
vn 0.0136937 -0.00796444 -0.999875
v -3.79966 2.68638 -3.53643 0.764706 0.733333 0.717647
vn -0.192571 0.256722 -0.947106
v -3.56883 2.23126 -3.53925 0.345098 0.341176 0.341176
vn 0.15987 -0.0596189 -0.985336
v -3.88493 2.33912 -2.77859 0.580392 0.572549 0.564706
vn -0.867667 0.348831 -0.35422
v -3.33769 2.12352 -3.11206 0.490196 0.494118 0.509804
vn -0.951057 0.00235962 0.309006
v -3.38111 1.89163 -3.51239 0.458824 0.454902 0.45098
vn 0.534503 -0.684346 -0.495961
v -3.62092 2.52148 -2.93014 0.619608 0.619608 0.596078
vn -0.852001 0.522888 0.0261133
v -3.41967 1.87539 -3.53443 0.623529 0.611765 0.6
vn 0.779142 -0.616077 -0.1157
v -3.87876 2.28661 -2.96789 0.368627 0.360784 0.341176
vn -0.599402 0.0885369 0.795537
v -3.81378 2.13086 -2.93381 0.403922 0.423529 0.427451
vn 0.270065 0.29894 -0.915259
v -3.72333 1.87396 -3.51914 0.509804 0.513725 0.501961
vn -0.125682 -0.315041 -0.940719
v -3.4337 2.04456 -3.34293 0.266667 0.258824 0.270588
vn 0.639069 0.075863 0.765399
v -3.77107 1.88075 -3.50775 0.380392 0.376471 0.368627
vn 0.461642 -0.781643 -0.419428
v -3.59117 1.93051 -3.53545 0.482353 0.47451 0.466667
vn -0.0854344 0.0109801 -0.996283
v -3.81938 2.0358 -3.13004 0.564706 0.552941 0.54902
vn -0.744453 -0.45888 0.484994
v -3.77803 2.22071 -2.89645 0.639216 0.611765 0.607843
vn -0.199648 0.151142 -0.968141
v -3.45174 1.82596 -3.51164 0.498039 0.478431 0.47451
vn 0.745271 -0.661554 -0.0831754
v -3.47358 1.72177 -3.42738 0.368627 0.356863 0.364706
vn 0.755453 0.103595 -0.646961
v -3.88387 2.00989 -2.91685 0.372549 0.376471 0.392157
vn 0.819698 0.551201 -0.155796
v -3.93495 2.07159 -2.96775 0.294118 0.309804 0.337255
vn 0.972385 0.2222 -0.0713803
v -3.54299 2.32607 -3.58166 0.341176 0.337255 0.341176
vn 0.364581 0.0606946 -0.929191
v -3.5015 2.51893 -3.56858 0.113725 0.117647 0.117647
vn 0.241382 0.158651 -0.957374
v -3.03988 1.76358 -3.52418 0.576471 0.576471 0.552941
vn 0.340509 0.0830509 -0.936566
v -2.99758 1.70928 -3.5074 0.662745 0.654902 0.631373
vn 0.0613949 -0.113977 -0.991585
v -3.96899 2.31706 -2.63527 0.643137 0.635294 0.607843
vn 0.134115 -0.128746 -0.982567
v -3.07223 1.83014 -3.533 0.513725 0.517647 0.509804
vn 0.673766 0.328252 -0.662034
v -3.42378 2.3375 -3.03566 0.572549 0.592157 0.639216
vn 0.124365 -0.0768416 0.989257
v -3.38241 2.10712 -3.10329 0.541176 0.552941 0.592157
vn -0.696197 0.0778075 -0.713622
v -3.3691 1.71873 -3.52649 0.478431 0.470588 0.462745
vn 0.00536905 -0.280417 -0.959863
v -4.13831 2.22985 -3.61994 0.505882 0.482353 0.470588
vn 0.8889 0.198776 -0.412729
v -3.52327 1.72336 -3.53692 0.352941 0.337255 0.34902
vn -0.241812 0.163197 -0.956501
v -3.86294 2.18672 -3.12919 0.721569 0.709804 0.701961
vn -0.925656 -0.186125 0.329421
v -3.52175 1.96806 -3.11103 0.372549 0.368627 0.372549
vn 0.423292 -0.804956 -0.415775
v -3.9103 2.179 -2.96379 0.607843 0.615686 0.6
vn 0.875559 0.207041 -0.436497
v -4.14111 2.33306 -3.58997 0.623529 0.603922 0.603922
vn -0.754125 -0.570221 -0.325795
v -3.38152 1.68449 -3.52974 0.627451 0.619608 0.615686
vn 0.312091 -0.832128 -0.458435
v -3.41128 1.66548 -3.52816 0.462745 0.462745 0.454902
vn 0.512641 -0.689319 -0.511897
v -3.27672 2.29832 -3.55198 0.533333 0.517647 0.505882
vn -0.091274 -0.00578987 -0.995809
v -3.70685 2.31751 -3.07743 0.803922 0.831373 0.894118
vn -0.0388543 -0.615269 0.787359
v -3.9086 2.56395 -3.56978 0.490196 0.470588 0.466667
vn -0.430783 -0.104442 -0.896391
v -3.92645 1.8714 -3.5195 0.576471 0.556863 0.541176
vn 0.231193 0.190979 -0.95398
v -3.27323 2.07953 -3.47137 0.415686 0.407843 0.403922
vn 0.732299 0.0498155 0.679159
v -3.50023 1.73679 -3.42715 0.360784 0.34902 0.364706
vn 0.703052 0.149625 -0.695219
v -3.3838 1.8567 -3.45109 0.313725 0.309804 0.313725
vn 0.993458 -0.114068 0.00540132
v -3.27336 2.05502 -3.44705 0.333333 0.329412 0.341176
vn 0.672536 -0.110537 0.731762
v -3.37856 2.02964 -3.52485 0.294118 0.290196 0.286275
vn -0.114867 -0.307517 -0.944584
v -3.71203 2.45818 -3.08886 0.203922 0.211765 0.223529
vn -0.522144 0.669359 0.528511
v -3.71893 2.11772 -3.58743 0.458824 0.439216 0.439216
vn -0.00648605 0.00466756 -0.999968
v -3.4329 2.42358 -3.08102 0.466667 0.454902 0.458824
vn 0.842076 0.245449 -0.480274
v -3.67544 1.88964 -3.27165 0.188235 0.184314 0.180392
vn 0.904381 -0.345879 -0.249926
v -3.03738 1.77423 -3.52098 0.411765 0.407843 0.411765
vn 0.340509 0.0830509 -0.936566
v -3.52196 1.52718 -3.52535 0.396078 0.384314 0.4
vn -0.888272 -0.138216 -0.438029
v -3.57362 1.79487 -2.84793 0.321569 0.329412 0.345098
vn -0.088732 0.149353 -0.984795
v -3.57095 1.73197 -3.55655 0.396078 0.384314 0.376471
vn 0.040346 0.0905197 -0.995077
v -3.73451 2.91217 -3.57498 0.72549 0.713725 0.686275
vn 0.00106817 0.130092 -0.991501
v -3.28759 1.48859 -3.54224 0.192157 0.192157 0.192157
vn -0.148813 0.0515259 -0.987522
v -3.26086 1.52295 -3.53454 0.396078 0.388235 0.392157
vn -0.255165 0.129251 -0.95822
v -4.1255 2.04991 -3.54051 0.52549 0.498039 0.501961
vn -0.0456874 -0.101188 -0.993818
v -3.53405 1.48869 -3.52951 0.388235 0.372549 0.396078
vn -0.796716 0.138811 -0.588197
v -3.72081 2.55655 -3.08179 0.435294 0.423529 0.411765
vn -0.920037 0.314733 0.2334
v -3.5514 1.4606 -3.53522 0.278431 0.270588 0.282353
vn -0.682406 0.21635 -0.698222
v -3.83718 2.37554 -2.93329 0.380392 0.376471 0.360784
vn -0.858235 0.344078 -0.380845
v -4.27471 2.57678 -3.55388 0.580392 0.556863 0.533333
vn 0.204903 0.163117 -0.965095
v -3.92454 2.45347 -3.51487 0.266667 0.262745 0.266667
vn -0.846798 0.528492 -0.0602481
v -3.42303 2.37503 -3.03321 0.556863 0.576471 0.615686
vn 0.7288 0.684371 0.0220608
v -3.85519 2.42626 -3.27294 0.415686 0.407843 0.411765
vn -0.780191 0.468931 0.414011
v -3.67958 2.53055 -3.16924 0.298039 0.290196 0.282353
vn -0.671647 -0.602372 0.431322
v -3.26513 2.38078 -3.53349 0.54902 0.529412 0.509804
vn -0.0757577 0.0245601 -0.996824
v -3.56511 2.35066 -3.04055 0.368627 0.364706 0.360784
vn 0.0369861 0.158808 0.986617
v -3.31621 2.04073 -3.43084 0.360784 0.360784 0.368627
vn 0.635006 -0.307513 0.708663
v -3.42786 2.47607 -3.56065 0.454902 0.447059 0.466667
vn 0.0885154 0.105006 -0.990524
v -3.67097 1.93198 -3.32339 0.207843 0.207843 0.203922
vn 0.30854 -0.900717 -0.305798
v -3.53257 2.07376 -3.27533 0.458824 0.45098 0.462745
vn 0.819814 0.0185045 0.57233
v -3.96649 2.38267 -3.57035 0.34902 0.333333 0.329412
vn 0.63831 -0.198963 -0.743622
v -3.48125 2.08061 -3.56076 0.415686 0.407843 0.411765
vn 0.0936657 0.0873495 -0.991764
v -3.9652 2.18996 -2.92396 0.545098 0.541176 0.54902
vn 0.90184 0.102311 0.419782
v -3.87549 2.07624 -3.53571 0.54902 0.521569 0.513725
vn 0.144609 -0.0742413 -0.9867
v -3.67784 2.19566 -3.56281 0.411765 0.403922 0.407843
vn 0.160069 -0.180019 -0.970552
v -3.86846 2.37438 -3.14096 0.54902 0.572549 0.588235
vn -0.635324 -0.169167 0.753489
v -3.83607 2.12684 -3.5623 0.462745 0.45098 0.435294
vn -0.0739821 -0.210651 -0.974758
v -3.8791 2.36844 -2.62975 0.713725 0.682353 0.670588
vn -0.977942 -0.206779 0.0295276
v -3.25673 2.19373 -3.48764 0.588235 0.588235 0.635294
vn 0.820289 -0.449395 0.353793
v -3.88226 1.87186 -3.52986 0.443137 0.423529 0.419608
vn 0.0209461 0.182316 -0.983017
v -3.73241 1.87602 -2.82425 0.513725 0.521569 0.517647
vn -0.746467 -0.651139 -0.13713
v -4.47667 1.94678 -3.58565 0.458824 0.454902 0.454902
vn -0.101504 -0.147544 -0.983833
v -3.31996 2.12785 -3.47432 0.454902 0.447059 0.458824
vn 0.900318 -0.426398 0.0872477
v -3.50447 2.16038 -3.39858 0.521569 0.529412 0.564706
vn 0.320376 -0.347197 -0.88137
v -3.47329 1.50881 -3.46397 0.392157 0.384314 0.396078
vn 0.365962 -0.841964 0.396445
v -3.92179 2.36731 -3.6611 0.627451 0.611765 0.596078
vn 0.688688 -0.254651 -0.678868
v -3.5674 1.82459 -2.84084 0.341176 0.345098 0.364706
vn -0.093653 0.0670604 -0.993344
v -3.86104 2.16639 -2.76332 0.368627 0.364706 0.376471
vn -0.986489 -0.14379 0.0785123
v -3.71755 2.20384 -3.58094 0.439216 0.431373 0.435294
vn -0.01102 -0.0873106 -0.99612
v -3.8855 2.82835 -3.56774 0.258824 0.254902 0.254902
vn 0.127438 -0.0216971 -0.991609
v -3.43134 2.42483 -3.11345 0.501961 0.494118 0.498039
vn 0.764454 0.345479 -0.544293
v -3.78922 2.37996 -2.94192 0.290196 0.298039 0.305882
vn -0.655483 0.698753 -0.286507
v -4.12729 2.11745 -3.57934 0.54902 0.521569 0.517647
vn -0.993236 0.102374 -0.0547896
v -3.3992 2.04042 -3.55041 0.513725 0.490196 0.482353
vn 0.441071 -0.0960114 -0.892322
v -3.66811 2.43052 -3.16813 0.160784 0.156863 0.156863
vn 0.70158 0.651282 0.289166
v -3.63067 2.03578 -2.94532 0.556863 0.505882 0.47451
vn -0.31068 -0.927499 -0.207903
v -4.12373 2.48929 -3.53881 0.564706 0.545098 0.541176
vn 0.0428493 0.0880734 -0.995192
v -3.57952 2.12783 -3.11844 0.835294 0.862745 0.913725
vn -0.28051 0.0310026 0.95935
v -3.62141 2.53392 -2.98146 0.27451 0.270588 0.262745
vn 0.799737 0.511809 -0.313804
v -3.87944 2.10715 -3.52679 0.305882 0.301961 0.305882
vn 0.187457 -0.142804 -0.971837
v -3.83633 1.81796 -3.5655 0.286275 0.278431 0.266667
vn 0.00399228 -0.0457729 -0.998944
v -3.67765 2.31379 -3.11112 0.788235 0.796078 0.839216
vn -0.390882 -0.177775 0.90311
v -3.58536 2.05681 -3.08071 0.803922 0.831373 0.882353
vn -0.185289 0.245154 0.951613
v -3.40133 1.32528 -3.51536 0.639216 0.627451 0.623529
vn -0.892885 -0.44729 0.0518427
v -3.51819 1.46953 -3.47029 0.239216 0.231373 0.239216
vn 0.906114 -0.412695 -0.0929545
v -3.37843 1.94026 -3.51815 0.235294 0.231373 0.239216
vn 0.616882 -0.208967 -0.758807
v -3.63769 1.84039 -3.55116 0.427451 0.419608 0.423529
vn -0.00927064 -0.0179663 -0.999796
v -3.32855 2.42456 -3.52908 0.294118 0.278431 0.294118
vn 0.0597476 0.141587 -0.988121
v -3.87063 2.25935 -2.59976 0.537255 0.529412 0.517647
vn -0.217952 -0.111724 -0.969543
v -3.61726 2.95448 -3.54648 0.52549 0.505882 0.490196
vn 0.919469 -0.158761 -0.359682
v -3.91393 1.90274 -3.50482 0.376471 0.368627 0.356863
vn 0.177566 0.0407346 -0.983266
v -3.51037 1.88606 -3.34003 0.368627 0.356863 0.364706
vn -0.0084035 -0.77911 0.626831
v -3.51771 2.03279 -3.52744 0.443137 0.443137 0.45098
vn 0.148962 0.0119136 -0.988771
v -3.36121 2.06369 -3.35827 0.231373 0.219608 0.231373
vn 0.855038 -0.340138 0.391429
v -3.73227 2.13235 -3.07668 0.701961 0.717647 0.74902
vn -0.407403 0.1076 0.906888
v -3.56323 2.66048 -3.5387 0.513725 0.494118 0.494118
vn -0.0744523 -0.063143 -0.995224
v -3.40635 2.0081 -3.04923 0.760784 0.792157 0.85098
vn -0.267467 -0.65472 0.706967
v -3.75768 1.95481 -3.09732 0.6 0.6 0.619608
vn -0.584161 -0.208531 0.784392
v -3.28155 2.1724 -3.55976 0.627451 0.615686 0.611765
vn 0.596074 -0.237386 -0.767036
v -3.67473 2.06474 -3.04588 0.552941 0.564706 0.6
vn 0.452808 0.498244 0.739404
v -3.38771 1.63854 -3.51838 0.576471 0.572549 0.564706
vn 0.673253 -0.718164 -0.175986
v -3.5012 2.24904 -3.54997 0.466667 0.462745 0.47451
vn -0.11249 0.0286642 -0.993239
v -3.60517 2.45667 -3.64911 0.541176 0.529412 0.52549
vn 0.95765 -0.222727 -0.182483
v -3.81908 2.23947 -2.88229 0.321569 0.317647 0.32549
vn -0.715025 -0.132999 -0.686331
v -3.91867 2.43679 -3.64722 0.639216 0.615686 0.607843
vn 0.228704 0.834012 -0.502114
v -3.34398 2.30973 -3.0772 0.517647 0.505882 0.513725
vn -0.527398 -0.250474 0.811858
v -3.82418 2.31452 -3.16346 0.556863 0.541176 0.541176
vn -0.109343 -0.0106662 0.993947
v -3.57035 2.42418 -3.58071 0.392157 0.388235 0.388235
vn 0.774015 -0.0990551 -0.625371
v -3.98212 2.42119 -3.62527 0.545098 0.521569 0.513725
vn 0.652509 0.757655 -0.0137991
v -3.66529 2.34208 -3.54247 0.360784 0.34902 0.356863
vn 0.351017 0.0905724 -0.931978
v -3.35851 2.08039 -3.53123 0.607843 0.6 0.584314
vn 0.243283 -0.405369 -0.881187
v -3.62282 2.4746 -3.27092 0.294118 0.282353 0.282353
vn -0.776403 0.182921 -0.603107
v -3.47297 1.97857 -3.32413 0.427451 0.423529 0.427451
vn 0.802798 -0.223747 0.552678
v -3.57274 2.52254 -3.58003 0.419608 0.411765 0.411765
vn 0.74512 -0.103881 -0.65879
v -3.68927 1.84168 -2.82781 0.596078 0.588235 0.584314
vn -0.424298 -0.0949729 -0.900529
v -3.43436 1.82874 -3.43125 0.341176 0.333333 0.341176
vn 0.683618 -0.461139 -0.5657
v -3.8485 2.60738 -3.61757 0.52549 0.517647 0.509804
vn -0.321264 -0.204113 -0.924731
v -4.46131 2.02205 -3.60259 0.427451 0.415686 0.419608
vn -0.0558842 -0.160938 -0.985381
v -3.76684 2.41341 -3.079 0.439216 0.447059 0.466667
vn -0.573755 0.717028 0.395824
v -3.52021 1.86056 -2.87662 0.243137 0.25098 0.262745
vn -0.0621703 -0.610161 -0.789834
v -3.57044 1.8676 -2.87231 0.517647 0.533333 0.552941
vn -0.0167405 -0.565722 -0.824426
v -3.6696 1.8903 -2.96981 0.505882 0.509804 0.494118
vn -0.57073 -0.736961 -0.362154
v -3.43116 2.07442 -3.38552 0.498039 0.494118 0.501961
vn 0.694181 0.0942887 0.713598
v -3.54067 1.92892 -3.32823 0.4 0.388235 0.392157
vn 0.0910294 -0.762813 0.640179
v -3.57674 1.98716 -3.55763 0.431373 0.423529 0.427451
vn 0.146108 -0.0134932 -0.989177
v -3.47776 1.96023 -2.97881 0.172549 0.172549 0.172549
vn 0.61251 -0.629651 -0.477883
v -3.92301 2.04544 -3.01755 0.545098 0.560784 0.560784
vn 0.739964 0.161007 -0.653092
v -4.1154 2.21075 -3.64933 0.54902 0.52549 0.521569
vn 0.934884 0.229269 -0.270974
v -3.5801 2.42636 -3.57453 0.486275 0.486275 0.498039
vn 0.509165 -0.453756 -0.731339
v -3.69022 2.55291 -3.03564 0.180392 0.184314 0.180392
vn -0.690423 0.521419 0.501437
v -3.37384 2.06459 -3.11152 0.564706 0.564706 0.576471
vn 0.408543 -0.135137 0.90268
v -3.99568 2.67859 -3.57054 0.54902 0.541176 0.533333
vn 0.334412 -0.334105 -0.881217
v -3.81397 2.27341 -3.13892 0.603922 0.603922 0.635294
vn -0.208592 -0.215582 0.953946
v -3.5142 1.47686 -3.43628 0.368627 0.352941 0.364706
vn 0.60731 -0.793484 0.0394666
v -3.22481 1.9763 -3.53529 0.509804 0.498039 0.490196
vn 0.229667 0.171416 -0.958055
v -3.91409 2.12547 -2.92675 0.670588 0.666667 0.670588
vn 0.954708 0.0124844 0.297284
v -3.36763 2.17626 -3.56362 0.623529 0.611765 0.596078
vn 0.204201 -0.0548296 -0.977392
v -4.06732 2.5351 -3.53508 0.584314 0.564706 0.54902
vn 0.0172374 -0.0955617 -0.995274
v -3.53946 2.07589 -3.10335 0.690196 0.705882 0.756863
vn -0.0351091 -0.0736632 0.996665
v -3.48633 1.93742 -3.06371 0.305882 0.313725 0.333333
vn 0.527823 -0.767537 -0.363717
v -3.51434 1.94143 -3.26995 0.0705882 0.0705882 0.0705882
vn 0.345451 -0.820581 0.455314
v -3.52271 2.32639 -3.53098 0.513725 0.505882 0.513725
vn -0.265745 0.177546 -0.947553
v -3.48404 1.52075 -3.41957 0.384314 0.368627 0.380392
vn 0.422759 -0.0491286 -0.904909
v -3.9817 2.22207 -3.59768 0.435294 0.427451 0.427451
vn 0.108972 -0.216484 -0.970185
v -3.92981 2.42129 -3.56194 0.184314 0.180392 0.176471
vn -0.913292 0.386538 -0.128398
v -4.14568 2.27672 -3.55708 0.294118 0.286275 0.286275
vn 0.158231 0.30402 -0.939433
v -3.47019 2.47631 -3.51507 0.0901961 0.0901961 0.0941176
vn -0.904547 -0.198815 -0.377183
v -3.82362 2.12572 -2.67678 0.368627 0.384314 0.411765
vn -0.814069 0.348621 0.464494
v -3.48482 2.4861 -3.48459 0.227451 0.227451 0.231373
vn -0.837017 0.200656 -0.509057
v -3.83759 2.23533 -3.12523 0.643137 0.643137 0.666667
vn -0.0189545 0.291598 0.956353
v -3.72094 2.08987 -3.54249 0.396078 0.384314 0.388235
vn -0.0295268 0.0409621 -0.998724
v -3.85947 2.41499 -2.77539 0.611765 0.611765 0.6
vn -0.727464 0.633933 -0.262536
v -3.87571 2.17002 -2.88236 0.309804 0.317647 0.352941
vn -0.330162 0.545208 -0.770546
v -3.42545 1.97431 -3.03992 0.556863 0.572549 0.611765
vn 0.308482 -0.922533 -0.231886
v -3.55477 2.14073 -3.55174 0.282353 0.27451 0.278431
vn -0.0443619 -0.147204 -0.988111
v -4.10131 2.16678 -3.56687 0.611765 0.576471 0.564706
vn 0.152837 -0.0818752 -0.984854
v -3.85679 2.01376 -2.77728 0.266667 0.278431 0.301961
vn -0.20171 0.347834 -0.915601
v -3.48715 1.58053 -3.43235 0.419608 0.407843 0.407843
vn 0.591921 -0.266323 -0.760724
v -3.82973 1.88805 -3.58219 0.427451 0.411765 0.4
vn -0.126753 -0.118933 -0.984778
v -3.82238 2.16073 -2.9684 0.594118 0.596078 0.601961
vn 0.335929 0.243374 -0.909901
v -3.68567 2.03163 -2.87948 0.411765 0.415686 0.415686
vn -0.451513 -0.891827 0.0279383
v -3.38468 2.48519 -3.53542 0.427451 0.415686 0.423529
vn 0.127839 0.19271 -0.972893
v -3.88439 2.279 -3.17409 0.560784 0.556863 0.560784
vn -0.00878705 0.0675437 0.997678
v -3.56727 2.17704 -3.04176 0.72549 0.745098 0.803922
vn -0.467639 0.00451793 0.883908
v -3.98622 2.23043 -2.63472 0.423529 0.423529 0.427451
vn 0.0736175 -0.24211 -0.967452
v -3.58067 2.51306 -3.59426 0.443137 0.439216 0.443137
vn 0.820281 -0.342006 -0.458444
v -3.82359 2.43192 -3.57652 0.329412 0.317647 0.313725
vn -0.049278 0.109927 -0.992717
v -3.68124 1.88062 -3.5588 0.443137 0.439216 0.431373
vn -0.0856192 -0.0734169 -0.993619
v -3.70847 1.96886 -2.97756 0.12549 0.133333 0.133333
vn -0.635944 0.275809 -0.720767
v -3.27729 2.0808 -3.53381 0.498039 0.486275 0.478431
vn 0.206487 0.629109 -0.749389
v -3.52086 2.02634 -3.25888 0.376471 0.372549 0.376471
vn 0.724455 0.00832805 0.689272
v -3.92138 2.11609 -2.87803 0.313725 0.333333 0.360784
vn 0.196631 0.397647 -0.896222
v -3.77714 1.97081 -3.13169 0.517647 0.521569 0.533333
vn -0.418816 0.014415 0.907957
v -3.95849 2.26302 -3.54726 0.403922 0.376471 0.384314
vn 0.311108 0.034516 -0.949748
v -4.1534 2.19754 -3.61998 0.541176 0.517647 0.505882
vn 0.991919 -0.0413234 0.119955
v -4.12871 2.5741 -3.57382 0.533333 0.509804 0.490196
vn -0.0540069 -0.126312 -0.990519
v -4.02818 2.46244 -3.5724 0.486275 0.462745 0.45098
vn 0.585389 0.458202 -0.668858
v -3.67955 2.12462 -3.56888 0.392157 0.380392 0.384314
vn 0.044049 -0.0157459 -0.998905
v -3.924 2.43121 -3.43924 0.290196 0.27451 0.270588
vn -0.823718 0.51683 0.233184
v -3.62986 1.87533 -3.52847 0.415686 0.407843 0.415686
vn -0.049085 4.93114e-05 -0.998795
v -3.57341 2.07862 -3.53668 0.294118 0.290196 0.298039
vn 0.0891538 -0.0429064 -0.995093
v -3.87418 2.23624 -2.92464 0.580392 0.576471 0.564706
vn 0.768114 -0.0443458 -0.638776
v -3.42613 1.92235 -2.89303 0.286275 0.286275 0.278431
vn 0.206169 -0.636316 -0.743368
v -3.86391 2.07049 -2.87202 0.243137 0.239216 0.25098
vn -0.0780178 0.189404 -0.978795
v -3.36282 2.48405 -3.50862 0.258824 0.258824 0.258824
vn 0.0400563 0.174595 -0.983825
v -3.82759 2.00238 -2.73558 0.356863 0.356863 0.372549
vn -0.149832 0.744825 -0.65022
v -3.53159 2.26503 -3.03612 0.686275 0.709804 0.764706
vn 0.169624 -0.160821 0.972298
v -3.40474 2.07961 -3.53259 0.341176 0.329412 0.333333
vn 0.367232 -0.460294 -0.808251
v -3.49655 2.3427 -3.57634 0.443137 0.439216 0.458824
vn 0.0893543 0.0299056 -0.995551
v -3.43943 1.57241 -3.46419 0.360784 0.356863 0.360784
vn 0.934482 0.338092 -0.111521
v -3.32585 1.99654 -3.55867 0.266667 0.262745 0.258824
vn -0.0362951 -0.10274 -0.994046
v -3.47322 2.32544 -3.0686 0.862745 0.901961 0.933333
vn -0.0696379 -0.304437 0.949984
v -3.81589 2.07706 -3.12299 0.607843 0.619608 0.654902
vn -0.753646 -0.239323 0.612162
v -4.12859 2.17347 -3.57794 0.458824 0.435294 0.427451
vn 0.991813 -0.092778 -0.0877473
v -3.47638 1.71386 -3.40786 0.364706 0.356863 0.364706
vn 0.485315 0.150619 -0.861268
v -3.32376 2.21286 -3.57959 0.654902 0.643137 0.639216
vn -0.00667945 -0.0104485 -0.999923
v -3.68137 2.47079 -3.07009 0.521569 0.537255 0.560784
vn -0.918103 0.0585026 0.392
v -3.63163 1.88414 -3.25876 0.545098 0.52549 0.513725
vn 0.596509 -0.775239 -0.207804
v -3.65776 2.34281 -2.97581 0.458824 0.470588 0.509804
vn -0.205152 -0.402659 0.892064
v -3.79223 2.1191 -3.5302 0.45098 0.439216 0.435294
vn -0.10779 -0.242044 -0.964259
v -3.78673 2.08102 -3.12112 0.662745 0.662745 0.690196
vn -0.568204 -0.0866435 0.818313
v -3.12249 1.86822 -3.54264 0.572549 0.572549 0.572549
vn 0.585015 0.381341 -0.715777
v -3.82703 2.62743 -3.57546 0.564706 0.552941 0.541176
vn 0.00151009 0.502466 -0.864595
v -3.82797 1.92981 -3.58181 0.443137 0.423529 0.411765
vn -0.188819 -0.0590748 -0.980233
v -3.63243 2.38081 -3.52879 0.341176 0.329412 0.333333
vn 0.494556 -0.0961378 -0.863812
v -3.8774 2.18214 -3.16479 0.533333 0.533333 0.541176
vn -0.37157 -0.159594 0.914585
v -3.97456 2.32207 -3.57194 0.462745 0.439216 0.439216
vn 0.271949 0.335773 -0.901832
v -3.81122 2.50735 -3.33659 0.372549 0.360784 0.364706
vn -0.522259 0.839883 0.147795
v -3.63107 2.92557 -3.56818 0.611765 0.607843 0.596078
vn 0.919469 -0.158761 -0.359682
v -3.38212 1.8792 -3.52116 0.509804 0.505882 0.494118
vn 0.396867 -0.811054 -0.429753
v -3.4908 1.88397 -2.92119 0.121569 0.129412 0.129412
vn 0.242403 -0.650936 -0.71939
v -3.51975 1.37427 -3.52743 0.341176 0.333333 0.333333
vn -0.198194 -0.0524719 -0.978757
v -3.40115 1.29454 -3.51379 0.576471 0.564706 0.564706
vn 0.115876 -0.89635 -0.427936
v -3.25504 2.13146 -3.50016 0.505882 0.490196 0.478431
vn 0.831443 0.118855 0.542749
v -3.50539 1.63128 -3.43029 0.407843 0.392157 0.388235
vn 0.402593 0.128334 -0.906338
v -4.1249 2.18232 -3.67277 0.556863 0.529412 0.517647
vn 0.980286 0.109608 0.164391
v -3.98488 2.30763 -3.65307 0.54902 0.52549 0.52549
vn 0.933645 -0.199302 0.297635
v -3.89248 2.36748 -3.16727 0.760784 0.737255 0.729412
vn 0.203381 -0.366085 0.908085
v -3.41511 1.97152 -3.56306 0.482353 0.466667 0.447059
vn 0.304978 0.0491552 -0.95109
v -3.86936 1.98141 -2.98674 0.827451 0.835294 0.87451
vn 0.616048 -0.076719 -0.783963
v -3.94345 2.32464 -3.64242 0.545098 0.529412 0.52549
vn 0.79861 -0.358412 -0.48349
v -3.53186 1.92043 -3.01934 0.164706 0.168627 0.168627
vn -0.183381 0.0637697 -0.980971
v -3.37461 1.88356 -3.41953 0.360784 0.34902 0.352941
vn 0.8948 0.171704 0.41213
v -3.22187 2.3331 -3.57244 0.631373 0.623529 0.615686
vn -0.618967 0.114871 -0.776972
v -3.52276 1.42344 -3.52678 0.278431 0.27451 0.27451
vn -0.33279 0.18025 -0.925614
v -3.90583 2.32622 -3.144 0.74902 0.733333 0.721569
vn -0.360484 -0.1227 0.92466
v -3.77663 2.33106 -3.07769 0.529412 0.537255 0.572549
vn -0.263373 -0.643364 0.718831
v -3.92392 1.8349 -3.57519 0.517647 0.501961 0.486275
vn 0.310833 0.511343 -0.801194
v -3.84161 2.3541 -2.87747 0.286275 0.301961 0.305882
vn -0.98452 0.17496 0.0104296
v -3.72758 2.66816 -3.57613 0.564706 0.552941 0.537255
vn -0.18844 0.456569 -0.869503
v -3.77155 2.02503 -2.95549 0.192157 0.203922 0.207843
vn -0.34435 -0.270981 -0.898884
v -3.73808 2.02606 -2.88443 0.27451 0.294118 0.305882
vn 0.322886 0.190399 -0.927088
v -3.87661 2.45853 -3.58057 0.360784 0.345098 0.341176
vn -0.138359 0.145758 -0.979598
v -3.73689 2.47123 -2.84572 0.27451 0.270588 0.298039
vn -0.302937 0.310482 -0.901016
v -3.41264 1.88962 -3.55177 0.505882 0.494118 0.478431
vn 0.367627 -0.26613 -0.891081
v -4.03203 2.63948 -3.58373 0.52549 0.513725 0.505882
vn 0.263104 -0.366468 -0.892456
v -4.24445 2.55195 -3.55286 0.670588 0.647059 0.627451
vn -0.00754359 0.0719663 -0.997379
v -3.95616 2.20026 -2.94459 0.760784 0.776471 0.815686
vn 0.900554 0.296972 0.317506
v -3.7308 2.27837 -3.10983 0.760784 0.768627 0.803922
vn -0.13429 0.334931 0.932624
v -3.06004 1.7941 -3.53896 0.490196 0.490196 0.486275
vn 0.630334 0.280241 -0.723978
v -3.98716 2.78198 -3.53891 0.607843 0.6 0.592157
vn 0.105408 0.0701879 -0.991949
v -3.81502 2.65123 -3.63915 0.517647 0.505882 0.505882
vn 0.0104853 0.359 -0.933279
v -3.48829 2.37465 -3.04454 0.788235 0.811765 0.862745
vn 0.00626055 -0.077886 0.996943
v -3.57279 1.7722 -2.84059 0.74902 0.72549 0.709804
vn -0.0542407 0.199371 -0.978422
v -3.33775 1.46509 -3.53369 0.278431 0.27451 0.270588
vn -0.0342108 0.373196 -0.927122
v -4.11789 2.57304 -3.54079 0.568627 0.54902 0.541176
vn -0.0117442 -0.144626 -0.989417
v -3.90109 2.37175 -3.12884 0.4 0.403922 0.415686
vn -0.714974 0.0997986 0.691991
v -3.79262 1.8769 -3.56235 0.372549 0.360784 0.345098
vn 0.253832 -0.264081 -0.9305
v -3.55759 2.17844 -3.55491 0.286275 0.282353 0.282353
vn -0.0461258 0.0456964 -0.99789
v -3.66963 1.8411 -3.18417 0.129412 0.129412 0.12549
vn 0.711322 -0.587849 -0.385297
v -3.37956 2.36615 -3.04087 0.501961 0.509804 0.54902
vn 0.850974 0.508544 0.131252
v -4.10762 2.15724 -3.64491 0.6 0.572549 0.564706
vn 0.601734 -0.267182 -0.752682
v -3.73199 2.02145 -2.94121 0.396078 0.34902 0.32549
vn -0.297201 -0.227746 -0.927256
v -3.76275 2.45676 -3.08898 0.364706 0.372549 0.384314
vn -0.569206 0.808291 0.150566
v -3.93024 2.21644 -2.8356 0.317647 0.317647 0.341176
vn -0.0502436 0.169111 -0.984316
v -3.95837 2.21846 -2.92227 0.607843 0.6 0.596078
vn 0.983056 -0.0397232 0.178952
v -3.69108 1.92548 -2.87281 0.537255 0.541176 0.537255
vn -0.291773 -0.43209 -0.853327
v -3.74435 2.03532 -2.62616 0.552941 0.533333 0.517647
vn 0.664062 0.281716 -0.692573
v -3.52884 2.54692 -3.04482 0.698039 0.682353 0.670588
vn 0.364954 0.930479 0.0318856
v -3.3614 2.0099 -3.11515 0.576471 0.572549 0.588235
vn 0.241567 -0.561753 -0.791252
v -3.58239 1.82315 -2.85954 0.439216 0.45098 0.486275
vn 0.040944 -0.00925784 -0.999119
v -3.47098 2.08061 -3.35665 0.603922 0.596078 0.596078
vn 0.572164 0.56085 0.598394
v -3.82816 2.71655 -3.5676 0.52549 0.517647 0.513725
vn -0.117549 0.223151 -0.96767
v -3.22022 2.05966 -3.53585 0.298039 0.290196 0.282353
vn 0.188996 0.46288 -0.866039
v -3.60335 2.30387 -2.99464 0.282353 0.294118 0.317647
vn 0.347272 -0.212174 0.913446
v -3.51864 1.58016 -3.43001 0.556863 0.54902 0.541176
vn 0.644203 -0.19723 -0.738988
v -3.61451 2.06252 -3.56505 0.376471 0.376471 0.384314
vn 0.0703735 0.0154304 -0.997401
v -3.27388 2.21697 -3.53262 0.443137 0.431373 0.423529
vn -0.226643 -0.390649 -0.892203
v -3.88409 2.21788 -2.61947 0.435294 0.443137 0.454902
vn -0.206293 0.138998 -0.968567
v -3.41382 2.04565 -3.53476 0.376471 0.364706 0.364706
vn 0.82065 -0.0305498 -0.570614
v -3.72349 2.06457 -3.03106 0.607843 0.596078 0.592157
vn -0.713166 -0.639937 -0.286137
v -3.82464 2.41401 -2.91857 0.12549 0.129412 0.121569
vn -0.752756 0.630713 -0.188571
v -3.66553 2.57175 -3.02916 0.113725 0.129412 0.129412
vn -0.0205936 0.999602 -0.0192729
v -3.76321 2.0224 -2.66814 0.419608 0.407843 0.415686
vn 0.659225 0.66931 -0.342707
v -4.0241 2.82691 -3.5681 0.486275 0.478431 0.470588
vn -0.442372 0.0501862 -0.895426
v -3.87116 2.36751 -2.82509 0.698039 0.690196 0.67451
vn -0.966082 0.236486 -0.103727
v -3.89008 2.08013 -2.91243 0.654902 0.647059 0.639216
vn 0.330394 0.639877 0.693828
v -3.40856 1.90986 -3.55809 0.396078 0.380392 0.368627
vn 0.502991 -0.14148 -0.852633
v -3.52236 2.5253 -3.08291 0.466667 0.47451 0.47451
vn 0.292482 0.956208 0.0110064
v -3.87289 2.38567 -3.09352 0.709804 0.713725 0.74902
vn -0.83292 0.148285 0.533156
v -3.23669 1.67027 -3.41067 0.521569 0.521569 0.513725
vn 0.490132 0.362728 -0.79259
v -3.95829 2.41371 -3.53029 0.12549 0.12549 0.12549
vn 0.31315 0.125507 -0.941374
v -4.2654 2.54734 -3.56263 0.12549 0.117647 0.113725
vn -0.0071573 -0.0712521 -0.997433
v -3.52111 2.00914 -2.98966 0.52549 0.529412 0.521569
vn 0.0818926 0.56808 0.818889
v -3.52814 2.27846 -3.51863 0.427451 0.423529 0.427451
vn -0.0427947 -0.165562 -0.98527
v -3.59454 2.02457 -3.55479 0.313725 0.313725 0.321569
vn 0.0502068 -0.0684877 -0.996388
v -3.65954 2.50954 -2.98926 0.533333 0.529412 0.509804
vn -0.635741 0.49254 0.594338
v -3.49157 1.47459 -3.42925 0.160784 0.156863 0.156863
vn 0.469073 -0.848657 0.244443
v -3.6108 1.89359 -3.55746 0.372549 0.368627 0.372549
vn 0.0327686 -0.00589728 -0.999446
v -4.03019 2.43809 -3.53999 0.447059 0.435294 0.423529
vn 0.400977 0.210901 -0.891481
v -3.76117 2.69925 -3.52704 0.65098 0.627451 0.611765
vn -0.219716 0.133675 -0.966362
v -3.85834 2.37319 -2.87813 0.223529 0.219608 0.219608
vn -0.933699 0.334355 -0.128113
v -3.48635 1.42521 -3.55612 0.533333 0.52549 0.521569
vn -0.13712 0.052686 -0.989152
v -3.72389 1.77399 -3.56096 0.223529 0.211765 0.215686
vn 0.115638 0.249864 -0.961351
v -3.82009 1.8551 -3.52992 0.168627 0.164706 0.160784
vn 0.124307 -0.393424 -0.910914
v -4.08598 2.12364 -3.56466 0.568627 0.541176 0.529412
vn 0.14078 -0.296416 -0.944626
v -3.81883 2.11058 -3.56567 0.45098 0.439216 0.435294
vn -0.103663 -0.085234 -0.990954
v -3.26435 2.23318 -3.57326 0.654902 0.643137 0.639216
vn 0.239494 -0.115641 -0.963986
v -3.54052 2.43658 -3.56722 0.584314 0.580392 0.6
vn -0.00204234 -0.149771 -0.988719
v -3.83823 2.47313 -3.56335 0.411765 0.396078 0.396078
vn 0.00978535 -0.047479 -0.998824
v -3.95258 2.19297 -3.5743 0.462745 0.443137 0.45098
vn 0.299661 -0.114603 -0.947137
v -3.42789 1.98627 -3.55509 0.227451 0.227451 0.231373
vn 0.690893 0.268169 -0.67138
v -3.63823 1.88921 -3.03735 0.117647 0.12549 0.12549
vn -0.0944366 -0.949826 -0.298181
v -3.34477 2.15078 -3.55111 0.709804 0.694118 0.682353
vn 0.401148 -0.141957 -0.904947
v -3.94121 2.38228 -3.55704 0.376471 0.360784 0.364706
vn -0.525241 0.472182 -0.707931
v -4.12204 2.2304 -3.57232 0.560784 0.537255 0.537255
vn 0.398116 -0.010686 -0.917273
v -3.80932 2.17168 -2.87001 0.309804 0.313725 0.345098
vn -0.428821 0.178307 -0.885618
v -3.41252 1.67967 -3.43904 0.490196 0.482353 0.482353
vn 0.831637 -0.0875984 0.548367
v -4.07285 2.27478 -3.57226 0.541176 0.513725 0.513725
vn -0.00473263 0.291272 -0.956629
v -3.17986 2.06303 -3.52717 0.482353 0.466667 0.462745
vn 0.00121633 0.0947079 -0.995504
v -3.79191 2.73091 -3.53601 0.74902 0.72549 0.705882
vn -0.212796 -0.0652077 -0.974918
v -3.42283 1.90949 -3.36496 0.207843 0.203922 0.219608
vn 0.765037 0.112579 0.634069
v -3.76995 2.18101 -3.13139 0.313725 0.313725 0.317647
vn -0.579843 0.0613469 0.812415
v -3.91201 2.23546 -2.626 0.556863 0.54902 0.541176
vn 0.139905 0.0727053 -0.987492
v -3.32746 1.97675 -3.51991 0.305882 0.305882 0.305882
vn -0.456439 0.489185 -0.743211
v -3.61299 2.43037 -3.2746 0.192157 0.188235 0.188235
vn -0.634869 0.620369 -0.460525
v -3.93974 2.37177 -3.55942 0.301961 0.290196 0.290196
vn -0.285475 0.425754 -0.858626
v -3.32278 2.2628 -3.56058 0.541176 0.521569 0.509804
vn 0.0086069 -0.0527639 -0.99857
v -3.76275 1.97843 -2.96294 0.462745 0.458824 0.45098
vn -0.284045 -0.114377 -0.951964
v -3.34368 2.34677 -3.53979 0.458824 0.435294 0.435294
vn 0.197214 -0.01873 -0.980182
v -3.62814 1.89119 -3.54262 0.431373 0.427451 0.431373
vn -0.0464731 0.0357753 -0.998279
v -3.8542 2.40765 -3.08444 0.294118 0.298039 0.305882
vn -0.711418 0.482039 0.511393
v -4.03545 2.48553 -3.57747 0.556863 0.537255 0.52549
vn 0.302016 0.532339 -0.790823
v -3.39324 1.98437 -3.36797 0.403922 0.4 0.403922
vn 0.69205 -0.118442 0.712066
v -3.47354 1.94568 -3.01369 0.443137 0.447059 0.454902
vn 0.982339 0.151749 0.109467
v -3.32425 2.23608 -3.54065 0.564706 0.54902 0.537255
vn 0.00395934 0.013088 -0.999907
v -3.85808 2.46713 -3.27801 0.2 0.203922 0.2
vn -0.779642 0.55451 0.290993
v -3.95788 2.33442 -3.5235 0.368627 0.345098 0.352941
vn 0.251499 0.300251 -0.920107
v -3.93587 2.33545 -3.57864 0.407843 0.388235 0.396078
vn 0.198011 0.230181 -0.95279
v -3.53786 1.96748 -3.1761 0.572549 0.560784 0.564706
vn 0.304499 -0.950108 0.0676452
v -3.37687 1.2685 -3.4625 0.470588 0.454902 0.458824
vn -0.156879 -0.823582 -0.545071
v -3.62612 2.17129 -3.56647 0.392157 0.384314 0.392157
vn 0.0163319 -0.115924 -0.993124
v -3.51242 1.76003 -3.55812 0.384314 0.376471 0.380392
vn -0.243824 0.160429 -0.956458
v -4.15737 2.51238 -3.54239 0.490196 0.47451 0.470588
vn -0.0484569 0.0934426 -0.994445
v -3.51834 2.51185 -3.03314 0.337255 0.341176 0.356863
vn 0.370588 0.592831 0.714994
v -3.57976 2.4318 -3.06217 0.501961 0.517647 0.541176
vn 0.0907337 -0.540273 0.836584
v -3.55684 2.55631 -3.56916 0.352941 0.345098 0.352941
vn 0.12289 0.37059 -0.920631
v -3.38451 1.82803 -3.38094 0.337255 0.321569 0.337255
vn 0.852145 -0.376233 0.363727
v -3.52988 2.5176 -3.57286 0.168627 0.168627 0.172549
vn 0.433007 -0.10784 -0.894916
v -3.63104 2.27382 -3.61847 0.407843 0.396078 0.392157
vn -0.0523022 -0.3484 -0.935885
v -3.7748 2.12192 -3.15785 0.623529 0.635294 0.670588
vn -0.459486 0.094991 0.883091
v -3.68681 2.47964 -2.88621 0.576471 0.576471 0.576471
vn -0.247965 0.618278 -0.745819
v -3.26497 2.24292 -3.44736 0.388235 0.376471 0.376471
vn 0.811803 0.344015 0.471837
v -3.61485 2.51417 -3.1108 0.360784 0.360784 0.34902
vn -0.453677 -0.740665 0.495573
v -3.6212 2.39052 -3.58904 0.466667 0.458824 0.462745
vn 0.640977 -0.595861 -0.483837
v -3.53487 2.31076 -3.57889 0.462745 0.458824 0.470588
vn 0.229949 -0.105972 -0.967416
v -3.3142 2.29934 -3.50419 0.509804 0.494118 0.482353
vn 0.19107 -0.178395 -0.965229
v -3.56804 1.84444 -3.09403 0.466667 0.454902 0.470588
vn -0.709119 -0.701109 0.0748078
v -4.15287 2.35139 -3.57043 0.67451 0.658824 0.647059
vn -0.29572 -0.311033 -0.903221
v -3.47146 1.58884 -3.45517 0.498039 0.490196 0.494118
vn 0.523678 -0.428501 -0.736307
v -3.72717 2.4858 -3.21836 0.419608 0.407843 0.4
vn -0.368332 -0.733908 0.57071
v -3.36981 1.30503 -3.53291 0.470588 0.466667 0.47451
vn 0.115876 -0.89635 -0.427936
v -4.03983 2.53999 -3.54142 0.576471 0.552941 0.533333
vn 0.0825377 -0.065547 -0.99443
v -3.81443 2.02769 -2.92672 0.647059 0.639216 0.611765
vn -0.228466 -0.422874 -0.876915
v -3.85114 1.97885 -2.91371 0.294118 0.305882 0.329412
vn 0.845144 0.395728 -0.359349
v -3.5278 2.38064 -3.53914 0.466667 0.458824 0.470588
vn 0.308176 -0.0206344 -0.951105
v -3.31572 2.36504 -3.55425 0.576471 0.54902 0.533333
vn 0.0477697 -0.0235833 -0.99858
v -3.96529 2.41913 -3.58705 0.447059 0.427451 0.419608
vn -0.786509 0.553186 0.274569
v -3.87267 2.12411 -3.56605 0.537255 0.529412 0.513725
vn 0.0780317 -0.159721 -0.984073
v -3.5388 1.64418 -3.55725 0.32549 0.321569 0.32549
vn 0.400855 -0.0500944 -0.914771
v -3.57137 2.49055 -3.67137 0.556863 0.54902 0.541176
vn 0.938515 -0.276006 -0.207391
v -4.1235 2.08353 -3.56587 0.529412 0.505882 0.498039
vn 0.0285387 -0.173211 -0.984471
v -3.53335 2.39837 -3.0385 0.498039 0.509804 0.537255
vn -0.312744 -0.371563 0.874147
v -3.62531 2.42723 -3.63137 0.494118 0.486275 0.47451
vn 0.141245 -0.424941 -0.894133
v -4.18734 2.51095 -3.55295 0.588235 0.572549 0.556863
vn -0.086163 0.0450358 -0.995263
v -3.76326 1.93237 -2.95187 0.368627 0.352941 0.341176
vn -0.535429 -0.74098 -0.405296
v -3.86553 2.22586 -2.86729 0.270588 0.266667 0.282353
vn -0.545373 0.56012 -0.623566
v -3.45961 2.44325 -3.56017 0.521569 0.513725 0.52549
vn 0.300107 -0.216872 -0.928925
v -3.62781 2.01689 -3.54298 0.435294 0.427451 0.439216
vn 0.0512809 -0.0667472 -0.996451
v -3.27562 1.69202 -3.5453 0.537255 0.52549 0.529412
vn -0.175007 0.150929 -0.97293
v -3.64312 2.32949 -3.00214 0.498039 0.513725 0.541176
vn 0.26773 0.362381 0.892749
v -3.86488 2.37252 -2.71724 0.654902 0.647059 0.635294
vn -0.967383 -0.124513 -0.220607
v -3.82994 2.10897 -2.59668 0.32549 0.333333 0.34902
vn 0.142049 0.128243 -0.981517
v -3.80851 2.06588 -3.09242 0.564706 0.580392 0.611765
vn -0.631553 -0.319327 0.70652
v -3.73816 1.83279 -3.51424 0.203922 0.2 0.2
vn -0.116375 0.512707 -0.85064
v -3.43985 1.94112 -3.32386 0.207843 0.207843 0.215686
vn 0.68328 -0.156462 0.713196
v -3.83086 2.32379 -2.88017 0.333333 0.329412 0.329412
vn -0.991033 -0.0333296 -0.129396
v -3.27657 2.32391 -3.56962 0.698039 0.686275 0.678431
vn -0.0477119 -0.0517016 -0.997522
v -3.56213 2.41376 -3.53582 0.45098 0.443137 0.45098
vn 0.541079 -0.285862 -0.790896
v -3.68024 1.98134 -3.11248 0.439216 0.458824 0.47451
vn 0.0364185 -0.109768 0.99329
v -3.73404 2.43353 -3.12327 0.298039 0.298039 0.309804
vn -0.146308 0.21549 -0.965483
v -3.79455 2.07158 -3.54227 0.454902 0.447059 0.439216
vn -0.101718 -0.0689273 -0.992423
v -3.62222 2.97475 -3.56555 0.376471 0.372549 0.360784
vn 0.919469 -0.158761 -0.359682
v -4.41283 2.00796 -3.6245 0.458824 0.45098 0.447059
vn -0.198802 -0.109577 -0.973895
v -3.46891 2.56896 -3.56521 0.301961 0.298039 0.305882
vn 0.207846 0.38876 -0.897589
v -3.81095 2.07977 -2.88236 0.376471 0.384314 0.4
vn -0.110053 -0.103995 -0.98847
v -3.42975 2.32276 -3.07688 0.494118 0.486275 0.47451
vn -0.644664 -0.259773 0.718976
v -3.5097 2.15203 -3.41946 0.356863 0.364706 0.388235
vn 0.320505 -0.16298 -0.933121
v -3.91782 2.03454 -2.6337 0.509804 0.494118 0.478431
vn 0.698957 0.117771 -0.7054
v -3.56607 2.33329 -3.53811 0.478431 0.470588 0.47451
vn 0.484829 0.321944 -0.813199
v -3.91618 2.67392 -3.56326 0.564706 0.552941 0.545098
vn 0.129667 0.0224718 -0.991303
v -3.84101 2.61884 -3.58373 0.517647 0.501961 0.494118
vn -0.32086 0.126067 -0.938699
v -3.25655 2.06406 -3.49397 0.454902 0.431373 0.431373
vn 0.732403 0.0860206 0.675416
v -4.03757 2.26679 -3.57651 0.529412 0.505882 0.505882
vn -0.173618 0.196899 -0.964929
v -3.42241 1.63404 -3.56318 0.635294 0.627451 0.607843
vn 0.0591813 -0.141001 -0.988239
v -3.63929 1.86919 -2.90585 0.282353 0.286275 0.298039
vn 0.232471 -0.646675 -0.726477
v -3.26952 2.06932 -3.54349 0.521569 0.513725 0.509804
vn 0.18185 0.231986 -0.95557
v -4.20142 2.53294 -3.5484 0.588235 0.568627 0.552941
vn -0.0652585 -0.0691931 -0.995467
v -3.68203 1.86864 -3.36289 0.407843 0.384314 0.388235
vn 0.547261 -0.787536 0.28336
v -3.82269 2.47232 -3.31346 0.180392 0.176471 0.172549
vn -0.779642 0.55451 0.290993
v -3.4917 1.95882 -2.92728 0.564706 0.564706 0.572549
vn 0.302741 -0.78543 -0.539858
v -3.58127 1.9441 -3.21565 0.505882 0.501961 0.490196
vn 0.462465 -0.866515 0.187822
v -3.76699 1.87536 -3.47111 0.301961 0.294118 0.290196
vn 0.494922 -0.862923 0.102062
v -3.93131 2.58546 -3.53362 0.415686 0.396078 0.388235
vn -0.170105 0.0214454 -0.985193
v -4.01532 2.67291 -3.59729 0.560784 0.552941 0.541176
vn 0.455515 -0.354957 -0.816402
v -3.33238 1.98667 -3.48898 0.47451 0.478431 0.470588
vn 0.688993 -0.641561 0.337176
v -3.34389 1.85691 -3.46539 0.435294 0.431373 0.427451
vn 0.839468 -0.0491091 0.541186
v -3.67491 2.42757 -3.13435 0.435294 0.427451 0.423529
vn 0.376808 0.919171 -0.114631
v -3.62691 2.06024 -3.54613 0.415686 0.415686 0.423529
vn 0.12324 0.115295 -0.985657
v -3.61536 1.92452 -3.55287 0.396078 0.396078 0.403922
vn 0.0409038 0.0534276 -0.997734
v -4.12315 2.21688 -3.58793 0.458824 0.435294 0.431373
vn 0.920735 -0.0692249 -0.383998
v -3.7239 2.56646 -3.15856 0.545098 0.52549 0.513725
vn -0.681893 0.727734 -0.0736566
v -3.73767 2.40889 -3.0404 0.337255 0.337255 0.34902
vn -0.498396 0.363226 0.78719
v -3.33924 1.92758 -3.48981 0.239216 0.247059 0.247059
vn 0.966581 -0.25369 -0.0369077
v -3.85536 1.98475 -2.88348 0.592157 0.584314 0.576471
vn 0.696916 0.618018 -0.363816
v -3.82391 2.76258 -3.56329 0.317647 0.313725 0.305882
vn -0.107968 -0.100233 -0.989089
v -3.566 1.89147 -3.0298 0.0470588 0.054902 0.054902
vn -0.109366 -0.955345 0.274509
v -4.06369 2.51674 -3.53398 0.6 0.572549 0.552941
vn 0.0526782 -0.0431381 -0.997679
v -3.42668 1.99433 -3.08483 0.34902 0.356863 0.388235
vn 0.0279665 -0.976725 0.212666
v -3.76831 2.17711 -3.09404 0.662745 0.666667 0.682353
vn -0.243089 0.00119831 0.970003
v -3.75401 2.07061 -3.54758 0.466667 0.447059 0.447059
vn -0.195466 0.0597108 -0.978891
v -3.45052 2.02945 -3.3166 0.403922 0.388235 0.4
vn 0.661743 0.205089 0.721134
v -3.51178 1.87978 -2.92744 0.145098 0.152941 0.156863
vn -0.0926522 -0.725599 -0.681852
v -3.6812 2.57635 -3.58065 0.517647 0.505882 0.490196
vn -0.30347 0.212632 -0.928813
v -3.37021 1.57516 -3.37538 0.368627 0.352941 0.364706
vn 0.908074 -0.020473 -0.418309
v -3.28007 2.14108 -3.46797 0.376471 0.368627 0.372549
vn 0.839562 0.00352069 0.543253
v -3.76316 2.93206 -3.54062 0.733333 0.721569 0.694118
vn 0.0583966 -0.0284388 -0.997888
v -3.91178 1.9754 -2.76769 0.380392 0.380392 0.4
vn 0.263564 0.812371 0.520181
v -3.30539 2.17419 -3.4629 0.368627 0.364706 0.376471
vn 0.918438 -0.234496 0.318565
v -3.81885 2.38835 -2.97174 0.384314 0.376471 0.364706
vn -0.662452 0.663207 -0.348301
v -3.76684 2.02636 -2.63719 0.4 0.384314 0.392157
vn 0.347351 0.381812 -0.856485
v -3.86367 2.07708 -2.68184 0.462745 0.462745 0.470588
vn -0.86723 0.494012 -0.0621663
v -3.68772 1.94086 -2.96841 0.411765 0.411765 0.4
vn -0.81225 -0.0249817 -0.582774
v -3.34992 1.98447 -3.04042 0.823529 0.847059 0.894118
vn 0.405039 -0.851303 0.333507
v -3.90999 2.31304 -2.9172 0.533333 0.529412 0.529412
vn -0.768303 0.489979 0.411864
v -3.86211 2.26603 -2.83998 0.286275 0.286275 0.309804
vn -0.332879 -0.0522072 -0.941523
v -3.3947 1.9974 -3.55517 0.239216 0.239216 0.227451
vn 0.201321 -0.00589901 -0.979508
v -3.66208 2.11629 -3.07885 0.745098 0.760784 0.8
vn -0.00564942 0.184877 0.982745
v -3.92063 2.43592 -3.4802 0.0980392 0.0941176 0.0941176
vn -0.601315 0.790537 -0.116066
v -3.87751 2.78434 -3.57011 0.537255 0.533333 0.52549
vn 0.0949597 -0.101924 -0.99025
v -3.56134 2.40813 -3.10803 0.698039 0.709804 0.760784
vn -0.29404 -0.0419099 0.954874
v -3.73392 2.28804 -3.08702 0.784314 0.811765 0.843137
vn 0.419404 0.460788 0.78216
v -3.5133 2.26709 -3.52636 0.352941 0.345098 0.352941
vn -0.200586 -0.00981239 -0.979627
v -3.81426 2.14009 -3.12604 0.615686 0.619608 0.647059
vn -0.435792 0.129619 0.890665
v -3.62325 1.83538 -2.86028 0.505882 0.505882 0.521569
vn -0.00629975 -0.155261 -0.987853
v -3.4883 2.44356 -3.48108 0.176471 0.180392 0.176471
vn -0.665453 0.309756 -0.679134
v -3.88756 1.89377 -3.5368 0.431373 0.419608 0.411765
vn -0.206659 0.0322465 -0.977882
v -3.53181 1.97555 -3.26765 0.337255 0.337255 0.341176
vn 0.852093 -0.390506 0.348485
v -3.37611 1.92512 -3.41392 0.227451 0.223529 0.235294
vn 0.832307 -0.111863 0.54291
v -3.45009 2.0648 -3.54229 0.266667 0.262745 0.282353
vn -0.0235419 -0.00358553 -0.999716
v -3.47877 2.13336 -3.38135 0.572549 0.572549 0.611765
vn 0.333991 0.606842 0.721244
v -3.47782 1.72407 -3.39628 0.470588 0.462745 0.466667
vn 0.521487 0.284826 -0.804317
v -3.94701 2.39831 -3.67099 0.541176 0.52549 0.521569
vn 0.229617 -0.00669696 -0.973258
v -3.5075 2.47972 -3.46919 0.254902 0.254902 0.254902
vn -0.993599 0.0334856 0.107892
v -3.5064 1.77201 -3.44625 0.313725 0.301961 0.313725
vn 0.554793 -0.211206 -0.804734
v -3.73786 2.12521 -3.54565 0.533333 0.513725 0.517647
vn -0.087932 -0.0155143 -0.996006
v -3.46623 1.47581 -3.53849 0.282353 0.278431 0.270588
vn -0.101742 0.367326 -0.924511
v -3.43858 2.41343 -3.03415 0.588235 0.603922 0.627451
vn 0.748622 0.656977 0.0891442
v -3.49587 1.78996 -3.48177 0.313725 0.313725 0.321569
vn 0.583284 -0.812212 -0.00957067
v -3.81315 2.41645 -3.01646 0.317647 0.32549 0.337255
vn -0.606498 0.793863 0.0440579
v -3.67475 2.46896 -2.92257 0.592157 0.584314 0.564706
vn -0.445414 0.869153 -0.214895
v -3.69572 2.25149 -3.05358 0.733333 0.752941 0.792157
vn 0.066067 -0.447145 0.892018
v -3.52418 1.85605 -2.84194 0.4 0.407843 0.435294
vn -0.0878166 -0.171214 -0.981312
v -3.81979 2.18003 -3.13799 0.639216 0.643137 0.662745
vn -0.340668 -0.486007 0.804825
v -3.31706 2.19273 -3.3408 0.305882 0.290196 0.313725
vn 0.255465 -0.961037 -0.10557
v -3.86888 2.3148 -2.93184 0.564706 0.54902 0.533333
vn -0.830971 0.43968 0.340834
v -3.86921 2.41108 -2.91404 0.482353 0.490196 0.482353
vn -0.826504 0.51788 -0.220663
v -4.02986 2.02604 -3.56897 0.466667 0.454902 0.443137
vn 0.000346086 0.0397394 -0.99921
v -3.66979 2.37482 -3.52844 0.403922 0.392157 0.396078
vn 0.681223 -0.568281 -0.461511
v -3.55592 2.01727 -3.53861 0.345098 0.345098 0.352941
vn 0.0827129 0.0014929 -0.996572
v -3.48326 1.94403 -2.99761 0.133333 0.12549 0.121569
vn 0.899343 -0.163772 -0.405414
v -3.43859 2.02677 -3.47006 0.203922 0.203922 0.207843
vn 0.366699 -0.920812 -0.132808
v -3.71885 2.16494 -3.53794 0.556863 0.541176 0.537255
vn 0.0781959 -0.107742 -0.991099
v -3.63659 1.95332 -3.52533 0.376471 0.364706 0.376471
vn 0.0374583 -0.0187522 -0.999122
v -3.4818 2.01972 -3.27962 0.380392 0.372549 0.380392
vn 0.75723 0.0508358 0.651167
v -3.76537 1.97208 -2.87455 0.52549 0.52549 0.494118
vn -0.474277 -0.635533 -0.609229
v -3.77357 2.28649 -3.13231 0.52549 0.52549 0.54902
vn -0.530835 -0.110516 0.840239
v -3.42423 2.05599 -3.06475 0.384314 0.4 0.431373
vn 0.185274 -0.244088 0.95189
v -3.49068 1.96746 -3.2867 0.164706 0.164706 0.168627
vn 0.649478 -0.37088 0.663797
v -3.8784 2.17863 -2.7302 0.376471 0.372549 0.388235
vn -0.968536 0.21109 -0.131833
v -3.33621 2.2199 -3.5327 0.541176 0.52549 0.517647
vn 0.109407 -0.0674925 -0.991703
v -3.47386 2.00224 -3.10559 0.337255 0.32549 0.329412
vn 0.277574 0.0221549 0.960449
v -3.56412 2.03898 -3.52265 0.27451 0.27451 0.282353
vn 0.0615652 0.101143 -0.992965
v -3.78729 2.22825 -2.68506 0.341176 0.352941 0.368627
vn -0.366581 -0.117493 -0.922938
v -3.58712 2.22125 -3.10683 0.835294 0.847059 0.886275
vn -0.322396 -0.104013 0.940873
v -3.83824 2.78275 -3.53573 0.584314 0.564706 0.552941
vn 0.00478908 -0.0786778 -0.996889
v -3.32795 1.97902 -3.11145 0.517647 0.517647 0.52549
vn 0.487166 -0.742269 -0.460114
v -3.30858 2.25193 -3.44969 0.403922 0.396078 0.4
vn 0.946888 -0.268249 -0.177331
v -4.22947 2.63291 -3.5224 0.513725 0.498039 0.486275
vn 0.0183038 0.33578 -0.941763
v -3.76622 2.97806 -3.55588 0.356863 0.337255 0.32549
vn 0.0159936 0.0423379 -0.998975
v -3.9134 2.06765 -2.71685 0.380392 0.396078 0.419608
vn -0.633118 0.758194 -0.155895
v -3.34181 2.20179 -3.3422 0.298039 0.286275 0.301961
vn 0.879408 -0.207224 -0.428602
v -3.96214 2.77916 -3.57648 0.45098 0.447059 0.447059
vn 0.0944364 0.0225362 -0.995276
v -4.07695 2.16921 -3.61119 0.52549 0.490196 0.490196
vn 0.470458 -0.33111 -0.817946
v -3.75912 2.02305 -3.0919 0.439216 0.443137 0.458824
vn -0.526908 -0.321973 0.786576
v -3.39125 1.91937 -2.92539 0.372549 0.356863 0.34902
vn 0.0459815 -0.665339 -0.745124
v -3.66744 1.78191 -3.56457 0.443137 0.435294 0.427451
vn 0.0456304 -0.00614031 -0.99894
v -3.42668 2.05306 -3.31073 0.435294 0.427451 0.435294
vn 0.427418 0.0909976 0.899463
v -3.50489 1.68632 -3.4274 0.607843 0.596078 0.596078
vn 0.607814 0.124598 -0.784243
v -3.34541 1.8177 -3.43801 0.466667 0.466667 0.470588
vn 0.704861 -0.700035 0.114555
v -3.47778 1.6907 -3.43789 0.431373 0.415686 0.415686
vn 0.733176 0.258759 -0.628885
v -3.26057 1.67254 -3.43477 0.592157 0.584314 0.584314
vn 0.646664 -0.743157 -0.171881
v -4.23741 2.51523 -3.56134 0.466667 0.447059 0.427451
vn -0.0922696 -0.103921 -0.990296
v -3.73195 1.98063 -3.09334 0.776471 0.760784 0.741176
vn -0.428604 -0.161222 0.888992
v -4.15766 2.5742 -3.54647 0.592157 0.572549 0.556863
vn -0.119843 0.0268548 -0.99243
v -3.35969 2.30261 -3.54197 0.427451 0.407843 0.411765
vn 0.143827 -0.110974 -0.983361
v -3.63127 2.4652 -3.17929 0.0823529 0.0823529 0.0823529
vn 0.691642 0.720945 -0.0432289
v -3.42842 2.02994 -3.57366 0.454902 0.443137 0.431373
vn 0.137211 0.0357593 -0.989896
v -3.81267 1.86222 -3.43592 0.203922 0.2 0.192157
vn 0.610254 -0.791652 -0.0296323
v -3.43408 2.36388 -3.08353 0.6 0.619608 0.666667
vn -0.503382 -0.460768 0.730958
v -3.3438 1.873 -3.43821 0.431373 0.427451 0.431373
vn 0.974487 -0.036453 0.221464
v -3.52058 1.87876 -2.87081 0.431373 0.427451 0.435294
vn -0.294545 -0.668688 -0.682715
v -3.5301 2.48125 -3.53052 0.298039 0.298039 0.305882
vn 0.571084 -0.409528 -0.711442
v -3.87012 2.14261 -3.14029 0.517647 0.509804 0.517647
vn -0.842861 -0.253939 0.474447
v -3.72104 1.92805 -2.77594 0.313725 0.301961 0.313725
vn -0.875895 -0.382193 -0.29451
v -4.03259 2.17367 -3.58645 0.47451 0.447059 0.439216
vn -0.00182595 -0.042575 -0.999092
v -3.84068 2.18798 -2.85909 0.301961 0.305882 0.333333
vn -0.308546 0.346917 -0.885691
v -3.38101 2.26435 -3.03618 0.635294 0.647059 0.694118
vn -0.42134 -0.188917 0.887008
v -3.65863 1.92185 -2.87354 0.478431 0.466667 0.494118
vn -0.128976 -0.32444 -0.937072
v -3.72381 1.92222 -3.54065 0.435294 0.427451 0.419608
vn 0.182604 -0.311704 -0.932468
v -3.38613 1.9883 -3.43002 0.109804 0.113725 0.113725
vn 0.737338 0.221625 0.638134
v -3.86284 2.04143 -2.64745 0.376471 0.384314 0.407843
vn -0.572256 0.185203 -0.798888
v -3.34699 1.99126 -3.43472 0.352941 0.356863 0.364706
vn 0.774784 -0.191438 0.602545
v -3.42083 2.02957 -3.4158 0.266667 0.270588 0.266667
vn 0.762158 -0.0654985 0.644069
v -3.79121 2.12242 -2.92618 0.392157 0.388235 0.403922
vn 0.559896 0.167047 -0.811549
v -3.56403 2.28576 -3.53758 0.407843 0.4 0.4
vn 0.148649 -0.0820608 -0.985479
v -3.51115 2.37985 -3.50793 0.329412 0.317647 0.321569
vn -0.115363 0.213241 -0.970165
v -3.40426 2.23722 -3.11216 0.517647 0.509804 0.509804
vn -0.616369 -0.214688 0.757627
v -3.81411 2.8265 -3.5468 0.690196 0.67451 0.654902
vn -0.111229 -0.0477763 -0.992646
v -3.90684 2.42728 -3.39202 0.337255 0.321569 0.317647
vn -0.746453 0.56994 0.343476
v -3.33253 2.02118 -3.44041 0.298039 0.301961 0.309804
vn 0.713562 -0.535092 0.452224
v -3.53259 2.13293 -3.03662 0.733333 0.756863 0.807843
vn -0.118568 0.263081 0.95746
v -3.47206 1.98481 -3.07256 0.47451 0.486275 0.521569
vn 0.262834 -0.857772 -0.441753
v -3.77783 2.3229 -3.58447 0.368627 0.34902 0.345098
vn -0.101292 -0.191293 -0.976293
v -3.67507 2.42895 -2.88862 0.662745 0.65098 0.643137
vn -0.242441 0.887874 -0.391026
v -4.11113 2.51721 -3.56834 0.596078 0.576471 0.560784
vn -0.0170228 0.0135001 -0.999764
v -3.46765 1.9396 -3.07266 0.462745 0.470588 0.490196
vn 0.341084 -0.834601 -0.432555
v -3.43238 1.87771 -2.86982 0.313725 0.321569 0.333333
vn -0.0370926 -0.228442 -0.972851
v -3.82637 2.02607 -2.96123 0.65098 0.654902 0.666667
vn 0.151742 -0.189107 -0.970161
v -3.43612 2.06793 -3.36681 0.321569 0.309804 0.321569
vn 0.58824 0.190874 0.785838
v -3.46512 2.22813 -3.11079 0.760784 0.784314 0.835294
vn 0.260908 0.146548 0.954176
v -3.6352 2.11632 -3.53053 0.337255 0.337255 0.345098
vn -0.00834794 0.0809128 -0.996686
v -3.42763 1.93989 -3.41918 0.192157 0.192157 0.2
vn 0.825234 -0.0075619 0.564741
v -3.81298 2.46575 -3.26918 0.298039 0.290196 0.286275
vn -0.763692 0.572771 0.297839
v -3.83969 2.27124 -2.90809 0.339216 0.333333 0.341176
vn -0.464678 -0.714134 -0.523533
v -3.56886 2.3305 -3.08241 0.878431 0.898039 0.929412
vn 0.0950923 -0.0506084 0.994181
v -3.87313 2.42918 -3.55624 0.462745 0.443137 0.45098
vn -0.281058 0.0638076 -0.957567
v -3.73854 1.94566 -3.56634 0.368627 0.360784 0.372549
vn 0.143402 -0.184425 -0.972329
v -3.29648 2.18865 -3.44507 0.415686 0.411765 0.423529
vn 0.837176 -0.339475 0.428828
v -3.97224 2.42642 -3.57027 0.262745 0.254902 0.254902
vn 0.519148 -0.023765 -0.854354
v -3.62505 2.38154 -3.03084 0.658824 0.670588 0.698039
vn 0.44649 0.262511 0.855415
v -3.47139 1.97588 -3.36775 0.239216 0.239216 0.235294
vn 0.954085 -0.131542 0.269106
v -3.77076 2.07341 -2.92477 0.415686 0.435294 0.427451
vn -0.242081 -0.259852 -0.934812
v -3.55748 2.10498 -3.07839 0.776471 0.803922 0.858824
vn -0.214236 0.116344 0.969828
v -3.22925 2.02824 -3.53065 0.470588 0.462745 0.454902
vn -0.0284866 0.79381 -0.607499
v -3.775 1.82284 -3.52723 0.462745 0.447059 0.447059
vn -0.174638 0.504525 -0.845551
v -3.4981 2.05072 -3.23688 0.537255 0.517647 0.521569
vn 0.595827 0.212216 0.774568
v -3.82322 1.93965 -2.67834 0.419608 0.411765 0.419608
vn 0.0268932 0.941088 -0.337091
v -3.79578 2.32729 -3.17238 0.4 0.388235 0.384314
vn -0.246887 -0.153715 0.956775
v -3.73062 2.77817 -3.56208 0.431373 0.423529 0.415686
vn -0.234071 -0.155534 -0.959698
v -3.91905 2.46702 -3.46238 0.227451 0.219608 0.215686
vn -0.899082 0.38207 0.213717
v -3.69186 2.50913 -2.87181 0.694118 0.678431 0.658824
vn -0.228468 0.638109 -0.735268
v -3.36367 2.25729 -3.54168 0.462745 0.443137 0.443137
vn 0.298078 -0.0119351 -0.954467
v -3.51479 2.48353 -3.42708 0.262745 0.258824 0.25098
vn -0.807201 0.510285 -0.296708
v -3.45458 2.42978 -3.13528 0.6 0.596078 0.596078
vn 0.570911 0.0174805 0.820826
v -3.83975 1.94396 -2.92029 0.258824 0.282353 0.301961
vn 0.607149 0.791991 0.0641807
v -3.72237 2.32399 -3.07248 0.760784 0.792157 0.823529
vn 0.0442177 -0.608274 0.792495
v -3.6343 2.41056 -3.10643 0.756863 0.768627 0.811765
vn 0.232259 0.884428 0.404775
v -3.38233 1.98063 -3.0717 0.466667 0.478431 0.505882
vn 0.25487 -0.963697 -0.079554
v -3.81635 2.26928 -2.67281 0.25098 0.254902 0.270588
vn -0.523657 -0.0211888 -0.851665
v -3.76235 1.84359 -2.82286 0.572549 0.560784 0.552941
vn -0.56833 -0.819525 0.0733478
v -3.43531 1.7269 -3.42795 0.407843 0.392157 0.392157
vn -0.235017 0.192567 -0.952725
v -3.42843 1.56611 -3.38973 0.341176 0.32549 0.356863
vn 0.712771 -0.209892 -0.669256
v -3.67274 1.93493 -3.06812 0.52549 0.52549 0.513725
vn -0.1526 -0.926043 -0.345191
v -3.85317 2.19533 -3.09355 0.517647 0.521569 0.54902
vn -0.673471 -0.148293 0.724186
v -3.82218 2.3674 -3.02187 0.635294 0.635294 0.65098
vn -0.610362 -0.748295 0.259835
v -3.77874 2.27604 -3.08747 0.733333 0.760784 0.796078
vn -0.324346 -0.339705 0.882836
v -3.77485 2.36571 -3.01841 0.360784 0.356863 0.368627
vn -0.0602459 -0.767096 0.638697
v -3.77697 1.82912 -3.37766 0.156863 0.152941 0.152941
vn 0.828557 -0.414922 -0.375942
v -3.66117 2.37329 -3.61364 0.490196 0.478431 0.466667
vn 0.406496 -0.770501 -0.491009
v -3.47716 1.79349 -3.47698 0.368627 0.364706 0.368627
vn 0.475279 -0.848536 -0.232586
v -3.42313 1.86749 -3.37091 0.364706 0.356863 0.368627
vn 0.842223 0.199945 0.500681
v -3.37848 1.87224 -3.3635 0.301961 0.298039 0.313725
vn 0.917953 0.117609 0.378853
v -3.41746 2.46731 -3.05356 0.423529 0.423529 0.447059
vn 0.917553 0.393449 0.0573975
v -3.82278 2.33462 -3.08001 0.623529 0.631373 0.666667
vn -0.395197 -0.0811225 0.915007
v -3.75922 2.01927 -3.10209 0.611765 0.611765 0.647059
vn -0.449418 -0.189877 0.872909
v -3.10062 1.8569 -3.56583 0.556863 0.556863 0.556863
vn 0.484369 0.387261 -0.784484
v -3.43361 1.93979 -3.07506 0.607843 0.619608 0.647059
vn 0.380416 -0.862911 -0.332669
v -3.71551 2.50394 -2.85939 0.466667 0.454902 0.482353
vn -0.298056 0.448533 -0.842604
v -3.82782 1.83061 -3.53665 0.396078 0.388235 0.376471
vn -0.0117972 0.0870055 -0.996138
v -3.58637 2.43816 -3.22812 0.160784 0.156863 0.152941
vn -0.578333 0.697934 -0.422398
v -3.68131 1.9645 -3.36509 0.462745 0.443137 0.439216
vn 0.320579 -0.337513 -0.88505
v -3.4434 1.95949 -2.95891 0.419608 0.435294 0.458824
vn 0.271608 -0.867771 -0.416175
v -3.22057 2.02794 -3.56665 0.572549 0.560784 0.552941
vn 0.289535 0.17338 -0.941334
v -3.78691 2.11901 -2.6528 0.564706 0.556863 0.54902
vn -0.968711 0.240549 -0.0611085
v -3.87034 1.82389 -3.55244 0.521569 0.52549 0.509804
vn -0.0276298 -0.161432 -0.986497
v -4.4812 1.99881 -3.60157 0.427451 0.419608 0.423529
vn -0.101504 -0.147544 -0.983833
v -3.46642 2.02014 -3.37346 0.352941 0.34902 0.34902
vn 0.970043 -0.0567446 0.236211
v -3.80314 2.36248 -3.16187 0.415686 0.407843 0.419608
vn 0.0670155 -0.368714 0.927124
v -3.61902 1.92057 -2.9829 0.152941 0.156863 0.152941
vn -0.0564447 0.114256 -0.991847
v -3.43019 2.02717 -3.36771 0.219608 0.219608 0.223529
vn 0.508528 -0.351931 0.78584
v -3.57374 2.46728 -3.03485 0.392157 0.384314 0.407843
vn -0.173742 -0.0350216 0.984168
v -3.25297 2.61174 -3.20975 0.478431 0.462745 0.462745
vn -0.393708 0.872419 0.289618
v -3.4621 2.27306 -3.11487 0.54902 0.560784 0.603922
vn 0.122121 -0.125853 0.984504
v -4.08974 2.15424 -3.64015 0.552941 0.529412 0.517647
vn 0.640616 -0.10124 -0.761158
v -3.72834 2.05575 -2.94376 0.486275 0.47451 0.466667
vn -0.0562712 -0.991082 0.120793
v -3.37658 2.17644 -3.11047 0.552941 0.556863 0.576471
vn -0.697111 -0.156597 0.699653
v -3.86062 1.96897 -3.52941 0.529412 0.513725 0.505882
vn -0.358804 0.0530532 -0.931904
v -3.6866 1.9636 -2.88311 0.580392 0.584314 0.580392
vn 0.128652 -0.397943 -0.908345
v -3.72642 2.01174 -2.97059 0.423529 0.423529 0.431373
vn -0.663258 0.322767 -0.675211
v -3.78428 2.21558 -2.88374 0.4 0.392157 0.392157
vn -0.449122 0.07376 -0.890421
v -3.38266 2.14422 -3.11838 0.545098 0.54902 0.576471
vn -0.957097 -0.172004 -0.233195
v -3.67737 1.879 -3.00987 0.388235 0.388235 0.384314
vn -0.318595 -0.898336 -0.302472
v -3.36233 2.42333 -3.57241 0.694118 0.678431 0.666667
vn -0.0106879 0.156677 -0.987592
v -3.88197 2.43327 -3.36802 0.447059 0.423529 0.419608
vn -0.618291 0.733449 0.282434
v -3.3424 2.0387 -3.12579 0.54902 0.537255 0.541176
vn 0.0462331 -0.0837398 -0.995415
v -3.38354 1.93075 -3.42599 0.2 0.203922 0.207843
vn 0.901447 -0.0922312 0.42295
v -3.8875 2.12633 -2.88357 0.305882 0.309804 0.341176
vn 0.688709 0.27223 -0.671991
v -3.86406 2.46352 -3.36968 0.14902 0.145098 0.145098
vn -0.631971 0.731225 0.256753
v -3.27934 1.88462 -3.56282 0.501961 0.486275 0.482353
vn -0.192565 -0.0737294 -0.97851
v -3.76228 1.97384 -3.57773 0.4 0.384314 0.376471
vn 0.0555963 -0.098816 -0.993551
v -3.57634 2.47481 -3.62096 0.47451 0.466667 0.470588
vn 0.777362 -0.335526 -0.532101
v -3.91092 2.22692 -3.53434 0.435294 0.415686 0.415686
vn 0.236922 0.0261806 -0.971176
v -3.86025 2.12596 -2.70928 0.439216 0.435294 0.447059
vn -0.991405 0.0914133 0.0935895
v -3.43189 2.02671 -3.55439 0.560784 0.545098 0.533333
vn 0.089277 -0.319865 -0.943247
v -3.62926 2.37621 -2.97207 0.407843 0.427451 0.45098
vn 0.440878 -0.136279 0.887161
v -3.77602 2.38928 -3.07505 0.690196 0.694118 0.72549
vn -0.632653 0.269494 0.726032
v -3.84244 2.13231 -2.72614 0.364706 0.364706 0.384314
vn -0.848065 0.149914 0.508244
v -3.90994 1.98106 -2.66791 0.976471 0.976471 0.964706
vn 0.520542 0.467852 -0.714248
v -3.71168 2.45689 -3.03093 0.521569 0.517647 0.505882
vn -0.574416 0.78738 0.223784
v -3.15769 1.64115 -3.07775 0.360784 0.337255 0.329412
vn -0.054118 -0.987734 0.146466
v -3.69357 2.67294 -3.57433 0.172549 0.168627 0.164706
vn 0.0697966 0.258057 -0.963605
v -3.61682 1.83498 -3.53706 0.403922 0.4 0.4
vn 0.189176 -0.0673842 -0.979628
v -3.81927 2.33061 -3.1403 0.533333 0.529412 0.556863
vn 0.189026 -0.376801 0.906802
v -3.62501 2.4143 -3.65555 0.560784 0.552941 0.537255
vn 0.518915 -0.58216 -0.625953
v -3.70451 2.53336 -3.12143 0.333333 0.317647 0.309804
vn -0.993927 -0.0575427 0.0937992
v -3.67425 2.38581 -2.98555 0.439216 0.45098 0.490196
vn -0.324676 -0.492804 0.807298
v -3.48295 2.48454 -3.42876 0.631373 0.619608 0.611765
vn -0.925091 0.193095 -0.326989
v -3.87324 2.3598 -2.76872 0.670588 0.654902 0.643137
vn -0.90041 0.173154 -0.399097
v -3.38327 1.99072 -3.10821 0.552941 0.552941 0.564706
vn 0.221768 -0.740464 -0.634454
v -3.41969 1.57397 -3.47389 0.32549 0.313725 0.32549
vn 0.986137 -0.0464261 0.159304
v -3.72356 2.466 -2.96319 0.611765 0.603922 0.588235
vn -0.343353 0.936835 0.0667032
v -3.82833 1.97657 -2.72274 0.388235 0.384314 0.4
vn -0.451497 0.777941 -0.436987
v -3.62316 1.95764 -3.32248 0.47451 0.47451 0.482353
vn -0.0633206 -0.982669 -0.174217
v -3.51451 1.95806 -3.31503 0.156863 0.160784 0.160784
vn 0.333765 -0.584462 0.739598
v -3.63087 1.88066 -2.8672 0.494118 0.505882 0.529412
vn -0.236607 -0.265881 -0.934518
v -3.52038 2.61409 -3.52938 0.505882 0.490196 0.498039
vn -0.160441 0.12105 -0.979595
v -3.79815 1.76603 -3.56791 0.654902 0.639216 0.615686
vn -0.0118388 0.313592 -0.949484
v -3.21112 2.22559 -3.44034 0.415686 0.411765 0.407843
vn 0.377562 -0.901886 0.209878
v -3.43808 1.91439 -2.92351 0.141176 0.145098 0.145098
vn 0.406177 -0.519898 -0.751483
v -3.31322 2.12609 -3.44026 0.352941 0.352941 0.360784
vn 0.6254 -0.150453 0.765662
v -3.47496 2.37505 -3.01934 0.741176 0.768627 0.811765
vn -0.0725572 -0.28827 0.954796
v -3.36356 2.02454 -3.33046 0.423529 0.427451 0.443137
vn 0.489267 -0.535126 0.688664
v -3.78381 1.90897 -3.58399 0.443137 0.427451 0.411765
vn 0.130268 -0.176388 -0.975663
v -3.36177 2.11226 -3.32713 0.466667 0.470588 0.494118
vn 0.491871 -0.0977945 -0.865158
v -3.72275 2.46633 -3.04254 0.670588 0.686275 0.721569
vn -0.705898 0.504551 0.497128
v -3.53858 2.07128 -3.5289 0.352941 0.345098 0.356863
vn 0.075225 0.0451803 -0.996143
v -3.57525 2.52579 -3.08354 0.337255 0.352941 0.364706
vn -0.351999 -0.723335 0.594039
v -3.47096 1.98172 -3.11516 0.556863 0.552941 0.564706
vn 0.147626 0.310236 0.939127
v -3.8274 2.52167 -3.57662 0.439216 0.423529 0.415686
vn -0.0547791 -0.206291 -0.976956
v -3.78103 2.48378 -3.57606 0.419608 0.403922 0.392157
vn -0.193306 -0.036476 -0.98046
v -3.53093 1.67841 -3.53274 0.596078 0.588235 0.576471
vn -0.218366 -0.120145 -0.968443
v -3.53206 2.46784 -3.01429 0.47451 0.486275 0.521569
vn -0.240228 -0.00563758 0.9707
v -3.59076 2.54124 -2.97882 0.223529 0.227451 0.227451
vn 0.184204 0.97571 -0.118573
v -3.5242 1.88155 -3.01453 0.0784314 0.0823529 0.0784314
vn 0.0946868 -0.946775 0.307655
v -3.77485 2.18129 -2.67026 0.501961 0.486275 0.486275
vn -0.191767 -0.18369 -0.964097
v -3.74483 2.18199 -2.89628 0.603922 0.580392 0.576471
vn -0.156673 0.248676 -0.955832
v -3.47983 2.67059 -3.5638 0.498039 0.494118 0.505882
vn -0.437244 0.152266 -0.886359
v -3.57124 2.47561 -3.57746 0.396078 0.396078 0.396078
vn 0.763904 -0.301104 -0.570777
v -3.43265 1.83407 -3.47243 0.282353 0.27451 0.266667
vn 0.882798 -0.391595 -0.259461
v -3.24496 2.3831 -3.55123 0.588235 0.564706 0.545098
vn -0.082187 0.0578234 -0.994938
v -3.25578 2.30842 -3.55267 0.52549 0.509804 0.498039
vn -0.0184664 -0.00122564 -0.999829
v -3.96668 2.36837 -3.51952 0.396078 0.376471 0.380392
vn -0.189697 0.391493 -0.900416
v -3.78547 2.31471 -3.12458 0.631373 0.635294 0.666667
vn -0.707164 -0.318034 0.631485
v -3.41863 1.97615 -3.06675 0.509804 0.517647 0.537255
vn 0.388893 -0.895038 -0.218333
v -3.48464 1.92093 -2.93224 0.113725 0.117647 0.117647
vn 0.548858 -0.681109 -0.48461
v -3.38028 1.77465 -3.55706 0.509804 0.490196 0.482353
vn 0.0208788 -0.0919325 -0.995546
v -3.68485 1.98307 -2.90829 0.403922 0.388235 0.380392
vn 0.72334 -0.161475 -0.671346
v -4.07219 2.27885 -3.58184 0.482353 0.462745 0.458824
vn -0.00473263 0.291272 -0.956629
v -3.47892 2.38612 -3.1205 0.772549 0.788235 0.831373
vn 0.0677757 0.0950776 0.99316
v -3.78111 2.11652 -2.62075 0.352941 0.356863 0.364706
vn -0.134794 -0.22282 -0.965496
v -3.26349 1.57426 -3.52723 0.505882 0.501961 0.505882
vn -0.220698 0.340591 -0.913942
v -4.01418 2.43196 -3.66844 0.545098 0.533333 0.52549
vn -0.19792 0.964575 -0.174421
v -3.47668 2.51114 -3.43416 0.0509804 0.0509804 0.0470588
vn -0.937666 -0.0290844 -0.346319
v -3.76788 2.17487 -3.12769 0.619608 0.623529 0.65098
vn -0.496755 0.257662 0.828761
v -3.70947 1.88427 -3.2742 0.376471 0.368627 0.360784
vn 0.835196 -0.335019 -0.436131
v -3.91395 2.2187 -2.87721 0.4 0.415686 0.431373
vn 0.836505 -0.291675 -0.463881
v -3.5754 1.95822 -3.32249 0.4 0.392157 0.388235
vn 0.0564513 -0.880932 0.469865
v -3.9829 2.62672 -3.56628 0.521569 0.505882 0.501961
vn 0.237224 -0.114629 -0.964668
v -3.39022 1.98477 -3.03812 0.523529 0.539216 0.57451
vn 0.297764 -0.893203 0.336935
v -3.56434 1.94224 -3.26103 0.239216 0.235294 0.235294
vn 0.347029 -0.927038 0.142026
v -3.48319 1.93682 -3.2898 0.164706 0.160784 0.160784
vn 0.544491 -0.63052 0.55315
v -3.37302 2.26506 -3.07211 0.447059 0.454902 0.486275
vn -0.599911 -0.0920757 0.794751
v -3.30506 2.58646 -3.25532 0.647059 0.627451 0.619608
vn -0.438907 0.777207 0.4509
v -3.62659 2.52636 -3.07683 0.282353 0.298039 0.309804
vn -0.0641621 -0.901075 0.428891
v -3.63112 2.47498 -3.12649 0.596078 0.584314 0.568627
vn -0.0824235 -0.347137 0.934185
v -4.01561 2.43203 -3.50679 0.270588 0.270588 0.270588
vn 0.324718 0.217761 -0.920401
v -3.76527 1.97419 -2.66995 0.411765 0.403922 0.415686
vn 0.458367 0.654899 -0.600839
v -3.7373 1.97826 -2.66656 0.388235 0.384314 0.4
vn -0.135442 0.610244 -0.780549
v -3.91599 2.02908 -2.65883 0.278431 0.278431 0.282353
vn 0.734824 0.00719314 -0.67822
v -3.39429 1.81901 -3.46023 0.278431 0.27451 0.278431
vn 0.703412 -0.686309 -0.184911
v -3.85489 2.03156 -2.66436 0.458824 0.458824 0.466667
vn -0.788869 0.434821 -0.434301
v -3.52184 1.86608 -3.02928 0.52549 0.509804 0.505882
vn 0.1919 -0.972208 0.134109
v -3.93345 2.06418 -2.66059 0.419608 0.415686 0.407843
vn 0.602495 -0.019199 -0.797892
v -3.42995 2.2732 -3.07665 0.764706 0.796078 0.827451
vn -0.40514 -0.424812 0.809566
v -3.63413 1.85033 -2.90091 0.454902 0.45098 0.486275
vn 0.071226 -0.35783 -0.931066
v -3.87813 2.11346 -2.67363 0.458824 0.458824 0.466667
vn -0.96869 0.224351 -0.10633
v -3.42124 1.92078 -3.52652 0.341176 0.329412 0.333333
vn 0.808315 -0.342465 -0.478899
v -3.52923 2.45872 -3.03194 0.580392 0.568627 0.576471
vn 0.409867 0.802629 -0.433353
v -3.87962 2.15914 -2.67908 0.45098 0.447059 0.458824
vn -0.975416 -0.154546 -0.157095
v -2.9885 1.66633 -3.49031 0.356863 0.34902 0.34902
vn -0.364099 -0.284508 -0.886841
v -3.97392 2.27493 -2.67161 0.352941 0.356863 0.364706
vn 0.122797 -0.179083 -0.97614
v -3.93857 2.23383 -3.60972 0.403922 0.384314 0.392157
vn 0.58014 0.0750811 -0.811049
v -4.00986 2.31375 -2.65511 0.411765 0.415686 0.4
vn 0.437525 -0.156014 -0.885568
v -4.03658 2.777 -3.55716 0.294118 0.286275 0.27451
vn -0.428116 0.165019 -0.88853
v -3.91361 2.33027 -2.68025 0.282353 0.290196 0.298039
vn 0.0455397 -0.64024 -0.766824
v -3.78288 2.27154 -3.12949 0.639216 0.643137 0.678431
vn -0.623644 0.178009 0.76117
v -3.88251 2.31804 -2.6671 0.423529 0.415686 0.423529
vn -0.241101 -0.479975 -0.843501
v -3.93234 2.11583 -3.01593 0.698039 0.701961 0.717647
vn 0.877279 0.111849 -0.466768
v -3.90759 2.37623 -2.66216 0.266667 0.27451 0.262745
vn 0.0915821 -0.777623 -0.622025
v -3.8852 2.38034 -2.66618 0.686275 0.647059 0.635294
vn -0.224085 -0.760723 -0.609169
v -3.21743 1.53603 -3.55657 0.423529 0.415686 0.435294
vn -0.230769 0.201168 -0.951986
v -3.74375 2.21745 -3.54152 0.556863 0.545098 0.54902
vn 0.0526052 -0.135065 -0.989439
v -3.38923 2.02915 -3.36184 0.329412 0.321569 0.337255
vn 0.68468 -0.562965 0.462908
v -3.88643 2.27858 -3.5366 0.498039 0.478431 0.482353
vn -0.255932 -0.0841147 -0.963028
v -3.61634 2.03263 -3.56519 0.435294 0.427451 0.431373
vn 0.086323 -0.0491933 -0.995052
v -3.33205 2.08381 -3.0819 0.439216 0.447059 0.478431
vn -0.981793 -0.18211 0.0540234
v -3.87209 2.41158 -2.68399 0.619608 0.615686 0.6
vn -0.887245 0.45081 -0.0978067
v -3.24855 2.33625 -3.55336 0.580392 0.560784 0.545098
vn -0.113321 -0.00739679 -0.993531
v -3.47942 1.48889 -3.5195 0.541176 0.529412 0.52549
vn -0.232909 0.732288 -0.639928
v -3.5873 2.37827 -3.57947 0.435294 0.427451 0.427451
vn 0.617273 0.192602 -0.76281
v -3.82833 2.48436 -3.3662 0.247059 0.239216 0.239216
vn -0.667259 0.70794 0.231485
v -3.46945 1.63204 -3.43518 0.501961 0.490196 0.494118
vn 0.275729 0.112621 -0.954615
v -3.93631 2.3329 -3.62712 0.517647 0.482353 0.47451
vn 0.966459 -0.246743 -0.0712415
v -3.87101 2.07205 -2.63262 0.447059 0.443137 0.454902
vn -0.908582 0.4177 -0.00218744
v -3.77525 1.87268 -3.55977 0.301961 0.298039 0.290196
vn 0.207939 -0.19939 -0.957604
v -3.84098 2.08204 -2.63626 0.388235 0.403922 0.423529
vn -0.761027 -0.244147 0.601025
v -3.44192 1.54441 -3.38485 0.396078 0.376471 0.396078
vn 0.710621 -0.214717 -0.670011
v -3.77022 2.06791 -2.6268 0.407843 0.380392 0.368627
vn -0.111911 0.105252 -0.988129
v -3.49264 1.37985 -3.52703 0.431373 0.423529 0.419608
vn -0.128568 0.0767394 -0.988727
v -3.82919 1.91476 -3.53834 0.509804 0.494118 0.482353
vn -0.306505 -0.364316 -0.879391
v -3.47211 2.51458 -3.05282 0.423529 0.419608 0.431373
vn 0.558427 0.762206 0.327417
v -3.86518 2.31267 -3.11433 0.635294 0.635294 0.647059
vn -0.759236 -0.343869 0.552553
v -3.90663 2.1808 -2.62179 0.47451 0.482353 0.494118
vn -0.0347101 0.286666 -0.957402
v -3.60992 2.10673 -3.56465 0.368627 0.368627 0.376471
vn -0.0370022 -0.000360976 -0.999315
v -3.86595 2.17153 -2.62527 0.4 0.411765 0.435294
vn -0.249066 0.118607 -0.961196
v -3.50007 1.69137 -3.42548 0.560784 0.541176 0.54902
vn 0.686002 0.238181 -0.68751
v -3.96727 2.23102 -2.63969 0.447059 0.439216 0.423529
vn 0.107755 -0.242918 -0.964044
v -3.83897 2.22377 -2.62506 0.443137 0.447059 0.458824
vn -0.454898 0.0266439 -0.890145
v -3.97649 2.279 -2.62442 0.85098 0.843137 0.803922
vn 0.139927 -0.174597 -0.974647
v -3.91395 2.27087 -2.63055 0.654902 0.643137 0.623529
vn 0.152742 -0.0954903 -0.983642
v -3.13217 1.61947 -3.1156 0.447059 0.431373 0.435294
vn -0.054118 -0.987734 0.146466
v -3.91827 2.32104 -2.62173 0.588235 0.572549 0.556863
vn 0.161402 -0.244563 -0.956106
v -3.88765 2.31551 -2.6338 0.431373 0.423529 0.423529
vn -0.132957 -0.342956 -0.929894
v -3.8374 2.32645 -2.63008 0.745098 0.729412 0.698039
vn -0.486662 -0.327178 -0.810009
v -3.87902 2.4038 -2.64623 0.803922 0.8 0.776471
vn -0.990685 0.1257 -0.0523719
v -3.79019 2.43694 -2.93285 0.568627 0.556863 0.541176
vn -0.42947 0.861887 -0.269641
v -3.42794 1.72813 -3.55469 0.6 0.584314 0.568627
vn 0.0881062 -0.025859 -0.995775
v -3.47771 2.0589 -3.28961 0.462745 0.458824 0.478431
vn 0.782301 0.131687 0.608821
v -3.57076 2.43041 -3.02965 0.6 0.596078 0.611765
vn -0.0586977 -0.403093 0.913275
v -4.02432 2.13378 -3.58231 0.521569 0.490196 0.47451
vn 0.111846 -0.208062 -0.9717
v -3.62311 1.92093 -3.07731 0.27451 0.278431 0.282353
vn -0.404289 -0.799887 -0.443543
v -3.96696 2.32767 -3.66498 0.576471 0.556863 0.552941
vn 0.692449 -0.427629 -0.581075
v -3.86843 2.01579 -2.72951 0.356863 0.352941 0.368627
vn -0.373245 0.583313 -0.721411
v -3.58681 2.4906 -3.65864 0.501961 0.490196 0.482353
vn 0.920996 -0.389573 0.000284641
v -3.58014 2.51388 -3.65556 0.541176 0.533333 0.529412
vn 0.884631 -0.235066 -0.402705
v -3.95999 2.2242 -2.87558 0.337255 0.352941 0.380392
vn 0.677969 -0.724914 0.121889
v -3.2328 2.18031 -3.57167 0.611765 0.603922 0.596078
vn 0.444542 -0.388376 -0.807184
v -3.56334 2.27867 -3.53237 0.301961 0.286275 0.294118
vn 0.236003 0.00255014 -0.971749
v -3.03293 1.73085 -3.48924 0.388235 0.384314 0.392157
vn 0.160352 -0.0719235 -0.984436
v -3.3139 2.2748 -3.56391 0.709804 0.698039 0.686275
vn 0.00125517 -0.0157059 -0.999876
v -3.69597 2.34443 -3.60239 0.458824 0.443137 0.431373
vn -0.164215 0.196128 -0.96673
v -3.72266 2.21252 -3.06578 0.776471 0.796078 0.827451
vn -0.225509 0.00735378 0.974213
v -3.57125 2.22549 -3.08836 0.882353 0.898039 0.937255
vn -0.260982 0.0177565 0.96518
v -3.46481 2.22049 -3.57273 0.403922 0.4 0.407843
vn -0.0509275 -0.109934 -0.992633
v -3.52478 2.43151 -3.57374 0.376471 0.376471 0.380392
vn 0.147356 -0.185048 -0.971619
v -3.71577 2.48396 -2.85247 0.321569 0.321569 0.352941
vn -0.428737 0.446083 -0.785617
v -3.78705 2.22326 -3.12497 0.611765 0.615686 0.65098
vn -0.842532 0.0403741 0.53713
v -3.387 1.6787 -3.46599 0.368627 0.360784 0.360784
vn 0.772495 -0.595543 0.220411
v -4.0219 2.22141 -3.60665 0.462745 0.443137 0.447059
vn -0.152704 -0.175144 -0.972628
v -3.93689 2.31524 -3.57104 0.4 0.384314 0.388235
vn 0.823801 0.353112 -0.443467
v -3.97575 2.22152 -3.64442 0.47451 0.454902 0.454902
vn 0.0370591 -0.263642 -0.963909
v -3.82168 1.97164 -3.56488 0.45098 0.447059 0.431373
vn -0.266311 0.107923 -0.957826
v -3.42024 2.21556 -3.60506 0.533333 0.521569 0.517647
vn 0.0749101 0.0234101 -0.996915
v -3.78119 1.92215 -3.56261 0.337255 0.329412 0.321569
vn 0.039948 -0.231048 -0.972122
v -3.3792 2.30815 -3.04323 0.415686 0.431373 0.466667
vn -0.691765 -0.216747 0.688827
v -3.41474 1.64986 -3.45485 0.341176 0.337255 0.337255
vn 0.929337 -0.303674 0.210034
v -3.40965 1.57828 -3.41936 0.513725 0.501961 0.501961
vn 0.771525 -0.29047 -0.566018
v -4.01085 2.27609 -3.61716 0.454902 0.439216 0.447059
vn -0.515634 0.207371 -0.831336
v -3.9792 2.30599 -3.61136 0.478431 0.462745 0.462745
vn -0.826094 0.0771953 -0.558219
v -3.48029 1.79552 -2.84464 0.768627 0.745098 0.72549
vn -0.438432 0.167289 -0.883058
v -3.45064 2.02908 -3.37813 0.298039 0.286275 0.298039
vn 0.457717 -0.441187 0.771912
v -4.1393 2.39528 -3.62399 0.545098 0.521569 0.501961
vn 0.00739275 0.16296 -0.986605
v -3.93733 2.37272 -3.62197 0.521569 0.494118 0.490196
vn 0.979486 -0.0872474 -0.181644
v -3.81312 2.36253 -3.60039 0.341176 0.321569 0.32549
vn -0.0644429 0.193491 -0.978983
v -3.5982 2.36391 -3.63045 0.388235 0.380392 0.376471
vn 0.222694 -0.0534582 -0.973422
v -3.71237 2.46882 -3.10762 0.6 0.603922 0.631373
vn -0.657494 0.56104 0.502928
v -3.91527 2.26093 -3.15576 0.533333 0.533333 0.541176
vn -0.659093 -0.150987 0.736749
v -3.75499 2.24895 -3.04428 0.65098 0.662745 0.709804
vn -0.421599 -0.259598 0.868829
v -3.59066 2.43004 -3.63449 0.423529 0.415686 0.407843
vn 0.750498 -0.333217 -0.570718
v -3.73118 1.932 -2.92185 0.52549 0.529412 0.517647
vn 0.160996 -0.971528 0.173818
v -4.13022 2.32666 -3.57649 0.52549 0.505882 0.501961
vn -0.285984 -0.235714 -0.928791
v -3.58363 1.94336 -3.32162 0.462745 0.447059 0.439216
vn 0.212401 -0.77424 0.596186
v -3.72231 2.51717 -3.61289 0.584314 0.568627 0.556863
vn -0.207539 0.148979 -0.966816
v -3.58634 2.51906 -3.61532 0.396078 0.396078 0.392157
vn 0.534425 -0.830592 -0.156547
v -3.43946 2.43565 -3.53963 0.435294 0.431373 0.439216
vn -0.0564483 0.102858 -0.993093
v -3.84806 1.936 -3.50836 0.533333 0.513725 0.501961
vn -0.287883 -0.363321 -0.88607
v -3.82318 2.56502 -3.61983 0.517647 0.501961 0.494118
vn -0.0774434 -0.477151 -0.875402
v -3.4963 2.0417 -3.28679 0.533333 0.517647 0.517647
vn 0.730123 -0.0218174 0.682967
v -3.82201 2.60775 -3.6085 0 0 0
vn 0.579045 -0.273919 -0.767903
v -3.56672 1.91541 -3.32537 0.458824 0.443137 0.447059
vn 0.195258 -0.896337 0.398062
v -4.08546 2.5221 -3.56178 0.54902 0.533333 0.521569
vn 0.0813402 0.0743943 -0.993906
v -3.32599 2.35894 -3.52824 0.54902 0.533333 0.537255
vn 0.0852847 -0.0526666 -0.994964
v -3.42137 1.28962 -3.55391 0.133333 0.129412 0.133333
vn 0.50095 -0.804181 0.31991
v -4.16826 2.08831 -3.58216 0.478431 0.454902 0.447059
vn -0.0744231 -0.233368 -0.969536
v -3.76071 2.21969 -3.09034 0.603922 0.619608 0.654902
vn -0.199701 0.0501995 0.97857
v -3.38034 2.18047 -3.32761 0.580392 0.584314 0.623529
vn 0.517715 -0.0660037 -0.853004
v -3.34317 2.30294 -3.56659 0.588235 0.564706 0.556863
vn 0.0698127 -0.129604 -0.989105
v -3.48487 1.38296 -3.55413 0.517647 0.505882 0.498039
vn -0.0969199 -0.0636878 -0.993252
v -3.63249 2.43755 -2.89403 0.376471 0.368627 0.376471
vn -0.6577 0.552462 -0.512071
v -3.43961 2.05065 -3.49952 0.266667 0.266667 0.27451
vn -0.403189 -0.896148 0.185359
v -3.37557 2.21393 -3.5655 0.647059 0.631373 0.615686
vn 0.166723 0.0158482 -0.985876
v -3.27603 1.43791 -3.55291 0.407843 0.4 0.419608
vn -0.103075 0.276964 -0.955336
v -3.36911 2.03036 -2.99711 0.521569 0.501961 0.505882
vn 0.23462 -0.244833 0.94075
v -4.00114 2.70714 -3.60256 0.482353 0.470588 0.462745
vn 0.135143 0.0684729 -0.988457
v -3.46772 1.47275 -3.55956 0.54902 0.537255 0.541176
vn -0.038169 0.138304 -0.989654
v -3.36602 1.48426 -3.55278 0.490196 0.478431 0.482353
vn -0.0295347 0.426461 -0.904024
v -3.27621 1.47602 -3.55924 0.403922 0.396078 0.415686
vn -0.0890441 -0.0622579 -0.99408
v -3.21923 1.49096 -3.55538 0.403922 0.396078 0.415686
vn -0.225642 0.113308 -0.967599
v -3.78101 2.38481 -3.17358 0.356863 0.345098 0.341176
vn -0.0221009 -0.181224 0.983193
v -3.459 2.31336 -3.12305 0.658824 0.67451 0.717647
vn 0.126736 -0.124926 0.984038
v -3.66853 2.1296 -3.51452 0.368627 0.368627 0.376471
vn 0.161965 0.160847 -0.973599
v -3.39601 2.30707 -3.07563 0.376471 0.384314 0.403922
vn -0.769502 -0.262022 0.582418
v -3.22909 2.06508 -3.51398 0.435294 0.419608 0.411765
vn 0.776223 0.258514 0.575021
v -3.66115 2.32512 -3.01268 0.321569 0.333333 0.360784
vn -0.298089 -0.794503 0.529064
v -3.48858 1.62769 -3.55572 0.45098 0.435294 0.435294
vn -0.132694 -0.107607 -0.985299
v -3.43132 1.8672 -2.87682 0.392157 0.388235 0.380392
vn 0.084813 -0.369014 -0.925546
v -3.32472 2.0184 -3.541 0.545098 0.529412 0.529412
vn -0.0474079 -0.211451 -0.976238
v -3.27071 1.63889 -3.55535 0.439216 0.435294 0.447059
vn -0.256174 -0.138243 -0.956694
v -3.5857 2.18556 -3.53264 0.364706 0.360784 0.364706
vn -0.0657531 0.0338771 -0.997261
v -3.46644 1.97704 -2.97583 0.27451 0.27451 0.278431
vn 0.41186 -0.816486 -0.404626
v -3.51863 1.68076 -3.56611 0.286275 0.27451 0.282353
vn -0.125682 -0.139296 -0.982243
v -3.43003 1.67555 -3.55522 0.623529 0.611765 0.6
vn 0.201475 -0.180816 -0.962659
v -3.77673 1.91868 -3.54379 0.490196 0.470588 0.462745
vn 0.220693 -0.274162 -0.936018
v -3.83303 2.26813 -2.83807 0.254902 0.258824 0.27451
vn -0.717104 -0.258539 -0.64724
v -3.53082 1.92639 -3.32989 0.470588 0.462745 0.462745
vn 0.0770643 -0.808275 0.58374
v -3.01924 1.67398 -3.48324 0.388235 0.384314 0.392157
vn 0.157742 -0.0317952 -0.986968
v -3.63441 1.73917 -3.56548 0.470588 0.454902 0.443137
vn 0.10132 -0.0128357 -0.994771
v -3.52452 1.72746 -3.5574 0.356863 0.341176 0.345098
vn -0.128704 -0.0111585 -0.99162
v -3.97983 2.38975 -3.64915 0.54902 0.52549 0.52549
vn 0.874762 0.297866 0.382188
v -3.46924 1.72333 -3.55412 0.623529 0.611765 0.596078
vn -0.0837274 -0.13152 -0.987771
v -3.72256 2.06768 -2.95893 0.45098 0.454902 0.462745
vn -0.508305 -0.829653 -0.230872
v -3.37212 1.72042 -3.55798 0.356863 0.34902 0.34902
vn 0.123012 -0.151148 -0.980827
v -3.87503 2.46487 -3.42178 0.156863 0.152941 0.14902
vn -0.547719 0.813551 0.195294
v -3.53251 2.55192 -3.57942 0 0 0
vn 0.277265 0.322853 -0.904926
v -3.16962 2.01887 -3.52162 0.486275 0.470588 0.466667
vn 0.319464 0.123989 -0.939452
v -3.77368 1.78331 -3.56092 0.345098 0.329412 0.329412
vn 0.161289 0.342122 -0.92571
v -3.4842 1.77923 -3.56232 0.34902 0.333333 0.333333
vn -0.379471 0.332899 -0.863238
v -3.92675 1.8245 -3.56009 0.611765 0.603922 0.568627
vn 0.310833 0.511343 -0.801194
v -3.77691 1.83242 -3.56021 0.462745 0.447059 0.447059
vn 0.230224 -0.0151012 -0.973021
v -3.91472 2.45818 -3.41876 0.25098 0.239216 0.239216
vn -0.624763 0.754583 0.200688
v -3.62215 1.83907 -3.56671 0.411765 0.403922 0.403922
vn 0.085598 -0.0329572 -0.995785
v -3.57831 1.84093 -3.56665 0.380392 0.364706 0.372549
vn 0.0679563 -0.0987586 -0.992788
v -3.47568 1.83349 -3.56624 0.419608 0.4 0.388235
vn 0.752749 -0.658246 0.00900085
v -3.43753 1.83444 -3.56845 0.521569 0.509804 0.501961
vn 0.019351 -0.0608768 -0.997958
v -3.32774 1.83042 -3.55841 0.470588 0.45098 0.45098
vn -0.0590245 0.061306 -0.996372
v -3.27793 1.83304 -3.56325 0.443137 0.431373 0.427451
vn 0.12324 -0.225289 -0.966466
v -3.13425 1.84467 -3.57463 0.552941 0.556863 0.552941
vn 0.440239 0.258516 -0.85986
v -3.43267 2.2686 -3.113 0.662745 0.686275 0.729412
vn -0.23144 -0.381629 0.894871
v -3.78965 2.26745 -2.88768 0.384314 0.376471 0.376471
vn -0.659404 -0.492577 -0.567938
v -3.53271 1.90102 -2.92877 0.329412 0.337255 0.368627
vn -0.00386973 -0.915434 -0.402449
v -3.88523 1.88166 -3.55689 0.494118 0.482353 0.466667
vn -0.268478 0.122648 -0.955446
v -3.80279 1.87914 -3.55448 0.462745 0.45098 0.447059
vn 0.0656491 -0.274046 -0.959473
v -3.77769 2.17236 -2.67237 0.647059 0.631373 0.596078
vn -0.680148 0.307928 0.665266
v -3.6176 1.8736 -3.56355 0.447059 0.443137 0.435294
vn 0.0572885 0.0158226 -0.998232
v -3.58489 1.88835 -3.55945 0.403922 0.392157 0.388235
vn 0.0175906 0.0192112 -0.999661
v -3.43441 1.64321 -3.53124 0.584314 0.576471 0.572549
vn 0.359915 -0.527825 -0.769325
v -3.46958 1.88027 -3.56727 0.505882 0.494118 0.482353
vn 0.683517 -0.603596 -0.410459
v -3.38935 2.33316 -3.04171 0.529412 0.537255 0.576471
vn 0.273099 0.114214 0.955182
v -3.43251 1.88659 -3.56267 0.592157 0.572549 0.556863
vn 0.829835 -0.526008 -0.186252
v -3.38565 1.88737 -3.55908 0.545098 0.529412 0.517647
vn 0.301551 0.0471058 -0.952286
v -3.33228 1.88606 -3.55669 0.486275 0.466667 0.466667
vn -0.201153 -0.0309378 -0.979071
v -3.91654 2.59242 -3.54509 0.627451 0.603922 0.596078
vn -0.400493 -0.081502 -0.912668
v -3.77586 2.02595 -3.56973 0.529412 0.505882 0.494118
vn -0.0914654 0.102096 -0.990561
v -4.00651 1.92379 -3.5731 0.431373 0.431373 0.415686
vn 0.377129 0.55575 -0.740888
v -3.82317 1.93253 -3.56263 0.498039 0.490196 0.47451
vn -0.198446 -0.103854 -0.974594
v -3.71425 1.92003 -3.56401 0.470588 0.462745 0.45098
vn 0.0777375 -0.187437 -0.979196
v -3.6194 1.92071 -3.55963 0.458824 0.45098 0.447059
vn 0.0409038 0.0534276 -0.997734
v -3.43585 1.92559 -3.55937 0.513725 0.501961 0.482353
vn 0.704203 -0.160325 -0.69166
v -3.96028 2.17215 -3.61676 0.360784 0.337255 0.337255
vn 0.23026 -0.571311 -0.787772
v -3.27388 1.91525 -3.56289 0.552941 0.541176 0.533333
vn -0.246098 0.0412192 -0.968368
v -3.51243 2.42202 -3.03888 0.607843 0.6 0.619608
vn -0.383792 -0.662113 0.643669
v -3.66504 1.87577 -2.86979 0.447059 0.44902 0.462745
vn -0.193111 -0.460045 -0.866641
v -3.86006 1.83305 -3.50552 0.223529 0.223529 0.219608
vn 0.281851 0.80297 -0.525165
v -4.46836 1.98366 -3.58586 0.4 0.392157 0.396078
vn -0.0558842 -0.160938 -0.985381
v -3.48968 2.37598 -3.58779 0.352941 0.352941 0.360784
vn 0.23104 0.211636 -0.949648
v -3.39937 1.77843 -3.43929 0.541176 0.533333 0.533333
vn 0.850908 -0.25246 0.460673
v -4.06972 1.96727 -3.56604 0.498039 0.494118 0.470588
vn -0.0147568 0.00941255 -0.999847
v -3.87357 1.83393 -3.52494 0.329412 0.32549 0.317647
vn 0.145212 0.0967998 -0.984654
v -3.77225 1.9741 -3.56262 0.513725 0.494118 0.482353
vn -0.132531 -0.00739745 -0.991151
v -3.69355 2.4118 -3.10125 0.666667 0.67451 0.721569
vn 0.208757 0.493432 0.844361
v -3.27469 1.9719 -3.56041 0.564706 0.556863 0.54902
vn -0.183098 0.128447 -0.974667
v -3.02207 1.71802 -3.53268 0.592157 0.588235 0.560784
vn 0.263058 0.0181976 -0.964608
v -3.86722 1.92029 -3.5799 0.498039 0.498039 0.478431
vn -0.281882 0.136627 -0.949671
v -3.42495 1.78449 -3.54288 0.423529 0.407843 0.403922
vn 0.15523 0.220647 -0.962922
v -3.47386 1.9443 -3.33328 0.0705882 0.0745098 0.0745098
vn 0.610504 -0.459874 0.644826
v -4.11705 2.03139 -3.56947 0.443137 0.435294 0.423529
vn 0.00964807 -0.0174292 -0.999802
v -3.58264 1.8864 -2.87779 0.45098 0.447059 0.466667
vn -0.0959469 -0.538577 -0.837095
v -4.08492 2.01749 -3.56994 0.478431 0.466667 0.458824
vn -0.0538519 -0.0268313 -0.998188
v -3.53175 2.12532 -3.56702 0.384314 0.380392 0.380392
vn -0.0223534 -0.118572 -0.992694
v -3.97392 2.02809 -3.56172 0.262745 0.262745 0.254902
vn 0.137044 -0.127572 -0.982316
v -3.88019 2.0185 -3.56031 0.490196 0.486275 0.470588
vn 0.0172202 0.0281509 -0.999455
v -3.83135 2.01649 -3.57727 0.443137 0.443137 0.427451
vn -0.172045 0.0687978 -0.982684
v -3.72713 2.02394 -3.56434 0.388235 0.384314 0.380392
vn -0.0363166 0.0222821 -0.999092
v -4.00711 2.42107 -3.63859 0.509804 0.490196 0.490196
vn 0.723281 0.508814 0.466876
v -3.56906 2.03241 -3.55441 0.411765 0.403922 0.407843
vn 0.0766473 0.00858487 -0.997021
v -3.48012 2.02853 -3.56047 0.364706 0.360784 0.364706
vn -0.0238437 0.0908646 -0.995578
v -3.37907 2.0291 -3.55245 0.501961 0.486275 0.478431
vn 0.219258 -0.0545253 -0.974142
v -3.4821 2.01377 -3.03473 0.843137 0.866667 0.921569
vn 0.453189 0.370374 0.810828
v -3.27889 2.03282 -3.56636 0.584314 0.576471 0.564706
vn 0.104404 0.257092 -0.960731
v -3.88649 2.0293 -2.75788 0.403922 0.403922 0.419608
vn -0.353152 0.409776 -0.841051
v -3.43313 2.31655 -3.03473 0.65098 0.662745 0.713725
vn -0.209102 -0.275654 0.938238
v -4.07737 2.08496 -3.56947 0.521569 0.505882 0.494118
vn -0.131453 -0.25132 -0.958936
v -3.71967 1.99564 -2.97737 0.392157 0.219608 0.12549
vn -0.692521 -0.023483 -0.721015
v -4.14259 2.37802 -3.61981 0.584314 0.568627 0.564706
vn 0.214846 -0.277285 -0.936458
v -3.87543 2.07417 -3.56404 0.490196 0.486275 0.470588
vn -0.0288831 -0.0403129 -0.99877
v -3.82744 2.06416 -2.93084 0.501961 0.494118 0.482353
vn -0.370301 -0.182498 -0.910808
v -3.82279 2.07731 -3.55902 0.494118 0.490196 0.478431
vn -0.0696987 -0.0310994 -0.997083
v -3.3936 1.57483 -3.32526 0.439216 0.423529 0.435294
vn 0.953955 -0.294311 -0.0578906
v -3.76903 2.06783 -3.56434 0.498039 0.478431 0.470588
vn -0.179999 0.0537901 -0.982195
v -3.75553 2.47536 -2.85712 0.294118 0.286275 0.305882
vn -0.308552 0.681141 -0.66396
v -3.75995 2.34539 -3.04236 0.737255 0.752941 0.788235
vn -0.220614 -0.655155 0.722565
v -4.01679 2.50892 -3.51893 0.623529 0.607843 0.596078
vn 0.0711256 -0.248889 -0.965917
v -3.71857 2.06769 -3.56121 0.392157 0.384314 0.380392
vn 0.0443482 0.0635006 -0.996996
v -3.62763 2.07202 -3.56824 0.427451 0.419608 0.419608
vn 0.0903837 0.0503318 -0.994634
v -3.57186 2.07215 -3.55873 0.376471 0.368627 0.372549
vn 0.0891538 -0.0429064 -0.995093
v -3.52427 2.07768 -3.56649 0.376471 0.376471 0.376471
vn 0.00803308 -0.00848567 -0.999932
v -3.43362 2.0767 -3.57105 0.6 0.588235 0.576471
vn 0.0514431 0.121043 -0.991313
v -3.37543 2.08571 -3.56715 0.611765 0.592157 0.580392
vn 0.0447756 -0.02311 -0.99873
v -3.5813 2.02407 -3.06881 0.615686 0.639216 0.666667
vn -0.198684 0.239697 0.9503
v -4.0733 2.42335 -3.57097 0.517647 0.498039 0.490196
vn 0.270861 0.31698 -0.908932
v -3.81113 2.13442 -2.9136 0.478431 0.478431 0.486275
vn -0.152081 0.32307 -0.934076
v -3.81686 2.12937 -3.12813 0.639216 0.647059 0.67451
vn -0.462777 0.0397754 0.885582
v -4.17144 2.13306 -3.58475 0.466667 0.443137 0.431373
vn -0.701011 -0.255274 -0.665897
v -3.72534 2.7158 -3.56212 0.396078 0.388235 0.380392
vn -0.34196 0.100585 -0.934316
v -4.0784 2.12445 -3.58352 0.513725 0.482353 0.47451
vn 0.136106 -0.336205 -0.931902
v -3.62473 2.12961 -3.56381 0.380392 0.372549 0.372549
vn 0.0466108 0.0274803 -0.998535
v -3.77152 2.12557 -3.57107 0.552941 0.529412 0.52549
vn -0.107873 -0.105428 -0.988559
v -3.72012 2.12574 -3.57078 0.431373 0.415686 0.411765
vn 0.0495536 -0.0123974 -0.998695
v -3.92088 2.02347 -3.56209 0.462745 0.454902 0.439216
vn 0.0767438 0.0213628 -0.996822
v -3.79264 2.10787 -2.96434 0.713725 0.713725 0.709804
vn -0.0816432 0.244716 -0.966151
v -3.77077 2.14094 -2.67592 0.431373 0.411765 0.415686
vn -0.846263 0.0531005 0.530113
v -3.38069 2.13887 -3.56421 0.627451 0.611765 0.596078
vn 0.15303 -0.142879 -0.977838
v -3.51407 2.3288 -3.60173 0.513725 0.509804 0.529412
vn 0.306058 -0.226517 -0.924672
v -3.33029 2.12503 -3.56623 0.615686 0.607843 0.596078
vn 0.183859 -0.034482 -0.982348
v -3.97733 2.18456 -3.57992 0.427451 0.407843 0.4
vn 0.321006 -0.228382 -0.919128
v -3.68368 2.18605 -3.57122 0.411765 0.396078 0.396078
vn 0.165219 -0.137614 -0.976609
v -3.62651 2.1851 -3.56621 0.403922 0.396078 0.396078
vn 0.0460848 -0.0775044 -0.995926
v -3.873 2.17549 -2.92731 0.478431 0.486275 0.490196
vn -0.00303627 0.529069 -0.848574
v -3.52876 1.74254 -3.54236 0.415686 0.407843 0.403922
vn -0.183396 0.0789758 -0.979862
v -3.31608 2.1718 -3.56939 0.643137 0.627451 0.619608
vn 0.0266052 -0.169731 -0.985131
v -3.42188 2.21536 -3.08333 0.678431 0.701961 0.752941
vn -0.378016 0.013855 0.925695
v -3.87074 2.4156 -3.31696 0.529412 0.509804 0.509804
vn -0.645462 0.666563 0.372924
v -3.81824 2.29311 -3.09087 0.662745 0.690196 0.721569
vn -0.0908602 -0.687965 0.720034
v -3.5405 2.32028 -3.07447 0.870588 0.890196 0.92549
vn -0.337254 -0.0873681 0.937351
v -3.97781 2.22487 -3.58793 0.376471 0.356863 0.356863
vn 0.144872 -0.0524067 -0.988062
v -3.5227 2.38232 -3.0358 0.839216 0.862745 0.909804
vn -0.312024 -0.330186 0.890853
v -3.92129 2.23526 -3.58957 0.32549 0.309804 0.309804
vn 0.498095 0.0418238 -0.866113
v -3.88409 2.22364 -3.57662 0.388235 0.372549 0.364706
vn 0.288776 -0.0340258 -0.956792
v -3.77586 2.01448 -2.92059 0.611765 0.615686 0.592157
vn -0.232536 -0.316612 -0.919611
v -3.76719 2.22821 -3.56719 0.517647 0.494118 0.494118
vn -0.297925 -0.346597 -0.889444
v -3.72963 2.23077 -3.56666 0.490196 0.470588 0.466667
vn -0.0437033 -0.434708 -0.89951
v -3.78149 2.13735 -3.12684 0.611765 0.611765 0.627451
vn -0.601821 -0.133999 0.787309
v -3.66963 2.22017 -3.5856 0.419608 0.403922 0.4
vn 0.0587808 -0.358886 -0.931529
v -3.42831 2.22053 -3.56476 0.439216 0.431373 0.431373
vn 0.148542 0.13735 -0.979321
v -4.11788 2.2655 -3.57945 0.462745 0.447059 0.443137
vn 0.213844 0.330949 -0.9191
v -3.48243 2.42369 -3.09007 0.619608 0.615686 0.623529
vn 0.552235 0.216111 0.805191
v -4.01742 2.28236 -3.58373 0.443137 0.423529 0.419608
vn -0.234298 0.386028 -0.892237
v -3.91753 2.26285 -3.57808 0.341176 0.329412 0.32549
vn 0.430317 -0.24911 -0.867624
v -3.88398 2.28462 -3.55399 0.419608 0.4 0.403922
vn -0.0570845 4.51787e-05 -0.998369
v -3.694 2.08815 -3.5439 0.423529 0.411765 0.419608
vn 0.0876609 0.0351848 -0.995529
v -3.03083 1.82376 -3.51914 0.384314 0.380392 0.384314
vn 0.750963 0.267007 -0.603955
v -3.47576 2.28219 -3.56906 0.439216 0.435294 0.447059
vn -0.213815 -0.0616768 -0.974925
v -3.37283 2.27001 -3.56843 0.678431 0.666667 0.654902
vn 0.339057 0.0173835 -0.940605
v -3.26077 2.2757 -3.57563 0.670588 0.658824 0.658824
vn 0.00570565 0.0462862 -0.998912
v -3.37992 2.23349 -3.53935 0.533333 0.521569 0.517647
vn 0.364974 -0.0145764 -0.930903
v -4.17862 2.32669 -3.57851 0.533333 0.505882 0.494118
vn -0.448441 -0.458083 -0.767503
v -4.01779 2.33564 -3.5765 0.443137 0.419608 0.415686
vn -0.0781255 0.467754 -0.880399
v -3.82453 2.21884 -2.83486 0.317647 0.321569 0.34902
vn -0.590434 0.256224 -0.765335
v -3.96764 2.32197 -3.57601 0.345098 0.329412 0.329412
vn -0.201541 0.414424 -0.887487
v -3.40831 1.70666 -3.53714 0.478431 0.458824 0.458824
vn 0.249594 -0.306868 -0.918442
v -3.82969 2.31585 -3.58048 0.317647 0.301961 0.301961
vn -0.0846724 -0.407006 -0.909493
v -3.85124 2.27708 -2.92558 0.517647 0.501961 0.498039
vn -0.452294 0.141327 0.8806
v -3.73241 2.33041 -3.58376 0.462745 0.443137 0.439216
vn 0.0697813 0.268074 -0.960868
v -3.66165 2.31358 -3.58814 0.419608 0.403922 0.403922
vn -0.155779 0.148534 -0.976561
v -3.58018 2.32209 -3.5894 0.407843 0.4 0.4
vn 0.380546 0.264452 -0.886143
v -4.08291 2.22669 -3.56581 0.470588 0.443137 0.439216
vn 0.151202 -0.0638474 -0.986439
v -3.42185 2.33082 -3.56347 0.411765 0.407843 0.423529
vn 0.0961702 -0.120369 -0.98806
v -3.37201 2.31481 -3.57302 0.670588 0.658824 0.654902
vn 0.104041 -0.104821 -0.989034
v -3.33827 2.32421 -3.57147 0.713725 0.698039 0.682353
vn 0.0510044 -0.0300258 -0.998247
v -3.43539 2.42359 -3.52446 0.431373 0.419608 0.431373
vn -0.240618 0.152898 -0.958502
v -3.9201 2.27605 -3.5447 0.380392 0.356863 0.360784
vn 0.286944 0.0676149 -0.955558
v -3.26348 2.04418 -3.53381 0.478431 0.466667 0.462745
vn -0.0470688 0.473418 -0.87958
v -4.1688 2.38105 -3.56715 0.537255 0.513725 0.494118
vn -0.746873 0.00563217 -0.664943
v -4.12378 2.36571 -3.57902 0.521569 0.501961 0.498039
vn 0.12151 -0.149199 -0.981313
v -4.03472 2.37402 -3.57234 0.47451 0.454902 0.45098
vn 0.0379607 -0.0838881 -0.995752
v -3.91114 2.75232 -3.53771 0.6 0.611765 0.588235
vn 0.0983088 -0.150771 -0.983668
v -3.81568 2.37316 -3.57941 0.435294 0.423529 0.419608
vn -0.0644429 0.193491 -0.978983
v -3.49228 2.07675 -3.28806 0.52549 0.505882 0.509804
vn 0.587421 0.426654 0.687679
v -3.45071 1.91106 -3.32987 0.160784 0.156863 0.160784
vn 0.440176 -0.125431 0.889108
v -3.53642 2.3729 -3.57832 0.380392 0.376471 0.380392
vn 0.404225 0.265324 -0.875331
v -3.33902 2.37962 -3.56735 0.658824 0.643137 0.635294
vn 0.128479 0.0460328 -0.990643
v -3.22905 2.37825 -3.57427 0.654902 0.639216 0.631373
vn -0.163936 0.063185 -0.984445
v -3.47749 1.68193 -3.41986 0.498039 0.482353 0.486275
vn 0.240479 0.272782 -0.931536
v -3.28673 2.18195 -3.51867 0.627451 0.619608 0.639216
vn 0.693359 -0.625413 -0.357927
v -3.92223 2.43435 -3.57004 0.309804 0.301961 0.298039
vn -0.519621 0.836611 -0.173424
v -3.47482 2.4322 -3.57502 0.341176 0.341176 0.345098
vn 0.243208 -0.194869 -0.950198
v -3.27613 2.41852 -3.56493 0.678431 0.662745 0.647059
vn 0.0512452 0.107993 -0.99283
v -3.22631 2.41836 -3.58471 0.709804 0.686275 0.678431
vn 0.121908 0.270565 -0.954952
v -3.30687 1.83731 -3.53854 0.462745 0.458824 0.45098
vn -0.217638 0.0565239 -0.974391
v -3.82237 2.12731 -3.53283 0.270588 0.266667 0.262745
vn -0.10198 -0.305332 -0.946769
v -4.12465 2.61705 -3.56242 0.458824 0.45098 0.435294
vn -0.111005 -0.124839 -0.985948
v -4.17361 2.46969 -3.56783 0.501961 0.478431 0.458824
vn -0.188313 0.238891 -0.952612
v -4.14589 2.49944 -3.56103 0.670588 0.654902 0.635294
vn -0.013483 0.057005 -0.998283
v -4.07835 2.46567 -3.57565 0.509804 0.494118 0.486275
vn 0.165154 0.0479098 -0.985104
v -3.47141 1.88618 -2.97571 0.396078 0.411765 0.435294
vn 0.889339 -0.310123 -0.336005
v -3.93246 2.47984 -3.57565 0.4 0.388235 0.388235
vn 0.0116365 0.0326814 -0.999398
v -3.52251 2.47048 -3.57023 0.337255 0.337255 0.337255
vn 0.255383 -0.170054 -0.951767
v -3.4759 2.4749 -3.56996 0.109804 0.109804 0.113725
vn 0.200747 0.0289471 -0.979215
v -3.35829 2.45841 -3.55614 0.72549 0.705882 0.67451
vn 0.0449274 0.268422 -0.962253
v -3.40403 2.10534 -3.53533 0.329412 0.317647 0.32549
vn 0.00182961 -0.00241319 -0.999995
v -3.39633 1.47701 -3.53614 0.52549 0.521569 0.521569
vn 0.0334129 0.2657 -0.963477
v -3.8763 2.52265 -3.57379 0.486275 0.470588 0.462745
vn -0.32393 -0.116697 -0.938856
v -3.76479 2.52163 -3.57833 0.501961 0.486275 0.466667
vn -0.14177 -0.143276 -0.979476
v -3.57781 2.18046 -3.57091 0.352941 0.345098 0.34902
vn -0.0158929 -0.0324342 -0.999348
v -3.36912 2.10732 -3.43655 0.388235 0.388235 0.388235
vn 0.688266 -0.321854 0.650154
v -3.48967 2.52347 -3.57696 0.345098 0.341176 0.34902
vn 0.197917 0.113334 -0.973645
v -3.67522 1.91828 -3.27186 0.501961 0.494118 0.486275
vn 0.833529 -0.384069 -0.397141
v -3.42273 2.42296 -3.03991 0.537255 0.545098 0.584314
vn 0.718748 0.530877 0.448966
v -3.44228 2.51527 -3.57127 0.415686 0.403922 0.427451
vn 0.361283 0.153477 -0.919739
v -3.76705 1.86585 -3.38313 0.529412 0.517647 0.513725
vn 0.709548 -0.565649 -0.420217
v -3.46761 2.38014 -3.53839 0.4 0.396078 0.403922
vn -0.116171 0.224285 -0.967575
v -4.06792 2.56786 -3.56572 0.529412 0.509804 0.494118
vn -0.00895864 -0.16528 -0.986206
v -3.38647 2.17244 -3.53571 0.447059 0.435294 0.427451
vn 0.141775 -0.12658 -0.981773
v -3.49783 2.58471 -3.55577 0.372549 0.368627 0.376471
vn -0.00956283 0.132379 -0.991153
v -3.47225 2.53564 -3.5182 0.317647 0.313725 0.317647
vn -0.733266 -0.469734 -0.491601
v -3.90716 2.36819 -2.62534 0.8 0.780392 0.764706
vn 0.150809 -0.530544 -0.834134
v -3.26702 2.1796 -3.47355 0.439216 0.427451 0.423529
vn 0.874806 -0.307479 0.374394
v -4.07266 2.62239 -3.57861 0.466667 0.454902 0.439216
vn 0.0915422 -0.295454 -0.950961
v -3.86693 2.61126 -3.56898 0.545098 0.529412 0.517647
vn -0.513431 -0.0855295 -0.853858
v -3.78179 2.631 -3.58903 0.588235 0.576471 0.564706
vn 0.193504 0.318279 -0.928038
v -3.82299 2.03123 -2.86953 0.509804 0.494118 0.470588
vn -0.0931128 0.249973 -0.963765
v -3.43502 2.22751 -3.12329 0.686275 0.701961 0.745098
vn 0.21334 0.104884 0.971332
v -3.58767 1.89059 -3.0871 0.0235294 0.027451 0.027451
vn -0.149639 -0.913337 -0.378712
v -3.57062 2.62714 -3.5625 0.407843 0.403922 0.403922
vn 0.525933 0.338346 -0.780331
v -3.97173 2.67149 -3.57229 0.54902 0.541176 0.533333
vn 0.385739 -0.250145 -0.88805
v -4.22672 2.37618 -3.56314 0.54902 0.517647 0.494118
vn -0.846282 -0.286274 -0.449282
v -3.92546 2.70808 -3.56158 0.533333 0.52549 0.521569
vn 0.212965 -0.0867056 -0.973205
v -3.8707 2.72631 -3.56428 0.537255 0.529412 0.52549
vn 0.0472971 -0.165909 -0.985006
v -3.76845 2.71684 -3.56971 0.368627 0.356863 0.34902
vn -0.218202 0.125677 -0.967778
v -3.77597 2.32653 -3.07845 0.658824 0.690196 0.717647
vn -0.275673 -0.665984 0.693159
v -3.97227 2.82581 -3.56279 0.329412 0.32549 0.32549
vn -0.173916 -0.0321808 -0.984235
v -3.53063 2.56015 -3.53004 0.54902 0.537255 0.541176
vn 0.623247 0.252484 -0.740145
v -3.82808 2.81484 -3.57155 0.427451 0.423529 0.411765
vn 0.178135 0.0341046 -0.983415
v -4.01108 2.36883 -3.57658 0.466667 0.443137 0.431373
vn -0.773792 -0.406779 -0.485568
v -3.7257 2.81736 -3.57687 0.686275 0.67451 0.654902
vn -0.279367 -0.0827803 -0.956609
v -4.01066 2.8706 -3.57559 0.509804 0.505882 0.501961
vn -0.426423 0.0429046 -0.903506
v -3.99063 2.86622 -3.57224 0.513725 0.513725 0.505882
vn -0.514417 -0.0373171 -0.856728
v -3.84202 2.93291 -3.56253 0.380392 0.376471 0.372549
vn -0.0720606 -0.0425114 -0.996494
v -3.43187 1.81938 -3.47818 0.423529 0.415686 0.411765
vn 0.834667 -0.490896 -0.249703
v -3.78916 2.97052 -3.56868 0.52549 0.513725 0.498039
vn 0.0285478 -0.0838924 -0.996066
v -3.47047 2.47152 -3.53605 0.396078 0.396078 0.403922
vn -0.701255 -0.0507848 -0.7111
v -3.87845 1.93593 -2.71297 0.4 0.396078 0.407843
vn 0.00211632 0.999825 0.0185619
v -3.74777 2.96502 -3.56872 0.698039 0.686275 0.654902
vn 0.0159936 0.0423379 -0.998975
v -3.36876 1.42896 -3.56451 0.462745 0.45098 0.462745
vn -0.0255282 0.224571 -0.974123
v -3.68559 2.37975 -3.06446 0.392157 0.396078 0.415686
vn -0.450846 0.608973 0.652602
v -3.62222 2.06641 -3.04703 0.694118 0.717647 0.772549
vn -0.303067 0.456257 0.836648
v -3.27701 2.61928 -3.24331 0.560784 0.541176 0.537255
vn -0.511779 0.826989 0.232747
v -3.67927 2.54197 -3.16041 0.419608 0.403922 0.396078
vn -0.703149 -0.657998 0.269481
v -3.71433 2.23895 -3.11839 0.54902 0.560784 0.596078
vn -0.331316 0.100672 0.938134
v -3.38955 1.32373 -3.53535 0.513725 0.505882 0.509804
vn 0.115876 -0.89635 -0.427936
v -4.02952 2.27886 -3.63084 0.564706 0.541176 0.541176
vn -0.226304 0.205845 -0.952058
v -3.82836 2.26827 -3.15544 0.545098 0.54902 0.584314
vn -0.0674215 0.0272717 0.997352
v -3.33144 2.02596 -3.03697 0.568627 0.572549 0.588235
vn -0.877616 0.179251 -0.444589
v -3.51494 1.37423 -3.53619 0.556863 0.541176 0.533333
vn -0.198194 -0.0524719 -0.978757
v -3.67567 2.42838 -3.01845 0.490196 0.482353 0.470588
vn 0.22429 -0.284787 0.931982
v -3.7605 2.11677 -3.08976 0.639216 0.654902 0.701961
vn -0.553074 0.128365 0.823183
v -3.52967 1.42443 -3.52389 0.552941 0.545098 0.537255
vn -0.33279 0.18025 -0.925614
v -3.58291 2.3241 -3.03549 0.772549 0.792157 0.839216
vn 0.430138 0.21182 0.877561
v -3.51216 1.4895 -3.52859 0.505882 0.501961 0.498039
vn -0.623056 0.117393 -0.773318
v -3.44192 1.49097 -3.53205 0.603922 0.596078 0.596078
vn -0.017218 0.408735 -0.912491
v -3.61088 1.92073 -3.51519 0.396078 0.392157 0.4
vn 0.0174838 0.0330443 -0.999301
v -3.86391 2.88992 -3.53393 0.666667 0.654902 0.639216
vn 0.0564463 0.125139 -0.990532
v -3.37662 1.47959 -3.51916 0.529412 0.517647 0.517647
vn 0.0507776 0.406568 -0.912208
v -3.33292 1.48204 -3.51277 0.462745 0.454902 0.458824
vn -0.0826715 0.391131 -0.916614
v -3.63179 1.8714 -2.86529 0.694118 0.67451 0.670588
vn -0.079132 -0.294821 -0.95227
v -3.91279 2.1327 -3.53619 0.462745 0.443137 0.443137
vn 0.20652 -0.118827 -0.9712
v -3.53071 1.51566 -3.53078 0.4 0.396078 0.4
vn -0.509387 0.122999 -0.851702
v -3.47619 1.50838 -3.52833 0.6 0.596078 0.584314
vn -0.101364 0.542319 -0.834035
v -3.44345 1.52937 -3.52646 0.568627 0.560784 0.556863
vn 0.19124 0.453878 -0.8703
v -3.7617 2.45708 -3.12555 0.288235 0.280392 0.27451
vn -0.593781 0.677447 0.434155
v -3.2199 1.56723 -3.53021 0.454902 0.447059 0.458824
vn -0.235663 -0.0780592 -0.968695
v -3.7089 2.20212 -3.54903 0.458824 0.45098 0.454902
vn 0.0435411 -0.193891 -0.980056
v -3.67538 2.06843 -3.08469 0.776471 0.8 0.835294
vn 0.0840623 0.241402 0.966777
v -3.77219 1.86685 -3.43152 0.482353 0.478431 0.470588
vn 0.66361 -0.747633 -0.0258152
v -3.77675 2.23694 -3.12907 0.572549 0.576471 0.607843
vn -0.445928 -0.123086 0.886566
v -2.96479 1.61783 -3.50099 0.45098 0.427451 0.415686
vn -0.40284 -0.236754 -0.88412
v -3.46673 1.56994 -3.43627 0.431373 0.411765 0.427451
vn 0.428022 -0.0725956 -0.900848
v -3.52445 2.32353 -3.50977 0.513725 0.501961 0.505882
vn -0.191713 0.27682 -0.941603
v -4.06891 2.28525 -3.546 0.494118 0.478431 0.478431
vn -0.0653164 0.222121 -0.972829
v -3.27497 1.67751 -3.52082 0.419608 0.407843 0.411765
vn -0.583874 -0.786963 -0.19945
v -3.51502 2.08419 -3.32197 0.462745 0.45098 0.458824
vn 0.682229 0.371811 0.62954
v -3.86155 2.08183 -3.15275 0.494118 0.478431 0.478431
vn -0.737045 -0.470467 0.485206
v -3.72486 1.83052 -3.53131 0.380392 0.368627 0.376471
vn -0.0415023 0.29674 -0.954056
v -2.95341 1.68428 -3.50966 0.423529 0.4 0.388235
vn -0.364099 -0.284508 -0.886841
v -3.32928 1.73077 -3.53564 0.498039 0.494118 0.494118
vn -0.00898631 -0.0224293 -0.999708
v -3.88869 2.69118 -3.51102 0.482353 0.498039 0.47451
vn 0.0314899 -0.0229442 -0.999241
v -3.38269 2.34121 -3.10437 0.690196 0.666667 0.647059
vn -0.679405 -0.262657 0.685143
v -3.47068 1.72915 -3.54391 0.227451 0.223529 0.223529
vn -0.109935 -0.0602703 -0.99211
v -3.4368 1.72664 -3.54036 0.517647 0.501961 0.498039
vn 0.0805175 -0.174273 -0.9814
v -3.28086 1.72445 -3.53134 0.498039 0.490196 0.486275
vn -0.142064 0.0449833 -0.988835
v -3.76017 1.79669 -3.5409 0.356863 0.34902 0.34902
vn 0.124114 0.21768 -0.968097
v -3.81892 2.42861 -3.08767 0.654902 0.662745 0.690196
vn -0.508838 0.854837 0.101677
v -3.7423 1.77219 -3.54534 0.368627 0.356863 0.364706
vn 0.073665 0.503725 -0.860718
v -3.67526 1.77222 -3.52979 0.380392 0.368627 0.376471
vn 0.00179285 0.0856872 -0.99632
v -3.63106 1.7835 -3.54057 0.392157 0.380392 0.392157
vn 0.192763 -0.0478168 -0.98008
v -3.26423 1.78383 -3.51873 0.513725 0.505882 0.505882
vn 0.0352936 -0.118578 -0.992317
v -3.76791 2.46922 -3.03325 0.329412 0.345098 0.360784
vn -0.738989 0.637826 0.216964
v -3.95831 1.82949 -3.54837 0.572549 0.560784 0.537255
vn 0.166486 0.278595 -0.945869
v -3.78698 1.83903 -3.54206 0.321569 0.317647 0.309804
vn 0.0319838 0.194607 -0.98036
v -3.5783 1.81166 -3.54435 0.32549 0.309804 0.317647
vn 0.364432 0.0574483 -0.929456
v -3.42502 1.8299 -3.53932 0.545098 0.52549 0.517647
vn 0.295258 -0.286565 -0.911429
v -3.83461 2.88115 -3.56795 0.572549 0.564706 0.552941
vn 0.0373618 0.123743 -0.991611
v -3.76109 2.97912 -3.54184 0.717647 0.705882 0.682353
vn 0.0159936 0.0423379 -0.998975
v -3.76201 1.90833 -3.52294 0.156863 0.156863 0.156863
vn 0.476961 -0.574526 -0.665153
v -3.28626 1.81991 -3.53269 0.478431 0.470588 0.466667
vn -0.239464 -0.0786438 -0.967715
v -3.08242 1.82884 -3.51258 0.47451 0.462745 0.470588
vn 0.587907 0.305543 -0.749006
v -4.17126 2.35829 -3.62214 0.541176 0.513725 0.494118
vn -0.630693 -0.422611 -0.650866
v -3.71378 1.86948 -3.53562 0.423529 0.411765 0.419608
vn -0.112289 -0.0248307 -0.993365
v -3.51734 2.1657 -3.56579 0.4 0.392157 0.396078
vn -0.161267 -0.0202801 -0.986702
v -4.10626 2.13653 -3.6461 0.529412 0.505882 0.486275
vn -0.170519 -0.659053 -0.732511
v -3.58595 2.27274 -3.61037 0.376471 0.368627 0.372549
vn 0.219094 -0.3603 -0.906742
v -3.43966 1.8875 -3.53467 0.356863 0.352941 0.352941
vn 0.831607 -0.526565 -0.176517
v -3.53395 2.23022 -3.07486 0.886275 0.898039 0.933333
vn -0.0224358 0.0238388 0.999464
v -3.09141 1.88523 -3.51228 0.478431 0.470588 0.47451
vn 0.53797 0.299622 -0.787918
v -3.92417 1.92532 -3.52908 0.47451 0.462745 0.454902
vn 0.0704029 0.0538507 -0.996064
v -3.23001 2.41867 -3.52271 0.498039 0.470588 0.458824
vn -0.287648 0.0829113 -0.954141
v -3.86694 1.9243 -3.54225 0.47451 0.462745 0.447059
vn -0.377775 0.0499973 -0.924547
v -3.38164 1.93613 -3.53698 0.270588 0.266667 0.266667
vn 0.260446 0.0110107 -0.965426
v -3.64623 2.0948 -3.10613 0.827451 0.85098 0.886275
vn -0.115953 0.0609675 0.991382
v -3.37934 2.15612 -3.36956 0.372549 0.368627 0.392157
vn 0.827172 -0.559775 -0.0493701
v -3.71999 1.96805 -3.54214 0.427451 0.419608 0.415686
vn 0.178588 -0.127867 -0.97558
v -3.37997 1.9828 -3.54521 0.27451 0.270588 0.258824
vn 0.246254 0.0434357 -0.968231
v -3.33398 1.98651 -3.52917 0.313725 0.309804 0.309804
vn -0.29814 0.380006 -0.875619
v -3.77957 2.68022 -3.57255 0.580392 0.568627 0.54902
vn -0.0535997 0.422606 -0.904727
v -3.88092 2.02811 -3.53051 0.513725 0.494118 0.482353
vn 0.0571004 -0.106009 -0.992724
v -3.84557 2.00364 -3.528 0.552941 0.545098 0.537255
vn -0.253848 -0.0188032 -0.967061
v -3.74692 2.00494 -3.54458 0.360784 0.352941 0.356863
vn 0.00652278 0.0748904 -0.99717
v -3.63223 2.03663 -3.52617 0.317647 0.317647 0.329412
vn 0.0625331 -0.0280839 -0.997648
v -3.42029 2.03214 -3.54735 0.266667 0.258824 0.258824
vn 0.372224 -0.187576 -0.908991
v -3.37112 2.02237 -3.52068 0.258824 0.254902 0.247059
vn 0.316271 -0.148376 -0.936994
v -3.28501 2.02781 -3.53789 0.490196 0.478431 0.47451
vn -0.323602 0.558156 -0.764031
v -3.91651 2.08072 -3.54007 0.403922 0.392157 0.388235
vn 0.042221 -0.015461 -0.998989
v -3.81702 2.0692 -3.54404 0.352941 0.345098 0.341176
vn -0.0353847 -0.0417018 -0.998503
v -3.58616 2.08423 -3.54126 0.431373 0.427451 0.435294
vn 0.0631505 -0.0121658 -0.99793
v -3.86991 2.13205 -3.54076 0.537255 0.517647 0.513725
vn 0.0749133 -0.186212 -0.979649
v -3.5655 2.1209 -3.54229 0.435294 0.427451 0.435294
vn 0.0193143 0.0196051 -0.999621
v -4.02554 2.22483 -3.57324 0.529412 0.501961 0.498039
vn 0.125157 -0.0117878 -0.992067
v -3.82742 2.12743 -3.09528 0.6 0.611765 0.643137
vn -0.551702 -0.240772 0.798532
v -3.84524 2.062 -3.53882 0.396078 0.384314 0.380392
vn -0.00261163 -0.000769839 -0.999996
v -3.37233 2.12201 -3.52109 0.27451 0.270588 0.270588
vn 0.716189 -0.521774 -0.463492
v -3.61004 2.4392 -3.57172 0.611765 0.607843 0.619608
vn 0.694422 -0.521814 -0.495468
v -3.47951 1.62236 -3.43046 0.396078 0.384314 0.384314
vn 0.364218 -0.0445448 -0.930248
v -4.1292 2.15908 -3.54724 0.568627 0.545098 0.541176
vn 0.221919 -0.116888 -0.968034
v -4.08496 2.15839 -3.53525 0.52549 0.498039 0.490196
vn -0.0369825 -0.0531046 -0.997904
v -3.95796 2.19142 -3.54291 0.498039 0.462745 0.454902
vn 0.177903 0.120603 -0.97663
v -3.34603 2.11289 -3.11392 0.537255 0.529412 0.529412
vn -0.954375 -0.0700785 0.29027
v -3.67279 2.16153 -3.54536 0.501961 0.494118 0.505882
vn 0.132334 -0.0197298 -0.991009
v -3.27512 2.17593 -3.53145 0.509804 0.494118 0.486275
vn 0.796521 -0.526859 -0.296604
v -3.23604 2.17778 -3.53281 0.494118 0.47451 0.466667
vn 0.849483 -0.476413 -0.226734
v -3.27885 2.37475 -3.57482 0.701961 0.690196 0.678431
vn 0.0640299 0.0611547 -0.996072
v -3.96785 2.23109 -3.54191 0.470588 0.443137 0.435294
vn 0.180471 0.191166 -0.964824
v -3.43289 1.97187 -3.34051 0.203922 0.2 0.207843
vn 0.787223 -0.0160611 0.616459
v -3.88039 2.23305 -3.53918 0.513725 0.486275 0.486275
vn -0.0781305 0.11654 -0.990108
v -3.3601 2.08293 -3.32207 0.439216 0.439216 0.466667
vn 0.287333 0.00852774 -0.957793
v -3.66552 2.2215 -3.54154 0.454902 0.447059 0.454902
vn 0.13457 -0.458306 -0.878548
v -3.7752 2.23093 -2.68274 0.592157 0.576471 0.541176
vn -0.334568 -0.186183 -0.923797
v -3.38049 2.01185 -3.04341 0.619608 0.643137 0.690196
vn -0.00557656 -0.478096 0.87829
v -3.61079 2.22845 -3.5189 0.298039 0.286275 0.298039
vn 0.241969 -0.0984998 -0.965271
v -3.56153 2.23141 -3.52949 0.317647 0.305882 0.317647
vn 0.209408 -0.0321588 -0.977299
v -3.42979 1.57941 -3.37157 0.403922 0.384314 0.392157
vn 0.749338 -0.153158 -0.644232
v -3.52511 2.22432 -3.5367 0.435294 0.423529 0.435294
vn -0.174975 -0.00423192 -0.984564
v -3.86674 2.17636 -3.55754 0.533333 0.517647 0.501961
vn 0.0389142 -0.159002 -0.986511
v -3.38924 2.16563 -3.04387 0.509804 0.529412 0.576471
vn -0.210804 0.0211424 0.9773
v -3.61392 1.92317 -3.53943 0.470588 0.466667 0.462745
vn -0.0284932 0.0610717 -0.997727
v -3.96187 2.28611 -3.54012 0.368627 0.352941 0.356863
vn 0.279919 0.209644 -0.936854
v -3.24737 2.46643 -3.54247 0.65098 0.619608 0.596078
vn -0.224565 -0.0516271 -0.97309
v -3.47571 2.27107 -3.53196 0.356863 0.34902 0.352941
vn -0.338987 -0.0100886 -0.940737
v -3.86695 2.40571 -2.73838 0.713725 0.709804 0.694118
vn -0.633076 0.740412 -0.225844
v -3.33174 2.27412 -3.52155 0.45098 0.435294 0.431373
vn 0.333138 0.00177069 -0.942876
v -3.27268 2.27296 -3.53145 0.603922 0.580392 0.580392
vn 0.186762 -0.450395 -0.873078
v -3.23528 2.25875 -3.53953 0.521569 0.513725 0.505882
vn -0.609173 -0.195848 -0.768474
v -3.52591 2.07199 -3.0683 0.8 0.831373 0.870588
vn -0.0378692 0.162191 0.986032
v -3.91086 2.40709 -2.7134 0.4 0.4 0.384314
vn -0.584011 0.799037 -0.143075
v -3.48529 2.32519 -3.53854 0.407843 0.403922 0.407843
vn -0.316429 0.181569 -0.931078
v -3.35776 2.09364 -3.34867 0.298039 0.286275 0.298039
vn 0.803375 -0.266825 0.532347
v -3.37163 2.33888 -3.54388 0.521569 0.505882 0.509804
vn 0.130222 -0.020789 -0.991267
v -3.28892 2.32039 -3.52623 0.580392 0.564706 0.568627
vn -0.0152029 -0.0171259 -0.999738
v -4.16913 2.36348 -3.54028 0.552941 0.533333 0.529412
vn -0.557771 -0.0828873 -0.825845
v -3.82318 2.17608 -2.63602 0.54902 0.541176 0.537255
vn -0.384085 -0.129382 -0.914188
v -3.93383 2.37201 -3.53911 0.313725 0.301961 0.301961
vn -0.490573 0.36778 -0.789985
v -3.38184 1.83561 -3.351 0.407843 0.403922 0.415686
vn 0.926921 -0.163613 0.33771
v -3.74355 2.08049 -2.61879 0.462745 0.439216 0.427451
vn -0.209676 0.0342589 -0.977171
v -3.93573 2.22532 -2.92691 0.717647 0.72549 0.741176
vn 0.983056 -0.0397232 0.178952
v -3.73528 1.88295 -3.5553 0.447059 0.443137 0.427451
vn 0.146116 -0.280476 -0.948675
v -3.58121 2.38399 -3.52192 0.337255 0.32549 0.337255
vn 0.391936 -0.0939815 -0.91518
v -3.37292 2.38447 -3.53703 0.6 0.580392 0.576471
vn 0.0921596 0.14675 -0.984871
v -3.33904 2.07655 -3.03966 0.556863 0.454902 0.411765
vn -0.984255 0.0795282 -0.157854
v -3.88972 2.16792 -2.94109 0.607843 0.611765 0.592157
vn 0.150734 0.656921 -0.738738
v -3.63561 1.88464 -3.16739 0.0745098 0.0784314 0.0745098
vn 0.843223 -0.526031 -0.110755
v -3.39256 1.58489 -3.37422 0.364706 0.345098 0.368627
vn 0.831137 -0.165347 -0.530916
v -3.97505 2.42202 -3.53957 0.192157 0.188235 0.188235
vn 0.060597 0.195683 -0.978793
v -3.54228 2.44325 -3.53782 0.462745 0.458824 0.47451
vn 0.168959 -0.413465 -0.894707
v -3.4798 2.41962 -3.53438 0.392157 0.388235 0.4
vn 0.197275 -0.561916 -0.803326
v -3.93696 1.92243 -3.49804 0.658824 0.643137 0.623529
vn -0.00779762 0.134222 -0.990921
v -4.13866 2.45337 -3.54605 0.576471 0.556863 0.552941
vn -0.0588807 0.198123 -0.978407
v -4.07285 2.48735 -3.54628 0.588235 0.564706 0.552941
vn 0.128066 0.00462276 -0.991755
v -4.03364 2.47568 -3.54165 0.545098 0.513725 0.498039
vn 0.087216 0.0225625 -0.995934
v -3.93515 2.48113 -3.53746 0.462745 0.447059 0.443137
vn -0.223179 -0.202034 -0.953611
v -3.57191 2.47813 -3.52563 0.301961 0.282353 0.294118
vn 0.71038 -0.255719 -0.655719
v -3.43159 2.47101 -3.52817 0.392157 0.388235 0.4
vn -0.339789 0.0482373 -0.939264
v -3.81298 2.23291 -2.91122 0.435294 0.431373 0.45098
vn 0.0585528 0.236278 -0.96992
v -3.32035 2.47915 -3.53704 0.321569 0.309804 0.333333
vn 0.119305 0.478571 -0.869906
v -3.53641 1.88073 -3.05594 0.576471 0.564706 0.572549
vn 0.222778 -0.952899 -0.205798
v -3.53569 1.93477 -3.07317 0.345098 0.34902 0.356863
vn 0.367148 -0.475375 -0.799513
v -3.46964 2.62765 -3.53505 0.521569 0.521569 0.529412
vn -0.477557 -0.13489 -0.868185
v -3.63773 2.17379 -3.11248 0.823529 0.843137 0.878431
vn -0.181674 0.0221032 0.98311
v -4.26814 2.51947 -3.53921 0.6 0.572549 0.552941
vn -0.0071573 -0.0712521 -0.997433
v -3.52421 2.53221 -3.53085 0.25098 0.25098 0.25098
vn 0.663692 0.0714205 -0.744589
v -3.41538 2.27021 -3.03564 0.654902 0.670588 0.717647
vn -0.320717 -0.290426 0.90155
v -3.7641 2.18098 -3.08003 0.666667 0.682353 0.729412
vn -0.3552 -0.120534 0.926987
v -3.4409 1.93747 -3.36618 0.0784314 0.0784314 0.0823529
vn 0.760304 0.0600866 0.646783
v -3.77138 1.93656 -2.92694 0.713725 0.705882 0.694118
vn -0.608709 -0.683884 -0.402215
v -4.27994 2.57308 -3.53977 0.666667 0.635294 0.615686
vn 0.239812 0.158166 -0.957848
v -4.221 2.5654 -3.53667 0.643137 0.619608 0.603922
vn -0.0788983 0.0188717 -0.996704
v -4.14575 2.55362 -3.54793 0.623529 0.607843 0.588235
vn -0.0417833 -0.0682155 -0.996795
v -3.7215 2.41212 -3.05925 0.337255 0.333333 0.341176
vn -0.449707 0.297715 0.842098
v -4.08753 2.23299 -3.61051 0.4 0.384314 0.388235
vn 0.0104118 0.309516 -0.950837
v -3.48098 2.5136 -3.49968 0.443137 0.435294 0.439216
vn -0.826334 -0.50642 -0.246397
v -3.93091 2.62664 -3.53516 0.588235 0.584314 0.568627
vn 0.0799339 0.13202 -0.988019
v -3.82674 2.1747 -3.09284 0.698039 0.698039 0.729412
vn -0.318448 -0.0613984 0.94595
v -3.57151 2.61295 -3.52989 0.560784 0.545098 0.541176
vn 0.408342 0.216141 -0.886871
v -3.98818 2.27623 -3.63428 0.592157 0.568627 0.560784
vn -0.175176 -0.106063 -0.978807
v -4.00877 2.66367 -3.5466 0.603922 0.592157 0.584314
vn 0.334412 -0.334105 -0.881217
v -3.61816 2.36176 -3.0289 0.764706 0.788235 0.839216
vn 0.493678 0.4675 0.733297
v -3.9196 2.68367 -3.53752 0.596078 0.588235 0.572549
vn 0.194558 -0.00177836 -0.980889
v -3.83355 2.69483 -3.51683 0.745098 0.721569 0.701961
vn -0.112352 0.126923 -0.985529
v -4.08098 2.21944 -3.57721 0.490196 0.466667 0.458824
vn 0.180218 -0.126333 -0.97548
v -3.57407 2.66949 -3.52935 0.592157 0.576471 0.572549
vn 0.585663 -0.112029 -0.802775
v -3.77169 2.36174 -3.11093 0.682353 0.701961 0.745098
vn -0.652928 -0.361761 0.665443
v -3.88075 2.73688 -3.52699 0.666667 0.658824 0.639216
vn 0.0455824 -0.101642 -0.993776
v -3.72952 2.42453 -2.9837 0.65098 0.631373 0.615686
vn -0.338589 0.758517 -0.556784
v -3.92182 2.45926 -3.38436 0.0509804 0.054902 0.0509804
vn -0.636462 0.701777 0.32004
v -4.00054 2.79753 -3.54855 0.564706 0.556863 0.552941
vn -0.50465 -0.0269661 -0.862903
v -3.77345 1.98283 -2.77357 0.368627 0.356863 0.372549
vn -0.0676588 0.304407 -0.950136
v -3.54168 1.8812 -3.06503 0.309804 0.313725 0.313725
vn 0.324021 -0.848024 -0.419364
v -4.05129 2.81595 -3.53688 0.533333 0.529412 0.517647
vn -0.478932 -0.0668836 -0.8753
v -4.00916 2.84008 -3.54582 0.54902 0.545098 0.541176
vn -0.442372 0.0501862 -0.895426
v -3.2896 2.13384 -3.53475 0.482353 0.462745 0.454902
vn 0.964538 -0.26103 0.0391167
v -3.52943 1.81392 -2.90442 0.764706 0.737255 0.721569
vn -0.268151 -0.423046 -0.865521
v -3.82879 2.87618 -3.54245 0.686275 0.67451 0.65098
vn 0.109718 -0.0146074 -0.993855
v -3.43396 2.07676 -3.06119 0.796078 0.815686 0.85098
vn 0.186851 -0.269046 0.944828
v -3.66248 2.51695 -3.02358 0.278431 0.282353 0.27451
vn -0.583515 0.580116 0.568309
v -3.42887 1.97809 -3.13923 0.227451 0.219608 0.219608
vn 0.107137 -0.715064 -0.6908
v -3.41779 1.42112 -3.53542 0.188235 0.188235 0.188235
vn 0.0512922 0.02733 -0.99831
v -3.26955 1.34064 -3.48305 0.423529 0.411765 0.415686
vn 0.308466 -0.450191 -0.83796
v -3.38434 1.67793 -3.55775 0.482353 0.470588 0.47451
vn 0.241536 -0.189944 -0.951621
v -3.82985 2.23906 -3.13702 0.576471 0.584314 0.619608
vn 0.25605 0.0990513 0.961575
v -3.44245 2.02634 -3.31565 0.301961 0.294118 0.301961
vn 0.679162 0.148134 0.718885
v -3.43201 1.91324 -2.88842 0.458824 0.447059 0.435294
vn 0.206579 -0.541423 -0.814976
v -3.53933 1.57096 -3.46119 0.396078 0.388235 0.388235
vn 0.90399 -0.0015631 -0.427551
v -3.27443 2.33287 -3.53225 0.584314 0.556863 0.541176
vn -0.0999656 0.024871 -0.99468
v -3.52631 1.60034 -3.46052 0.521569 0.513725 0.509804
vn 0.931518 -0.0747523 -0.35593
v -4.15996 2.41901 -3.57307 0.533333 0.509804 0.490196
vn -0.2695 0.19473 -0.943107
v -2.99009 1.72573 -3.49142 0.376471 0.368627 0.372549
vn 0.238189 0.0732924 -0.968449
v -3.51363 1.77806 -3.47066 0.364706 0.352941 0.356863
vn 0.797803 -0.581464 -0.159402
v -3.57146 1.95407 -3.10589 0.0313725 0.0352941 0.0313725
vn 0.225623 -0.902084 -0.367883
v -3.79197 1.84047 -3.41627 0.14902 0.145098 0.145098
vn 0.90316 -0.34923 -0.24968
v -3.84804 2.28508 -2.63449 0.603922 0.596078 0.592157
vn -0.450932 -0.191418 -0.871791
v -3.01859 1.77176 -3.48766 0.411765 0.4 0.411765
vn 0.430065 0.0219493 -0.902531
v -3.8666 2.23033 -2.59687 0.819608 0.8 0.764706
vn -0.40751 -0.0389112 -0.912371
v -3.86736 1.84946 -3.49642 0.129412 0.129412 0.129412
vn 0.339821 0.301758 -0.890766
v -3.57693 1.98296 -3.02934 0.541176 0.560784 0.580392
vn -0.374662 0.103851 0.921327
v -3.74431 1.84981 -3.49871 0.466667 0.45098 0.447059
vn 0.265684 -0.879971 0.393781
v -3.72409 1.87457 -3.48317 0.45098 0.435294 0.427451
vn 0.564815 -0.631401 0.531334
v -3.36765 2.07086 -3.57592 0.537255 0.529412 0.517647
vn 0.0828433 -0.00920305 -0.99652
v -3.87707 2.36584 -3.1723 0.376471 0.392157 0.388235
vn 0.428107 -0.361016 0.828487
v -3.36218 1.97951 -3.4984 0.203922 0.203922 0.203922
vn 0.9887 -0.100481 -0.111243
v -3.46483 2.42174 -3.12244 0.603922 0.615686 0.639216
vn 0.392611 -0.0093562 0.919657
v -3.32574 2.03367 -3.45925 0.380392 0.372549 0.368627
vn 0.418711 -0.60463 0.677572
v -3.31958 2.12594 -3.46926 0.423529 0.407843 0.407843
vn 0.821264 -0.332027 0.463986
v -3.27853 2.12641 -3.49477 0.454902 0.435294 0.419608
vn 0.858635 0.013499 0.512409
v -3.37912 1.32274 -3.55769 0.352941 0.345098 0.34902
vn 0.0313511 -0.948637 -0.314808
v -3.27423 1.68711 -3.55992 0.431373 0.419608 0.427451
vn -0.20833 0.205234 -0.956283
v -3.54816 2.27712 -3.49901 0.290196 0.278431 0.282353
vn -0.00128337 -0.0147977 -0.99989
v -4.03529 2.42641 -3.49523 0.333333 0.32549 0.329412
vn 0.415435 0.181942 -0.891241
v -3.5626 2.46305 -3.49508 0.356863 0.352941 0.352941
vn 0.819844 -0.257585 -0.511377
v -3.98729 2.89881 -3.53541 0.580392 0.576471 0.572549
vn -0.644572 0.077802 -0.760574
v -3.38502 1.98766 -3.07859 0.360784 0.364706 0.380392
vn 0.22879 -0.959362 -0.165165
v -3.48203 1.49039 -3.43068 0.509804 0.501961 0.498039
vn 0.794398 -0.586021 0.159724
v -3.23914 1.52195 -3.52625 0.447059 0.443137 0.45098
vn -0.23073 0.202396 -0.951735
v -3.48534 1.52323 -3.43461 0.466667 0.454902 0.454902
vn 0.697836 0.051632 -0.714394
v -3.41426 1.53463 -3.41375 0.388235 0.380392 0.384314
vn 0.788219 -0.559198 -0.25692
v -3.33398 2.45842 -3.52398 0.301961 0.294118 0.305882
vn -0.0002167 0.114115 -0.993468
v -3.7751 2.03554 -3.138 0.584314 0.580392 0.596078
vn -0.51797 -0.0818001 0.851479
v -3.60707 2.02788 -3.55684 0.329412 0.32549 0.333333
vn 0.0783151 -0.0687927 -0.994552
v -3.47757 1.75778 -3.4145 0.254902 0.254902 0.254902
vn 0.467267 -0.12236 -0.875608
v -3.43108 1.77572 -3.41416 0.329412 0.309804 0.32549
vn 0.524337 -0.498839 -0.690095
v -3.42609 1.87926 -3.44796 0.321569 0.313725 0.313725
vn 0.878015 -0.474332 -0.06402
v -3.3973 1.8581 -3.44301 0.368627 0.360784 0.364706
vn 0.874625 -0.457052 -0.161664
v -3.4383 2.06596 -3.53454 0.313725 0.309804 0.313725
vn -0.00072913 0.105471 -0.994422
v -3.66244 2.02614 -2.95564 0.443137 0.447059 0.443137
vn -0.248411 -0.949407 0.192139
v -3.42258 1.90929 -3.42977 0.4 0.392157 0.4
vn 0.734055 -0.301915 0.608285
v -3.37917 1.95724 -3.40394 0.207843 0.219608 0.231373
vn 0.869349 -0.0662779 0.489735
v -3.37912 2.04692 -3.43786 0.243137 0.243137 0.25098
vn 0.454287 -0.843812 0.285667
v -3.42982 1.73905 -3.40734 0.529412 0.513725 0.509804
vn -0.147499 0.28281 -0.947767
v -3.31889 2.1746 -3.43976 0.360784 0.356863 0.364706
vn 0.740965 -0.233556 0.629621
v -3.27774 2.19219 -3.42663 0.415686 0.415686 0.423529
vn 0.696766 -0.38931 0.602457
v -3.85025 2.21295 -3.0922 0.603922 0.607843 0.635294
vn -0.484494 -0.0371322 0.874006
v -3.56205 1.87891 -3.01797 0.537255 0.52549 0.521569
vn -0.152776 -0.927608 0.340886
v -3.66462 2.43456 -2.97102 0.666667 0.658824 0.639216
vn -0.718908 -0.693048 0.0534361
v -3.62851 2.48159 -2.97031 0.65098 0.639216 0.619608
vn -0.777212 0.595694 -0.202705
v -3.67529 2.33643 -3.04468 0.780392 0.8 0.85098
vn -0.116806 -0.620957 0.775093
v -3.41091 1.82071 -3.38889 0.356863 0.337255 0.34902
vn 0.94496 -0.326778 -0.0163007
v -3.38802 1.92902 -3.38233 0.180392 0.176471 0.192157
vn 0.756363 -0.0445429 0.652634
v -3.38045 1.97533 -3.3814 0.227451 0.219608 0.235294
vn 0.692751 -0.20529 0.691341
v -3.8286 2.40677 -3.08986 0.686275 0.694118 0.72549
vn -0.590057 0.614516 0.523644
v -3.3908 2.02802 -3.38494 0.254902 0.243137 0.258824
vn 0.718385 -0.152795 0.678658
v -3.4346 1.6125 -3.46258 0.388235 0.388235 0.392157
vn 0.793415 0.221724 0.566861
v -3.45362 2.09803 -3.36491 0.372549 0.356863 0.368627
vn 0.368987 0.571586 0.732897
v -3.66984 1.99303 -2.9013 0.545098 0.552941 0.556863
vn -0.319424 -0.555969 -0.767377
v -4.10925 2.2784 -3.5425 0.556863 0.533333 0.52549
vn 0.147471 0.248496 -0.957341
v -3.47365 2.10652 -3.36457 0.47451 0.462745 0.466667
vn 0.648498 0.497825 0.575866
v -3.37674 2.13311 -3.36478 0.427451 0.427451 0.45098
vn 0.698208 -0.671342 0.248605
v -3.71865 2.51348 -3.17437 0.262745 0.247059 0.235294
vn -0.949389 0.175623 0.260416
v -3.38325 2.07143 -3.06689 0.729412 0.764706 0.8
vn 0.441466 -0.0451512 0.896141
v -3.9043 2.32515 -2.63911 0.47451 0.466667 0.447059
vn 0.00209634 -0.501091 -0.865392
v -3.40603 2.09306 -3.42478 0.658824 0.65098 0.643137
vn 0.559727 -0.548082 0.621539
v -3.77602 2.4753 -3.22723 0.298039 0.286275 0.286275
vn -0.587833 0.59579 0.547253
v -3.78656 2.23281 -2.90694 0.345098 0.337255 0.337255
vn -0.086268 0.0972983 -0.991509
v -3.46973 2.08617 -3.32741 0.419608 0.403922 0.407843
vn 0.680727 0.293028 0.671376
v -3.75326 2.10764 -3.03711 0.776471 0.796078 0.831373
vn 0.639747 0.727394 0.248236
v -3.83124 1.97417 -2.90741 0.243137 0.254902 0.270588
vn 0.595958 0.517502 -0.614024
v -3.34928 2.1639 -3.32255 0.560784 0.564706 0.603922
vn 0.630498 -0.0386497 -0.775228
v -3.48178 2.46174 -3.03526 0.564706 0.564706 0.6
vn 0.472906 0.799054 0.371313
v -3.32779 1.99117 -3.48394 0.0941176 0.101961 0.0980392
vn 0.716954 -0.613193 0.331619
v -3.33762 2.18529 -3.29546 0.560784 0.564706 0.6
vn 0.805489 -0.0837596 -0.586662
v -3.7351 1.97949 -2.87457 0.192157 0.2 0.211765
vn 0.0254182 -0.27499 -0.961111
v -3.3757 2.16601 -3.09049 0.494118 0.501961 0.52549
vn -0.78688 -0.0951518 0.609726
v -3.27417 2.5995 -3.25222 0.627451 0.603922 0.596078
vn -0.438907 0.777207 0.4509
v -3.41635 2.1198 -3.02569 0.686275 0.709804 0.760784
vn -0.0943676 0.228729 0.968905
v -3.77462 2.48044 -2.83992 0.262745 0.258824 0.282353
vn -0.154048 0.243489 -0.957592
v -3.78699 2.92452 -3.54837 0.619608 0.592157 0.576471
vn -0.0162121 -0.0149312 -0.999757
v -3.2703 2.5757 -3.21703 0.607843 0.584314 0.584314
vn -0.511779 0.826989 0.232747
v -3.52235 1.62789 -3.53538 0.356863 0.356863 0.352941
vn -0.707812 -0.117338 -0.696588
v -3.61552 2.12229 -3.53708 0.341176 0.337255 0.345098
vn -0.00643959 0.0559174 -0.998415
v -3.60264 1.94975 -3.18773 0.113725 0.113725 0.109804
vn 0.461923 -0.878506 0.121879
v -3.56959 1.94984 -3.15258 0.215686 0.215686 0.207843
vn 0.385064 -0.919701 0.0766503
v -3.43552 1.9803 -3.37571 0.109804 0.109804 0.109804
vn 0.784462 -0.0337489 0.619258
v -3.98043 2.72075 -3.56879 0.533333 0.52549 0.517647
vn 0.264898 0.124135 -0.956253
v -3.63037 2.53521 -3.02215 0.247059 0.25098 0.243137
vn 0.293741 0.941433 0.165591
v -3.58564 1.97221 -3.16666 0.133333 0.129412 0.12549
vn 0.102263 -0.970702 0.217441
v -3.81236 2.08235 -3.15996 0.580392 0.576471 0.584314
vn -0.484737 -0.144742 0.8626
v -3.82617 2.18468 -3.13056 0.643137 0.647059 0.658824
vn 0.361928 0.320935 0.875219
v -3.86242 2.46348 -3.33993 0.219608 0.215686 0.211765
vn -0.709094 0.611462 0.351142
v -3.87076 2.13548 -3.15734 0.509804 0.517647 0.521569
vn -0.823503 -0.254808 0.506868
v -3.83311 2.1279 -2.67091 0.423529 0.415686 0.403922
vn -0.840774 0.453559 0.295607
v -3.37861 2.12779 -3.53857 0.403922 0.392157 0.388235
vn 0.519708 -0.330293 -0.787915
v -3.67213 1.92291 -3.02795 0.466667 0.478431 0.494118
vn -0.702283 -0.558239 -0.441778
v -3.81676 2.18827 -3.17263 0.596078 0.588235 0.596078
vn -0.151222 0.0280675 0.988101
v -3.78609 2.1703 -3.15726 0.631373 0.639216 0.666667
vn -0.265929 0.14757 0.95263
v -3.82168 2.22594 -3.16954 0.635294 0.627451 0.643137
vn 0.0192259 -0.15775 0.987292
v -3.77137 2.22731 -3.15582 0.780392 0.803922 0.85098
vn -0.495264 -0.00394742 0.868733
v -3.87725 2.27845 -3.15864 0.462745 0.478431 0.486275
vn -0.00644086 -0.0844313 0.996408
v -3.79592 2.27158 -3.1637 0.541176 0.545098 0.572549
vn -0.436118 -0.0776283 0.896535
v -3.70758 2.51784 -3.03519 0.192157 0.196078 0.196078
vn -0.752239 0.407393 0.517848
v -3.58138 2.47935 -3.62399 0.423529 0.415686 0.407843
vn 0.696195 -0.252705 -0.671902
v -3.88041 2.32014 -3.1747 0.607843 0.588235 0.592157
vn 0.0598756 -0.0830348 0.994746
v -3.80989 2.31387 -3.15957 0.372549 0.372549 0.384314
vn 0.051758 -0.0159071 0.998533
v -3.38653 2.36988 -3.57465 0.529412 0.52549 0.529412
vn -0.0892609 0.0496578 -0.99477
v -3.71179 2.51384 -3.1283 0.0823529 0.0901961 0.0901961
vn -0.782192 0.402686 0.475416
v -3.68383 2.45788 -3.0253 0.203922 0.211765 0.223529
vn -0.295046 0.879515 -0.373365
v -3.67772 2.27584 -3.59291 0.427451 0.411765 0.407843
vn -0.24607 -0.12522 -0.961129
v -3.71769 1.96952 -3.55764 0.356863 0.352941 0.364706
vn 0.208366 -0.0254077 -0.977721
v -3.62393 1.94228 -3.12959 0.223529 0.215686 0.207843
vn -0.632931 -0.770658 -0.0740593
v -3.62954 1.96533 -3.11687 0.184314 0.192157 0.196078
vn -0.175957 -0.98411 -0.0238121
v -3.52765 1.97331 -3.10375 0.368627 0.372549 0.384314
vn 0.471549 -0.76371 -0.440896
v -3.72714 2.02305 -3.11479 0.643137 0.647059 0.658824
vn -0.360782 -0.240926 0.900994
v -3.36903 2.02383 -3.12129 0.290196 0.282353 0.290196
vn -0.138157 0.147435 -0.979375
v -3.67365 2.52996 -2.84376 0.435294 0.431373 0.447059
vn -0.243421 0.324682 -0.913962
v -3.81457 2.07974 -3.12663 0.572549 0.584314 0.611765
vn -0.658946 -0.355409 0.662929
v -3.78767 2.06326 -3.11849 0.501961 0.509804 0.52549
vn -0.614589 -0.304513 0.727703
v -3.33765 2.06323 -3.12326 0.388235 0.384314 0.384314
vn 0.701233 0.134546 -0.700121
v -3.77782 2.40709 -3.03612 0.482353 0.47451 0.486275
vn -0.718592 0.564135 0.406666
v -3.74077 2.43542 -2.83076 0.356863 0.364706 0.372549
vn -0.268341 0.120397 -0.955771
v -3.723 2.12485 -3.12279 0.666667 0.678431 0.709804
vn -0.439666 0.0916049 0.893478
v -3.52504 2.11491 -3.10275 0.698039 0.721569 0.776471
vn -0.103116 -0.081814 0.991299
v -3.51361 2.42386 -3.06553 0.901961 0.933333 0.952941
vn 0.763167 -0.310732 0.566588
v -3.86014 2.22388 -3.14357 0.576471 0.588235 0.615686
vn -0.625316 -0.262267 0.73498
v -3.73734 2.2317 -3.12082 0.698039 0.705882 0.741176
vn -0.252828 0.107983 0.961466
v -3.68113 2.21435 -3.11445 0.827451 0.835294 0.87451
vn -0.0566241 -0.000857739 0.998395
v -3.38496 2.2381 -3.1119 0.466667 0.478431 0.509804
vn -0.58801 -0.248243 0.769818
v -3.60614 2.41427 -3.31125 0.376471 0.368627 0.364706
vn -0.699576 0.621748 -0.352169
v -3.86948 2.27066 -3.13857 0.54902 0.564706 0.596078
vn -0.412477 -0.126415 0.902154
v -3.58074 2.2736 -3.10424 0.831373 0.847059 0.886275
vn -0.184152 0.0771487 0.979865
v -3.87219 2.33302 -3.12871 0.607843 0.623529 0.639216
vn -0.766222 -0.113672 0.632442
v -3.82394 2.3322 -3.12752 0.572549 0.576471 0.607843
vn -0.218075 -0.628018 0.747019
v -3.73481 2.32318 -3.10703 0.784314 0.796078 0.835294
vn -0.0638234 -0.652525 0.755075
v -3.85911 2.37361 -3.12505 0.670588 0.694118 0.717647
vn -0.68925 -0.00651917 0.724495
v -3.47692 2.35881 -3.08302 0.678431 0.67451 0.670588
vn -0.0412251 -0.17515 0.983678
v -3.5815 2.37042 -3.11565 0.815686 0.827451 0.866667
vn -0.0175972 0.181332 0.983265
v -3.75698 2.43834 -3.10144 0.776471 0.796078 0.835294
vn -0.760077 0.621075 0.191176
v -3.45799 2.37767 -2.99822 0.643137 0.662745 0.709804
vn -0.107747 -0.351549 0.929948
v -3.63685 2.48751 -3.11745 0.537255 0.52549 0.529412
vn -0.185512 0.153583 0.970565
v -3.57847 2.49993 -3.11522 0.545098 0.537255 0.545098
vn -0.593432 -0.288102 0.751556
v -3.42295 2.46287 -3.11733 0.498039 0.486275 0.490196
vn 0.899731 0.2644 -0.347242
v -3.67978 2.51154 -3.12124 0.533333 0.513725 0.509804
vn -0.221158 0.504489 0.834614
v -3.66117 2.41661 -3.06744 0.839216 0.85098 0.886275
vn 0.682392 0.662377 0.30919
v -3.83211 2.03646 -2.89436 0.309804 0.321569 0.34902
vn -0.072544 -0.0128416 -0.997283
v -3.18198 1.62303 -3.06905 0.4 0.376471 0.364706
vn -0.054118 -0.987734 0.146466
v -3.13544 1.62232 -3.06859 0.592157 0.568627 0.560784
vn -0.054118 -0.987734 0.146466
v -4.03032 2.67247 -3.5729 0.501961 0.494118 0.486275
vn 0.455515 -0.354957 -0.816402
v -3.34319 2.02416 -3.07499 0.486275 0.505882 0.552941
vn -0.990401 0.112721 0.0800016
v -3.86548 2.02901 -2.88722 0.537255 0.521569 0.517647
vn 0.0649751 0.113819 -0.991374
v -3.57496 1.88235 -3.06467 0.564706 0.552941 0.54902
vn -0.0473858 -0.893653 -0.44625
v -3.48271 1.89398 -3.06076 0.576471 0.564706 0.556863
vn 0.570371 -0.591504 -0.569912
v -3.70347 1.91122 -3.06349 0.745098 0.760784 0.788235
vn -0.240977 -0.874172 -0.421608
v -3.19348 1.52692 -3.55279 0.396078 0.384314 0.403922
vn -0.251528 0.194944 -0.948014
v -3.75491 1.97088 -3.09868 0.776471 0.796078 0.835294
vn -0.536533 -0.228187 0.812443
v -3.67042 1.97346 -3.07334 0.521569 0.533333 0.552941
vn -0.501088 -0.321997 0.803261
v -3.71056 2.03437 -3.06034 0.694118 0.713725 0.756863
vn -0.680368 -0.464397 0.566952
v -3.62488 2.00934 -3.08026 0.72549 0.745098 0.768627
vn -0.440975 -0.284683 0.851174
v -3.48118 2.02442 -3.06962 0.721569 0.745098 0.780392
vn 0.464842 -0.346788 0.814653
v -3.37785 2.03787 -3.0745 0.666667 0.67451 0.67451
vn -0.85544 0.508232 -0.0996113
v -3.29474 2.02372 -3.06732 0.52549 0.509804 0.513725
vn -0.966017 0.25697 0.0278937
v -3.52453 2.21515 -3.57887 0.313725 0.309804 0.313725
vn 0.0519292 -0.030625 -0.998181
v -3.70676 2.52541 -3.06708 0.317647 0.32549 0.333333
vn -0.932594 0.224259 0.282803
v -3.34488 1.28237 -3.47948 0.45098 0.443137 0.454902
vn 0.354571 -0.807199 -0.471921
v -3.75629 2.06074 -3.07374 0.643137 0.662745 0.701961
vn -0.608688 -0.307265 0.731497
v -3.58089 2.07118 -3.06905 0.803922 0.823529 0.854902
vn -0.215249 0.410104 0.886274
v -3.66283 1.92797 -3.53609 0.415686 0.407843 0.411765
vn -0.025075 -0.125402 -0.991789
v -3.47194 2.07863 -3.06452 0.85098 0.878431 0.913725
vn 0.0511873 -0.215133 0.975242
v -3.55871 2.32623 -3.52521 0.372549 0.360784 0.368627
vn 0.292676 0.318852 -0.901484
v -3.81489 2.11581 -3.08576 0.678431 0.686275 0.717647
vn -0.652344 -0.130956 0.746524
v -3.72025 2.1228 -3.06428 0.729412 0.752941 0.8
vn -0.105996 0.341237 0.933982
v -3.26522 1.83347 -3.54102 0.509804 0.501961 0.494118
vn 0.12324 -0.225289 -0.966466
v -3.61303 2.11927 -3.07988 0.784314 0.807843 0.85098
vn -0.186487 0.138272 0.972679
v -3.56576 2.12556 -3.07008 0.847059 0.862745 0.894118
vn -0.260004 0.192108 0.946305
v -3.47253 2.46141 -3.11795 0.623529 0.6 0.596078
vn 0.436869 -0.294588 0.84992
v -3.51646 2.13314 -3.07644 0.8 0.819608 0.85098
vn -0.118673 0.0577899 0.99125
v -3.46594 2.12308 -3.07012 0.807843 0.827451 0.87451
vn -0.0721795 0.00330783 0.997386
v -3.42016 2.13029 -3.06329 0.713725 0.741176 0.8
vn -0.0604394 0.262278 0.963098
v -3.58528 1.89003 -3.12577 0.164706 0.164706 0.164706
vn -0.35317 -0.894065 -0.275532
v -3.38641 2.11957 -3.0786 0.682353 0.705882 0.741176
vn -0.789218 0.0517498 -0.611929
v -3.61748 1.94389 -3.07505 0.498039 0.517647 0.54902
vn -0.67135 -0.683398 -0.286802
v -3.82643 2.28192 -2.87462 0.439216 0.431373 0.431373
vn -0.821249 -0.460763 -0.336523
v -3.53347 2.18226 -3.07015 0.839216 0.85098 0.886275
vn -0.0176799 -0.00599552 0.999826
v -3.83388 2.21061 -3.09802 0.47451 0.498039 0.517647
vn -0.431871 -0.20171 0.879091
v -3.77391 2.22922 -3.07938 0.690196 0.713725 0.752941
vn -0.119893 0.00396701 0.992779
v -3.66998 2.23211 -3.08897 0.835294 0.854902 0.898039
vn 0.0715141 -0.227892 0.971057
v -3.62433 2.23885 -3.09095 0.87451 0.894118 0.933333
vn -0.129487 -0.0994833 0.986578
v -3.47824 2.2233 -3.07498 0.854902 0.870588 0.905882
vn 0.063755 -0.0308406 0.997489
v -3.55999 1.96382 -3.22399 0.380392 0.380392 0.384314
vn 0.34393 -0.934782 0.0888489
v -3.39242 2.21974 -3.09071 0.427451 0.435294 0.458824
vn -0.765439 -0.265091 0.58637
v -3.3304 2.22073 -3.05895 0.415686 0.411765 0.427451
vn -0.347584 0.089504 0.933367
v -3.98085 2.3587 -3.57416 0.352941 0.337255 0.337255
vn -0.350516 0.251028 -0.902288
v -3.85084 2.26901 -3.09023 0.709804 0.709804 0.721569
vn -0.391733 -0.113966 0.912994
v -3.67708 2.27462 -3.08735 0.796078 0.819608 0.854902
vn -0.358087 0.0240938 0.933377
v -3.62588 2.27675 -3.08054 0.835294 0.866667 0.901961
vn 0.0460264 -0.476837 0.877786
v -3.48616 2.41196 -3.07305 0.831373 0.862745 0.886275
vn 0.604076 0.342915 0.719376
v -3.56186 2.27619 -3.0897 0.878431 0.894118 0.929412
vn -0.145055 -0.0354354 0.988789
v -3.48438 2.27274 -3.06657 0.72549 0.741176 0.776471
vn 0.0557265 -0.321267 0.945348
v -3.45721 1.83155 -2.91144 0.564706 0.564706 0.556863
vn 0.379459 -0.559462 -0.736894
v -3.39389 2.26603 -3.08291 0.564706 0.584314 0.635294
vn -0.655243 -0.0420887 0.754244
v -3.88199 2.32112 -3.57847 0.372549 0.360784 0.364706
vn -0.143844 -0.197864 -0.969618
v -3.40189 2.04044 -3.47413 0.254902 0.254902 0.25098
vn -0.880516 -0.457046 0.125703
v -3.62533 2.33744 -3.06539 0.878431 0.898039 0.933333
vn 0.341106 0.3709 0.863759
v -3.3748 2.32568 -3.05684 0.447059 0.45098 0.486275
vn -0.781991 -0.300038 0.546321
v -3.85295 2.36927 -3.09411 0.713725 0.733333 0.776471
vn -0.733122 0.195736 0.651322
v -3.57234 1.88319 -2.9921 0.0784314 0.0901961 0.0823529
vn -0.334397 -0.941868 0.0326151
v -3.76789 2.37241 -3.07669 0.6 0.607843 0.635294
vn -0.611214 -0.10433 0.784559
v -3.56982 2.36666 -3.08127 0.862745 0.878431 0.909804
vn -0.454074 0.383001 0.804442
v -3.51634 2.37543 -3.05987 0.87451 0.905882 0.941176
vn -0.0221528 0.000886272 0.999754
v -3.81951 2.47179 -3.54705 0.52549 0.505882 0.501961
vn -0.0978056 -0.052866 -0.9938
v -3.77603 2.42233 -3.08339 0.584314 0.592157 0.611765
vn -0.601119 0.796311 -0.0674113
v -3.71657 2.47061 -3.08401 0.419608 0.423529 0.435294
vn -0.876735 0.471933 0.0928162
v -3.68862 2.46722 -3.07727 0.0666667 0.0705882 0.0705882
vn -0.971371 0.0776342 0.224524
v -3.3312 1.93232 -3.532 0.352941 0.345098 0.341176
vn -0.39945 0.223081 -0.889199
v -3.70244 2.50855 -3.09463 0.207843 0.211765 0.211765
vn -0.967048 0.197181 -0.16105
v -3.42685 2.51803 -3.53543 0.435294 0.435294 0.435294
vn -0.121901 -0.0639943 -0.990477
v -3.60668 2.52906 -3.0724 0.407843 0.419608 0.431373
vn -0.113607 -0.957801 0.264027
v -3.4731 1.89981 -3.03573 0.32549 0.321569 0.313725
vn 0.811821 -0.544096 -0.211913
v -3.58186 1.91918 -3.0343 0.501961 0.513725 0.537255
vn -0.675417 -0.502658 0.539581
v -3.6787 1.97958 -3.02153 0.654902 0.666667 0.698039
vn -0.783989 -0.40741 -0.468378
v -3.71011 2.01866 -3.04566 0.588235 0.6 0.627451
vn -0.696774 -0.717057 -0.018285
v -3.63357 2.02001 -3.04129 0.756863 0.780392 0.835294
vn -0.38852 0.615502 0.685718
v -3.51817 1.58526 -3.53584 0.47451 0.47451 0.482353
vn -0.962336 -0.0865219 -0.257729
v -3.76058 2.29368 -3.04714 0.662745 0.662745 0.694118
vn -0.284613 -0.464803 0.838423
v -3.57148 2.0104 -3.03924 0.768627 0.792157 0.843137
vn -0.252596 -0.0750948 0.964653
v -3.53003 2.02932 -3.03513 0.392157 0.419608 0.45098
vn 0.0302624 0.195028 0.980331
v -3.55786 2.07874 -3.04368 0.733333 0.756863 0.807843
vn -0.173706 0.487089 0.855904
v -3.52284 2.06566 -3.02135 0.501961 0.556863 0.592157
vn 0.168627 0.411817 0.895529
v -3.46804 2.06989 -3.0222 0.745098 0.772549 0.831373
vn 0.0282002 0.0146325 0.999495
v -3.33144 2.07055 -3.03548 0.545098 0.556863 0.592157
vn -0.894357 0.0561699 -0.443813
v -3.38398 2.10812 -3.03593 0.584314 0.607843 0.658824
vn 0.147072 0.0508291 0.987819
v -3.4158 2.18441 -3.03366 0.678431 0.701961 0.752941
vn -0.219469 0.0312963 0.975117
v -3.47474 2.52821 -3.47104 0.152941 0.152941 0.14902
vn -0.722756 -0.544808 -0.425216
v -3.33114 2.17657 -3.044 0.47451 0.478431 0.501961
vn -0.31599 -0.200796 0.927271
v -3.48377 1.97185 -3.01935 0.282353 0.301961 0.317647
vn 0.438145 -0.819184 -0.370089
v -3.48391 1.51649 -3.53044 0.501961 0.490196 0.486275
vn -0.0552313 0.524542 -0.849591
v -3.37622 2.22316 -3.0344 0.572549 0.588235 0.631373
vn -0.44182 -0.181026 0.878649
v -3.34195 2.21687 -3.04233 0.568627 0.584314 0.627451
vn -0.275825 -0.0140886 0.961105
v -3.72703 2.27995 -3.03876 0.607843 0.619608 0.666667
vn -0.285931 -0.293241 0.912279
v -3.66894 2.28281 -3.04085 0.670588 0.690196 0.733333
vn -0.276269 -0.680784 0.678386
v -3.63949 1.89133 -3.21758 0.196078 0.2 0.196078
vn 0.801007 -0.269718 -0.534453
v -3.7553 2.33328 -3.0356 0.603922 0.611765 0.647059
vn -0.0380894 -0.53731 0.842524
v -3.71291 2.33838 -3.03877 0.690196 0.705882 0.745098
vn -0.306311 -0.260941 0.915469
v -4.12036 2.08515 -3.58212 0.513725 0.498039 0.486275
vn -0.161079 -0.328611 -0.930628
v -3.62559 2.3337 -3.0319 0.788235 0.811765 0.866667
vn 0.559517 -0.449934 0.69606
v -3.52548 2.3113 -3.03251 0.686275 0.709804 0.760784
vn 0.0210584 -0.166083 0.985887
v -3.48059 2.33007 -3.04354 0.709804 0.733333 0.784314
vn 0.0562456 -0.364328 0.929571
v -3.7235 2.36665 -3.04278 0.47451 0.482353 0.517647
vn -0.25022 -0.629584 0.735536
v -3.69105 2.37127 -3.03541 0.623529 0.635294 0.666667
vn -0.311862 -0.108122 0.943955
v -3.55927 2.37243 -3.04372 0.768627 0.784314 0.811765
vn -0.0152577 0.06772 0.997588
v -3.42045 2.37053 -3.03977 0.533333 0.545098 0.584314
vn 0.50993 0.24896 0.823402
v -3.66729 2.42281 -3.01717 0.517647 0.529412 0.572549
vn 0.504047 -0.280817 0.816749
v -3.62689 2.41278 -3.03761 0.52549 0.533333 0.572549
vn 0.844345 -0.191195 0.500526
v -3.48024 2.40483 -3.04351 0.678431 0.694118 0.737255
vn -0.299154 -0.40939 0.86192
v -3.7701 1.98507 -3.13603 0.545098 0.541176 0.545098
vn -0.590615 -0.312505 0.743985
v -3.43951 2.46371 -3.03857 0.545098 0.545098 0.580392
vn 0.697802 0.604314 0.384549
v -3.62772 2.52312 -3.02219 0.533333 0.545098 0.568627
vn 0.398056 0.916093 -0.0482155
v -3.58065 2.51714 -3.03027 0.466667 0.47451 0.498039
vn 0.614859 0.623673 0.48268
v -3.62751 1.87814 -2.98481 0.356863 0.356863 0.352941
vn 0.0270302 -0.961612 -0.273077
v -3.83826 1.97628 -2.96889 0.643137 0.556863 0.521569
vn -0.109091 -0.70732 -0.698426
v -3.43531 1.97304 -2.95128 0.317647 0.309804 0.301961
vn 0.207481 -0.861792 -0.462889
f 1//1 369//369 1415//1415
f 1415//1415 1379//1379 1//1
f 1415//1415 2008//2008 1379//1379
f 2008//2008 1377//1377 1379//1379
f 1415//1415 1414//1414 2008//2008
f 1414//1414 1708//1708 2008//2008
f 1708//1708 719//719 2008//2008
f 1708//1708 1381//1381 719//719
f 1381//1381 1382//1382 719//719
f 1//1 1950//1950 369//369
f 1//1 1416//1416 1950//1950
f 2//2 1373//1373 1411//1411
f 1411//1411 1409//1409 2//2
f 1409//1409 149//149 2//2
f 149//149 2//2 1373//1373
f 1409//1409 826//826 149//149
f 3//3 123//123 1145//1145
f 1145//1145 1848//1848 3//3
f 1145//1145 1848//1848 1327//1327
f 4//4 930//930 1952//1952
f 4//4 393//393 930//930
f 393//393 5//5 930//930
f 5//5 975//975 930//930
f 393//393 7//7 5//5
f 393//393 14//14 7//7
f 14//14 1371//1371 7//7
f 930//930 750//750 1952//1952
f 1952//1952 1410//1410 4//4
f 1410//1410 7//7 4//4
f 6//6 1342//1342 113//113
f 8//8 549//549 1034//1034
f 9//9 16//16 1398//1398
f 16//16 10//10 1398//1398
f 16//16 1093//1093 10//10
f 1093//1093 10//10 536//536
f 10//10 1396//1396 536//536
f 10//10 1183//1183 1396//1396
f 10//10 17//17 1183//1183
f 17//17 1363//1363 1183//1183
f 1363//1363 19//19 1183//1183
f 17//17 264//264 1363//1363
f 17//17 227//227 264//264
f 536//536 1368//1368 1093//1093
f 16//16 227//227 1093//1093
f 16//16 2038//2038 227//227
f 2038//2038 809//809 227//227
f 16//16 2038//2038 1368//1368
f 2038//2038 1285//1285 1368//1368
f 1285//1285 1368//1368 1371//1371
f 11//11 1092//1092 919//919
f 1092//1092 1400//1400 919//919
f 1400//1400 1874//1874 919//919
f 1092//1092 15//15 1400//1400
f 1092//1092 18//18 15//15
f 1092//1092 935//935 18//18
f 1092//1092 11//11 935//935
f 12//12 13//13 1231//1231
f 13//13 1145//1145 1231//1231
f 20//20 1219//1219 21//21
f 1219//1219 105//105 21//21
f 105//105 1734//1734 21//21
f 1734//1734 21//21 136//136
f 22//22 479//479 1926//1926
f 22//22 110//110 479//479
f 479//479 128//128 1926//1926
f 23//23 24//24 1582//1582
f 24//24 1425//1425 1582//1582
f 1425//1425 818//818 1582//1582
f 25//25 847//847 345//345
f 847//847 22//22 345//345
f 847//847 22//22 1304//1304
f 26//26 236//236 1089//1089
f 27//27 131//131 28//28
f 29//29 2061//2061 40//40
f 2061//2061 449//449 40//40
f 30//30 184//184 413//413
f 413//413 161//161 30//30
f 161//161 2023//2023 30//30
f 2023//2023 184//184 30//30
f 2023//2023 31//31 184//184
f 2023//2023 138//138 31//31
f 2023//2023 161//161 138//138
f 161//161 1592//1592 138//138
f 1592//1592 2066//2066 138//138
f 2066//2066 428//428 138//138
f 1592//1592 895//895 2066//2066
f 161//161 1250//1250 1592//1592
f 1250//1250 1438//1438 1592//1592
f 1438//1438 160//160 1592//1592
f 1438//1438 1250//1250 160//160
f 161//161 259//259 1250//1250
f 32//32 202//202 143//143
f 32//32 916//916 202//202
f 32//32 157//157 916//916
f 157//157 46//46 916//916
f 32//32 157//157 43//43
f 33//33 50//50 47//47
f 50//50 49//49 47//47
f 49//49 1428//1428 47//47
f 49//49 167//167 1428//1428
f 49//49 50//50 167//167
f 34//34 481//481 918//918
f 35//35 153//153 1124//1124
f 35//35 153//153 1173//1173
f 36//36 728//728 65//65
f 36//36 35//35 728//728
f 35//35 459//459 728//728
f 459//459 65//65 728//728
f 459//459 691//691 65//65
f 35//35 182//182 459//459
f 182//182 459//459 781//781
f 781//781 544//544 182//182
f 781//781 84//84 544//544
f 84//84 1084//1084 544//544
f 1084//1084 872//872 544//544
f 872//872 83//83 544//544
f 83//83 2144//2144 544//544
f 2144//2144 181//181 544//544
f 872//872 208//208 83//83
f 1084//1084 611//611 872//872
f 611//611 1337//1337 872//872
f 611//611 203//203 1337//1337
f 203//203 1062//1062 1337//1337
f 1062//1062 82//82 1337//1337
f 82//82 1311//1311 1337//1337
f 82//82 81//81 1311//1311
f 81//81 1157//1157 1311//1311
f 1157//1157 844//844 1311//1311
f 844//844 1941//1941 1311//1311
f 1941//1941 208//208 1311//1311
f 844//844 174//174 1941//1941
f 174//174 63//63 1941//1941
f 63//63 1199//1199 1941//1941
f 63//63 179//179 1199//1199
f 179//179 1498//1498 1199//1199
f 1498//1498 379//379 1199//1199
f 1498//1498 83//83 379//379
f 63//63 59//59 179//179
f 63//63 174//174 59//59
f 844//844 1157//1157 174//174
f 82//82 80//80 81//81
f 80//80 462//462 81//81
f 462//462 79//79 81//81
f 80//80 1254//1254 462//462
f 1254//1254 2206//2206 462//462
f 1254//1254 1502//1502 2206//2206
f 1254//1254 787//787 1502//1502
f 787//787 2180//2180 1502//1502
f 787//787 986//986 2180//2180
f 787//787 1132//1132 986//986
f 1132//1132 283//283 986//986
f 283//283 277//277 986//986
f 283//283 801//801 277//277
f 801//801 1198//1198 277//277
f 801//801 1198//1198 2097//2097
f 2097//2097 801//801 2163//2163
f 801//801 283//283 2163//2163
f 787//787 203//203 1132//1132
f 203//203 235//235 1132//1132
f 235//235 169//169 1132//1132
f 235//235 883//883 169//169
f 235//235 240//240 883//883
f 235//235 611//611 240//240
f 235//235 203//203 611//611
f 787//787 1254//1254 203//203
f 1254//1254 423//423 203//203
f 80//80 82//82 1254//1254
f 1084//1084 1532//1532 611//611
f 1084//1084 84//84 1532//1532
f 84//84 210//210 1532//1532
f 210//210 239//239 1532//1532
f 84//84 86//86 210//210
f 86//86 782//782 210//210
f 782//782 1569//1569 210//210
f 1569//1569 286//286 210//210
f 1569//1569 60//60 286//286
f 782//782 37//37 1569//1569
f 37//37 1307//1307 1569//1569
f 37//37 1757//1757 1307//1307
f 37//37 1106//1106 1757//1757
f 1106//1106 1367//1367 1757//1757
f 1367//1367 1057//1057 1757//1757
f 1367//1367 1554//1554 1057//1057
f 1106//1106 87//87 1367//1367
f 1106//1106 568//568 87//87
f 1106//1106 922//922 568//568
f 922//922 186//186 568//568
f 186//186 68//68 568//568
f 68//68 39//39 568//568
f 39//39 66//66 568//568
f 68//68 39//39 67//67
f 39//39 691//691 67//67
f 691//691 905//905 67//67
f 905//905 186//186 67//67
f 186//186 65//65 67//67
f 186//186 922//922 65//65
f 922//922 782//782 65//65
f 905//905 68//68 186//186
f 1106//1106 37//37 922//922
f 37//37 36//36 922//922
f 37//37 782//782 36//36
f 782//782 35//35 36//36
f 782//782 781//781 35//35
f 782//782 1173//1173 781//781
f 38//38 1452//1452 325//325
f 1452//1452 325//325 64//64
f 325//325 182//182 64//64
f 182//182 181//181 64//64
f 41//41 159//159 365//365
f 42//42 1506//1506 2127//2127
f 44//44 765//765 1893//1893
f 44//44 1028//1028 765//765
f 765//765 1893//1893 70//70
f 45//45 506//506 1348//1348
f 506//506 1348//1348 46//46
f 45//45 814//814 506//506
f 814//814 554//554 506//506
f 554//554 1279//1279 506//506
f 48//48 968//968 1272//1272
f 968//968 44//44 1272//1272
f 968//968 1178//1178 44//44
f 1178//1178 1650//1650 44//44
f 51//51 52//52 822//822
f 52//52 300//300 822//822
f 53//53 1047//1047 1713//1713
f 1713//1713 2090//2090 53//53
f 2090//2090 53//53 1588//1588
f 1588//1588 1015//1015 2090//2090
f 1588//1588 384//384 1015//1015
f 54//54 938//938 845//845
f 845//845 53//53 54//54
f 55//55 2019//2019 893//893
f 2019//2019 496//496 893//893
f 2019//2019 1137//1137 496//496
f 1137//1137 565//565 496//496
f 1137//1137 565//565 234//234
f 565//565 1631//1631 234//234
f 1631//1631 77//77 234//234
f 1631//1631 892//892 77//77
f 892//892 914//914 77//77
f 1631//1631 1015//1015 892//892
f 1631//1631 78//78 1015//1015
f 1631//1631 565//565 78//78
f 234//234 2019//2019 1137//1137
f 56//56 2095//2095 657//657
f 56//56 54//54 2095//2095
f 54//54 2090//2090 2095//2095
f 2090//2090 194//194 2095//2095
f 57//57 2002//2002 170//170
f 58//58 625//625 2014//2014
f 2014//2014 1076//1076 58//58
f 2014//2014 1016//1016 1076//1076
f 1016//1016 657//657 1076//1076
f 1016//1016 194//194 657//657
f 61//61 175//175 1180//1180
f 61//61 60//60 175//175
f 175//175 1554//1554 1180//1180
f 175//175 1307//1307 1554//1554
f 62//62 177//177 178//178
f 62//62 204//204 177//177
f 204//204 1462//1462 177//177
f 62//62 1904//1904 204//204
f 1904//1904 1027//1027 204//204
f 1027//1027 523//523 204//204
f 1027//1027 603//603 523//523
f 603//603 557//557 523//523
f 1027//1027 237//237 603//603
f 1904//1904 164//164 1027//1027
f 1904//1904 234//234 164//164
f 234//234 980//980 164//164
f 980//980 391//391 164//164
f 980//980 1585//1585 391//391
f 1585//1585 830//830 391//391
f 1585//1585 282//282 830//830
f 282//282 1094//1094 830//830
f 1094//1094 237//237 830//830
f 980//980 1271//1271 1585//1585
f 980//980 382//382 1271//1271
f 980//980 892//892 382//382
f 892//892 241//241 382//382
f 69//69 1654//1654 1206//1206
f 1206//1206 2127//2127 69//69
f 2127//2127 1038//1038 69//69
f 69//69 1127//1127 1654//1654
f 1127//1127 207//207 1654//1654
f 71//71 192//192 843//843
f 843//843 45//45 71//71
f 72//72 199//199 1603//1603
f 72//72 199//199 133//133
f 199//199 48//48 133//133
f 48//48 319//319 133//133
f 1603//1603 648//648 72//72
f 648//648 821//821 72//72
f 648//648 228//228 821//821
f 648//648 1612//1612 228//228
f 1612//1612 587//587 228//228
f 1612//1612 230//230 587//587
f 648//648 582//582 1612//1612
f 648//648 1186//1186 582//582
f 648//648 133//133 1186//1186
f 648//648 1603//1603 133//133
f 73//73 1214//1214 76//76
f 1214//1214 77//77 76//76
f 74//74 233//233 98//98
f 74//74 200//200 233//233
f 200//200 231//231 233//233
f 231//231 99//99 233//233
f 99//99 98//98 233//233
f 99//99 229//229 98//98
f 229//229 377//377 98//98
f 229//229 165//165 377//377
f 165//165 377//377 672//672
f 672//672 71//71 165//165
f 71//71 1880//1880 165//165
f 71//71 1620//1620 1880//1880
f 1620//1620 377//377 1880//1880
f 200//200 621//621 231//231
f 98//98 1880//1880 74//74
f 75//75 833//833 797//797
f 88//88 1934//1934 948//948
f 948//948 1993//1993 88//88
f 948//948 218//218 1993//1993
f 88//88 2032//2032 1934//1934
f 89//89 219//219 217//217
f 219//219 92//92 217//217
f 89//89 93//93 219//219
f 89//89 1324//1324 93//93
f 1324//1324 90//90 93//93
f 90//90 1421//1421 93//93
f 90//90 1263//1263 1421//1421
f 1263//1263 997//997 1421//1421
f 1263//1263 514//514 997//997
f 1324//1324 525//525 90//90
f 91//91 2053//2053 1291//1291
f 2053//2053 858//858 1291//1291
f 858//858 1317//1317 1291//1291
f 1317//1317 254//254 1291//1291
f 1317//1317 297//297 254//254
f 297//297 1074//1074 254//254
f 297//297 780//780 1074//1074
f 780//780 2065//2065 1074//1074
f 2065//2065 627//627 1074//1074
f 2065//2065 1121//1121 627//627
f 780//780 2156//2156 2065//2065
f 780//780 297//297 2156//2156
f 297//297 915//915 2156//2156
f 915//915 2083//2083 2156//2156
f 2083//2083 359//359 2156//2156
f 359//359 1288//1288 2156//2156
f 2083//2083 1762//1762 359//359
f 2083//2083 915//915 1762//1762
f 297//297 2157//2157 915//915
f 297//297 1317//1317 2157//2157
f 1317//1317 2158//2158 2157//2157
f 2158//2158 2160//2160 2157//2157
f 2160//2160 1458//1458 2157//2157
f 1458//1458 685//685 2157//2157
f 2160//2160 2052//2052 1458//1458
f 2052//2052 354//354 1458//1458
f 2052//2052 354//354 2088//2088
f 2160//2160 1297//1297 2052//2052
f 1297//1297 129//129 2052//2052
f 1297//1297 698//698 129//129
f 2158//2158 858//858 2160//2160
f 2158//2158 1317//1317 858//858
f 94//94 581//581 1923//1923
f 581//581 465//465 1923//1923
f 94//94 627//627 581//581
f 94//94 254//254 627//627
f 95//95 1032//1032 608//608
f 1032//1032 1916//1916 608//608
f 1916//1916 1212//1212 608//608
f 1916//1916 303//303 1212//1212
f 303//303 2198//2198 1212//1212
f 303//303 615//615 2198//2198
f 303//303 296//296 615//615
f 303//303 533//533 296//296
f 1916//1916 2148//2148 303//303
f 1032//1032 2190//2190 1916//1916
f 2190//2190 399//399 1916//1916
f 399//399 1750//1750 1916//1916
f 399//399 1750//1750 2190//2190
f 96//96 258//258 262//262
f 96//96 1298//1298 258//258
f 1298//1298 258//258 95//95
f 258//258 2194//2194 95//95
f 258//258 2188//2188 2194//2194
f 2188//2188 1994//1994 2194//2194
f 1994//1994 608//608 2194//2194
f 2188//2188 677//677 1994//1994
f 2188//2188 1228//1228 677//677
f 1228//1228 1103//1103 677//677
f 1103//1103 267//267 677//677
f 2188//2188 262//262 1228//1228
f 262//262 2187//2187 1228//1228
f 262//262 1239//1239 2187//2187
f 1239//1239 1593//1593 2187//2187
f 1593//1593 888//888 2187//2187
f 888//888 1722//1722 2187//2187
f 888//888 1246//1246 1722//1722
f 1246//1246 420//420 1722//1722
f 1246//1246 1625//1625 420//420
f 1246//1246 604//604 1625//1625
f 604//604 309//309 1625//1625
f 604//604 2077//2077 309//309
f 2077//2077 1404//1404 309//309
f 1404//1404 569//569 309//309
f 1404//1404 373//373 569//569
f 373//373 2138//2138 569//569
f 2138//2138 1625//1625 569//569
f 2138//2138 505//505 1625//1625
f 505//505 1238//1238 1625//1625
f 1238//1238 310//310 1625//1625
f 1238//1238 1103//1103 310//310
f 1238//1238 900//900 1103//1103
f 505//505 1378//1378 1238//1238
f 1378//1378 1238//1238 1138//1138
f 1138//1138 505//505 1378//1378
f 1138//1138 1335//1335 505//505
f 1138//1138 555//555 1335//1335
f 555//555 1722//1722 1335//1335
f 555//555 2079//2079 1722//1722
f 555//555 1103//1103 2079//2079
f 1138//1138 216//216 555//555
f 1246//1246 2150//2150 604//604
f 1246//1246 416//416 2150//2150
f 416//416 305//305 2150//2150
f 305//305 983//983 2150//2150
f 983//983 941//941 2150//2150
f 941//941 2080//2080 2150//2150
f 941//941 908//908 2080//2080
f 908//908 2077//2077 2080//2080
f 908//908 887//887 2077//2077
f 887//887 278//278 2077//2077
f 887//887 2049//2049 278//278
f 2049//2049 2045//2045 278//278
f 2045//2045 373//373 278//278
f 2045//2045 381//381 373//373
f 381//381 2075//2075 373//373
f 381//381 220//220 2075//2075
f 220//220 2070//2070 2075//2075
f 2070//2070 811//811 2075//2075
f 811//811 1939//1939 2075//2075
f 1939//1939 1744//1744 2075//2075
f 1744//1744 418//418 2075//2075
f 418//418 2045//2045 2075//2075
f 1744//1744 768//768 418//418
f 1744//1744 794//794 768//768
f 794//794 2050//2050 768//768
f 2050//2050 1295//1295 768//768
f 2050//2050 1335//1335 1295//1295
f 1335//1335 2078//2078 1295//1295
f 2050//2050 111//111 1335//1335
f 2050//2050 794//794 111//111
f 794//794 1138//1138 111//111
f 1744//1744 794//794 505//505
f 794//794 505//505 1939//1939
f 505//505 811//811 1939//1939
f 2070//2070 378//378 811//811
f 378//378 1990//1990 811//811
f 1990//1990 2129//2129 811//811
f 1990//1990 1236//1236 2129//2129
f 1236//1236 453//453 2129//2129
f 1236//1236 1912//1912 453//453
f 1236//1236 670//670 1912//1912
f 1236//1236 378//378 670//670
f 378//378 606//606 670//670
f 606//606 1175//1175 670//670
f 606//606 867//867 1175//1175
f 867//867 2037//2037 1175//1175
f 2037//2037 271//271 1175//1175
f 606//606 220//220 867//867
f 606//606 378//378 220//220
f 378//378 2070//2070 220//220
f 1236//1236 1990//1990 378//378
f 2045//2045 1459//1459 381//381
f 1459//1459 381//381 375//375
f 2045//2045 824//824 1459//1459
f 2045//2045 2049//2049 824//824
f 305//305 1998//1998 983//983
f 416//416 1246//1246 305//305
f 1593//1593 2152//2152 888//888
f 2152//2152 1921//1921 888//888
f 2152//2152 1288//1288 1921//1921
f 2152//2152 1288//1288 305//305
f 1593//1593 619//619 2152//2152
f 1593//1593 2193//2193 619//619
f 2193//2193 1074//1074 619//619
f 2193//2193 1908//1908 1074//1074
f 1593//1593 262//262 2193//2193
f 262//262 258//258 2193//2193
f 2188//2188 96//96 262//262
f 101//101 1513//1513 1267//1267
f 1513//1513 287//287 1267//1267
f 101//101 275//275 1513//1513
f 102//102 273//273 658//658
f 102//102 788//788 273//273
f 102//102 196//196 788//788
f 103//103 945//945 308//308
f 945//945 534//534 308//308
f 534//534 2171//2171 308//308
f 2171//2171 103//103 308//308
f 534//534 328//328 2171//2171
f 104//104 232//232 1983//1983
f 232//232 737//737 1983//1983
f 106//106 1312//1312 466//466
f 106//106 1087//1087 1312//1312
f 106//106 1963//1963 1087//1087
f 1963//1963 875//875 1087//1087
f 107//107 1033//1033 1860//1860
f 1033//1033 518//518 1860//1860
f 518//518 813//813 1860//1860
f 108//108 1289//1289 412//412
f 108//108 1285//1285 1289//1289
f 412//412 172//172 108//108
f 109//109 1026//1026 1685//1685
f 109//109 119//119 1026//1026
f 119//119 1164//1164 1026//1026
f 1164//1164 1059//1059 1026//1026
f 1059//1059 552//552 1026//1026
f 552//552 1685//1685 1026//1026
f 552//552 1197//1197 1685//1685
f 1197//1197 738//738 1685//1685
f 738//738 1887//1887 1685//1685
f 1887//1887 1684//1684 1685//1685
f 1684//1684 109//109 1685//1685
f 1684//1684 457//457 109//109
f 457//457 109//109 995//995
f 1164//1164 898//898 1059//1059
f 898//898 1906//1906 1059//1059
f 1164//1164 944//944 898//898
f 944//944 701//701 898//898
f 944//944 1905//1905 701//701
f 1164//1164 1899//1899 944//944
f 1164//1164 119//119 1899//1899
f 114//114 863//863 1248//1248
f 1248//1248 1529//1529 114//114
f 115//115 130//130 1176//1176
f 117//117 1626//1626 1207//1207
f 1207//1207 533//533 117//117
f 1207//1207 707//707 533//533
f 707//707 2195//2195 533//533
f 1207//1207 707//707 1750//1750
f 118//118 1872//1872 1334//1334
f 1334//1334 516//516 118//118
f 1334//1334 989//989 516//516
f 1334//1334 1872//1872 989//989
f 122//122 1965//1965 1031//1031
f 1965//1965 389//389 1031//1031
f 389//389 1782//1782 1031//1031
f 1782//1782 1031//1031 1772//1772
f 124//124 1472//1472 1464//1464
f 1472//1472 785//785 1464//1464
f 785//785 1349//1349 1464//1464
f 1472//1472 503//503 785//785
f 503//503 1507//1507 785//785
f 1507//1507 1306//1306 785//785
f 503//503 753//753 1507//1507
f 1472//1472 124//124 503//503
f 126//126 1338//1338 1566//1566
f 127//127 901//901 661//661
f 661//661 272//272 127//127
f 901//901 689//689 661//661
f 689//689 1951//1951 661//661
f 1951//1951 1431//1431 661//661
f 689//689 531//531 1951//1951
f 901//901 1643//1643 689//689
f 901//901 664//664 1643//1643
f 664//664 1798//1798 1643//1643
f 664//664 215//215 1798//1798
f 132//132 1533//1533 521//521
f 1533//1533 578//578 521//521
f 578//578 889//889 521//521
f 578//578 1520//1520 889//889
f 132//132 1108//1108 1533//1533
f 1108//1108 1809//1809 1533//1533
f 1809//1809 1565//1565 1533//1533
f 1809//1809 1547//1547 1565//1565
f 1547//1547 865//865 1565//1565
f 865//865 820//820 1565//1565
f 865//865 1547//1547 820//820
f 1547//1547 820//820 1402//1402
f 1402//1402 1809//1809 1547//1547
f 134//134 1077//1077 1147//1147
f 1147//1147 1725//1725 134//134
f 1725//1725 1190//1190 134//134
f 1725//1725 528//528 1190//1190
f 528//528 602//602 1190//1190
f 528//528 1932//1932 602//602
f 1932//1932 1794//1794 602//602
f 1147//1147 612//612 1725//1725
f 1147//1147 183//183 612//612
f 183//183 1101//1101 612//612
f 1077//1077 173//173 1147//1147
f 1077//1077 924//924 173//173
f 924//924 1720//1720 173//173
f 1720//1720 173//173 535//535
f 173//173 1918//1918 535//535
f 535//535 495//495 1720//1720
f 535//535 495//495 1922//1922
f 495//495 1778//1778 1922//1922
f 135//135 497//497 1001//1001
f 1001//1001 1803//1803 135//135
f 137//137 1802//1802 1266//1266
f 1266//1266 1155//1155 137//137
f 1155//1155 137//137 472//472
f 472//472 1155//1155 461//461
f 461//461 817//817 472//472
f 817//817 472//472 855//855
f 855//855 817//817 1835//1835
f 817//817 1836//1836 1835//1835
f 817//817 1836//1836 957//957
f 957//957 817//817 1607//1607
f 817//817 461//461 1607//1607
f 1802//1802 913//913 1266//1266
f 139//139 1345//1345 1225//1225
f 1345//1345 1299//1299 1225//1225
f 1299//1299 1115//1115 1225//1225
f 140//140 839//839 1839//1839
f 140//140 1642//1642 839//839
f 1642//1642 839//839 556//556
f 556//556 1595//1595 1642//1642
f 1595//1595 812//812 1642//1642
f 812//812 1610//1610 1642//1642
f 812//812 1117//1117 1610//1610
f 1117//1117 1609//1609 1610//1610
f 1595//1595 1082//1082 812//812
f 1595//1595 561//561 1082//1082
f 1595//1595 1575//1575 561//561
f 1839//1839 476//476 140//140
f 1839//1839 993//993 476//476
f 993//993 1608//1608 476//476
f 1608//1608 476//476 2027//2027
f 476//476 2027//2027 1203//1203
f 2027//2027 1406//1406 1608//1608
f 1406//1406 1203//1203 1608//1608
f 1203//1203 140//140 1608//1608
f 1203//1203 140//140 1493//1493
f 1406//1406 141//141 1203//1203
f 1406//1406 1596//1596 141//141
f 1596//1596 1070//1070 141//141
f 1070//1070 1820//1820 141//141
f 1070//1070 1030//1030 1820//1820
f 1070//1070 1387//1387 1030//1030
f 1387//1387 1977//1977 1030//1030
f 1977//1977 947//947 1030//1030
f 1977//1977 1387//1387 947//947
f 1406//1406 928//928 1596//1596
f 928//928 1387//1387 1596//1596
f 1406//1406 1826//1826 928//928
f 1826//1826 1597//1597 928//928
f 1826//1826 1406//1406 1597//1597
f 142//142 144//144 1097//1097
f 142//142 1650//1650 144//144
f 142//142 1506//1506 1650//1650
f 142//142 1097//1097 1506//1506
f 145//145 499//499 414//414
f 146//146 939//939 1810//1810
f 146//146 1542//1542 939//939
f 1542//1542 896//896 939//939
f 896//896 1541//1541 939//939
f 1541//1541 1550//1550 939//939
f 1550//1550 1369//1369 939//939
f 896//896 646//646 1541//1541
f 646//646 1804//1804 1541//1541
f 1804//1804 1539//1539 1541//1541
f 896//896 1542//1542 646//646
f 1542//1542 871//871 646//646
f 1542//1542 644//644 871//871
f 147//147 2082//2082 417//417
f 147//147 2082//2082 1102//1102
f 2082//2082 2153//2153 1102//1102
f 2082//2082 533//533 2153//2153
f 148//148 890//890 953//953
f 150//150 1029//1029 1690//1690
f 1690//1690 660//660 150//150
f 660//660 1698//1698 150//150
f 660//660 1516//1516 1698//1698
f 660//660 1000//1000 1516//1516
f 1000//1000 775//775 1516//1516
f 775//775 998//998 1516//1516
f 998//998 1724//1724 1516//1516
f 1724//1724 610//610 1516//1516
f 1724//1724 1900//1900 610//610
f 660//660 1000//1000 1900//1900
f 1029//1029 1678//1678 1690//1690
f 1029//1029 1885//1885 1678//1678
f 1029//1029 1467//1467 1885//1885
f 1467//1467 1662//1662 1885//1885
f 1029//1029 709//709 1467//1467
f 1029//1029 150//150 709//709
f 150//150 1701//1701 709//709
f 1701//1701 2161//2161 709//709
f 2161//2161 709//709 1892//1892
f 709//709 1892//1892 1733//1733
f 151//151 954//954 886//886
f 151//151 1487//1487 954//954
f 151//151 1118//1118 1487//1487
f 1118//1118 1487//1487 1760//1760
f 1760//1760 1752//1752 1118//1118
f 1760//1760 1761//1761 1752//1752
f 1760//1760 2181//2181 1761//1761
f 1760//1760 1751//1751 2181//2181
f 1751//1751 1759//1759 2181//2181
f 1759//1759 690//690 2181//2181
f 1751//1751 697//697 1759//1759
f 1760//1760 1391//1391 1751//1751
f 1391//1391 1118//1118 1751//1751
f 954//954 433//433 886//886
f 433//433 873//873 886//886
f 873//873 1749//1749 886//886
f 433//433 1746//1746 873//873
f 433//433 1480//1480 1746//1746
f 433//433 954//954 1480//1480
f 954//954 356//356 1480//1480
f 356//356 1480//1480 1401//1401
f 954//954 347//347 356//356
f 347//347 1936//1936 356//356
f 347//347 251//251 1936//1936
f 347//347 374//374 251//251
f 374//374 447//447 251//251
f 447//447 1693//1693 251//251
f 1693//1693 1755//1755 251//251
f 1693//1693 1755//1755 1488//1488
f 1755//1755 906//906 1488//1488
f 906//906 1488//1488 1756//1756
f 1756//1756 906//906 1755//1755
f 374//374 447//447 347//347
f 152//152 1274//1274 385//385
f 1274//1274 289//289 385//385
f 289//289 237//237 385//385
f 289//289 276//276 237//237
f 1274//1274 390//390 289//289
f 1274//1274 390//390 783//783
f 385//385 2040//2040 152//152
f 2040//2040 964//964 152//152
f 964//964 152//152 248//248
f 248//248 343//343 964//964
f 248//248 450//450 343//343
f 450//450 1423//1423 343//343
f 1423//1423 1715//1715 343//343
f 1715//1715 2096//2096 343//343
f 1715//1715 1009//1009 2096//2096
f 450//450 2126//2126 1423//1423
f 248//248 1235//1235 450//450
f 385//385 2098//2098 2040//2040
f 2098//2098 1235//1235 2040//2040
f 2098//2098 342//342 1235//1235
f 155//155 1670//1670 711//711
f 711//711 832//832 155//155
f 832//832 1470//1470 155//155
f 1470//1470 1670//1670 155//155
f 1470//1470 1420//1420 1670//1670
f 1420//1420 2012//2012 1670//1670
f 1420//1420 317//317 2012//2012
f 317//317 923//923 2012//2012
f 1420//1420 1470//1470 317//317
f 832//832 1470//1470 1218//1218
f 156//156 805//805 1441//1441
f 156//156 1443//1443 805//805
f 158//158 1359//1359 1360//1360
f 1359//1359 935//935 1360//1360
f 162//162 2021//2021 1739//1739
f 162//162 480//480 2021//2021
f 480//480 1355//1355 2021//2021
f 1355//1355 2021//2021 478//478
f 2021//2021 1739//1739 478//478
f 1739//1739 1264//1264 162//162
f 1739//1739 2025//2025 1264//1264
f 163//163 1185//1185 1999//1999
f 163//163 513//513 1185//1185
f 1999//1999 624//624 163//163
f 624//624 1453//1453 163//163
f 1999//1999 1262//1262 624//624
f 1999//1999 1385//1385 1262//1262
f 1385//1385 650//650 1262//1262
f 650//650 1453//1453 1262//1262
f 650//650 213//213 1453//1453
f 213//213 1259//1259 1453//1453
f 1999//1999 1385//1385 985//985
f 168//168 1972//1972 695//695
f 695//695 1343//1343 168//168
f 168//168 1383//1383 1972//1972
f 1383//1383 1490//1490 1972//1972
f 1383//1383 2099//2099 1490//1490
f 171//171 1269//1269 1468//1468
f 1269//1269 1468//1468 1809//1809
f 176//176 1954//1954 201//201
f 176//176 2170//2170 1954//1954
f 180//180 722//722 206//206
f 185//185 593//593 763//763
f 593//593 2107//2107 763//763
f 2107//2107 1853//1853 763//763
f 1853//1853 1104//1104 763//763
f 1104//1104 1859//1859 763//763
f 187//187 214//214 364//364
f 187//187 1325//1325 214//214
f 1325//1325 740//740 214//214
f 188//188 1481//1481 265//265
f 188//188 1196//1196 1481//1481
f 189//189 467//467 1833//1833
f 1833//1833 1006//1006 189//189
f 190//190 1003//1003 1122//1122
f 191//191 1742//1742 1964//1964
f 191//191 1013//1013 1742//1742
f 1013//1013 874//874 1742//1742
f 874//874 1475//1475 1742//1742
f 193//193 1172//1172 1068//1068
f 1068//1068 193//193 682//682
f 682//682 1068//1068 1172//1172
f 1172//1172 884//884 682//682
f 884//884 1981//1981 682//682
f 195//195 1128//1128 477//477
f 477//477 195//195 953//953
f 195//195 933//933 1128//1128
f 197//197 1339//1339 1270//1270
f 198//198 1871//1871 1407//1407
f 198//198 1410//1410 1871//1871
f 1871//1871 1407//1407 7//7
f 1407//1407 1405//1405 7//7
f 1407//1407 1405//1405 930//930
f 205//205 1497//1497 2026//2026
f 1497//1497 2026//2026 1021//1021
f 209//209 2073//2073 1189//1189
f 211//211 1328//1328 654//654
f 654//654 439//439 211//211
f 654//654 439//439 1272//1272
f 1272//1272 1893//1893 654//654
f 1893//1893 2011//2011 654//654
f 1893//1893 1531//1531 2011//2011
f 212//212 1161//1161 524//524
f 524//524 1558//1558 212//212
f 1558//1558 1362//1362 212//212
f 1362//1362 682//682 212//212
f 222//222 1469//1469 340//340
f 1469//1469 1471//1471 340//340
f 1471//1471 864//864 340//340
f 1471//1471 1053//1053 864//864
f 1053//1053 1711//1711 864//864
f 1053//1053 778//778 1711//1711
f 1053//1053 1471//1471 778//778
f 223//223 1091//1091 733//733
f 223//223 1091//1091 455//455
f 1091//1091 700//700 455//455
f 700//700 933//933 455//455
f 933//933 1418//1418 455//455
f 1091//1091 700//700 733//733
f 226//226 683//683 708//708
f 238//238 388//388 2103//2103
f 238//238 388//388 454//454
f 242//242 2166//2166 331//331
f 331//331 336//336 242//242
f 331//331 507//507 336//336
f 507//507 2101//2101 336//336
f 2101//2101 2165//2165 336//336
f 2165//2165 336//336 280//280
f 331//331 295//295 507//507
f 295//295 1165//1165 507//507
f 1165//1165 307//307 507//507
f 1165//1165 759//759 307//307
f 759//759 403//403 307//307
f 759//759 403//403 342//342
f 403//403 401//401 342//342
f 1165//1165 2100//2100 759//759
f 2100//2100 834//834 759//759
f 2100//2100 2200//2200 834//834
f 1165//1165 1247//1247 2100//2100
f 1165//1165 1156//1156 1247//1247
f 1156//1156 1247//1247 2059//2059
f 331//331 2166//2166 295//295
f 2166//2166 2102//2102 295//295
f 2166//2166 932//932 2102//2102
f 932//932 586//586 2102//2102
f 586//586 2102//2102 761//761
f 244//244 2202//2202 2203//2203
f 244//244 2032//2032 2202//2202
f 2032//2032 740//740 2202//2202
f 2032//2032 243//243 740//740
f 2032//2032 934//934 243//243
f 245//245 702//702 570//570
f 702//702 570//570 1100//1100
f 570//570 943//943 245//245
f 943//943 1883//1883 245//245
f 943//943 712//712 1883//1883
f 943//943 966//966 712//712
f 966//966 978//978 712//712
f 978//978 2137//2137 712//712
f 2137//2137 1726//1726 712//712
f 2137//2137 1649//1649 1726//1726
f 1649//1649 1667//1667 1726//1726
f 2137//2137 868//868 1649//1649
f 978//978 516//516 2137//2137
f 943//943 806//806 966//966
f 246//246 2108//2108 2047//2047
f 2047//2047 594//594 246//246
f 594//594 791//791 246//246
f 791//791 2108//2108 246//246
f 594//594 934//934 791//791
f 252//252 2016//2016 1370//1370
f 252//252 219//219 2016//2016
f 253//253 1747//1747 2197//2197
f 1747//1747 2197//2197 1992//1992
f 255//255 921//921 1277//1277
f 1277//1277 2064//2064 255//255
f 921//921 2060//2060 1277//1277
f 921//921 394//394 2060//2060
f 921//921 1301//1301 394//394
f 1301//1301 1080//1080 394//394
f 1080//1080 395//395 394//394
f 395//395 1935//1935 394//394
f 1301//1301 1970//1970 1080//1080
f 1970//1970 1336//1336 1080//1080
f 1970//1970 1230//1230 1336//1336
f 1230//1230 1351//1351 1336//1336
f 1351//1351 815//815 1336//1336
f 815//815 1249//1249 1336//1336
f 1230//1230 1095//1095 1351//1351
f 1095//1095 628//628 1351//1351
f 1230//1230 332//332 1095//1095
f 1230//1230 1970//1970 332//332
f 1301//1301 921//921 1970//1970
f 255//255 559//559 921//921
f 559//559 1148//1148 921//921
f 559//559 332//332 1148//1148
f 257//257 2028//2028 435//435
f 257//257 468//468 2028//2028
f 468//468 435//435 2028//2028
f 468//468 1063//1063 435//435
f 1063//1063 434//434 435//435
f 1063//1063 589//589 434//434
f 260//260 1783//1783 1775//1775
f 1775//1775 1800//1800 260//260
f 1775//1775 649//649 1800//1800
f 649//649 1876//1876 1800//1800
f 1775//1775 1036//1036 649//649
f 1775//1775 1217//1217 1036//1036
f 261//261 1616//1616 965//965
f 1616//1616 965//965 1622//1622
f 965//965 798//798 1622//1622
f 965//965 1614//1614 798//798
f 1614//1614 1705//1705 798//798
f 1705//1705 1483//1483 798//798
f 1614//1614 1705//1705 2039//2039
f 2039//2039 1614//1614 965//965
f 965//965 1832//1832 2039//2039
f 1832//1832 772//772 2039//2039
f 263//263 1179//1179 1901//1901
f 263//263 2182//2182 1179//1179
f 1901//1901 2145//2145 263//263
f 1901//1901 1366//1366 2145//2145
f 1366//1366 370//370 2145//2145
f 370//370 2135//2135 2145//2145
f 2135//2135 1354//1354 2145//2145
f 370//370 1623//1623 2135//2135
f 370//370 1714//1714 1623//1623
f 1714//1714 1202//1202 1623//1623
f 1714//1714 1530//1530 1202//1202
f 1530//1530 1265//1265 1202//1202
f 1530//1530 1366//1366 1265//1265
f 1530//1530 370//370 1366//1366
f 1530//1530 1714//1714 370//370
f 1901//1901 408//408 1366//1366
f 1901//1901 1447//1447 408//408
f 266//266 2183//2183 311//311
f 2183//2183 2136//2136 311//311
f 2183//2183 2179//2179 2136//2136
f 2183//2183 268//268 2179//2179
f 268//268 538//538 2179//2179
f 538//538 269//269 2179//2179
f 538//538 270//270 269//269
f 538//538 1855//1855 270//270
f 538//538 268//268 1855//1855
f 2183//2183 266//266 268//268
f 266//266 312//312 268//268
f 274//274 1745//1745 488//488
f 274//274 2175//2175 1745//1745
f 1745//1745 2106//2106 488//488
f 2106//2106 2094//2094 488//488
f 279//279 575//575 2167//2167
f 281//281 1590//1590 1882//1882
f 1882//1882 281//281 1086//1086
f 284//284 1741//1741 2071//2071
f 1741//1741 900//900 2071//2071
f 1741//1741 267//267 900//900
f 2071//2071 1477//1477 284//284
f 2071//2071 1767//1767 1477//1477
f 2071//2071 1767//1767 2044//2044
f 285//285 618//618 1979//1979
f 288//288 1045//1045 509//509
f 290//290 1364//1364 1326//1326
f 290//290 1364//1364 494//494
f 1364//1364 494//494 1326//1326
f 1326//1326 1991//1991 290//290
f 1326//1326 240//240 1991//1991
f 240//240 2151//2151 1991//1991
f 2151//2151 1078//1078 1991//1991
f 1078//1078 1895//1895 1991//1991
f 1078//1078 2096//2096 1895//1895
f 2096//2096 1927//1927 1895//1895
f 1078//1078 2164//2164 2096//2096
f 1078//1078 492//492 2164//2164
f 291//291 1252//1252 446//446
f 446//446 443//443 291//291
f 291//291 442//442 1252//1252
f 442//442 490//490 1252//1252
f 442//442 490//490 773//773
f 490//490 977//977 773//773
f 490//490 2074//2074 977//977
f 292//292 1048//1048 617//617
f 617//617 1492//1492 292//292
f 1492//1492 1265//1265 292//292
f 1048//1048 1171//1171 617//617
f 1171//1171 598//598 617//617
f 1048//1048 301//301 1171//1171
f 292//292 1048//1048 853//853
f 294//294 831//831 1058//1058
f 1058//1058 1664//1664 294//294
f 1664//1664 1581//1581 294//294
f 1058//1058 925//925 1664//1664
f 925//925 1216//1216 1664//1664
f 1058//1058 1495//1495 925//925
f 1495//1495 971//971 925//925
f 831//831 1054//1054 1058//1058
f 302//302 546//546 2154//2154
f 2154//2154 2141//2141 302//302
f 2154//2154 2141//2141 2069//2069
f 2141//2141 1638//1638 2069//2069
f 2141//2141 1638//1638 522//522
f 306//306 1706//1706 1046//1046
f 313//313 1910//1910 1707//1707
f 1910//1910 2178//2178 1707//1707
f 313//313 808//808 1910//1910
f 808//808 810//810 1910//1910
f 808//808 1107//1107 810//810
f 1107//1107 1115//1115 810//810
f 313//313 1733//1733 808//808
f 314//314 1639//1639 553//553
f 314//314 1639//1639 1451//1451
f 1639//1639 1451//1451 1450//1450
f 1451//1451 1914//1914 1450//1450
f 1450//1450 1743//1743 1639//1639
f 315//315 1917//1917 1719//1719
f 1917//1917 1719//1719 495//495
f 495//495 1052//1052 1917//1917
f 316//316 456//456 1902//1902
f 456//456 1477//1477 1902//1902
f 1477//1477 2130//2130 1902//1902
f 1477//1477 2130//2130 1439//1439
f 2130//2130 1767//1767 1439//1439
f 456//456 1434//1434 1477//1477
f 1902//1902 1081//1081 316//316
f 318//318 491//491 1748//1748
f 1748//1748 756//756 318//318
f 1748//1748 324//324 756//756
f 324//324 2116//2116 756//756
f 2116//2116 756//756 2013//2013
f 324//324 586//586 2116//2116
f 324//324 2110//2110 586//586
f 324//324 579//579 2110//2110
f 579//579 1156//1156 2110//2110
f 324//324 1748//1748 579//579
f 491//491 1748//1748 2067//2067
f 318//318 1634//1634 491//491
f 1634//1634 1002//1002 491//491
f 1634//1634 1604//1604 1002//1002
f 1634//1634 1105//1105 1604//1604
f 1105//1105 1604//1604 1830//1830
f 1604//1604 2115//2115 1830//1830
f 1634//1634 2042//2042 1105//1105
f 2042//2042 1125//1125 1105//1105
f 1125//1125 2035//2035 1105//1105
f 2042//2042 974//974 1125//1125
f 2042//2042 1346//1346 974//974
f 1346//1346 1081//1081 974//974
f 2042//2042 1634//1634 1346//1346
f 320//320 1879//1879 1388//1388
f 1388//1388 320//320 471//471
f 321//321 1268//1268 2020//2020
f 1268//1268 1273//1273 2020//2020
f 1273//1273 2125//2125 2020//2020
f 1273//1273 666//666 2125//2125
f 322//322 2007//2007 792//792
f 792//792 320//320 322//322
f 323//323 2113//2113 326//326
f 323//323 1933//1933 2113//2113
f 323//323 1139//1139 1933//1933
f 1139//1139 473//473 1933//1933
f 326//326 387//387 323//323
f 326//326 1143//1143 387//387
f 1143//1143 1320//1320 387//387
f 326//326 2104//2104 1143//1143
f 2104//2104 1194//1194 1143//1143
f 2104//2104 1580//1580 1194//1194
f 1580//1580 534//534 1194//1194
f 327//327 1129//1129 519//519
f 519//519 1570//1570 327//327
f 329//329 576//576 1149//1149
f 330//330 1601//1601 744//744
f 330//330 2170//2170 1601//1601
f 2170//2170 432//432 1601//1601
f 2170//2170 432//432 2171//2171
f 744//744 330//330 2111//2111
f 2111//2111 1738//1738 744//744
f 2111//2111 1738//1738 547//547
f 547//547 2172//2172 2111//2111
f 2172//2172 1215//1215 2111//2111
f 1215//1215 404//404 2111//2111
f 404//404 348//348 2111//2111
f 404//404 383//383 348//348
f 383//383 348//348 1811//1811
f 1811//1811 1765//1765 383//383
f 1811//1811 1099//1099 1765//1765
f 2172//2172 1864//1864 1215//1215
f 1864//1864 1215//1215 800//800
f 1215//1215 800//800 2068//2068
f 2068//2068 2121//2121 1215//1215
f 2121//2121 2119//2119 1215//1215
f 2119//2119 739//739 1215//1215
f 2172//2172 2173//2173 1864//1864
f 333//333 1948//1948 2058//2058
f 335//335 951//951 1889//1889
f 335//335 1358//1358 951//951
f 1358//1358 1967//1967 951//951
f 337//337 542//542 1913//1913
f 337//337 1308//1308 542//542
f 337//337 1308//1308 1913//1913
f 338//338 1815//1815 852//852
f 1815//1815 1499//1499 852//852
f 1499//1499 460//460 852//852
f 1499//1499 1823//1823 460//460
f 338//338 976//976 1815//1815
f 976//976 629//629 1815//1815
f 339//339 430//430 573//573
f 339//339 563//563 430//430
f 573//573 1896//1896 339//339
f 1896//1896 341//341 339//339
f 341//341 1715//1715 339//339
f 344//344 1679//1679 448//448
f 344//344 1332//1332 1679//1679
f 1332//1332 1842//1842 1679//1679
f 1332//1332 1674//1674 1842//1842
f 1332//1332 1680//1680 1674//1674
f 448//448 623//623 344//344
f 623//623 1808//1808 344//344
f 623//623 501//501 1808//1808
f 501//501 1332//1332 1808//1808
f 1332//1332 706//706 1808//1808
f 1332//1332 1390//1390 706//706
f 448//448 1858//1858 623//623
f 346//346 1861//1861 1167//1167
f 1861//1861 1224//1224 1167//1167
f 1224//1224 1645//1645 1167//1167
f 1224//1224 1645//1645 979//979
f 979//979 987//987 1224//1224
f 987//987 1142//1142 1224//1224
f 1142//1142 366//366 1224//1224
f 366//366 1647//1647 1224//1224
f 366//366 1483//1483 1647//1647
f 366//366 1142//1142 1483//1483
f 987//987 857//857 1142//1142
f 346//346 1008//1008 1861//1861
f 1008//1008 583//583 1861//1861
f 1008//1008 1869//1869 583//583
f 1869//1869 676//676 583//583
f 676//676 583//583 1432//1432
f 1869//1869 1039//1039 676//676
f 1039//1039 1646//1646 676//676
f 1646//1646 1862//1862 676//676
f 1646//1646 1863//1863 1862//1862
f 1039//1039 1333//1333 1646//1646
f 1039//1039 1390//1390 1333//1333
f 1390//1390 885//885 1333//1333
f 1390//1390 1674//1674 885//885
f 1039//1039 1943//1943 1390//1390
f 1039//1039 1869//1869 1943//1943
f 349//349 1891//1891 1174//1174
f 1891//1891 1174//1174 1968//1968
f 1174//1174 1884//1884 349//349
f 1884//1884 1040//1040 349//349
f 1040//1040 607//607 349//349
f 350//350 1740//1740 705//705
f 350//350 1297//1297 1740//1740
f 351//351 1116//1116 1947//1947
f 1116//1116 1947//1947 1120//1120
f 1120//1120 1242//1242 1116//1116
f 352//352 2086//2086 1005//1005
f 352//352 514//514 2086//2086
f 2086//2086 1319//1319 1005//1005
f 1319//1319 2162//2162 1005//1005
f 2162//2162 1356//1356 1005//1005
f 1005//1005 2085//2085 352//352
f 2085//2085 1357//1357 352//352
f 353//353 1168//1168 736//736
f 355//355 1229//1229 362//362
f 355//355 1069//1069 1229//1229
f 357//357 444//444 1986//1986
f 357//357 2009//2009 444//444
f 357//357 1697//1697 2009//2009
f 357//357 466//466 1697//1697
f 357//357 502//502 466//466
f 502//502 708//708 466//466
f 708//708 1961//1961 466//466
f 708//708 1192//1192 1961//1961
f 708//708 502//502 1192//1192
f 502//502 513//513 1192//1192
f 513//513 1184//1184 1192//1192
f 513//513 1182//1182 1184//1184
f 357//357 1986//1986 502//502
f 358//358 1042//1042 1562//1562
f 361//361 363//363 1260//1260
f 361//361 463//463 363//363
f 361//361 359//359 463//463
f 363//363 1295//1295 1260//1260
f 1295//1295 1220//1220 1260//1260
f 1260//1260 1491//1491 361//361
f 367//367 1766//1766 1064//1064
f 1064//1064 1956//1956 367//367
f 1064//1064 1955//1955 1956//1956
f 1955//1955 649//649 1956//1956
f 1064//1064 651//651 1955//1955
f 368//368 2139//2139 743//743
f 743//743 677//677 368//368
f 368//368 267//267 2139//2139
f 267//267 1123//1123 2139//2139
f 371//371 715//715 1831//1831
f 1831//1831 632//632 371//371
f 632//632 715//715 371//371
f 1831//1831 1817//1817 632//632
f 1817//1817 632//632 1818//1818
f 632//632 1818//1818 1573//1573
f 1573//1573 1611//1611 632//632
f 715//715 1831//1831 1587//1587
f 1831//1831 1587//1587 1589//1589
f 1589//1589 1825//1825 1831//1831
f 1825//1825 622//622 1831//1831
f 1825//1825 1043//1043 622//622
f 1825//1825 1589//1589 1043//1043
f 1589//1589 548//548 1043//1043
f 548//548 1591//1591 1043//1043
f 548//548 1082//1082 1591//1591
f 1587//1587 1824//1824 715//715
f 1824//1824 741//741 715//715
f 372//372 1764//1764 1134//1134
f 1764//1764 1618//1618 1134//1134
f 376//376 2120//2120 445//445
f 376//376 1638//1638 2120//2120
f 1638//1638 1960//1960 2120//2120
f 1960//1960 1226//1226 2120//2120
f 1638//1638 1341//1341 1960//1960
f 380//380 421//421 1375//1375
f 421//421 663//663 1375//1375
f 392//392 1258//1258 1556//1556
f 1556//1556 723//723 392//392
f 1556//1556 484//484 723//723
f 1556//1556 1258//1258 484//484
f 1258//1258 779//779 484//484
f 779//779 509//509 484//484
f 396//396 2033//2033 2029//2029
f 397//397 1090//1090 724//724
f 397//397 1090//1090 1988//1988
f 1090//1090 1210//1210 1988//1988
f 1090//1090 1709//1709 1210//1210
f 1709//1709 1989//1989 1210//1210
f 1989//1989 1210//1210 482//482
f 1210//1210 576//576 482//482
f 576//576 550//550 482//482
f 550//550 1004//1004 482//482
f 576//576 1709//1709 550//550
f 1709//1709 720//720 550//550
f 1709//1709 1676//1676 720//720
f 1676//1676 1840//1840 720//720
f 1676//1676 1930//1930 1840//1840
f 1930//1930 760//760 1840//1840
f 1090//1090 1087//1087 1709//1709
f 1090//1090 1962//1962 1087//1087
f 398//398 2056//2056 2057//2057
f 2057//2057 388//388 398//398
f 388//388 1041//1041 398//398
f 1041//1041 307//307 398//398
f 2056//2056 563//563 2057//2057
f 563//563 396//396 2057//2057
f 2056//2056 400//400 563//563
f 2056//2056 257//257 400//400
f 402//402 596//596 635//635
f 596//596 1621//1621 635//635
f 596//596 994//994 1621//1621
f 994//994 1510//1510 1621//1621
f 1510//1510 692//692 1621//1621
f 1510//1510 669//669 692//692
f 1510//1510 1503//1503 669//669
f 1503//1503 1323//1323 669//669
f 596//596 1519//1519 994//994
f 405//405 595//595 1261//1261
f 1261//1261 2204//2204 405//405
f 405//405 783//783 595//595
f 406//406 2005//2005 1812//1812
f 407//407 897//897 1915//1915
f 407//407 1710//1710 897//897
f 897//897 2093//2093 1915//1915
f 2093//2093 793//793 1915//1915
f 793//793 1717//1717 1915//1915
f 793//793 2031//2031 1717//1717
f 793//793 1486//1486 2031//2031
f 793//793 1066//1066 1486//1486
f 793//793 2093//2093 1066//1066
f 410//410 440//440 1012//1012
f 440//440 520//520 1012//1012
f 520//520 2010//2010 1012//1012
f 520//520 486//486 2010//2010
f 419//419 929//929 959//959
f 422//422 2043//2043 424//424
f 424//424 2044//2044 422//422
f 2044//2044 2046//2046 422//422
f 424//424 1439//1439 2044//2044
f 2043//2043 2041//2041 424//424
f 425//425 667//667 1777//1777
f 667//667 1514//1514 1777//1777
f 667//667 674//674 1514//1514
f 674//674 1938//1938 1514//1514
f 1938//1938 1652//1652 1514//1514
f 1938//1938 1504//1504 1652//1652
f 1504//1504 1419//1419 1652//1652
f 1419//1419 1652//1652 1781//1781
f 1781//1781 1512//1512 1419//1419
f 1781//1781 1512//1512 1780//1780
f 1938//1938 574//574 1504//1504
f 574//574 1056//1056 1504//1504
f 574//574 675//675 1056//1056
f 574//574 1938//1938 675//675
f 1938//1938 674//674 675//675
f 674//674 762//762 675//675
f 762//762 1538//1538 675//675
f 426//426 643//643 1838//1838
f 1838//1838 471//471 426//426
f 1838//1838 666//666 471//471
f 427//427 950//950 1537//1537
f 950//950 1537//1537 1536//1536
f 1536//1536 982//982 950//950
f 982//982 1549//1549 950//950
f 1549//1549 1071//1071 950//950
f 1549//1549 2112//2112 1071//1071
f 2112//2112 1135//1135 1071//1071
f 1135//1135 1856//1856 1071//1071
f 1135//1135 1753//1753 1856//1856
f 1753//1753 1856//1856 652//652
f 1536//1536 841//841 982//982
f 841//841 982//982 1753//1753
f 1536//1536 748//748 841//841
f 1536//1536 1523//1523 748//748
f 1523//1523 1294//1294 748//748
f 1523//1523 1524//1524 1294//1294
f 1524//1524 1792//1792 1294//1294
f 1523//1523 1536//1536 1524//1524
f 431//431 2062//2062 2034//2034
f 2034//2034 1774//1774 431//431
f 464//464 802//802 1109//1109
f 1109//1109 464//464 1352//1352
f 464//464 589//589 1352//1352
f 589//589 2134//2134 1352//1352
f 2134//2134 1063//1063 1352//1352
f 464//464 589//589 802//802
f 802//802 1140//1140 1109//1109
f 802//802 1353//1353 1140//1140
f 802//802 1306//1306 1353//1353
f 1306//1306 1567//1567 1353//1353
f 1306//1306 1567//1567 774//774
f 1567//1567 1037//1037 774//774
f 1037//1037 1844//1844 774//774
f 1037//1037 1903//1903 1844//1844
f 1903//1903 2030//2030 1844//1844
f 1903//1903 2030//2030 1213//1213
f 1037//1037 1671//1671 1903//1903
f 1671//1671 973//973 1903//1903
f 1037//1037 1567//1567 1671//1671
f 774//774 1140//1140 1306//1306
f 469//469 688//688 558//558
f 558//558 469//469 859//859
f 688//688 1699//1699 558//558
f 688//688 1347//1347 1699//1699
f 470//470 1615//1615 850//850
f 474//474 1061//1061 1205//1205
f 1205//1205 486//486 474//474
f 483//483 2055//2055 1209//1209
f 483//483 2055//2055 1819//1819
f 2055//2055 1813//1813 1819//1819
f 2055//2055 1813//1813 1181//1181
f 1819//1819 1575//1575 483//483
f 1819//1819 1545//1545 1575//1575
f 2055//2055 1548//1548 1209//1209
f 1548//1548 1181//1181 1209//1209
f 1548//1548 1876//1876 1181//1181
f 1876//1876 1796//1796 1181//1181
f 1209//1209 1282//1282 483//483
f 1209//1209 1561//1561 1282//1282
f 1561//1561 1282//1282 489//489
f 489//489 1444//1444 1561//1561
f 500//500 899//899 633//633
f 633//633 75//75 500//500
f 75//75 229//229 500//500
f 75//75 229//229 633//633
f 899//899 1875//1875 633//633
f 899//899 1875//1875 917//917
f 917//917 714//714 899//899
f 508//508 799//799 1014//1014
f 1014//1014 1594//1594 508//508
f 1014//1014 1594//1594 1079//1079
f 799//799 1704//1704 1014//1014
f 799//799 1473//1473 1704//1704
f 799//799 508//508 1473//1473
f 508//508 1079//1079 1473//1473
f 1079//1079 1888//1888 1473//1473
f 1079//1079 1889//1889 1888//1888
f 510//510 1494//1494 1779//1779
f 1779//1779 617//617 510//510
f 510//510 1494//1494 2149//2149
f 1494//1494 767//767 2149//2149
f 511//511 949//949 795//795
f 511//511 1971//1971 949//949
f 511//511 726//726 1971//1971
f 726//726 1973//1973 1971//1971
f 1973//1973 804//804 1971//1971
f 795//795 746//746 511//511
f 526//526 1791//1791 1521//1521
f 1521//1521 1518//1518 526//526
f 1521//1521 1783//1783 1518//1518
f 1783//1783 1785//1785 1518//1518
f 1785//1785 527//527 1518//1518
f 527//527 1309//1309 1518//1518
f 1785//1785 955//955 527//527
f 1521//1521 1217//1217 1783//1783
f 1521//1521 1791//1791 1217//1217
f 526//526 1251//1251 1791//1791
f 1251//1251 956//956 1791//1791
f 956//956 1534//1534 1791//1791
f 1534//1534 909//909 1791//1791
f 1534//1534 820//820 909//909
f 820//820 1315//1315 909//909
f 1315//1315 1397//1397 909//909
f 1315//1315 1446//1446 1397//1397
f 1446//1446 1505//1505 1397//1397
f 1446//1446 1209//1209 1505//1505
f 1251//1251 1555//1555 956//956
f 1251//1251 1560//1560 1555//1555
f 1560//1560 1953//1953 1555//1555
f 1560//1560 721//721 1953//1953
f 1560//1560 578//578 721//721
f 1560//1560 1257//1257 578//578
f 1560//1560 1251//1251 1257//1257
f 1251//1251 742//742 1257//1257
f 1251//1251 526//526 742//742
f 529//529 1980//1980 1984//1984
f 1984//1984 1204//1204 529//529
f 1984//1984 1278//1278 1204//1204
f 530//530 907//907 837//837
f 907//907 1907//1907 837//837
f 1907//1907 1166//1166 837//837
f 837//837 1683//1683 530//530
f 537//537 1929//1929 585//585
f 537//537 1728//1728 1929//1929
f 1728//1728 936//936 1929//1929
f 936//936 1928//1928 1929//1929
f 1728//1728 1729//1729 936//936
f 540//540 1055//1055 1829//1829
f 543//543 1843//1843 962//962
f 1843//1843 1837//1837 962//962
f 962//962 1617//1617 543//543
f 962//962 1617//1617 805//805
f 805//805 1627//1627 962//962
f 545//545 2114//2114 1051//1051
f 2114//2114 1051//1051 803//803
f 803//803 2114//2114 1770//1770
f 1770//1770 1866//1866 803//803
f 551//551 1098//1098 1814//1814
f 1814//1814 551//551 1810//1810
f 1810//1810 1814//1814 747//747
f 1814//1814 629//629 747//747
f 629//629 1959//1959 747//747
f 629//629 1822//1822 1959//1959
f 747//747 2159//2159 1810//1810
f 1098//1098 1579//1579 1814//1814
f 1579//1579 1822//1822 1814//1814
f 1098//1098 735//735 1579//1579
f 735//735 1957//1957 1579//1579
f 1957//1957 605//605 1579//1579
f 1957//1957 772//772 605//605
f 772//772 605//605 1692//1692
f 1957//1957 1600//1600 772//772
f 1098//1098 1169//1169 735//735
f 1098//1098 963//963 1169//1169
f 1098//1098 880//880 963//963
f 1098//1098 551//551 880//880
f 562//562 1318//1318 1598//1598
f 1318//1318 1597//1597 1598//1598
f 1597//1597 590//590 1598//1598
f 590//590 1571//1571 1598//1598
f 590//590 639//639 1571//1571
f 639//639 816//816 1571//1571
f 816//816 1801//1801 1571//1571
f 816//816 910//910 1801//1801
f 816//816 639//639 910//910
f 639//639 1696//1696 910//910
f 1696//1696 580//580 910//910
f 590//590 1828//1828 639//639
f 1828//1828 1406//1406 639//639
f 1598//1598 562//562 713//713
f 566//566 1797//1797 1788//1788
f 566//566 1797//1797 2117//2117
f 1797//1797 1528//1528 2117//2117
f 1797//1797 1681//1681 1528//1528
f 1681//1681 1528//1528 1527//1527
f 567//567 1344//1344 1576//1576
f 1576//1576 770//770 567//567
f 770//770 1511//1511 567//567
f 571//571 870//870 751//751
f 870//870 1044//1044 751//751
f 572//572 1188//1188 1017//1017
f 1017//1017 1040//1040 572//572
f 1017//1017 545//545 1040//1040
f 545//545 1877//1877 1040//1040
f 577//577 1613//1613 1535//1535
f 1535//1535 1327//1327 577//577
f 1613//1613 113//113 1535//1535
f 1613//1613 1256//1256 113//113
f 588//588 1296//1296 1025//1025
f 592//592 1049//1049 725//725
f 725//725 1112//1112 592//592
f 597//597 716//716 1847//1847
f 716//716 1635//1635 1847//1847
f 1635//1635 497//497 1847//1847
f 716//716 1618//1618 1635//1635
f 1618//1618 730//730 1635//1635
f 1618//1618 372//372 730//730
f 372//372 1384//1384 730//730
f 1384//1384 1633//1633 730//730
f 1384//1384 1632//1632 1633//1633
f 716//716 1839//1839 1618//1618
f 609//609 2076//2076 2140//2140
f 613//613 696//696 1023//1023
f 1023//1023 2189//2189 613//613
f 2189//2189 1584//1584 613//613
f 1023//1023 1476//1476 2189//2189
f 1476//1476 734//734 2189//2189
f 613//613 1568//1568 696//696
f 614//614 1163//1163 942//942
f 620//620 2017//2017 1067//1067
f 626//626 1870//1870 1010//1010
f 1870//1870 1665//1665 1010//1010
f 1665//1665 1666//1666 1010//1010
f 1666//1666 673//673 1010//1010
f 673//673 1648//1648 1010//1010
f 1648//1648 1010//1010 626//626
f 673//673 1463//1463 1648//1648
f 630//630 758//758 2105//2105
f 758//758 1849//1849 2105//2105
f 636//636 2089//2089 1737//1737
f 1737//1737 2194//2194 636//636
f 637//637 1474//1474 1018//1018
f 1474//1474 981//981 1018//1018
f 981//981 1018//1018 1661//1661
f 1661//1661 1868//1868 981//981
f 1868//1868 1878//1878 981//981
f 1878//1878 1673//1673 981//981
f 1868//1868 2051//2051 1878//1878
f 1661//1661 1660//1660 1868//1868
f 1661//1661 1479//1479 1660//1660
f 1479//1479 1645//1645 1660//1660
f 1474//1474 346//346 981//981
f 638//638 694//694 1489//1489
f 638//638 694//694 695//695
f 1489//1489 638//638 1484//1484
f 640//640 972//972 952//952
f 972//972 1721//1721 952//952
f 641//641 1851//1851 1850//1850
f 641//641 1851//1851 1501//1501
f 653//653 1035//1035 854//854
f 854//854 2062//2062 653//653
f 854//854 862//862 2062//2062
f 854//854 1035//1035 862//862
f 1035//1035 579//579 862//862
f 1035//1035 2063//2063 579//579
f 1035//1035 653//653 2063//2063
f 653//653 1976//1976 2063//2063
f 655//655 1331//1331 1731//1731
f 1331//1331 1362//1362 1731//1731
f 1331//1331 1362//1362 777//777
f 656//656 1113//1113 856//856
f 856//856 656//656 1233//1233
f 1233//1233 856//856 1987//1987
f 856//856 1113//1113 1987//1987
f 1987//1987 1233//1233 618//618
f 656//656 1978//1978 1113//1113
f 656//656 681//681 1978//1978
f 681//681 1116//1116 1978//1978
f 656//656 1408//1408 681//681
f 656//656 1162//1162 1408//1408
f 1162//1162 1160//1160 1408//1408
f 656//656 1675//1675 1162//1162
f 659//659 1007//1007 1657//1657
f 659//659 1615//1615 1007//1007
f 662//662 1372//1372 1508//1508
f 665//665 1583//1583 1540//1540
f 1540//1540 2196//2196 665//665
f 2196//2196 703//703 665//665
f 1540//1540 912//912 2196//2196
f 668//668 1072//1072 836//836
f 836//836 789//789 668//668
f 678//678 1065//1065 1544//1544
f 1065//1065 1911//1911 1544//1544
f 717//717 879//879 1958//1958
f 879//879 2049//2049 1958//1958
f 718//718 1682//1682 958//958
f 1682//1682 861//861 958//958
f 718//718 1682//1682 1827//1827
f 1827//1827 718//718 1020//1020
f 1020//1020 1758//1758 1827//1827
f 1758//1758 1827//1827 741//741
f 727//727 1455//1455 1395//1395
f 1395//1395 882//882 727//727
f 749//749 1691//1691 1975//1975
f 1691//1691 1894//1894 1975//1975
f 1894//1894 1975//1975 846//846
f 752//752 1886//1886 1807//1807
f 1807//1807 1108//1108 752//752
f 1108//1108 679//679 752//752
f 1108//1108 601//601 679//679
f 754//754 1131//1131 1144//1144
f 1131//1131 1577//1577 1144//1144
f 1577//1577 1597//1597 1144//1144
f 1597//1597 842//842 1144//1144
f 842//842 1318//1318 1144//1144
f 1318//1318 754//754 1144//1144
f 1131//1131 786//786 1577//1577
f 786//786 947//947 1577//1577
f 755//755 1867//1867 1846//1846
f 1867//1867 1316//1316 1846//1846
f 1867//1867 2005//2005 1316//1316
f 764//764 1283//1283 1461//1461
f 1461//1461 1296//1296 764//764
f 764//764 2048//2048 1283//1283
f 2048//2048 827//827 1283//1283
f 827//827 1330//1330 1283//1283
f 827//827 775//775 1330//1330
f 827//827 1466//1466 775//775
f 827//827 2048//2048 1466//1466
f 2048//2048 1427//1427 1466//1466
f 2048//2048 1426//1426 1427//1427
f 1426//1426 1022//1022 1427//1427
f 2048//2048 764//764 1426//1426
f 769//769 1392//1392 790//790
f 790//790 1330//1330 769//769
f 790//790 1330//1330 349//349
f 771//771 1130//1130 866//866
f 784//784 2001//2001 1201//1201
f 1201//1201 1262//1262 784//784
f 2001//2001 923//923 1201//1201
f 807//807 2003//2003 1637//1637
f 2003//2003 970//970 1637//1637
f 970//970 1637//1637 1340//1340
f 1340//1340 1055//1055 970//970
f 1055//1055 970//970 1771//1771
f 819//819 1011//1011 1769//1769
f 828//828 961//961 2155//2155
f 835//835 1857//1857 1663//1663
f 835//835 553//553 1857//1857
f 553//553 1651//1651 1857//1857
f 1651//1651 1442//1442 1857//1857
f 1651//1651 990//990 1442//1442
f 838//838 1686//1686 984//984
f 984//984 1889//1889 838//838
f 1686//1686 1888//1888 984//984
f 840//840 1522//1522 1222//1222
f 840//840 1191//1191 1522//1522
f 1191//1191 1924//1924 1522//1522
f 1191//1191 1276//1276 1924//1924
f 1222//1222 1100//1100 840//840
f 849//849 931//931 1982//1982
f 1982//1982 1599//1599 849//849
f 851//851 1302//1302 2000//2000
f 876//876 1394//1394 1834//1834
f 1394//1394 1011//1011 1834//1834
f 902//902 1925//1925 1154//1154
f 904//904 1313//1313 2199//2199
f 904//904 1313//1313 1628//1628
f 1628//1628 2154//2154 904//904
f 2154//2154 2081//2081 904//904
f 2081//2081 904//904 2192//2192
f 2192//2192 853//853 2081//2081
f 1628//1628 2195//2195 2154//2154
f 1628//1628 1024//1024 2195//2195
f 1628//1628 1553//1553 1024//1024
f 1628//1628 2199//2199 1553//1553
f 920//920 996//996 940//940
f 927//927 1942//1942 1944//1944
f 1944//1944 819//819 927//927
f 946//946 1966//1966 1430//1430
f 1430//1430 1187//1187 946//946
f 960//960 1689//1689 1437//1437
f 960//960 349//349 1689//1689
f 967//967 1658//1658 1919//1919
f 1658//1658 540//540 1919//1919
f 969//969 1448//1448 1440//1440
f 999//999 1244//1244 1873//1873
f 1019//1019 1211//1211 1677//1677
f 1050//1050 1361//1361 1365//1365
f 1050//1050 19//19 1361//1361
f 19//19 1290//1290 1361//1361
f 19//19 136//136 1290//1290
f 1083//1083 1940//1940 1159//1159
f 1083//1083 213//213 1940//1940
f 1083//1083 1136//1136 213//213
f 1940//1940 650//650 1159//1159
f 1088//1088 1151//1151 1735//1735
f 1151//1151 1735//1735 1732//1732
f 1110//1110 1985//1985 1996//1996
f 1110//1110 1278//1278 1985//1985
f 1110//1110 884//884 1278//1278
f 1985//1985 1997//1997 1996//1996
f 1985//1985 1182//1182 1997//1997
f 1111//1111 1821//1821 1286//1286
f 1286//1286 1111//1111 1169//1169
f 1169//1169 1286//1286 1599//1599
f 1599//1599 1821//1821 1169//1169
f 1599//1599 931//931 1821//1821
f 931//931 735//735 1821//1821
f 735//735 684//684 1821//1821
f 1119//1119 1700//1700 2201//2201
f 1119//1119 703//703 1700//1700
f 1700//1700 1245//1245 2201//2201
f 1126//1126 2015//2015 1153//1153
f 2015//2015 1478//1478 1153//1153
f 1126//1126 2018//2018 2015//2015
f 1133//1133 1482//1482 2147//2147
f 1158//1158 1787//1787 1786//1786
f 1234//1234 1852//1852 1399//1399
f 1234//1234 1852//1852 1882//1882
f 1882//1882 1234//1234 1449//1449
f 1399//1399 1974//1974 1234//1234
f 1240//1240 1949//1949 1702//1702
f 1949//1949 1766//1766 1702//1702
f 1949//1949 1170//1170 1766//1766
f 1280//1280 2036//2036 1393//1393
f 1280//1280 1276//1276 2036//2036
f 1284//1284 1845//1845 1630//1630
f 1292//1292 2092//2092 2091//2091
f 1292//1292 1413//1413 2092//2092
f 1374//1374 1640//1640 1629//1629
f 1640//1640 1630//1630 1629//1629
f 1460//1460 2184//2184 2169//2169
f 2022//2022 2176//2176 2123//2123
f 2022//2022 2176//2176 270//270
f 1371//1371 1141//1141 1285//1285
f 1141//1141 412//412 1285//1285
f 412//412 1152//1152 1285//1285
f 412//412 125//125 1152//1152
f 125//125 1582//1582 1152//1152
f 1141//1141 729//729 412//412
f 1231//1231 1379//1379 12//12
f 1379//1379 293//293 12//12
f 1231//1231 1950//1950 1379//1379
f 1950//1950 1412//1412 1379//1379
f 1950//1950 393//393 1412//1412
f 393//393 975//975 1412//1412
f 975//975 149//149 1412//1412
f 1950//1950 1231//1231 393//393
f 1231//1231 123//123 393//393
f 449//449 645//645 40//40
f 645//645 1122//1122 40//40
f 1122//1122 1223//1223 40//40
f 1223//1223 334//334 40//40
f 1223//1223 1250//1250 334//334
f 1250//1250 413//413 334//334
f 1250//1250 304//304 413//413
f 1250//1250 1223//1223 304//304
f 1223//1223 1122//1122 304//304
f 1122//1122 218//218 304//304
f 218//218 1303//1303 304//304
f 1303//1303 1418//1418 304//304
f 1418//1418 161//161 304//304
f 1303//1303 581//581 1418//1418
f 581//581 455//455 1418//1418
f 581//581 1121//1121 455//455
f 581//581 1789//1789 1121//1121
f 1789//1789 1784//1784 1121//1121
f 1784//1784 983//983 1121//1121
f 983//983 1237//1237 1121//1121
f 1789//1789 915//915 1784//1784
f 1789//1789 116//116 915//915
f 581//581 1303//1303 1789//1789
f 1303//1303 91//91 1789//1789
f 91//91 2047//2047 1789//1789
f 91//91 948//948 2047//2047
f 1303//1303 218//218 91//91
f 1122//1122 645//645 218//218
f 449//449 364//364 645//645
f 364//364 214//214 645//645
f 84//84 1931//1931 86//86
f 523//523 1227//1227 204//204
f 587//587 200//200 228//228
f 200//200 98//98 228//228
f 200//200 1380//1380 98//98
f 587//587 249//249 200//200
f 587//587 230//230 249//249
f 230//230 1200//1200 249//249
f 1200//1200 2205//2205 249//249
f 2205//2205 881//881 249//249
f 881//881 621//621 249//249
f 881//881 196//196 621//621
f 1200//1200 247//247 2205//2205
f 1200//1200 382//382 247//247
f 1200//1200 230//230 382//382
f 217//217 256//256 89//89
f 256//256 996//996 89//89
f 217//217 2201//2201 256//256
f 2201//2201 1403//1403 256//256
f 1403//1403 920//920 256//256
f 2201//2201 1245//1245 1403//1403
f 217//217 92//92 2201//2201
f 219//219 1628//1628 92//92
f 219//219 93//93 1628//1628
f 1421//1421 1024//1024 93//93
f 1421//1421 2195//2195 1024//1024
f 1421//1421 1212//1212 2195//2195
f 1421//1421 1287//1287 1212//1212
f 1912//1912 1830//1830 453//453
f 271//271 1830//1830 1175//1175
f 2037//2037 1774//1774 271//271
f 381//381 569//569 375//375
f 1087//1087 1989//1989 1312//1312
f 1989//1989 1988//1988 1312//1312
f 1988//1988 406//406 1312//1312
f 406//406 466//466 1312//1312
f 406//406 1867//1867 466//466
f 1867//1867 755//755 466//466
f 1988//1988 1989//1989 406//406
f 1989//1989 1126//1126 406//406
f 466//466 683//683 106//106
f 683//683 680//680 106//106
f 813//813 120//120 1860//1860
f 120//120 1865//1865 1860//1860
f 1865//1865 1389//1389 1860//1860
f 1865//1865 1417//1417 1389//1389
f 120//120 250//250 1865//1865
f 120//120 642//642 250//250
f 642//642 293//293 250//250
f 293//293 1377//1377 250//250
f 642//642 121//121 293//293
f 642//642 1300//1300 121//121
f 120//120 937//937 642//642
f 937//937 360//360 642//642
f 360//360 143//143 642//642
f 360//360 166//166 143//143
f 166//166 43//43 143//143
f 360//360 1096//1096 166//166
f 360//360 148//148 1096//1096
f 148//148 1127//1127 1096//1096
f 148//148 700//700 1127//1127
f 700//700 224//224 1127//1127
f 224//224 647//647 1127//1127
f 148//148 1128//1128 700//700
f 937//937 953//953 360//360
f 120//120 813//813 937//937
f 813//813 477//477 937//937
f 552//552 837//837 1197//1197
f 837//837 1704//1704 1197//1197
f 837//837 1710//1710 1704//1704
f 1059//1059 1166//1166 552//552
f 1059//1059 1906//1906 1166//1166
f 1906//1906 1150//1150 1166//1166
f 1906//1906 701//701 1150//1150
f 701//701 1905//1905 1150//1150
f 1906//1906 898//898 701//701
f 944//944 1899//1899 1905//1905
f 1248//1248 215//215 1529//1529
f 1248//1248 901//901 215//215
f 901//901 127//127 215//215
f 1248//1248 664//664 901//901
f 1248//1248 1806//1806 664//664
f 1464//1464 1305//1305 124//124
f 1305//1305 710//710 124//124
f 710//710 1253//1253 124//124
f 710//710 1060//1060 1253//1253
f 710//710 688//688 1060//1060
f 710//710 859//859 688//688
f 859//859 541//541 688//688
f 859//859 475//475 541//541
f 859//859 2186//2186 475//475
f 2186//2186 911//911 475//475
f 2186//2186 1881//1881 911//911
f 2186//2186 436//436 1881//1881
f 436//436 2124//2124 1881//1881
f 2124//2124 343//343 1881//1881
f 2186//2186 1063//1063 436//436
f 2186//2186 859//859 1063//1063
f 1305//1305 558//558 710//710
f 1305//1305 1464//1464 558//558
f 661//661 1564//1564 272//272
f 1564//1564 1508//1508 272//272
f 661//661 1946//1946 1564//1564
f 1946//1946 662//662 1564//1564
f 1946//1946 1776//1776 662//662
f 1802//1802 877//877 913//913
f 137//137 2189//2189 1802//1802
f 2189//2189 734//734 1802//1802
f 734//734 1605//1605 1802//1802
f 137//137 1607//1607 2189//2189
f 1387//1387 556//556 1596//1596
f 928//928 1577//1577 1387//1387
f 146//146 1543//1543 1542//1542
f 1543//1543 1527//1527 1542//1542
f 1527//1527 1793//1793 1542//1542
f 1793//1793 1526//1526 1542//1542
f 1526//1526 1541//1541 1542//1542
f 1793//1793 1338//1338 1526//1526
f 1338//1338 631//631 1526//1526
f 631//631 1519//1519 1526//1526
f 631//631 1512//1512 1519//1519
f 1512//1512 994//994 1519//1519
f 1338//1338 1419//1419 631//631
f 1338//1338 1514//1514 1419//1419
f 1338//1338 154//154 1514//1514
f 1338//1338 1527//1527 154//154
f 1527//1527 126//126 1793//1793
f 1543//1543 1281//1281 1527//1527
f 1543//1543 1552//1552 1281//1281
f 1543//1543 338//338 1552//1552
f 338//338 1563//1563 1552//1552
f 1563//1563 796//796 1552//1552
f 1563//1563 1255//1255 796//796
f 1255//1255 1517//1517 796//796
f 1255//1255 971//971 1517//1517
f 1255//1255 925//925 971//971
f 1255//1255 294//294 925//925
f 1563//1563 1581//1581 1255//1255
f 1563//1563 460//460 1581//1581
f 460//460 1957//1957 1581//1581
f 1543//1543 146//146 338//338
f 146//146 551//551 338//338
f 146//146 880//880 551//551
f 709//709 1275//1275 1467//1467
f 1275//1275 2051//2051 1467//1467
f 2051//2051 1703//1703 1467//1467
f 1703//1703 1678//1678 1467//1467
f 1703//1703 1557//1557 1678//1678
f 1557//1557 1437//1437 1678//1678
f 1557//1557 1672//1672 1437//1437
f 1672//1672 769//769 1437//1437
f 769//769 1461//1461 1437//1437
f 769//769 1672//1672 1461//1461
f 1672//1672 1457//1457 1461//1461
f 1457//1457 1296//1296 1461//1461
f 1672//1672 1615//1615 1457//1457
f 1615//1615 1657//1657 1457//1457
f 1657//1657 1803//1803 1457//1457
f 1657//1657 1615//1615 1803//1803
f 1615//1615 185//185 1803//1803
f 185//185 2107//2107 1803//1803
f 2107//2107 580//580 1803//1803
f 580//580 497//497 1803//1803
f 580//580 1619//1619 497//497
f 185//185 1436//1436 2107//2107
f 1436//1436 1801//1801 2107//2107
f 1801//1801 1696//1696 2107//2107
f 1615//1615 1644//1644 185//185
f 1615//1615 470//470 1644//1644
f 470//470 1659//1659 1644//1644
f 1659//1659 1645//1645 1644//1644
f 1645//1645 1636//1636 1644//1644
f 1659//1659 1660//1660 1645//1645
f 1659//1659 2051//2051 1660//1660
f 1659//1659 1557//1557 2051//2051
f 1557//1557 1703//1703 2051//2051
f 1659//1659 470//470 1557//1557
f 470//470 850//850 1557//1557
f 850//850 1615//1615 1557//1557
f 1615//1615 1672//1672 1557//1557
f 1275//1275 1673//1673 2051//2051
f 1673//1673 1661//1661 2051//2051
f 1673//1673 1842//1842 1661//1661
f 1275//1275 1679//1679 1673//1673
f 1275//1275 1691//1691 1679//1679
f 1275//1275 709//709 1691//1691
f 709//709 823//823 1691//1691
f 690//690 2168//2168 2181//2181
f 1751//1751 699//699 697//697
f 1751//1751 1487//1487 699//699
f 1936//1936 1742//1742 356//356
f 1742//1742 745//745 356//356
f 237//237 282//282 385//385
f 237//237 980//980 282//282
f 289//289 390//390 276//276
f 390//390 298//298 276//276
f 298//298 557//557 276//276
f 298//298 85//85 557//557
f 85//85 180//180 557//557
f 85//85 298//298 180//180
f 298//298 415//415 180//180
f 415//415 776//776 180//180
f 776//776 1232//1232 180//180
f 415//415 452//452 776//776
f 452//452 438//438 776//776
f 415//415 66//66 452//452
f 66//66 87//87 452//452
f 87//87 485//485 452//452
f 87//87 68//68 485//485
f 66//66 415//415 87//87
f 415//415 298//298 87//87
f 298//298 390//390 87//87
f 390//390 2204//2204 87//87
f 2012//2012 1773//1773 1670//1670
f 2012//2012 2004//2004 1773//1773
f 2004//2004 1112//1112 1773//1773
f 1343//1343 1763//1763 168//168
f 1343//1343 1500//1500 1763//1763
f 1383//1383 1763//1763 2099//2099
f 364//364 504//504 187//187
f 193//193 1075//1075 1172//1172
f 1075//1075 1110//1110 1172//1172
f 1075//1075 1184//1184 1110//1110
f 1075//1075 2017//2017 1184//1184
f 2017//2017 226//226 1184//1184
f 195//195 1418//1418 933//933
f 195//195 138//138 1418//1418
f 195//195 437//437 138//138
f 1893//1893 1206//1206 1531//1531
f 778//778 493//493 1711//1711
f 493//493 678//678 1711//1711
f 493//493 458//458 678//678
f 458//458 1694//1694 678//678
f 1694//1694 1688//1688 678//678
f 1688//1688 1890//1890 678//678
f 1694//1694 894//894 1688//1688
f 894//894 766//766 1688//1688
f 766//766 770//770 1688//1688
f 1694//1694 1321//1321 894//894
f 1321//1321 961//961 894//894
f 1321//1321 1322//1322 961//961
f 1321//1321 1695//1695 1322//1322
f 1695//1695 1465//1465 1322//1322
f 1695//1695 222//222 1465//1465
f 1695//1695 1321//1321 222//222
f 1694//1694 1469//1469 1321//1321
f 1694//1694 493//493 1469//1469
f 493//493 584//584 1469//1469
f 493//493 778//778 584//584
f 778//778 903//903 584//584
f 903//903 1712//1712 584//584
f 1712//1712 222//222 584//584
f 903//903 1816//1816 1712//1712
f 1816//1816 891//891 1712//1712
f 1816//1816 1721//1721 891//891
f 1721//1721 1606//1606 891//891
f 1606//1606 1293//1293 891//891
f 1293//1293 1085//1085 891//891
f 1721//1721 1221//1221 1606//1606
f 1721//1721 1077//1077 1221//1221
f 1077//1077 1725//1725 1221//1221
f 1077//1077 1101//1101 1725//1725
f 1101//1101 731//731 1725//1725
f 731//731 1794//1794 1725//1725
f 731//731 1754//1754 1794//1794
f 1754//1754 1730//1730 1794//1794
f 1730//1730 2024//2024 1794//1794
f 1730//1730 1732//1732 2024//2024
f 1732//1732 693//693 2024//2024
f 693//693 602//602 2024//2024
f 1732//1732 1735//1735 693//693
f 1735//1735 517//517 693//693
f 1735//1735 1795//1795 517//517
f 1101//1101 1154//1154 731//731
f 1154//1154 1723//1723 731//731
f 1154//1154 936//936 1723//1723
f 936//936 1729//1729 1723//1723
f 1154//1154 1376//1376 936//936
f 1154//1154 1486//1486 1376//1376
f 1486//1486 2093//2093 1376//1376
f 1101//1101 1668//1668 1154//1154
f 1668//1668 1719//1719 1154//1154
f 1719//1719 2031//2031 1154//1154
f 1668//1668 1101//1101 1719//1719
f 1101//1101 1720//1720 1719//1719
f 1720//1720 1052//1052 1719//1719
f 1052//1052 1717//1717 1719//1719
f 1717//1717 1486//1486 1719//1719
f 1052//1052 1350//1350 1717//1717
f 1350//1350 1066//1066 1717//1717
f 1350//1350 897//897 1066//1066
f 1052//1052 1911//1911 1350//1350
f 1101//1101 1077//1077 1720//1720
f 1816//1816 924//924 1721//1721
f 1816//1816 903//903 924//924
f 903//903 864//864 924//924
f 864//864 495//495 924//924
f 1694//1694 458//458 493//493
f 394//394 1935//1935 2060//2060
f 395//395 1249//1249 1935//1935
f 628//628 1485//1485 1351//1351
f 1485//1485 2206//2206 1351//1351
f 628//628 1095//1095 1485//1485
f 589//589 991//991 434//434
f 991//991 573//573 434//434
f 573//573 436//436 434//434
f 991//991 671//671 573//573
f 671//671 1198//1198 573//573
f 270//270 100//100 269//269
f 268//268 2182//2182 1855//1855
f 2182//2182 2177//2177 1855//1855
f 2177//2177 2022//2022 1855//1855
f 2177//2177 221//221 2022//2022
f 221//221 2122//2122 2022//2022
f 2122//2122 2174//2174 2022//2022
f 2174//2174 473//473 2022//2022
f 473//473 100//100 2022//2022
f 473//473 1485//1485 100//100
f 473//473 560//560 1485//1485
f 473//473 2174//2174 560//560
f 2174//2174 1580//1580 560//560
f 2174//2174 945//945 1580//1580
f 2122//2122 1193//1193 2174//2174
f 1193//1193 2173//2173 2174//2174
f 2173//2173 103//103 2174//2174
f 2173//2173 487//487 103//103
f 2173//2173 547//547 487//487
f 2122//2122 221//221 1193//1193
f 221//221 2128//2128 1193//1193
f 2128//2128 825//825 1193//1193
f 825//825 409//409 1193//1193
f 409//409 547//547 1193//1193
f 825//825 2118//2118 409//409
f 2118//2118 1738//1738 409//409
f 2118//2118 1099//1099 1738//1738
f 1099//1099 761//761 1738//1738
f 1099//1099 2116//2116 761//761
f 1099//1099 316//316 2116//2116
f 2118//2118 1898//1898 1099//1099
f 1898//1898 456//456 1099//1099
f 1898//1898 2072//2072 456//456
f 1898//1898 2131//2131 2072//2072
f 2131//2131 1434//1434 2072//2072
f 2131//2131 1123//1123 1434//1434
f 1123//1123 1460//1460 1434//1434
f 1460//1460 1902//1902 1434//1434
f 1123//1123 2184//2184 1460//1460
f 1123//1123 2185//2185 2184//2184
f 2185//2185 1496//1496 2184//2184
f 1496//1496 96//96 2184//2184
f 1496//1496 860//860 96//96
f 1496//1496 97//97 860//860
f 97//97 926//926 860//860
f 926//926 1287//1287 860//860
f 1287//1287 1298//1298 860//860
f 1287//1287 1992//1992 1298//1298
f 926//926 1916//1916 1287//1287
f 97//97 225//225 926//926
f 97//97 2185//2185 225//225
f 2185//2185 1123//1123 225//225
f 1123//1123 2131//2131 225//225
f 2131//2131 2132//2132 225//225
f 2132//2132 2140//2140 225//225
f 2132//2132 1435//1435 2140//2140
f 1435//1435 2142//2142 2140//2140
f 1435//1435 848//848 2142//2142
f 1435//1435 825//825 848//848
f 1435//1435 2132//2132 825//825
f 2131//2131 1898//1898 2132//2132
f 1898//1898 1146//1146 2132//2132
f 1898//1898 825//825 1146//1146
f 1898//1898 2118//2118 825//825
f 97//97 1496//1496 2185//2185
f 2128//2128 1805//1805 825//825
f 2128//2128 2133//2133 1805//1805
f 2133//2133 848//848 1805//1805
f 2133//2133 2143//2143 848//848
f 2143//2143 2191//2191 848//848
f 2191//2191 926//926 848//848
f 2143//2143 2192//2192 2191//2191
f 2192//2192 1313//1313 2191//2191
f 2192//2192 2084//2084 1313//1313
f 2084//2084 92//92 1313//1313
f 2084//2084 1119//1119 92//92
f 2084//2084 703//703 1119//1119
f 2192//2192 1583//1583 2084//2084
f 2192//2192 408//408 1583//1583
f 2192//2192 2143//2143 408//408
f 2133//2133 1901//1901 2143//2143
f 2133//2133 2177//2177 1901//1901
f 2177//2177 2182//2182 1901//1901
f 2133//2133 221//221 2177//2177
f 2133//2133 2128//2128 221//221
f 494//494 1687//1687 290//290
f 494//494 2163//2163 1687//1687
f 2163//2163 423//423 1687//1687
f 423//423 208//208 1687//1687
f 208//208 2144//2144 1687//1687
f 208//208 1498//1498 2144//2144
f 423//423 1157//1157 208//208
f 1157//1157 179//179 208//208
f 423//423 2206//2206 1157//1157
f 2163//2163 986//986 423//423
f 986//986 815//815 423//423
f 986//986 2163//2163 815//815
f 294//294 1930//1930 831//831
f 1930//1930 875//875 831//831
f 1930//1930 1841//1841 875//875
f 1841//1841 720//720 875//875
f 1841//1841 419//419 720//720
f 419//419 1310//1310 720//720
f 1841//1841 1429//1429 419//419
f 1841//1841 1930//1930 1429//1429
f 294//294 1616//1616 1930//1930
f 294//294 1957//1957 1616//1616
f 1046//1046 1701//1701 306//306
f 1701//1701 1698//1698 306//306
f 1046//1046 616//616 1701//1701
f 1046//1046 1897//1897 616//616
f 1046//1046 1706//1706 1897//1897
f 1706//1706 1329//1329 1897//1897
f 1706//1706 1308//1308 1329//1329
f 1308//1308 1716//1716 1329//1329
f 1716//1716 757//757 1329//1329
f 757//757 299//299 1329//1329
f 757//757 1920//1920 299//299
f 757//757 1716//1716 1920//1920
f 1308//1308 1706//1706 1716//1716
f 1706//1706 1516//1516 1716//1716
f 1706//1706 306//306 1516//1516
f 596//596 1525//1525 1519//1519
f 1537//1537 1524//1524 1536//1536
f 1353//1353 564//564 1140//1140
f 564//564 1136//1136 1140//1140
f 564//564 1940//1940 1136//1136
f 564//564 1844//1844 1940//1940
f 1844//1844 1314//1314 1940//1940
f 1844//1844 985//985 1314//1314
f 985//985 1997//1997 1314//1314
f 1997//1997 1999//1999 1314//1314
f 1999//1999 755//755 1314//1314
f 755//755 1846//1846 1314//1314
f 1999//1999 708//708 755//755
f 1997//1997 1184//1184 1999//1999
f 985//985 1996//1996 1997//1997
f 985//985 1844//1844 1996//1996
f 1353//1353 1671//1671 564//564
f 1353//1353 753//753 1671//1671
f 753//753 1243//1243 1671//1671
f 1518//1518 1309//1309 526//526
f 1728//1728 1969//1969 1729//1729
f 567//567 539//539 1344//1344
f 567//567 766//766 539//539
f 766//766 1114//1114 539//539
f 766//766 727//727 1114//1114
f 727//727 1424//1424 1114//1114
f 727//727 882//882 1424//1424
f 882//882 878//878 1424//1424
f 882//882 1914//1914 878//878
f 882//882 1374//1374 1914//1914
f 1374//1374 1443//1443 1914//1914
f 1374//1374 1551//1551 1443//1443
f 1374//1374 634//634 1551//1551
f 1374//1374 1629//1629 634//634
f 1629//1629 1630//1630 634//634
f 1630//1630 1854//1854 634//634
f 1854//1854 1020//1020 634//634
f 882//882 1640//1640 1374//1374
f 882//882 1395//1395 1640//1640
f 1395//1395 2146//2146 1640//1640
f 2146//2146 1641//1641 1640//1640
f 1641//1641 1630//1630 1640//1640
f 2146//2146 1653//1653 1641//1641
f 1653//1653 1386//1386 1641//1641
f 2146//2146 1456//1456 1653//1653
f 1456//1456 1195//1195 1653//1653
f 1456//1456 1655//1655 1195//1195
f 1655//1655 1195//1195 1669//1669
f 2146//2146 1669//1669 1456//1456
f 1669//1669 828//828 1456//1456
f 1669//1669 1208//1208 828//828
f 1208//1208 894//894 828//828
f 1395//1395 1455//1455 2146//2146
f 1576//1576 838//838 770//770
f 838//838 1211//1211 770//770
f 838//838 498//498 1211//1211
f 498//498 1688//1688 1211//1211
f 730//730 2054//2054 1635//1635
f 2054//2054 1001//1001 1635//1635
f 2054//2054 1656//1656 1001//1001
f 1656//1656 1457//1457 1001//1001
f 1656//1656 1241//1241 1457//1457
f 1656//1656 1433//1433 1241//1241
f 1656//1656 2054//2054 1433//1433
f 2054//2054 1655//1655 1433//1433
f 2054//2054 1633//1633 1655//1655
f 1479//1479 1432//1432 1645//1645
f 1479//1479 1661//1661 1432//1432
f 838//838 1602//1602 1686//1686
f 1602//1602 386//386 1686//1686
f 386//386 1197//1197 1686//1686
f 1197//1197 1473//1473 1686//1686
f 1602//1602 1454//1454 386//386
f 1454//1454 1945//1945 386//386
f 1945//1945 1684//1684 386//386
f 1454//1454 1799//1799 1945//1945
f 1799//1799 1665//1665 1945//1945
f 1665//1665 1718//1718 1945//1945
f 1454//1454 1586//1586 1799//1799
f 1586//1586 673//673 1799//1799
f 1586//1586 112//112 673//673
f 1586//1586 1666//1666 112//112
f 1666//1666 1667//1667 112//112
f 1667//1667 599//599 112//112
f 599//599 1743//1743 112//112
f 1743//1743 532//532 112//112
f 1743//1743 1909//1909 532//532
f 1909//1909 789//789 532//532
f 1909//1909 1155//1155 789//789
f 1909//1909 156//156 1155//1155
f 156//156 1177//1177 1155//1155
f 1177//1177 1422//1422 1155//1155
f 1177//1177 600//600 1422//1422
f 600//600 1551//1551 1422//1422
f 600//600 156//156 1551//1551
f 600//600 1177//1177 156//156
f 1909//1909 1743//1743 156//156
f 1743//1743 1914//1914 156//156
f 1666//1666 1602//1602 1667//1667
f 1666//1666 1454//1454 1602//1602
f 1666//1666 1586//1586 1454//1454
f 1522//1522 1515//1515 1222//1222
f 1873//1873 285//285 999//999
f 285//285 1995//1995 999//999
f 1995//1995 1558//1558 999//999
f 1995//1995 1979//1979 1558//1558
f 999//999 1172//1172 1244//1244
f 999//999 1161//1161 1172//1172
f 1996//1996 1244//1244 1110//1110
f 1996//1996 973//973 1244//1244
f 703//703 912//912 1700//1700
f 912//912 429//429 1700//1700
f 429//429 687//687 1700//1700
f 687//687 1245//1245 1700//1700
f 687//687 2087//2087 1245//1245
f 687//687 732//732 2087//2087
f 687//687 429//429 732//732
f 2036//2036 869//869 1393//1393
f 2036//2036 474//474 869//869
f 2036//2036 988//988 474//474
f 988//988 441//441 474//474
f 988//988 1205//1205 441//441
f 1205//1205 2010//2010 441//441
f 2010//2010 411//411 441//441
f 2010//2010 512//512 411//411
f 512//512 1762//1762 411//411
f 1762//1762 116//116 411//411
f 116//116 2006//2006 411//411
f 2006//2006 520//520 411//411
f 2006//2006 1073//1073 520//520
f 2006//2006 129//129 1073//1073
f 116//116 2052//2052 2006//2006
f 988//988 704//704 1205//1205
f 704//704 515//515 1205//1205
f 988//988 1624//1624 704//704
f 988//988 2036//2036 1624//1624
f 1393//1393 1515//1515 1280//1280
f 1515//1515 1924//1924 1280//1280
f 2184//2184 262//262 2169//2169
f 2169//2169 310//310 1460//1460
f 310//310 2130//2130 1460//1460
f 310//310 2138//2138 2130//2130
f 2138//2138 2129//2129 2130//2130
f 1417//1417 184//184 1389//1389
f 1529//1529 1281//1281 114//114
f 1529//1529 1528//1528 1281//1281
f 1529//1529 122//122 1528//1528
f 1529//1529 272//272 122//122
f 820//820 889//889 1565//1565
f 889//889 1546//1546 1565//1565
f 1546//1546 1611//1611 1565//1565
f 1611//1611 1574//1574 1565//1565
f 1574//1574 489//489 1565//1565
f 1611//1611 1551//1551 1574//1574
f 1551//1551 958//958 1574//1574
f 958//958 686//686 1574//1574
f 686//686 1282//1282 1574//1574
f 958//958 1551//1551 686//686
f 1611//1611 1572//1572 1551//1551
f 1572//1572 1802//1802 1551//1551
f 1572//1572 1129//1129 1802//1802
f 1129//1129 1546//1546 1802//1802
f 1546//1546 1559//1559 1802//1802
f 1559//1559 1568//1568 1802//1802
f 1568//1568 1476//1476 1802//1802
f 1476//1476 1045//1045 1802//1802
f 1476//1476 1568//1568 1045//1045
f 1568//1568 1559//1559 1045//1045
f 1559//1559 484//484 1045//1045
f 1546//1546 1790//1790 1559//1559
f 1546//1546 889//889 1790//1790
f 1129//1129 1572//1572 1546//1546
f 1572//1572 1611//1611 1546//1546
f 820//820 742//742 889//889
f 742//742 1309//1309 889//889
f 742//742 820//820 1309//1309
f 1387//1387 483//483 556//556
f 483//483 686//686 556//556
f 686//686 1001//1001 556//556
f 1001//1001 1406//1406 556//556
f 686//686 730//730 1001//1001
f 730//730 727//727 1001//1001
f 727//727 1433//1433 1001//1001
f 1433//1433 1296//1296 1001//1001
f 1433//1433 727//727 1296//1296
f 727//727 766//766 1296//1296
f 766//766 584//584 1296//1296
f 730//730 1443//1443 727//727
f 730//730 686//686 1443//1443
f 1387//1387 1549//1549 483//483
f 1549//1549 591//591 483//483
f 591//591 1548//1548 483//483
f 1548//1548 1315//1315 483//483
f 1548//1548 829//829 1315//1315
f 1387//1387 786//786 1549//1549
f 786//786 451//451 1549//1549
f 786//786 1578//1578 451//451
f 1578//1578 1169//1169 451//451
f 1169//1169 1539//1539 451//451
f 1539//1539 1524//1524 451//451
f 1524//1524 1537//1537 451//451
f 1539//1539 1525//1525 1524//1524
f 1525//1525 596//596 1524//1524
f 596//596 1509//1509 1524//1524
f 596//596 692//692 1509//1509
f 692//692 1503//1503 1509//1509
f 1503//1503 1021//1021 1509//1509
f 1021//1021 527//527 1509//1509
f 527//527 1158//1158 1509//1509
f 527//527 260//260 1158//1158
f 527//527 1315//1315 260//260
f 1021//1021 699//699 527//527
f 692//692 596//596 1503//1503
f 1169//1169 880//880 1539//1539
f 880//880 146//146 1539//1539
f 1578//1578 1598//1598 1169//1169
f 1578//1578 786//786 1598//1598
f 786//786 1387//1387 1598//1598
f 154//154 1965//1965 1514//1514
f 154//154 1528//1528 1965//1965
f 551//551 1957//1957 338//338
f 551//551 1169//1169 1957//1957
f 2099//2099 1768//1768 1490//1490
f 1768//1768 1937//1937 1490//1490
f 1937//1937 1484//1484 1490//1490
f 1937//1937 191//191 1484//1484
f 191//191 1736//1736 1484//1484
f 1937//1937 2109//2109 191//191
f 2109//2109 992//992 191//191
f 992//992 1475//1475 191//191
f 992//992 873//873 1475//1475
f 2109//2109 1937//1937 992//992
f 2099//2099 1564//1564 1768//1768
f 1564//1564 1776//1776 1768//1768
f 1564//1564 1643//1643 1776//1776
f 2099//2099 122//122 1564//1564
f 1794//1794 693//693 1725//1725
f 693//693 1727//1727 1725//1725
f 1727//1727 903//903 1725//1725
f 1727//1727 1293//1293 903//903
f 1727//1727 1329//1329 1293//1293
f 1727//1727 870//870 1329//1329
f 1727//1727 693//693 870//870
f 693//693 1044//1044 870//870
f 1957//1957 1445//1445 1616//1616
f 1957//1957 1599//1599 1445//1445
f 1599//1599 1598//1598 1445//1445
f 1114//1114 1424//1424 539//539
