[-1781200949160513024.000s] DEBUG:colcon:Command line arguments: ['/Users/judithrodriguez/.pyenv/versions/3.14.5/bin/colcon', 'build']
[-1781200949160513024.000s] DEBUG:colcon:Parsed command line arguments: Namespace(log_base=None, log_level=None, verb_name='build', build_base='build', install_base='install', merge_install=False, symlink_install=False, test_result_base=None, continue_on_error=False, executor='parallel', parallel_workers=10, event_handlers=None, ignore_user_meta=False, metas=['./colcon.meta'], base_paths=['.'], packages_ignore=None, packages_ignore_regex=None, paths=None, packages_up_to=None, packages_up_to_regex=None, packages_above=None, packages_above_and_dependencies=None, packages_above_depth=None, packages_select_by_dep=None, packages_skip_by_dep=None, packages_skip_up_to=None, packages_select_build_failed=False, packages_skip_build_finished=False, packages_select_test_failures=False, packages_skip_test_passed=False, packages_select=None, packages_skip=None, packages_select_regex=None, packages_skip_regex=None, packages_start=None, packages_end=None, cmake_args=None, cmake_target=None, cmake_target_skip_unavailable=False, cmake_clean_cache=False, cmake_clean_first=False, cmake_force_configure=False, ament_cmake_args=None, catkin_cmake_args=None, catkin_skip_building_tests=False, verb_parser=<colcon_defaults.argument_parser.defaults.DefaultArgumentsDecorator object at 0x108a6c2d0>, verb_extension=<colcon_core.verb.build.BuildVerb object at 0x1089fa270>, main=<bound method BuildVerb.main of <colcon_core.verb.build.BuildVerb object at 0x1089fa270>>)
[-1781200949160513024.000s] ERROR:colcon.colcon_core.extension_point:Exception loading extension 'colcon_core.package_identification.python_setup_py': No module named 'distutils'
Traceback (most recent call last):
  File "/Users/judithrodriguez/.pyenv/versions/3.14.5/lib/python3.14/site-packages/colcon_core/extension_point.py", line 168, in load_extension_points
    extension_type = load_extension_point(name, value, group)
  File "/Users/judithrodriguez/.pyenv/versions/3.14.5/lib/python3.14/site-packages/colcon_core/extension_point.py", line 208, in load_extension_point
    return EntryPoint(name, value, group).load()
           ~~~~~~~~~~~~~~~~~~~~~~~~~~~~~~~~~~~^^
  File "/Users/judithrodriguez/.pyenv/versions/3.14.5/lib/python3.14/importlib/metadata/__init__.py", line 179, in load
    module = import_module(match.group('module'))
  File "/Users/judithrodriguez/.pyenv/versions/3.14.5/lib/python3.14/importlib/__init__.py", line 88, in import_module
    return _bootstrap._gcd_import(name[level:], package, level)
           ~~~~~~~~~~~~~~~~~~~~~~^^^^^^^^^^^^^^^^^^^^^^^^^^^^^^
  File "<frozen importlib._bootstrap>", line 1406, in _gcd_import
  File "<frozen importlib._bootstrap>", line 1371, in _find_and_load
  File "<frozen importlib._bootstrap>", line 1342, in _find_and_load_unlocked
  File "<frozen importlib._bootstrap>", line 938, in _load_unlocked
  File "<frozen importlib._bootstrap_external>", line 759, in exec_module
  File "<frozen importlib._bootstrap>", line 491, in _call_with_frames_removed
  File "/Users/judithrodriguez/.pyenv/versions/3.14.5/lib/python3.14/site-packages/colcon_python_setup_py/package_identification/python_setup_py.py", line 10, in <module>
    import distutils.core
ModuleNotFoundError: No module named 'distutils'

[-1781200949160513024.000s] Level 1:colcon.colcon_core.package_discovery:discover_packages(colcon_meta) check parameters
[-1781200949160513024.000s] Level 1:colcon.colcon_core.package_discovery:discover_packages(recursive) check parameters
[-1781200949160513024.000s] Level 1:colcon.colcon_core.package_discovery:discover_packages(ignore) check parameters
[-1781200949160513024.000s] Level 1:colcon.colcon_core.package_discovery:discover_packages(path) check parameters
[-1781200949160513024.000s] Level 1:colcon.colcon_core.package_discovery:discover_packages(colcon_meta) discover
[-1781200949160513024.000s] Level 1:colcon.colcon_core.package_discovery:discover_packages(recursive) discover
[-1781200949160513024.000s] INFO:colcon.colcon_core.package_discovery:Crawling recursively for packages in '/Users/judithrodriguez/Documents/CSCI370_FieldSession/Mesh_Reconstruction'
[-1781200949160513024.000s] Level 1:colcon.colcon_core.package_identification:_identify(.) by extensions ['ignore', 'ignore_ament_install']
[-1781200949160513024.000s] Level 1:colcon.colcon_core.package_identification:_identify(.) by extension 'ignore'
[-1781200949160513024.000s] Level 1:colcon.colcon_core.package_identification:_identify(.) by extension 'ignore_ament_install'
[-1781200949160513024.000s] Level 1:colcon.colcon_core.package_identification:_identify(.) by extensions ['colcon_pkg']
[-1781200949160513024.000s] Level 1:colcon.colcon_core.package_identification:_identify(.) by extension 'colcon_pkg'
[-1781200949160513024.000s] Level 1:colcon.colcon_core.package_identification:_identify(.) by extensions ['colcon_meta']
[-1781200949160513024.000s] Level 1:colcon.colcon_core.package_identification:_identify(.) by extension 'colcon_meta'
[-1781200949160513024.000s] Level 1:colcon.colcon_core.package_identification:_identify(.) by extensions ['ros']
[-1781200949160513024.000s] Level 1:colcon.colcon_core.package_identification:_identify(.) by extension 'ros'
[-1781200949160513024.000s] Level 1:colcon.colcon_core.package_identification:_identify(.) by extensions ['cmake', 'python']
[-1781200949160513024.000s] Level 1:colcon.colcon_core.package_identification:_identify(.) by extension 'cmake'
[-1781200949160513024.000s] Level 1:colcon.colcon_core.package_identification:_identify(.) by extension 'python'
[-1781200949160513024.000s] Level 1:colcon.colcon_core.package_identification:_identify(build) by extensions ['ignore', 'ignore_ament_install']
[-1781200949160513024.000s] Level 1:colcon.colcon_core.package_identification:_identify(build) by extension 'ignore'
[-1781200949160513024.000s] Level 1:colcon.colcon_core.package_identification:_identify(build) ignored
[-1781200949160513024.000s] Level 1:colcon.colcon_core.package_identification:_identify(camera_data) by extensions ['ignore', 'ignore_ament_install']
[-1781200949160513024.000s] Level 1:colcon.colcon_core.package_identification:_identify(camera_data) by extension 'ignore'
[-1781200949160513024.000s] Level 1:colcon.colcon_core.package_identification:_identify(camera_data) by extension 'ignore_ament_install'
[-1781200949160513024.000s] Level 1:colcon.colcon_core.package_identification:_identify(camera_data) by extensions ['colcon_pkg']
[-1781200949160513024.000s] Level 1:colcon.colcon_core.package_identification:_identify(camera_data) by extension 'colcon_pkg'
[-1781200949160513024.000s] Level 1:colcon.colcon_core.package_identification:_identify(camera_data) by extensions ['colcon_meta']
[-1781200949160513024.000s] Level 1:colcon.colcon_core.package_identification:_identify(camera_data) by extension 'colcon_meta'
[-1781200949160513024.000s] Level 1:colcon.colcon_core.package_identification:_identify(camera_data) by extensions ['ros']
[-1781200949160513024.000s] Level 1:colcon.colcon_core.package_identification:_identify(camera_data) by extension 'ros'
[-1781200949160513024.000s] Level 1:colcon.colcon_core.package_identification:_identify(camera_data) by extensions ['cmake', 'python']
[-1781200949160513024.000s] Level 1:colcon.colcon_core.package_identification:_identify(camera_data) by extension 'cmake'
[-1781200949160513024.000s] Level 1:colcon.colcon_core.package_identification:_identify(camera_data) by extension 'python'
[-1781200949160513024.000s] Level 1:colcon.colcon_core.package_identification:_identify(camera_data/Set1_NoVeryUseful) by extensions ['ignore', 'ignore_ament_install']
[-1781200949160513024.000s] Level 1:colcon.colcon_core.package_identification:_identify(camera_data/Set1_NoVeryUseful) by extension 'ignore'
[-1781200949160513024.000s] Level 1:colcon.colcon_core.package_identification:_identify(camera_data/Set1_NoVeryUseful) by extension 'ignore_ament_install'
[-1781200949160513024.000s] Level 1:colcon.colcon_core.package_identification:_identify(camera_data/Set1_NoVeryUseful) by extensions ['colcon_pkg']
[-1781200949160513024.000s] Level 1:colcon.colcon_core.package_identification:_identify(camera_data/Set1_NoVeryUseful) by extension 'colcon_pkg'
[-1781200949160513024.000s] Level 1:colcon.colcon_core.package_identification:_identify(camera_data/Set1_NoVeryUseful) by extensions ['colcon_meta']
[-1781200949160513024.000s] Level 1:colcon.colcon_core.package_identification:_identify(camera_data/Set1_NoVeryUseful) by extension 'colcon_meta'
[-1781200949160513024.000s] Level 1:colcon.colcon_core.package_identification:_identify(camera_data/Set1_NoVeryUseful) by extensions ['ros']
[-1781200949160513024.000s] Level 1:colcon.colcon_core.package_identification:_identify(camera_data/Set1_NoVeryUseful) by extension 'ros'
[-1781200949160513024.000s] Level 1:colcon.colcon_core.package_identification:_identify(camera_data/Set1_NoVeryUseful) by extensions ['cmake', 'python']
[-1781200949160513024.000s] Level 1:colcon.colcon_core.package_identification:_identify(camera_data/Set1_NoVeryUseful) by extension 'cmake'
[-1781200949160513024.000s] Level 1:colcon.colcon_core.package_identification:_identify(camera_data/Set1_NoVeryUseful) by extension 'python'
[-1781200949160513024.000s] Level 1:colcon.colcon_core.package_identification:_identify(camera_data/Set2_noVeryUsefulEither) by extensions ['ignore', 'ignore_ament_install']
[-1781200949160513024.000s] Level 1:colcon.colcon_core.package_identification:_identify(camera_data/Set2_noVeryUsefulEither) by extension 'ignore'
[-1781200949160513024.000s] Level 1:colcon.colcon_core.package_identification:_identify(camera_data/Set2_noVeryUsefulEither) by extension 'ignore_ament_install'
[-1781200949160513024.000s] Level 1:colcon.colcon_core.package_identification:_identify(camera_data/Set2_noVeryUsefulEither) by extensions ['colcon_pkg']
[-1781200949160513024.000s] Level 1:colcon.colcon_core.package_identification:_identify(camera_data/Set2_noVeryUsefulEither) by extension 'colcon_pkg'
[-1781200949160513024.000s] Level 1:colcon.colcon_core.package_identification:_identify(camera_data/Set2_noVeryUsefulEither) by extensions ['colcon_meta']
[-1781200949160513024.000s] Level 1:colcon.colcon_core.package_identification:_identify(camera_data/Set2_noVeryUsefulEither) by extension 'colcon_meta'
[-1781200949160513024.000s] Level 1:colcon.colcon_core.package_identification:_identify(camera_data/Set2_noVeryUsefulEither) by extensions ['ros']
[-1781200949160513024.000s] Level 1:colcon.colcon_core.package_identification:_identify(camera_data/Set2_noVeryUsefulEither) by extension 'ros'
[-1781200949160513024.000s] Level 1:colcon.colcon_core.package_identification:_identify(camera_data/Set2_noVeryUsefulEither) by extensions ['cmake', 'python']
[-1781200949160513024.000s] Level 1:colcon.colcon_core.package_identification:_identify(camera_data/Set2_noVeryUsefulEither) by extension 'cmake'
[-1781200949160513024.000s] Level 1:colcon.colcon_core.package_identification:_identify(camera_data/Set2_noVeryUsefulEither) by extension 'python'
[-1781200949160513024.000s] Level 1:colcon.colcon_core.package_identification:_identify(depthai-python) by extensions ['ignore', 'ignore_ament_install']
[-1781200949160513024.000s] Level 1:colcon.colcon_core.package_identification:_identify(depthai-python) by extension 'ignore'
[-1781200949160513024.000s] Level 1:colcon.colcon_core.package_identification:_identify(depthai-python) by extension 'ignore_ament_install'
[-1781200949160513024.000s] Level 1:colcon.colcon_core.package_identification:_identify(depthai-python) by extensions ['colcon_pkg']
[-1781200949160513024.000s] Level 1:colcon.colcon_core.package_identification:_identify(depthai-python) by extension 'colcon_pkg'
[-1781200949160513024.000s] Level 1:colcon.colcon_core.package_identification:_identify(depthai-python) by extensions ['colcon_meta']
[-1781200949160513024.000s] Level 1:colcon.colcon_core.package_identification:_identify(depthai-python) by extension 'colcon_meta'
[-1781200949160513024.000s] Level 1:colcon.colcon_core.package_identification:_identify(depthai-python) by extensions ['ros']
[-1781200949160513024.000s] Level 1:colcon.colcon_core.package_identification:_identify(depthai-python) by extension 'ros'
[-1781200949160513024.000s] Level 1:colcon.colcon_core.package_identification:_identify(depthai-python) by extensions ['cmake', 'python']
[-1781200949160513024.000s] Level 1:colcon.colcon_core.package_identification:_identify(depthai-python) by extension 'cmake'
[-1781200949160513024.000s] Level 1:colcon.colcon_core.package_identification:_identify(depthai-python) by extension 'python'
[-1781200949160513024.000s] DEBUG:colcon.colcon_core.package_identification:Package 'depthai-python' with type 'cmake' and name 'depthai'
[-1781200949160513024.000s] Level 1:colcon.colcon_core.package_identification:_identify(depthai_env) by extensions ['ignore', 'ignore_ament_install']
[-1781200949160513024.000s] Level 1:colcon.colcon_core.package_identification:_identify(depthai_env) by extension 'ignore'
[-1781200949160513024.000s] Level 1:colcon.colcon_core.package_identification:_identify(depthai_env) by extension 'ignore_ament_install'
[-1781200949160513024.000s] Level 1:colcon.colcon_core.package_identification:_identify(depthai_env) by extensions ['colcon_pkg']
[-1781200949160513024.000s] Level 1:colcon.colcon_core.package_identification:_identify(depthai_env) by extension 'colcon_pkg'
[-1781200949160513024.000s] Level 1:colcon.colcon_core.package_identification:_identify(depthai_env) by extensions ['colcon_meta']
[-1781200949160513024.000s] Level 1:colcon.colcon_core.package_identification:_identify(depthai_env) by extension 'colcon_meta'
[-1781200949160513024.000s] Level 1:colcon.colcon_core.package_identification:_identify(depthai_env) by extensions ['ros']
[-1781200949160513024.000s] Level 1:colcon.colcon_core.package_identification:_identify(depthai_env) by extension 'ros'
[-1781200949160513024.000s] Level 1:colcon.colcon_core.package_identification:_identify(depthai_env) by extensions ['cmake', 'python']
[-1781200949160513024.000s] Level 1:colcon.colcon_core.package_identification:_identify(depthai_env) by extension 'cmake'
[-1781200949160513024.000s] Level 1:colcon.colcon_core.package_identification:_identify(depthai_env) by extension 'python'
[-1781200949160513024.000s] Level 1:colcon.colcon_core.package_identification:_identify(depthai_env/bin) by extensions ['ignore', 'ignore_ament_install']
[-1781200949160513024.000s] Level 1:colcon.colcon_core.package_identification:_identify(depthai_env/bin) by extension 'ignore'
[-1781200949160513024.000s] Level 1:colcon.colcon_core.package_identification:_identify(depthai_env/bin) by extension 'ignore_ament_install'
[-1781200949160513024.000s] Level 1:colcon.colcon_core.package_identification:_identify(depthai_env/bin) by extensions ['colcon_pkg']
[-1781200949160513024.000s] Level 1:colcon.colcon_core.package_identification:_identify(depthai_env/bin) by extension 'colcon_pkg'
[-1781200949160513024.000s] Level 1:colcon.colcon_core.package_identification:_identify(depthai_env/bin) by extensions ['colcon_meta']
[-1781200949160513024.000s] Level 1:colcon.colcon_core.package_identification:_identify(depthai_env/bin) by extension 'colcon_meta'
[-1781200949160513024.000s] Level 1:colcon.colcon_core.package_identification:_identify(depthai_env/bin) by extensions ['ros']
[-1781200949160513024.000s] Level 1:colcon.colcon_core.package_identification:_identify(depthai_env/bin) by extension 'ros'
[-1781200949160513024.000s] Level 1:colcon.colcon_core.package_identification:_identify(depthai_env/bin) by extensions ['cmake', 'python']
[-1781200949160513024.000s] Level 1:colcon.colcon_core.package_identification:_identify(depthai_env/bin) by extension 'cmake'
[-1781200949160513024.000s] Level 1:colcon.colcon_core.package_identification:_identify(depthai_env/bin) by extension 'python'
[-1781200949160513024.000s] Level 1:colcon.colcon_core.package_identification:_identify(depthai_env/include) by extensions ['ignore', 'ignore_ament_install']
[-1781200949160513024.000s] Level 1:colcon.colcon_core.package_identification:_identify(depthai_env/include) by extension 'ignore'
[-1781200949160513024.000s] Level 1:colcon.colcon_core.package_identification:_identify(depthai_env/include) by extension 'ignore_ament_install'
[-1781200949160513024.000s] Level 1:colcon.colcon_core.package_identification:_identify(depthai_env/include) by extensions ['colcon_pkg']
[-1781200949160513024.000s] Level 1:colcon.colcon_core.package_identification:_identify(depthai_env/include) by extension 'colcon_pkg'
[-1781200949160513024.000s] Level 1:colcon.colcon_core.package_identification:_identify(depthai_env/include) by extensions ['colcon_meta']
[-1781200949160513024.000s] Level 1:colcon.colcon_core.package_identification:_identify(depthai_env/include) by extension 'colcon_meta'
[-1781200949160513024.000s] Level 1:colcon.colcon_core.package_identification:_identify(depthai_env/include) by extensions ['ros']
[-1781200949160513024.000s] Level 1:colcon.colcon_core.package_identification:_identify(depthai_env/include) by extension 'ros'
[-1781200949160513024.000s] Level 1:colcon.colcon_core.package_identification:_identify(depthai_env/include) by extensions ['cmake', 'python']
[-1781200949160513024.000s] Level 1:colcon.colcon_core.package_identification:_identify(depthai_env/include) by extension 'cmake'
[-1781200949160513024.000s] Level 1:colcon.colcon_core.package_identification:_identify(depthai_env/include) by extension 'python'
[-1781200949160513024.000s] Level 1:colcon.colcon_core.package_identification:_identify(depthai_env/lib) by extensions ['ignore', 'ignore_ament_install']
[-1781200949160513024.000s] Level 1:colcon.colcon_core.package_identification:_identify(depthai_env/lib) by extension 'ignore'
[-1781200949160513024.000s] Level 1:colcon.colcon_core.package_identification:_identify(depthai_env/lib) by extension 'ignore_ament_install'
[-1781200949160513024.000s] Level 1:colcon.colcon_core.package_identification:_identify(depthai_env/lib) by extensions ['colcon_pkg']
[-1781200949160513024.000s] Level 1:colcon.colcon_core.package_identification:_identify(depthai_env/lib) by extension 'colcon_pkg'
[-1781200949160513024.000s] Level 1:colcon.colcon_core.package_identification:_identify(depthai_env/lib) by extensions ['colcon_meta']
[-1781200949160513024.000s] Level 1:colcon.colcon_core.package_identification:_identify(depthai_env/lib) by extension 'colcon_meta'
[-1781200949160513024.000s] Level 1:colcon.colcon_core.package_identification:_identify(depthai_env/lib) by extensions ['ros']
[-1781200949160513024.000s] Level 1:colcon.colcon_core.package_identification:_identify(depthai_env/lib) by extension 'ros'
[-1781200949160513024.000s] Level 1:colcon.colcon_core.package_identification:_identify(depthai_env/lib) by extensions ['cmake', 'python']
[-1781200949160513024.000s] Level 1:colcon.colcon_core.package_identification:_identify(depthai_env/lib) by extension 'cmake'
[-1781200949160513024.000s] Level 1:colcon.colcon_core.package_identification:_identify(depthai_env/lib) by extension 'python'
[-1781200949160513024.000s] Level 1:colcon.colcon_core.package_identification:_identify(depthai_env/lib/python3.14) by extensions ['ignore', 'ignore_ament_install']
[-1781200949160513024.000s] Level 1:colcon.colcon_core.package_identification:_identify(depthai_env/lib/python3.14) by extension 'ignore'
[-1781200949160513024.000s] Level 1:colcon.colcon_core.package_identification:_identify(depthai_env/lib/python3.14) by extension 'ignore_ament_install'
[-1781200949160513024.000s] Level 1:colcon.colcon_core.package_identification:_identify(depthai_env/lib/python3.14) by extensions ['colcon_pkg']
[-1781200949160513024.000s] Level 1:colcon.colcon_core.package_identification:_identify(depthai_env/lib/python3.14) by extension 'colcon_pkg'
[-1781200949160513024.000s] Level 1:colcon.colcon_core.package_identification:_identify(depthai_env/lib/python3.14) by extensions ['colcon_meta']
[-1781200949160513024.000s] Level 1:colcon.colcon_core.package_identification:_identify(depthai_env/lib/python3.14) by extension 'colcon_meta'
[-1781200949160513024.000s] Level 1:colcon.colcon_core.package_identification:_identify(depthai_env/lib/python3.14) by extensions ['ros']
[-1781200949160513024.000s] Level 1:colcon.colcon_core.package_identification:_identify(depthai_env/lib/python3.14) by extension 'ros'
[-1781200949160513024.000s] Level 1:colcon.colcon_core.package_identification:_identify(depthai_env/lib/python3.14) by extensions ['cmake', 'python']
[-1781200949160513024.000s] Level 1:colcon.colcon_core.package_identification:_identify(depthai_env/lib/python3.14) by extension 'cmake'
[-1781200949160513024.000s] Level 1:colcon.colcon_core.package_identification:_identify(depthai_env/lib/python3.14) by extension 'python'
[-1781200949160513024.000s] Level 1:colcon.colcon_core.package_identification:_identify(depthai_env/lib/python3.14/site-packages) by extensions ['ignore', 'ignore_ament_install']
[-1781200949160513024.000s] Level 1:colcon.colcon_core.package_identification:_identify(depthai_env/lib/python3.14/site-packages) by extension 'ignore'
[-1781200949160513024.000s] Level 1:colcon.colcon_core.package_identification:_identify(depthai_env/lib/python3.14/site-packages) by extension 'ignore_ament_install'
[-1781200949160513024.000s] Level 1:colcon.colcon_core.package_identification:_identify(depthai_env/lib/python3.14/site-packages) by extensions ['colcon_pkg']
[-1781200949160513024.000s] Level 1:colcon.colcon_core.package_identification:_identify(depthai_env/lib/python3.14/site-packages) by extension 'colcon_pkg'
[-1781200949160513024.000s] Level 1:colcon.colcon_core.package_identification:_identify(depthai_env/lib/python3.14/site-packages) by extensions ['colcon_meta']
[-1781200949160513024.000s] Level 1:colcon.colcon_core.package_identification:_identify(depthai_env/lib/python3.14/site-packages) by extension 'colcon_meta'
[-1781200949160513024.000s] Level 1:colcon.colcon_core.package_identification:_identify(depthai_env/lib/python3.14/site-packages) by extensions ['ros']
[-1781200949160513024.000s] Level 1:colcon.colcon_core.package_identification:_identify(depthai_env/lib/python3.14/site-packages) by extension 'ros'
[-1781200949160513024.000s] Level 1:colcon.colcon_core.package_identification:_identify(depthai_env/lib/python3.14/site-packages) by extensions ['cmake', 'python']
[-1781200949160513024.000s] Level 1:colcon.colcon_core.package_identification:_identify(depthai_env/lib/python3.14/site-packages) by extension 'cmake'
[-1781200949160513024.000s] Level 1:colcon.colcon_core.package_identification:_identify(depthai_env/lib/python3.14/site-packages) by extension 'python'
[-1781200949160513024.000s] Level 1:colcon.colcon_core.package_identification:_identify(depthai_env/lib/python3.14/site-packages/cv2) by extensions ['ignore', 'ignore_ament_install']
[-1781200949160513024.000s] Level 1:colcon.colcon_core.package_identification:_identify(depthai_env/lib/python3.14/site-packages/cv2) by extension 'ignore'
[-1781200949160513024.000s] Level 1:colcon.colcon_core.package_identification:_identify(depthai_env/lib/python3.14/site-packages/cv2) by extension 'ignore_ament_install'
[-1781200949160513024.000s] Level 1:colcon.colcon_core.package_identification:_identify(depthai_env/lib/python3.14/site-packages/cv2) by extensions ['colcon_pkg']
[-1781200949160513024.000s] Level 1:colcon.colcon_core.package_identification:_identify(depthai_env/lib/python3.14/site-packages/cv2) by extension 'colcon_pkg'
[-1781200949160513024.000s] Level 1:colcon.colcon_core.package_identification:_identify(depthai_env/lib/python3.14/site-packages/cv2) by extensions ['colcon_meta']
[-1781200949160513024.000s] Level 1:colcon.colcon_core.package_identification:_identify(depthai_env/lib/python3.14/site-packages/cv2) by extension 'colcon_meta'
[-1781200949160513024.000s] Level 1:colcon.colcon_core.package_identification:_identify(depthai_env/lib/python3.14/site-packages/cv2) by extensions ['ros']
[-1781200949160513024.000s] Level 1:colcon.colcon_core.package_identification:_identify(depthai_env/lib/python3.14/site-packages/cv2) by extension 'ros'
[-1781200949160513024.000s] Level 1:colcon.colcon_core.package_identification:_identify(depthai_env/lib/python3.14/site-packages/cv2) by extensions ['cmake', 'python']
[-1781200949160513024.000s] Level 1:colcon.colcon_core.package_identification:_identify(depthai_env/lib/python3.14/site-packages/cv2) by extension 'cmake'
[-1781200949160513024.000s] Level 1:colcon.colcon_core.package_identification:_identify(depthai_env/lib/python3.14/site-packages/cv2) by extension 'python'
[-1781200949160513024.000s] Level 1:colcon.colcon_core.package_identification:_identify(depthai_env/lib/python3.14/site-packages/cv2/Error) by extensions ['ignore', 'ignore_ament_install']
[-1781200949160513024.000s] Level 1:colcon.colcon_core.package_identification:_identify(depthai_env/lib/python3.14/site-packages/cv2/Error) by extension 'ignore'
[-1781200949160513024.000s] Level 1:colcon.colcon_core.package_identification:_identify(depthai_env/lib/python3.14/site-packages/cv2/Error) by extension 'ignore_ament_install'
[-1781200949160513024.000s] Level 1:colcon.colcon_core.package_identification:_identify(depthai_env/lib/python3.14/site-packages/cv2/Error) by extensions ['colcon_pkg']
[-1781200949160513024.000s] Level 1:colcon.colcon_core.package_identification:_identify(depthai_env/lib/python3.14/site-packages/cv2/Error) by extension 'colcon_pkg'
[-1781200949160513024.000s] Level 1:colcon.colcon_core.package_identification:_identify(depthai_env/lib/python3.14/site-packages/cv2/Error) by extensions ['colcon_meta']
[-1781200949160513024.000s] Level 1:colcon.colcon_core.package_identification:_identify(depthai_env/lib/python3.14/site-packages/cv2/Error) by extension 'colcon_meta'
[-1781200949160513024.000s] Level 1:colcon.colcon_core.package_identification:_identify(depthai_env/lib/python3.14/site-packages/cv2/Error) by extensions ['ros']
[-1781200949160513024.000s] Level 1:colcon.colcon_core.package_identification:_identify(depthai_env/lib/python3.14/site-packages/cv2/Error) by extension 'ros'
[-1781200949160513024.000s] Level 1:colcon.colcon_core.package_identification:_identify(depthai_env/lib/python3.14/site-packages/cv2/Error) by extensions ['cmake', 'python']
[-1781200949160513024.000s] Level 1:colcon.colcon_core.package_identification:_identify(depthai_env/lib/python3.14/site-packages/cv2/Error) by extension 'cmake'
[-1781200949160513024.000s] Level 1:colcon.colcon_core.package_identification:_identify(depthai_env/lib/python3.14/site-packages/cv2/Error) by extension 'python'
[-1781200949160513024.000s] Level 1:colcon.colcon_core.package_identification:_identify(depthai_env/lib/python3.14/site-packages/cv2/__pycache__) by extensions ['ignore', 'ignore_ament_install']
[-1781200949160513024.000s] Level 1:colcon.colcon_core.package_identification:_identify(depthai_env/lib/python3.14/site-packages/cv2/__pycache__) by extension 'ignore'
[-1781200949160513024.000s] Level 1:colcon.colcon_core.package_identification:_identify(depthai_env/lib/python3.14/site-packages/cv2/__pycache__) by extension 'ignore_ament_install'
[-1781200949160513024.000s] Level 1:colcon.colcon_core.package_identification:_identify(depthai_env/lib/python3.14/site-packages/cv2/__pycache__) by extensions ['colcon_pkg']
[-1781200949160513024.000s] Level 1:colcon.colcon_core.package_identification:_identify(depthai_env/lib/python3.14/site-packages/cv2/__pycache__) by extension 'colcon_pkg'
[-1781200949160513024.000s] Level 1:colcon.colcon_core.package_identification:_identify(depthai_env/lib/python3.14/site-packages/cv2/__pycache__) by extensions ['colcon_meta']
[-1781200949160513024.000s] Level 1:colcon.colcon_core.package_identification:_identify(depthai_env/lib/python3.14/site-packages/cv2/__pycache__) by extension 'colcon_meta'
[-1781200949160513024.000s] Level 1:colcon.colcon_core.package_identification:_identify(depthai_env/lib/python3.14/site-packages/cv2/__pycache__) by extensions ['ros']
[-1781200949160513024.000s] Level 1:colcon.colcon_core.package_identification:_identify(depthai_env/lib/python3.14/site-packages/cv2/__pycache__) by extension 'ros'
[-1781200949160513024.000s] Level 1:colcon.colcon_core.package_identification:_identify(depthai_env/lib/python3.14/site-packages/cv2/__pycache__) by extensions ['cmake', 'python']
[-1781200949160513024.000s] Level 1:colcon.colcon_core.package_identification:_identify(depthai_env/lib/python3.14/site-packages/cv2/__pycache__) by extension 'cmake'
[-1781200949160513024.000s] Level 1:colcon.colcon_core.package_identification:_identify(depthai_env/lib/python3.14/site-packages/cv2/__pycache__) by extension 'python'
[-1781200949160513024.000s] Level 1:colcon.colcon_core.package_identification:_identify(depthai_env/lib/python3.14/site-packages/cv2/aruco) by extensions ['ignore', 'ignore_ament_install']
[-1781200949160513024.000s] Level 1:colcon.colcon_core.package_identification:_identify(depthai_env/lib/python3.14/site-packages/cv2/aruco) by extension 'ignore'
[-1781200949160513024.000s] Level 1:colcon.colcon_core.package_identification:_identify(depthai_env/lib/python3.14/site-packages/cv2/aruco) by extension 'ignore_ament_install'
[-1781200949160513024.000s] Level 1:colcon.colcon_core.package_identification:_identify(depthai_env/lib/python3.14/site-packages/cv2/aruco) by extensions ['colcon_pkg']
[-1781200949160513024.000s] Level 1:colcon.colcon_core.package_identification:_identify(depthai_env/lib/python3.14/site-packages/cv2/aruco) by extension 'colcon_pkg'
[-1781200949160513024.000s] Level 1:colcon.colcon_core.package_identification:_identify(depthai_env/lib/python3.14/site-packages/cv2/aruco) by extensions ['colcon_meta']
[-1781200949160513024.000s] Level 1:colcon.colcon_core.package_identification:_identify(depthai_env/lib/python3.14/site-packages/cv2/aruco) by extension 'colcon_meta'
[-1781200949160513024.000s] Level 1:colcon.colcon_core.package_identification:_identify(depthai_env/lib/python3.14/site-packages/cv2/aruco) by extensions ['ros']
[-1781200949160513024.000s] Level 1:colcon.colcon_core.package_identification:_identify(depthai_env/lib/python3.14/site-packages/cv2/aruco) by extension 'ros'
[-1781200949160513024.000s] Level 1:colcon.colcon_core.package_identification:_identify(depthai_env/lib/python3.14/site-packages/cv2/aruco) by extensions ['cmake', 'python']
[-1781200949160513024.000s] Level 1:colcon.colcon_core.package_identification:_identify(depthai_env/lib/python3.14/site-packages/cv2/aruco) by extension 'cmake'
[-1781200949160513024.000s] Level 1:colcon.colcon_core.package_identification:_identify(depthai_env/lib/python3.14/site-packages/cv2/aruco) by extension 'python'
[-1781200949160513024.000s] Level 1:colcon.colcon_core.package_identification:_identify(depthai_env/lib/python3.14/site-packages/cv2/barcode) by extensions ['ignore', 'ignore_ament_install']
[-1781200949160513024.000s] Level 1:colcon.colcon_core.package_identification:_identify(depthai_env/lib/python3.14/site-packages/cv2/barcode) by extension 'ignore'
[-1781200949160513024.000s] Level 1:colcon.colcon_core.package_identification:_identify(depthai_env/lib/python3.14/site-packages/cv2/barcode) by extension 'ignore_ament_install'
[-1781200949160513024.000s] Level 1:colcon.colcon_core.package_identification:_identify(depthai_env/lib/python3.14/site-packages/cv2/barcode) by extensions ['colcon_pkg']
[-1781200949160513024.000s] Level 1:colcon.colcon_core.package_identification:_identify(depthai_env/lib/python3.14/site-packages/cv2/barcode) by extension 'colcon_pkg'
[-1781200949160513024.000s] Level 1:colcon.colcon_core.package_identification:_identify(depthai_env/lib/python3.14/site-packages/cv2/barcode) by extensions ['colcon_meta']
[-1781200949160513024.000s] Level 1:colcon.colcon_core.package_identification:_identify(depthai_env/lib/python3.14/site-packages/cv2/barcode) by extension 'colcon_meta'
[-1781200949160513024.000s] Level 1:colcon.colcon_core.package_identification:_identify(depthai_env/lib/python3.14/site-packages/cv2/barcode) by extensions ['ros']
[-1781200949160513024.000s] Level 1:colcon.colcon_core.package_identification:_identify(depthai_env/lib/python3.14/site-packages/cv2/barcode) by extension 'ros'
[-1781200949160513024.000s] Level 1:colcon.colcon_core.package_identification:_identify(depthai_env/lib/python3.14/site-packages/cv2/barcode) by extensions ['cmake', 'python']
[-1781200949160513024.000s] Level 1:colcon.colcon_core.package_identification:_identify(depthai_env/lib/python3.14/site-packages/cv2/barcode) by extension 'cmake'
[-1781200949160513024.000s] Level 1:colcon.colcon_core.package_identification:_identify(depthai_env/lib/python3.14/site-packages/cv2/barcode) by extension 'python'
[-1781200949160513024.000s] Level 1:colcon.colcon_core.package_identification:_identify(depthai_env/lib/python3.14/site-packages/cv2/cuda) by extensions ['ignore', 'ignore_ament_install']
[-1781200949160513024.000s] Level 1:colcon.colcon_core.package_identification:_identify(depthai_env/lib/python3.14/site-packages/cv2/cuda) by extension 'ignore'
[-1781200949160513024.000s] Level 1:colcon.colcon_core.package_identification:_identify(depthai_env/lib/python3.14/site-packages/cv2/cuda) by extension 'ignore_ament_install'
[-1781200949160513024.000s] Level 1:colcon.colcon_core.package_identification:_identify(depthai_env/lib/python3.14/site-packages/cv2/cuda) by extensions ['colcon_pkg']
[-1781200949160513024.000s] Level 1:colcon.colcon_core.package_identification:_identify(depthai_env/lib/python3.14/site-packages/cv2/cuda) by extension 'colcon_pkg'
[-1781200949160513024.000s] Level 1:colcon.colcon_core.package_identification:_identify(depthai_env/lib/python3.14/site-packages/cv2/cuda) by extensions ['colcon_meta']
[-1781200949160513024.000s] Level 1:colcon.colcon_core.package_identification:_identify(depthai_env/lib/python3.14/site-packages/cv2/cuda) by extension 'colcon_meta'
[-1781200949160513024.000s] Level 1:colcon.colcon_core.package_identification:_identify(depthai_env/lib/python3.14/site-packages/cv2/cuda) by extensions ['ros']
[-1781200949160513024.000s] Level 1:colcon.colcon_core.package_identification:_identify(depthai_env/lib/python3.14/site-packages/cv2/cuda) by extension 'ros'
[-1781200949160513024.000s] Level 1:colcon.colcon_core.package_identification:_identify(depthai_env/lib/python3.14/site-packages/cv2/cuda) by extensions ['cmake', 'python']
[-1781200949160513024.000s] Level 1:colcon.colcon_core.package_identification:_identify(depthai_env/lib/python3.14/site-packages/cv2/cuda) by extension 'cmake'
[-1781200949160513024.000s] Level 1:colcon.colcon_core.package_identification:_identify(depthai_env/lib/python3.14/site-packages/cv2/cuda) by extension 'python'
[-1781200949160513024.000s] Level 1:colcon.colcon_core.package_identification:_identify(depthai_env/lib/python3.14/site-packages/cv2/data) by extensions ['ignore', 'ignore_ament_install']
[-1781200949160513024.000s] Level 1:colcon.colcon_core.package_identification:_identify(depthai_env/lib/python3.14/site-packages/cv2/data) by extension 'ignore'
[-1781200949160513024.000s] Level 1:colcon.colcon_core.package_identification:_identify(depthai_env/lib/python3.14/site-packages/cv2/data) by extension 'ignore_ament_install'
[-1781200949160513024.000s] Level 1:colcon.colcon_core.package_identification:_identify(depthai_env/lib/python3.14/site-packages/cv2/data) by extensions ['colcon_pkg']
[-1781200949160513024.000s] Level 1:colcon.colcon_core.package_identification:_identify(depthai_env/lib/python3.14/site-packages/cv2/data) by extension 'colcon_pkg'
[-1781200949160513024.000s] Level 1:colcon.colcon_core.package_identification:_identify(depthai_env/lib/python3.14/site-packages/cv2/data) by extensions ['colcon_meta']
[-1781200949160513024.000s] Level 1:colcon.colcon_core.package_identification:_identify(depthai_env/lib/python3.14/site-packages/cv2/data) by extension 'colcon_meta'
[-1781200949160513024.000s] Level 1:colcon.colcon_core.package_identification:_identify(depthai_env/lib/python3.14/site-packages/cv2/data) by extensions ['ros']
[-1781200949160513024.000s] Level 1:colcon.colcon_core.package_identification:_identify(depthai_env/lib/python3.14/site-packages/cv2/data) by extension 'ros'
[-1781200949160513024.000s] Level 1:colcon.colcon_core.package_identification:_identify(depthai_env/lib/python3.14/site-packages/cv2/data) by extensions ['cmake', 'python']
[-1781200949160513024.000s] Level 1:colcon.colcon_core.package_identification:_identify(depthai_env/lib/python3.14/site-packages/cv2/data) by extension 'cmake'
[-1781200949160513024.000s] Level 1:colcon.colcon_core.package_identification:_identify(depthai_env/lib/python3.14/site-packages/cv2/data) by extension 'python'
[-1781200949160513024.000s] Level 1:colcon.colcon_core.package_identification:_identify(depthai_env/lib/python3.14/site-packages/cv2/data/__pycache__) by extensions ['ignore', 'ignore_ament_install']
[-1781200949160513024.000s] Level 1:colcon.colcon_core.package_identification:_identify(depthai_env/lib/python3.14/site-packages/cv2/data/__pycache__) by extension 'ignore'
[-1781200949160513024.000s] Level 1:colcon.colcon_core.package_identification:_identify(depthai_env/lib/python3.14/site-packages/cv2/data/__pycache__) by extension 'ignore_ament_install'
[-1781200949160513024.000s] Level 1:colcon.colcon_core.package_identification:_identify(depthai_env/lib/python3.14/site-packages/cv2/data/__pycache__) by extensions ['colcon_pkg']
[-1781200949160513024.000s] Level 1:colcon.colcon_core.package_identification:_identify(depthai_env/lib/python3.14/site-packages/cv2/data/__pycache__) by extension 'colcon_pkg'
[-1781200949160513024.000s] Level 1:colcon.colcon_core.package_identification:_identify(depthai_env/lib/python3.14/site-packages/cv2/data/__pycache__) by extensions ['colcon_meta']
[-1781200949160513024.000s] Level 1:colcon.colcon_core.package_identification:_identify(depthai_env/lib/python3.14/site-packages/cv2/data/__pycache__) by extension 'colcon_meta'
[-1781200949160513024.000s] Level 1:colcon.colcon_core.package_identification:_identify(depthai_env/lib/python3.14/site-packages/cv2/data/__pycache__) by extensions ['ros']
[-1781200949160513024.000s] Level 1:colcon.colcon_core.package_identification:_identify(depthai_env/lib/python3.14/site-packages/cv2/data/__pycache__) by extension 'ros'
[-1781200949160513024.000s] Level 1:colcon.colcon_core.package_identification:_identify(depthai_env/lib/python3.14/site-packages/cv2/data/__pycache__) by extensions ['cmake', 'python']
[-1781200949160513024.000s] Level 1:colcon.colcon_core.package_identification:_identify(depthai_env/lib/python3.14/site-packages/cv2/data/__pycache__) by extension 'cmake'
[-1781200949160513024.000s] Level 1:colcon.colcon_core.package_identification:_identify(depthai_env/lib/python3.14/site-packages/cv2/data/__pycache__) by extension 'python'
[-1781200949160513024.000s] Level 1:colcon.colcon_core.package_identification:_identify(depthai_env/lib/python3.14/site-packages/cv2/detail) by extensions ['ignore', 'ignore_ament_install']
[-1781200949160513024.000s] Level 1:colcon.colcon_core.package_identification:_identify(depthai_env/lib/python3.14/site-packages/cv2/detail) by extension 'ignore'
[-1781200949160513024.000s] Level 1:colcon.colcon_core.package_identification:_identify(depthai_env/lib/python3.14/site-packages/cv2/detail) by extension 'ignore_ament_install'
[-1781200949160513024.000s] Level 1:colcon.colcon_core.package_identification:_identify(depthai_env/lib/python3.14/site-packages/cv2/detail) by extensions ['colcon_pkg']
[-1781200949160513024.000s] Level 1:colcon.colcon_core.package_identification:_identify(depthai_env/lib/python3.14/site-packages/cv2/detail) by extension 'colcon_pkg'
[-1781200949160513024.000s] Level 1:colcon.colcon_core.package_identification:_identify(depthai_env/lib/python3.14/site-packages/cv2/detail) by extensions ['colcon_meta']
[-1781200949160513024.000s] Level 1:colcon.colcon_core.package_identification:_identify(depthai_env/lib/python3.14/site-packages/cv2/detail) by extension 'colcon_meta'
[-1781200949160513024.000s] Level 1:colcon.colcon_core.package_identification:_identify(depthai_env/lib/python3.14/site-packages/cv2/detail) by extensions ['ros']
[-1781200949160513024.000s] Level 1:colcon.colcon_core.package_identification:_identify(depthai_env/lib/python3.14/site-packages/cv2/detail) by extension 'ros'
[-1781200949160513024.000s] Level 1:colcon.colcon_core.package_identification:_identify(depthai_env/lib/python3.14/site-packages/cv2/detail) by extensions ['cmake', 'python']
[-1781200949160513024.000s] Level 1:colcon.colcon_core.package_identification:_identify(depthai_env/lib/python3.14/site-packages/cv2/detail) by extension 'cmake'
[-1781200949160513024.000s] Level 1:colcon.colcon_core.package_identification:_identify(depthai_env/lib/python3.14/site-packages/cv2/detail) by extension 'python'
[-1781200949160513024.000s] Level 1:colcon.colcon_core.package_identification:_identify(depthai_env/lib/python3.14/site-packages/cv2/dnn) by extensions ['ignore', 'ignore_ament_install']
[-1781200949160513024.000s] Level 1:colcon.colcon_core.package_identification:_identify(depthai_env/lib/python3.14/site-packages/cv2/dnn) by extension 'ignore'
[-1781200949160513024.000s] Level 1:colcon.colcon_core.package_identification:_identify(depthai_env/lib/python3.14/site-packages/cv2/dnn) by extension 'ignore_ament_install'
[-1781200949160513024.000s] Level 1:colcon.colcon_core.package_identification:_identify(depthai_env/lib/python3.14/site-packages/cv2/dnn) by extensions ['colcon_pkg']
[-1781200949160513024.000s] Level 1:colcon.colcon_core.package_identification:_identify(depthai_env/lib/python3.14/site-packages/cv2/dnn) by extension 'colcon_pkg'
[-1781200949160513024.000s] Level 1:colcon.colcon_core.package_identification:_identify(depthai_env/lib/python3.14/site-packages/cv2/dnn) by extensions ['colcon_meta']
[-1781200949160513024.000s] Level 1:colcon.colcon_core.package_identification:_identify(depthai_env/lib/python3.14/site-packages/cv2/dnn) by extension 'colcon_meta'
[-1781200949160513024.000s] Level 1:colcon.colcon_core.package_identification:_identify(depthai_env/lib/python3.14/site-packages/cv2/dnn) by extensions ['ros']
[-1781200949160513024.000s] Level 1:colcon.colcon_core.package_identification:_identify(depthai_env/lib/python3.14/site-packages/cv2/dnn) by extension 'ros'
[-1781200949160513024.000s] Level 1:colcon.colcon_core.package_identification:_identify(depthai_env/lib/python3.14/site-packages/cv2/dnn) by extensions ['cmake', 'python']
[-1781200949160513024.000s] Level 1:colcon.colcon_core.package_identification:_identify(depthai_env/lib/python3.14/site-packages/cv2/dnn) by extension 'cmake'
[-1781200949160513024.000s] Level 1:colcon.colcon_core.package_identification:_identify(depthai_env/lib/python3.14/site-packages/cv2/dnn) by extension 'python'
[-1781200949160513024.000s] Level 1:colcon.colcon_core.package_identification:_identify(depthai_env/lib/python3.14/site-packages/cv2/fisheye) by extensions ['ignore', 'ignore_ament_install']
[-1781200949160513024.000s] Level 1:colcon.colcon_core.package_identification:_identify(depthai_env/lib/python3.14/site-packages/cv2/fisheye) by extension 'ignore'
[-1781200949160513024.000s] Level 1:colcon.colcon_core.package_identification:_identify(depthai_env/lib/python3.14/site-packages/cv2/fisheye) by extension 'ignore_ament_install'
[-1781200949160513024.000s] Level 1:colcon.colcon_core.package_identification:_identify(depthai_env/lib/python3.14/site-packages/cv2/fisheye) by extensions ['colcon_pkg']
[-1781200949160513024.000s] Level 1:colcon.colcon_core.package_identification:_identify(depthai_env/lib/python3.14/site-packages/cv2/fisheye) by extension 'colcon_pkg'
[-1781200949160513024.000s] Level 1:colcon.colcon_core.package_identification:_identify(depthai_env/lib/python3.14/site-packages/cv2/fisheye) by extensions ['colcon_meta']
[-1781200949160513024.000s] Level 1:colcon.colcon_core.package_identification:_identify(depthai_env/lib/python3.14/site-packages/cv2/fisheye) by extension 'colcon_meta'
[-1781200949160513024.000s] Level 1:colcon.colcon_core.package_identification:_identify(depthai_env/lib/python3.14/site-packages/cv2/fisheye) by extensions ['ros']
[-1781200949160513024.000s] Level 1:colcon.colcon_core.package_identification:_identify(depthai_env/lib/python3.14/site-packages/cv2/fisheye) by extension 'ros'
[-1781200949160513024.000s] Level 1:colcon.colcon_core.package_identification:_identify(depthai_env/lib/python3.14/site-packages/cv2/fisheye) by extensions ['cmake', 'python']
[-1781200949160513024.000s] Level 1:colcon.colcon_core.package_identification:_identify(depthai_env/lib/python3.14/site-packages/cv2/fisheye) by extension 'cmake'
[-1781200949160513024.000s] Level 1:colcon.colcon_core.package_identification:_identify(depthai_env/lib/python3.14/site-packages/cv2/fisheye) by extension 'python'
[-1781200949160513024.000s] Level 1:colcon.colcon_core.package_identification:_identify(depthai_env/lib/python3.14/site-packages/cv2/flann) by extensions ['ignore', 'ignore_ament_install']
[-1781200949160513024.000s] Level 1:colcon.colcon_core.package_identification:_identify(depthai_env/lib/python3.14/site-packages/cv2/flann) by extension 'ignore'
[-1781200949160513024.000s] Level 1:colcon.colcon_core.package_identification:_identify(depthai_env/lib/python3.14/site-packages/cv2/flann) by extension 'ignore_ament_install'
[-1781200949160513024.000s] Level 1:colcon.colcon_core.package_identification:_identify(depthai_env/lib/python3.14/site-packages/cv2/flann) by extensions ['colcon_pkg']
[-1781200949160513024.000s] Level 1:colcon.colcon_core.package_identification:_identify(depthai_env/lib/python3.14/site-packages/cv2/flann) by extension 'colcon_pkg'
[-1781200949160513024.000s] Level 1:colcon.colcon_core.package_identification:_identify(depthai_env/lib/python3.14/site-packages/cv2/flann) by extensions ['colcon_meta']
[-1781200949160513024.000s] Level 1:colcon.colcon_core.package_identification:_identify(depthai_env/lib/python3.14/site-packages/cv2/flann) by extension 'colcon_meta'
[-1781200949160513024.000s] Level 1:colcon.colcon_core.package_identification:_identify(depthai_env/lib/python3.14/site-packages/cv2/flann) by extensions ['ros']
[-1781200949160513024.000s] Level 1:colcon.colcon_core.package_identification:_identify(depthai_env/lib/python3.14/site-packages/cv2/flann) by extension 'ros'
[-1781200949160513024.000s] Level 1:colcon.colcon_core.package_identification:_identify(depthai_env/lib/python3.14/site-packages/cv2/flann) by extensions ['cmake', 'python']
[-1781200949160513024.000s] Level 1:colcon.colcon_core.package_identification:_identify(depthai_env/lib/python3.14/site-packages/cv2/flann) by extension 'cmake'
[-1781200949160513024.000s] Level 1:colcon.colcon_core.package_identification:_identify(depthai_env/lib/python3.14/site-packages/cv2/flann) by extension 'python'
[-1781200949160513024.000s] Level 1:colcon.colcon_core.package_identification:_identify(depthai_env/lib/python3.14/site-packages/cv2/gapi) by extensions ['ignore', 'ignore_ament_install']
[-1781200949160513024.000s] Level 1:colcon.colcon_core.package_identification:_identify(depthai_env/lib/python3.14/site-packages/cv2/gapi) by extension 'ignore'
[-1781200949160513024.000s] Level 1:colcon.colcon_core.package_identification:_identify(depthai_env/lib/python3.14/site-packages/cv2/gapi) by extension 'ignore_ament_install'
[-1781200949160513024.000s] Level 1:colcon.colcon_core.package_identification:_identify(depthai_env/lib/python3.14/site-packages/cv2/gapi) by extensions ['colcon_pkg']
[-1781200949160513024.000s] Level 1:colcon.colcon_core.package_identification:_identify(depthai_env/lib/python3.14/site-packages/cv2/gapi) by extension 'colcon_pkg'
[-1781200949160513024.000s] Level 1:colcon.colcon_core.package_identification:_identify(depthai_env/lib/python3.14/site-packages/cv2/gapi) by extensions ['colcon_meta']
[-1781200949160513024.000s] Level 1:colcon.colcon_core.package_identification:_identify(depthai_env/lib/python3.14/site-packages/cv2/gapi) by extension 'colcon_meta'
[-1781200949160513024.000s] Level 1:colcon.colcon_core.package_identification:_identify(depthai_env/lib/python3.14/site-packages/cv2/gapi) by extensions ['ros']
[-1781200949160513024.000s] Level 1:colcon.colcon_core.package_identification:_identify(depthai_env/lib/python3.14/site-packages/cv2/gapi) by extension 'ros'
[-1781200949160513024.000s] Level 1:colcon.colcon_core.package_identification:_identify(depthai_env/lib/python3.14/site-packages/cv2/gapi) by extensions ['cmake', 'python']
[-1781200949160513024.000s] Level 1:colcon.colcon_core.package_identification:_identify(depthai_env/lib/python3.14/site-packages/cv2/gapi) by extension 'cmake'
[-1781200949160513024.000s] Level 1:colcon.colcon_core.package_identification:_identify(depthai_env/lib/python3.14/site-packages/cv2/gapi) by extension 'python'
[-1781200949160513024.000s] Level 1:colcon.colcon_core.package_identification:_identify(depthai_env/lib/python3.14/site-packages/cv2/gapi/__pycache__) by extensions ['ignore', 'ignore_ament_install']
[-1781200949160513024.000s] Level 1:colcon.colcon_core.package_identification:_identify(depthai_env/lib/python3.14/site-packages/cv2/gapi/__pycache__) by extension 'ignore'
[-1781200949160513024.000s] Level 1:colcon.colcon_core.package_identification:_identify(depthai_env/lib/python3.14/site-packages/cv2/gapi/__pycache__) by extension 'ignore_ament_install'
[-1781200949160513024.000s] Level 1:colcon.colcon_core.package_identification:_identify(depthai_env/lib/python3.14/site-packages/cv2/gapi/__pycache__) by extensions ['colcon_pkg']
[-1781200949160513024.000s] Level 1:colcon.colcon_core.package_identification:_identify(depthai_env/lib/python3.14/site-packages/cv2/gapi/__pycache__) by extension 'colcon_pkg'
[-1781200949160513024.000s] Level 1:colcon.colcon_core.package_identification:_identify(depthai_env/lib/python3.14/site-packages/cv2/gapi/__pycache__) by extensions ['colcon_meta']
[-1781200949160513024.000s] Level 1:colcon.colcon_core.package_identification:_identify(depthai_env/lib/python3.14/site-packages/cv2/gapi/__pycache__) by extension 'colcon_meta'
[-1781200949160513024.000s] Level 1:colcon.colcon_core.package_identification:_identify(depthai_env/lib/python3.14/site-packages/cv2/gapi/__pycache__) by extensions ['ros']
[-1781200949160513024.000s] Level 1:colcon.colcon_core.package_identification:_identify(depthai_env/lib/python3.14/site-packages/cv2/gapi/__pycache__) by extension 'ros'
[-1781200949160513024.000s] Level 1:colcon.colcon_core.package_identification:_identify(depthai_env/lib/python3.14/site-packages/cv2/gapi/__pycache__) by extensions ['cmake', 'python']
[-1781200949160513024.000s] Level 1:colcon.colcon_core.package_identification:_identify(depthai_env/lib/python3.14/site-packages/cv2/gapi/__pycache__) by extension 'cmake'
[-1781200949160513024.000s] Level 1:colcon.colcon_core.package_identification:_identify(depthai_env/lib/python3.14/site-packages/cv2/gapi/__pycache__) by extension 'python'
[-1781200949160513024.000s] Level 1:colcon.colcon_core.package_identification:_identify(depthai_env/lib/python3.14/site-packages/cv2/gapi/core) by extensions ['ignore', 'ignore_ament_install']
[-1781200949160513024.000s] Level 1:colcon.colcon_core.package_identification:_identify(depthai_env/lib/python3.14/site-packages/cv2/gapi/core) by extension 'ignore'
[-1781200949160513024.000s] Level 1:colcon.colcon_core.package_identification:_identify(depthai_env/lib/python3.14/site-packages/cv2/gapi/core) by extension 'ignore_ament_install'
[-1781200949160513024.000s] Level 1:colcon.colcon_core.package_identification:_identify(depthai_env/lib/python3.14/site-packages/cv2/gapi/core) by extensions ['colcon_pkg']
[-1781200949160513024.000s] Level 1:colcon.colcon_core.package_identification:_identify(depthai_env/lib/python3.14/site-packages/cv2/gapi/core) by extension 'colcon_pkg'
[-1781200949160513024.000s] Level 1:colcon.colcon_core.package_identification:_identify(depthai_env/lib/python3.14/site-packages/cv2/gapi/core) by extensions ['colcon_meta']
[-1781200949160513024.000s] Level 1:colcon.colcon_core.package_identification:_identify(depthai_env/lib/python3.14/site-packages/cv2/gapi/core) by extension 'colcon_meta'
[-1781200949160513024.000s] Level 1:colcon.colcon_core.package_identification:_identify(depthai_env/lib/python3.14/site-packages/cv2/gapi/core) by extensions ['ros']
[-1781200949160513024.000s] Level 1:colcon.colcon_core.package_identification:_identify(depthai_env/lib/python3.14/site-packages/cv2/gapi/core) by extension 'ros'
[-1781200949160513024.000s] Level 1:colcon.colcon_core.package_identification:_identify(depthai_env/lib/python3.14/site-packages/cv2/gapi/core) by extensions ['cmake', 'python']
[-1781200949160513024.000s] Level 1:colcon.colcon_core.package_identification:_identify(depthai_env/lib/python3.14/site-packages/cv2/gapi/core) by extension 'cmake'
[-1781200949160513024.000s] Level 1:colcon.colcon_core.package_identification:_identify(depthai_env/lib/python3.14/site-packages/cv2/gapi/core) by extension 'python'
[-1781200949160513024.000s] Level 1:colcon.colcon_core.package_identification:_identify(depthai_env/lib/python3.14/site-packages/cv2/gapi/core/cpu) by extensions ['ignore', 'ignore_ament_install']
[-1781200949160513024.000s] Level 1:colcon.colcon_core.package_identification:_identify(depthai_env/lib/python3.14/site-packages/cv2/gapi/core/cpu) by extension 'ignore'
[-1781200949160513024.000s] Level 1:colcon.colcon_core.package_identification:_identify(depthai_env/lib/python3.14/site-packages/cv2/gapi/core/cpu) by extension 'ignore_ament_install'
[-1781200949160513024.000s] Level 1:colcon.colcon_core.package_identification:_identify(depthai_env/lib/python3.14/site-packages/cv2/gapi/core/cpu) by extensions ['colcon_pkg']
[-1781200949160513024.000s] Level 1:colcon.colcon_core.package_identification:_identify(depthai_env/lib/python3.14/site-packages/cv2/gapi/core/cpu) by extension 'colcon_pkg'
[-1781200949160513024.000s] Level 1:colcon.colcon_core.package_identification:_identify(depthai_env/lib/python3.14/site-packages/cv2/gapi/core/cpu) by extensions ['colcon_meta']
[-1781200949160513024.000s] Level 1:colcon.colcon_core.package_identification:_identify(depthai_env/lib/python3.14/site-packages/cv2/gapi/core/cpu) by extension 'colcon_meta'
[-1781200949160513024.000s] Level 1:colcon.colcon_core.package_identification:_identify(depthai_env/lib/python3.14/site-packages/cv2/gapi/core/cpu) by extensions ['ros']
[-1781200949160513024.000s] Level 1:colcon.colcon_core.package_identification:_identify(depthai_env/lib/python3.14/site-packages/cv2/gapi/core/cpu) by extension 'ros'
[-1781200949160513024.000s] Level 1:colcon.colcon_core.package_identification:_identify(depthai_env/lib/python3.14/site-packages/cv2/gapi/core/cpu) by extensions ['cmake', 'python']
[-1781200949160513024.000s] Level 1:colcon.colcon_core.package_identification:_identify(depthai_env/lib/python3.14/site-packages/cv2/gapi/core/cpu) by extension 'cmake'
[-1781200949160513024.000s] Level 1:colcon.colcon_core.package_identification:_identify(depthai_env/lib/python3.14/site-packages/cv2/gapi/core/cpu) by extension 'python'
[-1781200949160513024.000s] Level 1:colcon.colcon_core.package_identification:_identify(depthai_env/lib/python3.14/site-packages/cv2/gapi/core/fluid) by extensions ['ignore', 'ignore_ament_install']
[-1781200949160513024.000s] Level 1:colcon.colcon_core.package_identification:_identify(depthai_env/lib/python3.14/site-packages/cv2/gapi/core/fluid) by extension 'ignore'
[-1781200949160513024.000s] Level 1:colcon.colcon_core.package_identification:_identify(depthai_env/lib/python3.14/site-packages/cv2/gapi/core/fluid) by extension 'ignore_ament_install'
[-1781200949160513024.000s] Level 1:colcon.colcon_core.package_identification:_identify(depthai_env/lib/python3.14/site-packages/cv2/gapi/core/fluid) by extensions ['colcon_pkg']
[-1781200949160513024.000s] Level 1:colcon.colcon_core.package_identification:_identify(depthai_env/lib/python3.14/site-packages/cv2/gapi/core/fluid) by extension 'colcon_pkg'
[-1781200949160513024.000s] Level 1:colcon.colcon_core.package_identification:_identify(depthai_env/lib/python3.14/site-packages/cv2/gapi/core/fluid) by extensions ['colcon_meta']
[-1781200949160513024.000s] Level 1:colcon.colcon_core.package_identification:_identify(depthai_env/lib/python3.14/site-packages/cv2/gapi/core/fluid) by extension 'colcon_meta'
[-1781200949160513024.000s] Level 1:colcon.colcon_core.package_identification:_identify(depthai_env/lib/python3.14/site-packages/cv2/gapi/core/fluid) by extensions ['ros']
[-1781200949160513024.000s] Level 1:colcon.colcon_core.package_identification:_identify(depthai_env/lib/python3.14/site-packages/cv2/gapi/core/fluid) by extension 'ros'
[-1781200949160513024.000s] Level 1:colcon.colcon_core.package_identification:_identify(depthai_env/lib/python3.14/site-packages/cv2/gapi/core/fluid) by extensions ['cmake', 'python']
[-1781200949160513024.000s] Level 1:colcon.colcon_core.package_identification:_identify(depthai_env/lib/python3.14/site-packages/cv2/gapi/core/fluid) by extension 'cmake'
[-1781200949160513024.000s] Level 1:colcon.colcon_core.package_identification:_identify(depthai_env/lib/python3.14/site-packages/cv2/gapi/core/fluid) by extension 'python'
[-1781200949160513024.000s] Level 1:colcon.colcon_core.package_identification:_identify(depthai_env/lib/python3.14/site-packages/cv2/gapi/core/ocl) by extensions ['ignore', 'ignore_ament_install']
[-1781200949160513024.000s] Level 1:colcon.colcon_core.package_identification:_identify(depthai_env/lib/python3.14/site-packages/cv2/gapi/core/ocl) by extension 'ignore'
[-1781200949160513024.000s] Level 1:colcon.colcon_core.package_identification:_identify(depthai_env/lib/python3.14/site-packages/cv2/gapi/core/ocl) by extension 'ignore_ament_install'
[-1781200949160513024.000s] Level 1:colcon.colcon_core.package_identification:_identify(depthai_env/lib/python3.14/site-packages/cv2/gapi/core/ocl) by extensions ['colcon_pkg']
[-1781200949160513024.000s] Level 1:colcon.colcon_core.package_identification:_identify(depthai_env/lib/python3.14/site-packages/cv2/gapi/core/ocl) by extension 'colcon_pkg'
[-1781200949160513024.000s] Level 1:colcon.colcon_core.package_identification:_identify(depthai_env/lib/python3.14/site-packages/cv2/gapi/core/ocl) by extensions ['colcon_meta']
[-1781200949160513024.000s] Level 1:colcon.colcon_core.package_identification:_identify(depthai_env/lib/python3.14/site-packages/cv2/gapi/core/ocl) by extension 'colcon_meta'
[-1781200949160513024.000s] Level 1:colcon.colcon_core.package_identification:_identify(depthai_env/lib/python3.14/site-packages/cv2/gapi/core/ocl) by extensions ['ros']
[-1781200949160513024.000s] Level 1:colcon.colcon_core.package_identification:_identify(depthai_env/lib/python3.14/site-packages/cv2/gapi/core/ocl) by extension 'ros'
[-1781200949160513024.000s] Level 1:colcon.colcon_core.package_identification:_identify(depthai_env/lib/python3.14/site-packages/cv2/gapi/core/ocl) by extensions ['cmake', 'python']
[-1781200949160513024.000s] Level 1:colcon.colcon_core.package_identification:_identify(depthai_env/lib/python3.14/site-packages/cv2/gapi/core/ocl) by extension 'cmake'
[-1781200949160513024.000s] Level 1:colcon.colcon_core.package_identification:_identify(depthai_env/lib/python3.14/site-packages/cv2/gapi/core/ocl) by extension 'python'
[-1781200949160513024.000s] Level 1:colcon.colcon_core.package_identification:_identify(depthai_env/lib/python3.14/site-packages/cv2/gapi/ie) by extensions ['ignore', 'ignore_ament_install']
[-1781200949160513024.000s] Level 1:colcon.colcon_core.package_identification:_identify(depthai_env/lib/python3.14/site-packages/cv2/gapi/ie) by extension 'ignore'
[-1781200949160513024.000s] Level 1:colcon.colcon_core.package_identification:_identify(depthai_env/lib/python3.14/site-packages/cv2/gapi/ie) by extension 'ignore_ament_install'
[-1781200949160513024.000s] Level 1:colcon.colcon_core.package_identification:_identify(depthai_env/lib/python3.14/site-packages/cv2/gapi/ie) by extensions ['colcon_pkg']
[-1781200949160513024.000s] Level 1:colcon.colcon_core.package_identification:_identify(depthai_env/lib/python3.14/site-packages/cv2/gapi/ie) by extension 'colcon_pkg'
[-1781200949160513024.000s] Level 1:colcon.colcon_core.package_identification:_identify(depthai_env/lib/python3.14/site-packages/cv2/gapi/ie) by extensions ['colcon_meta']
[-1781200949160513024.000s] Level 1:colcon.colcon_core.package_identification:_identify(depthai_env/lib/python3.14/site-packages/cv2/gapi/ie) by extension 'colcon_meta'
[-1781200949160513024.000s] Level 1:colcon.colcon_core.package_identification:_identify(depthai_env/lib/python3.14/site-packages/cv2/gapi/ie) by extensions ['ros']
[-1781200949160513024.000s] Level 1:colcon.colcon_core.package_identification:_identify(depthai_env/lib/python3.14/site-packages/cv2/gapi/ie) by extension 'ros'
[-1781200949160513024.000s] Level 1:colcon.colcon_core.package_identification:_identify(depthai_env/lib/python3.14/site-packages/cv2/gapi/ie) by extensions ['cmake', 'python']
[-1781200949160513024.000s] Level 1:colcon.colcon_core.package_identification:_identify(depthai_env/lib/python3.14/site-packages/cv2/gapi/ie) by extension 'cmake'
[-1781200949160513024.000s] Level 1:colcon.colcon_core.package_identification:_identify(depthai_env/lib/python3.14/site-packages/cv2/gapi/ie) by extension 'python'
[-1781200949160513024.000s] Level 1:colcon.colcon_core.package_identification:_identify(depthai_env/lib/python3.14/site-packages/cv2/gapi/ie/detail) by extensions ['ignore', 'ignore_ament_install']
[-1781200949160513024.000s] Level 1:colcon.colcon_core.package_identification:_identify(depthai_env/lib/python3.14/site-packages/cv2/gapi/ie/detail) by extension 'ignore'
[-1781200949160513024.000s] Level 1:colcon.colcon_core.package_identification:_identify(depthai_env/lib/python3.14/site-packages/cv2/gapi/ie/detail) by extension 'ignore_ament_install'
[-1781200949160513024.000s] Level 1:colcon.colcon_core.package_identification:_identify(depthai_env/lib/python3.14/site-packages/cv2/gapi/ie/detail) by extensions ['colcon_pkg']
[-1781200949160513024.000s] Level 1:colcon.colcon_core.package_identification:_identify(depthai_env/lib/python3.14/site-packages/cv2/gapi/ie/detail) by extension 'colcon_pkg'
[-1781200949160513024.000s] Level 1:colcon.colcon_core.package_identification:_identify(depthai_env/lib/python3.14/site-packages/cv2/gapi/ie/detail) by extensions ['colcon_meta']
[-1781200949160513024.000s] Level 1:colcon.colcon_core.package_identification:_identify(depthai_env/lib/python3.14/site-packages/cv2/gapi/ie/detail) by extension 'colcon_meta'
[-1781200949160513024.000s] Level 1:colcon.colcon_core.package_identification:_identify(depthai_env/lib/python3.14/site-packages/cv2/gapi/ie/detail) by extensions ['ros']
[-1781200949160513024.000s] Level 1:colcon.colcon_core.package_identification:_identify(depthai_env/lib/python3.14/site-packages/cv2/gapi/ie/detail) by extension 'ros'
[-1781200949160513024.000s] Level 1:colcon.colcon_core.package_identification:_identify(depthai_env/lib/python3.14/site-packages/cv2/gapi/ie/detail) by extensions ['cmake', 'python']
[-1781200949160513024.000s] Level 1:colcon.colcon_core.package_identification:_identify(depthai_env/lib/python3.14/site-packages/cv2/gapi/ie/detail) by extension 'cmake'
[-1781200949160513024.000s] Level 1:colcon.colcon_core.package_identification:_identify(depthai_env/lib/python3.14/site-packages/cv2/gapi/ie/detail) by extension 'python'
[-1781200949160513024.000s] Level 1:colcon.colcon_core.package_identification:_identify(depthai_env/lib/python3.14/site-packages/cv2/gapi/imgproc) by extensions ['ignore', 'ignore_ament_install']
[-1781200949160513024.000s] Level 1:colcon.colcon_core.package_identification:_identify(depthai_env/lib/python3.14/site-packages/cv2/gapi/imgproc) by extension 'ignore'
[-1781200949160513024.000s] Level 1:colcon.colcon_core.package_identification:_identify(depthai_env/lib/python3.14/site-packages/cv2/gapi/imgproc) by extension 'ignore_ament_install'
[-1781200949160513024.000s] Level 1:colcon.colcon_core.package_identification:_identify(depthai_env/lib/python3.14/site-packages/cv2/gapi/imgproc) by extensions ['colcon_pkg']
[-1781200949160513024.000s] Level 1:colcon.colcon_core.package_identification:_identify(depthai_env/lib/python3.14/site-packages/cv2/gapi/imgproc) by extension 'colcon_pkg'
[-1781200949160513024.000s] Level 1:colcon.colcon_core.package_identification:_identify(depthai_env/lib/python3.14/site-packages/cv2/gapi/imgproc) by extensions ['colcon_meta']
[-1781200949160513024.000s] Level 1:colcon.colcon_core.package_identification:_identify(depthai_env/lib/python3.14/site-packages/cv2/gapi/imgproc) by extension 'colcon_meta'
[-1781200949160513024.000s] Level 1:colcon.colcon_core.package_identification:_identify(depthai_env/lib/python3.14/site-packages/cv2/gapi/imgproc) by extensions ['ros']
[-1781200949160513024.000s] Level 1:colcon.colcon_core.package_identification:_identify(depthai_env/lib/python3.14/site-packages/cv2/gapi/imgproc) by extension 'ros'
[-1781200949160513024.000s] Level 1:colcon.colcon_core.package_identification:_identify(depthai_env/lib/python3.14/site-packages/cv2/gapi/imgproc) by extensions ['cmake', 'python']
[-1781200949160513024.000s] Level 1:colcon.colcon_core.package_identification:_identify(depthai_env/lib/python3.14/site-packages/cv2/gapi/imgproc) by extension 'cmake'
[-1781200949160513024.000s] Level 1:colcon.colcon_core.package_identification:_identify(depthai_env/lib/python3.14/site-packages/cv2/gapi/imgproc) by extension 'python'
[-1781200949160513024.000s] Level 1:colcon.colcon_core.package_identification:_identify(depthai_env/lib/python3.14/site-packages/cv2/gapi/imgproc/fluid) by extensions ['ignore', 'ignore_ament_install']
[-1781200949160513024.000s] Level 1:colcon.colcon_core.package_identification:_identify(depthai_env/lib/python3.14/site-packages/cv2/gapi/imgproc/fluid) by extension 'ignore'
[-1781200949160513024.000s] Level 1:colcon.colcon_core.package_identification:_identify(depthai_env/lib/python3.14/site-packages/cv2/gapi/imgproc/fluid) by extension 'ignore_ament_install'
[-1781200949160513024.000s] Level 1:colcon.colcon_core.package_identification:_identify(depthai_env/lib/python3.14/site-packages/cv2/gapi/imgproc/fluid) by extensions ['colcon_pkg']
[-1781200949160513024.000s] Level 1:colcon.colcon_core.package_identification:_identify(depthai_env/lib/python3.14/site-packages/cv2/gapi/imgproc/fluid) by extension 'colcon_pkg'
[-1781200949160513024.000s] Level 1:colcon.colcon_core.package_identification:_identify(depthai_env/lib/python3.14/site-packages/cv2/gapi/imgproc/fluid) by extensions ['colcon_meta']
[-1781200949160513024.000s] Level 1:colcon.colcon_core.package_identification:_identify(depthai_env/lib/python3.14/site-packages/cv2/gapi/imgproc/fluid) by extension 'colcon_meta'
[-1781200949160513024.000s] Level 1:colcon.colcon_core.package_identification:_identify(depthai_env/lib/python3.14/site-packages/cv2/gapi/imgproc/fluid) by extensions ['ros']
[-1781200949160513024.000s] Level 1:colcon.colcon_core.package_identification:_identify(depthai_env/lib/python3.14/site-packages/cv2/gapi/imgproc/fluid) by extension 'ros'
[-1781200949160513024.000s] Level 1:colcon.colcon_core.package_identification:_identify(depthai_env/lib/python3.14/site-packages/cv2/gapi/imgproc/fluid) by extensions ['cmake', 'python']
[-1781200949160513024.000s] Level 1:colcon.colcon_core.package_identification:_identify(depthai_env/lib/python3.14/site-packages/cv2/gapi/imgproc/fluid) by extension 'cmake'
[-1781200949160513024.000s] Level 1:colcon.colcon_core.package_identification:_identify(depthai_env/lib/python3.14/site-packages/cv2/gapi/imgproc/fluid) by extension 'python'
[-1781200949160513024.000s] Level 1:colcon.colcon_core.package_identification:_identify(depthai_env/lib/python3.14/site-packages/cv2/gapi/oak) by extensions ['ignore', 'ignore_ament_install']
[-1781200949160513024.000s] Level 1:colcon.colcon_core.package_identification:_identify(depthai_env/lib/python3.14/site-packages/cv2/gapi/oak) by extension 'ignore'
[-1781200949160513024.000s] Level 1:colcon.colcon_core.package_identification:_identify(depthai_env/lib/python3.14/site-packages/cv2/gapi/oak) by extension 'ignore_ament_install'
[-1781200949160513024.000s] Level 1:colcon.colcon_core.package_identification:_identify(depthai_env/lib/python3.14/site-packages/cv2/gapi/oak) by extensions ['colcon_pkg']
[-1781200949160513024.000s] Level 1:colcon.colcon_core.package_identification:_identify(depthai_env/lib/python3.14/site-packages/cv2/gapi/oak) by extension 'colcon_pkg'
[-1781200949160513024.000s] Level 1:colcon.colcon_core.package_identification:_identify(depthai_env/lib/python3.14/site-packages/cv2/gapi/oak) by extensions ['colcon_meta']
[-1781200949160513024.000s] Level 1:colcon.colcon_core.package_identification:_identify(depthai_env/lib/python3.14/site-packages/cv2/gapi/oak) by extension 'colcon_meta'
[-1781200949160513024.000s] Level 1:colcon.colcon_core.package_identification:_identify(depthai_env/lib/python3.14/site-packages/cv2/gapi/oak) by extensions ['ros']
[-1781200949160513024.000s] Level 1:colcon.colcon_core.package_identification:_identify(depthai_env/lib/python3.14/site-packages/cv2/gapi/oak) by extension 'ros'
[-1781200949160513024.000s] Level 1:colcon.colcon_core.package_identification:_identify(depthai_env/lib/python3.14/site-packages/cv2/gapi/oak) by extensions ['cmake', 'python']
[-1781200949160513024.000s] Level 1:colcon.colcon_core.package_identification:_identify(depthai_env/lib/python3.14/site-packages/cv2/gapi/oak) by extension 'cmake'
[-1781200949160513024.000s] Level 1:colcon.colcon_core.package_identification:_identify(depthai_env/lib/python3.14/site-packages/cv2/gapi/oak) by extension 'python'
[-1781200949160513024.000s] Level 1:colcon.colcon_core.package_identification:_identify(depthai_env/lib/python3.14/site-packages/cv2/gapi/onnx) by extensions ['ignore', 'ignore_ament_install']
[-1781200949160513024.000s] Level 1:colcon.colcon_core.package_identification:_identify(depthai_env/lib/python3.14/site-packages/cv2/gapi/onnx) by extension 'ignore'
[-1781200949160513024.000s] Level 1:colcon.colcon_core.package_identification:_identify(depthai_env/lib/python3.14/site-packages/cv2/gapi/onnx) by extension 'ignore_ament_install'
[-1781200949160513024.000s] Level 1:colcon.colcon_core.package_identification:_identify(depthai_env/lib/python3.14/site-packages/cv2/gapi/onnx) by extensions ['colcon_pkg']
[-1781200949160513024.000s] Level 1:colcon.colcon_core.package_identification:_identify(depthai_env/lib/python3.14/site-packages/cv2/gapi/onnx) by extension 'colcon_pkg'
[-1781200949160513024.000s] Level 1:colcon.colcon_core.package_identification:_identify(depthai_env/lib/python3.14/site-packages/cv2/gapi/onnx) by extensions ['colcon_meta']
[-1781200949160513024.000s] Level 1:colcon.colcon_core.package_identification:_identify(depthai_env/lib/python3.14/site-packages/cv2/gapi/onnx) by extension 'colcon_meta'
[-1781200949160513024.000s] Level 1:colcon.colcon_core.package_identification:_identify(depthai_env/lib/python3.14/site-packages/cv2/gapi/onnx) by extensions ['ros']
[-1781200949160513024.000s] Level 1:colcon.colcon_core.package_identification:_identify(depthai_env/lib/python3.14/site-packages/cv2/gapi/onnx) by extension 'ros'
[-1781200949160513024.000s] Level 1:colcon.colcon_core.package_identification:_identify(depthai_env/lib/python3.14/site-packages/cv2/gapi/onnx) by extensions ['cmake', 'python']
[-1781200949160513024.000s] Level 1:colcon.colcon_core.package_identification:_identify(depthai_env/lib/python3.14/site-packages/cv2/gapi/onnx) by extension 'cmake'
[-1781200949160513024.000s] Level 1:colcon.colcon_core.package_identification:_identify(depthai_env/lib/python3.14/site-packages/cv2/gapi/onnx) by extension 'python'
[-1781200949160513024.000s] Level 1:colcon.colcon_core.package_identification:_identify(depthai_env/lib/python3.14/site-packages/cv2/gapi/onnx/ep) by extensions ['ignore', 'ignore_ament_install']
[-1781200949160513024.000s] Level 1:colcon.colcon_core.package_identification:_identify(depthai_env/lib/python3.14/site-packages/cv2/gapi/onnx/ep) by extension 'ignore'
[-1781200949160513024.000s] Level 1:colcon.colcon_core.package_identification:_identify(depthai_env/lib/python3.14/site-packages/cv2/gapi/onnx/ep) by extension 'ignore_ament_install'
[-1781200949160513024.000s] Level 1:colcon.colcon_core.package_identification:_identify(depthai_env/lib/python3.14/site-packages/cv2/gapi/onnx/ep) by extensions ['colcon_pkg']
[-1781200949160513024.000s] Level 1:colcon.colcon_core.package_identification:_identify(depthai_env/lib/python3.14/site-packages/cv2/gapi/onnx/ep) by extension 'colcon_pkg'
[-1781200949160513024.000s] Level 1:colcon.colcon_core.package_identification:_identify(depthai_env/lib/python3.14/site-packages/cv2/gapi/onnx/ep) by extensions ['colcon_meta']
[-1781200949160513024.000s] Level 1:colcon.colcon_core.package_identification:_identify(depthai_env/lib/python3.14/site-packages/cv2/gapi/onnx/ep) by extension 'colcon_meta'
[-1781200949160513024.000s] Level 1:colcon.colcon_core.package_identification:_identify(depthai_env/lib/python3.14/site-packages/cv2/gapi/onnx/ep) by extensions ['ros']
[-1781200949160513024.000s] Level 1:colcon.colcon_core.package_identification:_identify(depthai_env/lib/python3.14/site-packages/cv2/gapi/onnx/ep) by extension 'ros'
[-1781200949160513024.000s] Level 1:colcon.colcon_core.package_identification:_identify(depthai_env/lib/python3.14/site-packages/cv2/gapi/onnx/ep) by extensions ['cmake', 'python']
[-1781200949160513024.000s] Level 1:colcon.colcon_core.package_identification:_identify(depthai_env/lib/python3.14/site-packages/cv2/gapi/onnx/ep) by extension 'cmake'
[-1781200949160513024.000s] Level 1:colcon.colcon_core.package_identification:_identify(depthai_env/lib/python3.14/site-packages/cv2/gapi/onnx/ep) by extension 'python'
[-1781200949160513024.000s] Level 1:colcon.colcon_core.package_identification:_identify(depthai_env/lib/python3.14/site-packages/cv2/gapi/ot) by extensions ['ignore', 'ignore_ament_install']
[-1781200949160513024.000s] Level 1:colcon.colcon_core.package_identification:_identify(depthai_env/lib/python3.14/site-packages/cv2/gapi/ot) by extension 'ignore'
[-1781200949160513024.000s] Level 1:colcon.colcon_core.package_identification:_identify(depthai_env/lib/python3.14/site-packages/cv2/gapi/ot) by extension 'ignore_ament_install'
[-1781200949160513024.000s] Level 1:colcon.colcon_core.package_identification:_identify(depthai_env/lib/python3.14/site-packages/cv2/gapi/ot) by extensions ['colcon_pkg']
[-1781200949160513024.000s] Level 1:colcon.colcon_core.package_identification:_identify(depthai_env/lib/python3.14/site-packages/cv2/gapi/ot) by extension 'colcon_pkg'
[-1781200949160513024.000s] Level 1:colcon.colcon_core.package_identification:_identify(depthai_env/lib/python3.14/site-packages/cv2/gapi/ot) by extensions ['colcon_meta']
[-1781200949160513024.000s] Level 1:colcon.colcon_core.package_identification:_identify(depthai_env/lib/python3.14/site-packages/cv2/gapi/ot) by extension 'colcon_meta'
[-1781200949160513024.000s] Level 1:colcon.colcon_core.package_identification:_identify(depthai_env/lib/python3.14/site-packages/cv2/gapi/ot) by extensions ['ros']
[-1781200949160513024.000s] Level 1:colcon.colcon_core.package_identification:_identify(depthai_env/lib/python3.14/site-packages/cv2/gapi/ot) by extension 'ros'
[-1781200949160513024.000s] Level 1:colcon.colcon_core.package_identification:_identify(depthai_env/lib/python3.14/site-packages/cv2/gapi/ot) by extensions ['cmake', 'python']
[-1781200949160513024.000s] Level 1:colcon.colcon_core.package_identification:_identify(depthai_env/lib/python3.14/site-packages/cv2/gapi/ot) by extension 'cmake'
[-1781200949160513024.000s] Level 1:colcon.colcon_core.package_identification:_identify(depthai_env/lib/python3.14/site-packages/cv2/gapi/ot) by extension 'python'
[-1781200949160513024.000s] Level 1:colcon.colcon_core.package_identification:_identify(depthai_env/lib/python3.14/site-packages/cv2/gapi/ot/cpu) by extensions ['ignore', 'ignore_ament_install']
[-1781200949160513024.000s] Level 1:colcon.colcon_core.package_identification:_identify(depthai_env/lib/python3.14/site-packages/cv2/gapi/ot/cpu) by extension 'ignore'
[-1781200949160513024.000s] Level 1:colcon.colcon_core.package_identification:_identify(depthai_env/lib/python3.14/site-packages/cv2/gapi/ot/cpu) by extension 'ignore_ament_install'
[-1781200949160513024.000s] Level 1:colcon.colcon_core.package_identification:_identify(depthai_env/lib/python3.14/site-packages/cv2/gapi/ot/cpu) by extensions ['colcon_pkg']
[-1781200949160513024.000s] Level 1:colcon.colcon_core.package_identification:_identify(depthai_env/lib/python3.14/site-packages/cv2/gapi/ot/cpu) by extension 'colcon_pkg'
[-1781200949160513024.000s] Level 1:colcon.colcon_core.package_identification:_identify(depthai_env/lib/python3.14/site-packages/cv2/gapi/ot/cpu) by extensions ['colcon_meta']
[-1781200949160513024.000s] Level 1:colcon.colcon_core.package_identification:_identify(depthai_env/lib/python3.14/site-packages/cv2/gapi/ot/cpu) by extension 'colcon_meta'
[-1781200949160513024.000s] Level 1:colcon.colcon_core.package_identification:_identify(depthai_env/lib/python3.14/site-packages/cv2/gapi/ot/cpu) by extensions ['ros']
[-1781200949160513024.000s] Level 1:colcon.colcon_core.package_identification:_identify(depthai_env/lib/python3.14/site-packages/cv2/gapi/ot/cpu) by extension 'ros'
[-1781200949160513024.000s] Level 1:colcon.colcon_core.package_identification:_identify(depthai_env/lib/python3.14/site-packages/cv2/gapi/ot/cpu) by extensions ['cmake', 'python']
[-1781200949160513024.000s] Level 1:colcon.colcon_core.package_identification:_identify(depthai_env/lib/python3.14/site-packages/cv2/gapi/ot/cpu) by extension 'cmake'
[-1781200949160513024.000s] Level 1:colcon.colcon_core.package_identification:_identify(depthai_env/lib/python3.14/site-packages/cv2/gapi/ot/cpu) by extension 'python'
[-1781200949160513024.000s] Level 1:colcon.colcon_core.package_identification:_identify(depthai_env/lib/python3.14/site-packages/cv2/gapi/ov) by extensions ['ignore', 'ignore_ament_install']
[-1781200949160513024.000s] Level 1:colcon.colcon_core.package_identification:_identify(depthai_env/lib/python3.14/site-packages/cv2/gapi/ov) by extension 'ignore'
[-1781200949160513024.000s] Level 1:colcon.colcon_core.package_identification:_identify(depthai_env/lib/python3.14/site-packages/cv2/gapi/ov) by extension 'ignore_ament_install'
[-1781200949160513024.000s] Level 1:colcon.colcon_core.package_identification:_identify(depthai_env/lib/python3.14/site-packages/cv2/gapi/ov) by extensions ['colcon_pkg']
[-1781200949160513024.000s] Level 1:colcon.colcon_core.package_identification:_identify(depthai_env/lib/python3.14/site-packages/cv2/gapi/ov) by extension 'colcon_pkg'
[-1781200949160513024.000s] Level 1:colcon.colcon_core.package_identification:_identify(depthai_env/lib/python3.14/site-packages/cv2/gapi/ov) by extensions ['colcon_meta']
[-1781200949160513024.000s] Level 1:colcon.colcon_core.package_identification:_identify(depthai_env/lib/python3.14/site-packages/cv2/gapi/ov) by extension 'colcon_meta'
[-1781200949160513024.000s] Level 1:colcon.colcon_core.package_identification:_identify(depthai_env/lib/python3.14/site-packages/cv2/gapi/ov) by extensions ['ros']
[-1781200949160513024.000s] Level 1:colcon.colcon_core.package_identification:_identify(depthai_env/lib/python3.14/site-packages/cv2/gapi/ov) by extension 'ros'
[-1781200949160513024.000s] Level 1:colcon.colcon_core.package_identification:_identify(depthai_env/lib/python3.14/site-packages/cv2/gapi/ov) by extensions ['cmake', 'python']
[-1781200949160513024.000s] Level 1:colcon.colcon_core.package_identification:_identify(depthai_env/lib/python3.14/site-packages/cv2/gapi/ov) by extension 'cmake'
[-1781200949160513024.000s] Level 1:colcon.colcon_core.package_identification:_identify(depthai_env/lib/python3.14/site-packages/cv2/gapi/ov) by extension 'python'
[-1781200949160513024.000s] Level 1:colcon.colcon_core.package_identification:_identify(depthai_env/lib/python3.14/site-packages/cv2/gapi/own) by extensions ['ignore', 'ignore_ament_install']
[-1781200949160513024.000s] Level 1:colcon.colcon_core.package_identification:_identify(depthai_env/lib/python3.14/site-packages/cv2/gapi/own) by extension 'ignore'
[-1781200949160513024.000s] Level 1:colcon.colcon_core.package_identification:_identify(depthai_env/lib/python3.14/site-packages/cv2/gapi/own) by extension 'ignore_ament_install'
[-1781200949160513024.000s] Level 1:colcon.colcon_core.package_identification:_identify(depthai_env/lib/python3.14/site-packages/cv2/gapi/own) by extensions ['colcon_pkg']
[-1781200949160513024.000s] Level 1:colcon.colcon_core.package_identification:_identify(depthai_env/lib/python3.14/site-packages/cv2/gapi/own) by extension 'colcon_pkg'
[-1781200949160513024.000s] Level 1:colcon.colcon_core.package_identification:_identify(depthai_env/lib/python3.14/site-packages/cv2/gapi/own) by extensions ['colcon_meta']
[-1781200949160513024.000s] Level 1:colcon.colcon_core.package_identification:_identify(depthai_env/lib/python3.14/site-packages/cv2/gapi/own) by extension 'colcon_meta'
[-1781200949160513024.000s] Level 1:colcon.colcon_core.package_identification:_identify(depthai_env/lib/python3.14/site-packages/cv2/gapi/own) by extensions ['ros']
[-1781200949160513024.000s] Level 1:colcon.colcon_core.package_identification:_identify(depthai_env/lib/python3.14/site-packages/cv2/gapi/own) by extension 'ros'
[-1781200949160513024.000s] Level 1:colcon.colcon_core.package_identification:_identify(depthai_env/lib/python3.14/site-packages/cv2/gapi/own) by extensions ['cmake', 'python']
[-1781200949160513024.000s] Level 1:colcon.colcon_core.package_identification:_identify(depthai_env/lib/python3.14/site-packages/cv2/gapi/own) by extension 'cmake'
[-1781200949160513024.000s] Level 1:colcon.colcon_core.package_identification:_identify(depthai_env/lib/python3.14/site-packages/cv2/gapi/own) by extension 'python'
[-1781200949160513024.000s] Level 1:colcon.colcon_core.package_identification:_identify(depthai_env/lib/python3.14/site-packages/cv2/gapi/own/detail) by extensions ['ignore', 'ignore_ament_install']
[-1781200949160513024.000s] Level 1:colcon.colcon_core.package_identification:_identify(depthai_env/lib/python3.14/site-packages/cv2/gapi/own/detail) by extension 'ignore'
[-1781200949160513024.000s] Level 1:colcon.colcon_core.package_identification:_identify(depthai_env/lib/python3.14/site-packages/cv2/gapi/own/detail) by extension 'ignore_ament_install'
[-1781200949160513024.000s] Level 1:colcon.colcon_core.package_identification:_identify(depthai_env/lib/python3.14/site-packages/cv2/gapi/own/detail) by extensions ['colcon_pkg']
[-1781200949160513024.000s] Level 1:colcon.colcon_core.package_identification:_identify(depthai_env/lib/python3.14/site-packages/cv2/gapi/own/detail) by extension 'colcon_pkg'
[-1781200949160513024.000s] Level 1:colcon.colcon_core.package_identification:_identify(depthai_env/lib/python3.14/site-packages/cv2/gapi/own/detail) by extensions ['colcon_meta']
[-1781200949160513024.000s] Level 1:colcon.colcon_core.package_identification:_identify(depthai_env/lib/python3.14/site-packages/cv2/gapi/own/detail) by extension 'colcon_meta'
[-1781200949160513024.000s] Level 1:colcon.colcon_core.package_identification:_identify(depthai_env/lib/python3.14/site-packages/cv2/gapi/own/detail) by extensions ['ros']
[-1781200949160513024.000s] Level 1:colcon.colcon_core.package_identification:_identify(depthai_env/lib/python3.14/site-packages/cv2/gapi/own/detail) by extension 'ros'
[-1781200949160513024.000s] Level 1:colcon.colcon_core.package_identification:_identify(depthai_env/lib/python3.14/site-packages/cv2/gapi/own/detail) by extensions ['cmake', 'python']
[-1781200949160513024.000s] Level 1:colcon.colcon_core.package_identification:_identify(depthai_env/lib/python3.14/site-packages/cv2/gapi/own/detail) by extension 'cmake'
[-1781200949160513024.000s] Level 1:colcon.colcon_core.package_identification:_identify(depthai_env/lib/python3.14/site-packages/cv2/gapi/own/detail) by extension 'python'
[-1781200949160513024.000s] Level 1:colcon.colcon_core.package_identification:_identify(depthai_env/lib/python3.14/site-packages/cv2/gapi/render) by extensions ['ignore', 'ignore_ament_install']
[-1781200949160513024.000s] Level 1:colcon.colcon_core.package_identification:_identify(depthai_env/lib/python3.14/site-packages/cv2/gapi/render) by extension 'ignore'
[-1781200949160513024.000s] Level 1:colcon.colcon_core.package_identification:_identify(depthai_env/lib/python3.14/site-packages/cv2/gapi/render) by extension 'ignore_ament_install'
[-1781200949160513024.000s] Level 1:colcon.colcon_core.package_identification:_identify(depthai_env/lib/python3.14/site-packages/cv2/gapi/render) by extensions ['colcon_pkg']
[-1781200949160513024.000s] Level 1:colcon.colcon_core.package_identification:_identify(depthai_env/lib/python3.14/site-packages/cv2/gapi/render) by extension 'colcon_pkg'
[-1781200949160513024.000s] Level 1:colcon.colcon_core.package_identification:_identify(depthai_env/lib/python3.14/site-packages/cv2/gapi/render) by extensions ['colcon_meta']
[-1781200949160513024.000s] Level 1:colcon.colcon_core.package_identification:_identify(depthai_env/lib/python3.14/site-packages/cv2/gapi/render) by extension 'colcon_meta'
[-1781200949160513024.000s] Level 1:colcon.colcon_core.package_identification:_identify(depthai_env/lib/python3.14/site-packages/cv2/gapi/render) by extensions ['ros']
[-1781200949160513024.000s] Level 1:colcon.colcon_core.package_identification:_identify(depthai_env/lib/python3.14/site-packages/cv2/gapi/render) by extension 'ros'
[-1781200949160513024.000s] Level 1:colcon.colcon_core.package_identification:_identify(depthai_env/lib/python3.14/site-packages/cv2/gapi/render) by extensions ['cmake', 'python']
[-1781200949160513024.000s] Level 1:colcon.colcon_core.package_identification:_identify(depthai_env/lib/python3.14/site-packages/cv2/gapi/render) by extension 'cmake'
[-1781200949160513024.000s] Level 1:colcon.colcon_core.package_identification:_identify(depthai_env/lib/python3.14/site-packages/cv2/gapi/render) by extension 'python'
[-1781200949160513024.000s] Level 1:colcon.colcon_core.package_identification:_identify(depthai_env/lib/python3.14/site-packages/cv2/gapi/render/ocv) by extensions ['ignore', 'ignore_ament_install']
[-1781200949160513024.000s] Level 1:colcon.colcon_core.package_identification:_identify(depthai_env/lib/python3.14/site-packages/cv2/gapi/render/ocv) by extension 'ignore'
[-1781200949160513024.000s] Level 1:colcon.colcon_core.package_identification:_identify(depthai_env/lib/python3.14/site-packages/cv2/gapi/render/ocv) by extension 'ignore_ament_install'
[-1781200949160513024.000s] Level 1:colcon.colcon_core.package_identification:_identify(depthai_env/lib/python3.14/site-packages/cv2/gapi/render/ocv) by extensions ['colcon_pkg']
[-1781200949160513024.000s] Level 1:colcon.colcon_core.package_identification:_identify(depthai_env/lib/python3.14/site-packages/cv2/gapi/render/ocv) by extension 'colcon_pkg'
[-1781200949160513024.000s] Level 1:colcon.colcon_core.package_identification:_identify(depthai_env/lib/python3.14/site-packages/cv2/gapi/render/ocv) by extensions ['colcon_meta']
[-1781200949160513024.000s] Level 1:colcon.colcon_core.package_identification:_identify(depthai_env/lib/python3.14/site-packages/cv2/gapi/render/ocv) by extension 'colcon_meta'
[-1781200949160513024.000s] Level 1:colcon.colcon_core.package_identification:_identify(depthai_env/lib/python3.14/site-packages/cv2/gapi/render/ocv) by extensions ['ros']
[-1781200949160513024.000s] Level 1:colcon.colcon_core.package_identification:_identify(depthai_env/lib/python3.14/site-packages/cv2/gapi/render/ocv) by extension 'ros'
[-1781200949160513024.000s] Level 1:colcon.colcon_core.package_identification:_identify(depthai_env/lib/python3.14/site-packages/cv2/gapi/render/ocv) by extensions ['cmake', 'python']
[-1781200949160513024.000s] Level 1:colcon.colcon_core.package_identification:_identify(depthai_env/lib/python3.14/site-packages/cv2/gapi/render/ocv) by extension 'cmake'
[-1781200949160513024.000s] Level 1:colcon.colcon_core.package_identification:_identify(depthai_env/lib/python3.14/site-packages/cv2/gapi/render/ocv) by extension 'python'
[-1781200949160513024.000s] Level 1:colcon.colcon_core.package_identification:_identify(depthai_env/lib/python3.14/site-packages/cv2/gapi/streaming) by extensions ['ignore', 'ignore_ament_install']
[-1781200949160513024.000s] Level 1:colcon.colcon_core.package_identification:_identify(depthai_env/lib/python3.14/site-packages/cv2/gapi/streaming) by extension 'ignore'
[-1781200949160513024.000s] Level 1:colcon.colcon_core.package_identification:_identify(depthai_env/lib/python3.14/site-packages/cv2/gapi/streaming) by extension 'ignore_ament_install'
[-1781200949160513024.000s] Level 1:colcon.colcon_core.package_identification:_identify(depthai_env/lib/python3.14/site-packages/cv2/gapi/streaming) by extensions ['colcon_pkg']
[-1781200949160513024.000s] Level 1:colcon.colcon_core.package_identification:_identify(depthai_env/lib/python3.14/site-packages/cv2/gapi/streaming) by extension 'colcon_pkg'
[-1781200949160513024.000s] Level 1:colcon.colcon_core.package_identification:_identify(depthai_env/lib/python3.14/site-packages/cv2/gapi/streaming) by extensions ['colcon_meta']
[-1781200949160513024.000s] Level 1:colcon.colcon_core.package_identification:_identify(depthai_env/lib/python3.14/site-packages/cv2/gapi/streaming) by extension 'colcon_meta'
[-1781200949160513024.000s] Level 1:colcon.colcon_core.package_identification:_identify(depthai_env/lib/python3.14/site-packages/cv2/gapi/streaming) by extensions ['ros']
[-1781200949160513024.000s] Level 1:colcon.colcon_core.package_identification:_identify(depthai_env/lib/python3.14/site-packages/cv2/gapi/streaming) by extension 'ros'
[-1781200949160513024.000s] Level 1:colcon.colcon_core.package_identification:_identify(depthai_env/lib/python3.14/site-packages/cv2/gapi/streaming) by extensions ['cmake', 'python']
[-1781200949160513024.000s] Level 1:colcon.colcon_core.package_identification:_identify(depthai_env/lib/python3.14/site-packages/cv2/gapi/streaming) by extension 'cmake'
[-1781200949160513024.000s] Level 1:colcon.colcon_core.package_identification:_identify(depthai_env/lib/python3.14/site-packages/cv2/gapi/streaming) by extension 'python'
[-1781200949160513024.000s] Level 1:colcon.colcon_core.package_identification:_identify(depthai_env/lib/python3.14/site-packages/cv2/gapi/video) by extensions ['ignore', 'ignore_ament_install']
[-1781200949160513024.000s] Level 1:colcon.colcon_core.package_identification:_identify(depthai_env/lib/python3.14/site-packages/cv2/gapi/video) by extension 'ignore'
[-1781200949160513024.000s] Level 1:colcon.colcon_core.package_identification:_identify(depthai_env/lib/python3.14/site-packages/cv2/gapi/video) by extension 'ignore_ament_install'
[-1781200949160513024.000s] Level 1:colcon.colcon_core.package_identification:_identify(depthai_env/lib/python3.14/site-packages/cv2/gapi/video) by extensions ['colcon_pkg']
[-1781200949160513024.000s] Level 1:colcon.colcon_core.package_identification:_identify(depthai_env/lib/python3.14/site-packages/cv2/gapi/video) by extension 'colcon_pkg'
[-1781200949160513024.000s] Level 1:colcon.colcon_core.package_identification:_identify(depthai_env/lib/python3.14/site-packages/cv2/gapi/video) by extensions ['colcon_meta']
[-1781200949160513024.000s] Level 1:colcon.colcon_core.package_identification:_identify(depthai_env/lib/python3.14/site-packages/cv2/gapi/video) by extension 'colcon_meta'
[-1781200949160513024.000s] Level 1:colcon.colcon_core.package_identification:_identify(depthai_env/lib/python3.14/site-packages/cv2/gapi/video) by extensions ['ros']
[-1781200949160513024.000s] Level 1:colcon.colcon_core.package_identification:_identify(depthai_env/lib/python3.14/site-packages/cv2/gapi/video) by extension 'ros'
[-1781200949160513024.000s] Level 1:colcon.colcon_core.package_identification:_identify(depthai_env/lib/python3.14/site-packages/cv2/gapi/video) by extensions ['cmake', 'python']
[-1781200949160513024.000s] Level 1:colcon.colcon_core.package_identification:_identify(depthai_env/lib/python3.14/site-packages/cv2/gapi/video) by extension 'cmake'
[-1781200949160513024.000s] Level 1:colcon.colcon_core.package_identification:_identify(depthai_env/lib/python3.14/site-packages/cv2/gapi/video) by extension 'python'
[-1781200949160513024.000s] Level 1:colcon.colcon_core.package_identification:_identify(depthai_env/lib/python3.14/site-packages/cv2/gapi/wip) by extensions ['ignore', 'ignore_ament_install']
[-1781200949160513024.000s] Level 1:colcon.colcon_core.package_identification:_identify(depthai_env/lib/python3.14/site-packages/cv2/gapi/wip) by extension 'ignore'
[-1781200949160513024.000s] Level 1:colcon.colcon_core.package_identification:_identify(depthai_env/lib/python3.14/site-packages/cv2/gapi/wip) by extension 'ignore_ament_install'
[-1781200949160513024.000s] Level 1:colcon.colcon_core.package_identification:_identify(depthai_env/lib/python3.14/site-packages/cv2/gapi/wip) by extensions ['colcon_pkg']
[-1781200949160513024.000s] Level 1:colcon.colcon_core.package_identification:_identify(depthai_env/lib/python3.14/site-packages/cv2/gapi/wip) by extension 'colcon_pkg'
[-1781200949160513024.000s] Level 1:colcon.colcon_core.package_identification:_identify(depthai_env/lib/python3.14/site-packages/cv2/gapi/wip) by extensions ['colcon_meta']
[-1781200949160513024.000s] Level 1:colcon.colcon_core.package_identification:_identify(depthai_env/lib/python3.14/site-packages/cv2/gapi/wip) by extension 'colcon_meta'
[-1781200949160513024.000s] Level 1:colcon.colcon_core.package_identification:_identify(depthai_env/lib/python3.14/site-packages/cv2/gapi/wip) by extensions ['ros']
[-1781200949160513024.000s] Level 1:colcon.colcon_core.package_identification:_identify(depthai_env/lib/python3.14/site-packages/cv2/gapi/wip) by extension 'ros'
[-1781200949160513024.000s] Level 1:colcon.colcon_core.package_identification:_identify(depthai_env/lib/python3.14/site-packages/cv2/gapi/wip) by extensions ['cmake', 'python']
[-1781200949160513024.000s] Level 1:colcon.colcon_core.package_identification:_identify(depthai_env/lib/python3.14/site-packages/cv2/gapi/wip) by extension 'cmake'
[-1781200949160513024.000s] Level 1:colcon.colcon_core.package_identification:_identify(depthai_env/lib/python3.14/site-packages/cv2/gapi/wip) by extension 'python'
[-1781200949160513024.000s] Level 1:colcon.colcon_core.package_identification:_identify(depthai_env/lib/python3.14/site-packages/cv2/gapi/wip/draw) by extensions ['ignore', 'ignore_ament_install']
[-1781200949160513024.000s] Level 1:colcon.colcon_core.package_identification:_identify(depthai_env/lib/python3.14/site-packages/cv2/gapi/wip/draw) by extension 'ignore'
[-1781200949160513024.000s] Level 1:colcon.colcon_core.package_identification:_identify(depthai_env/lib/python3.14/site-packages/cv2/gapi/wip/draw) by extension 'ignore_ament_install'
[-1781200949160513024.000s] Level 1:colcon.colcon_core.package_identification:_identify(depthai_env/lib/python3.14/site-packages/cv2/gapi/wip/draw) by extensions ['colcon_pkg']
[-1781200949160513024.000s] Level 1:colcon.colcon_core.package_identification:_identify(depthai_env/lib/python3.14/site-packages/cv2/gapi/wip/draw) by extension 'colcon_pkg'
[-1781200949160513024.000s] Level 1:colcon.colcon_core.package_identification:_identify(depthai_env/lib/python3.14/site-packages/cv2/gapi/wip/draw) by extensions ['colcon_meta']
[-1781200949160513024.000s] Level 1:colcon.colcon_core.package_identification:_identify(depthai_env/lib/python3.14/site-packages/cv2/gapi/wip/draw) by extension 'colcon_meta'
[-1781200949160513024.000s] Level 1:colcon.colcon_core.package_identification:_identify(depthai_env/lib/python3.14/site-packages/cv2/gapi/wip/draw) by extensions ['ros']
[-1781200949160513024.000s] Level 1:colcon.colcon_core.package_identification:_identify(depthai_env/lib/python3.14/site-packages/cv2/gapi/wip/draw) by extension 'ros'
[-1781200949160513024.000s] Level 1:colcon.colcon_core.package_identification:_identify(depthai_env/lib/python3.14/site-packages/cv2/gapi/wip/draw) by extensions ['cmake', 'python']
[-1781200949160513024.000s] Level 1:colcon.colcon_core.package_identification:_identify(depthai_env/lib/python3.14/site-packages/cv2/gapi/wip/draw) by extension 'cmake'
[-1781200949160513024.000s] Level 1:colcon.colcon_core.package_identification:_identify(depthai_env/lib/python3.14/site-packages/cv2/gapi/wip/draw) by extension 'python'
[-1781200949160513024.000s] Level 1:colcon.colcon_core.package_identification:_identify(depthai_env/lib/python3.14/site-packages/cv2/gapi/wip/gst) by extensions ['ignore', 'ignore_ament_install']
[-1781200949160513024.000s] Level 1:colcon.colcon_core.package_identification:_identify(depthai_env/lib/python3.14/site-packages/cv2/gapi/wip/gst) by extension 'ignore'
[-1781200949160513024.000s] Level 1:colcon.colcon_core.package_identification:_identify(depthai_env/lib/python3.14/site-packages/cv2/gapi/wip/gst) by extension 'ignore_ament_install'
[-1781200949160513024.000s] Level 1:colcon.colcon_core.package_identification:_identify(depthai_env/lib/python3.14/site-packages/cv2/gapi/wip/gst) by extensions ['colcon_pkg']
[-1781200949160513024.000s] Level 1:colcon.colcon_core.package_identification:_identify(depthai_env/lib/python3.14/site-packages/cv2/gapi/wip/gst) by extension 'colcon_pkg'
[-1781200949160513024.000s] Level 1:colcon.colcon_core.package_identification:_identify(depthai_env/lib/python3.14/site-packages/cv2/gapi/wip/gst) by extensions ['colcon_meta']
[-1781200949160513024.000s] Level 1:colcon.colcon_core.package_identification:_identify(depthai_env/lib/python3.14/site-packages/cv2/gapi/wip/gst) by extension 'colcon_meta'
[-1781200949160513024.000s] Level 1:colcon.colcon_core.package_identification:_identify(depthai_env/lib/python3.14/site-packages/cv2/gapi/wip/gst) by extensions ['ros']
[-1781200949160513024.000s] Level 1:colcon.colcon_core.package_identification:_identify(depthai_env/lib/python3.14/site-packages/cv2/gapi/wip/gst) by extension 'ros'
[-1781200949160513024.000s] Level 1:colcon.colcon_core.package_identification:_identify(depthai_env/lib/python3.14/site-packages/cv2/gapi/wip/gst) by extensions ['cmake', 'python']
[-1781200949160513024.000s] Level 1:colcon.colcon_core.package_identification:_identify(depthai_env/lib/python3.14/site-packages/cv2/gapi/wip/gst) by extension 'cmake'
[-1781200949160513024.000s] Level 1:colcon.colcon_core.package_identification:_identify(depthai_env/lib/python3.14/site-packages/cv2/gapi/wip/gst) by extension 'python'
[-1781200949160513024.000s] Level 1:colcon.colcon_core.package_identification:_identify(depthai_env/lib/python3.14/site-packages/cv2/gapi/wip/onevpl) by extensions ['ignore', 'ignore_ament_install']
[-1781200949160513024.000s] Level 1:colcon.colcon_core.package_identification:_identify(depthai_env/lib/python3.14/site-packages/cv2/gapi/wip/onevpl) by extension 'ignore'
[-1781200949160513024.000s] Level 1:colcon.colcon_core.package_identification:_identify(depthai_env/lib/python3.14/site-packages/cv2/gapi/wip/onevpl) by extension 'ignore_ament_install'
[-1781200949160513024.000s] Level 1:colcon.colcon_core.package_identification:_identify(depthai_env/lib/python3.14/site-packages/cv2/gapi/wip/onevpl) by extensions ['colcon_pkg']
[-1781200949160513024.000s] Level 1:colcon.colcon_core.package_identification:_identify(depthai_env/lib/python3.14/site-packages/cv2/gapi/wip/onevpl) by extension 'colcon_pkg'
[-1781200949160513024.000s] Level 1:colcon.colcon_core.package_identification:_identify(depthai_env/lib/python3.14/site-packages/cv2/gapi/wip/onevpl) by extensions ['colcon_meta']
[-1781200949160513024.000s] Level 1:colcon.colcon_core.package_identification:_identify(depthai_env/lib/python3.14/site-packages/cv2/gapi/wip/onevpl) by extension 'colcon_meta'
[-1781200949160513024.000s] Level 1:colcon.colcon_core.package_identification:_identify(depthai_env/lib/python3.14/site-packages/cv2/gapi/wip/onevpl) by extensions ['ros']
[-1781200949160513024.000s] Level 1:colcon.colcon_core.package_identification:_identify(depthai_env/lib/python3.14/site-packages/cv2/gapi/wip/onevpl) by extension 'ros'
[-1781200949160513024.000s] Level 1:colcon.colcon_core.package_identification:_identify(depthai_env/lib/python3.14/site-packages/cv2/gapi/wip/onevpl) by extensions ['cmake', 'python']
[-1781200949160513024.000s] Level 1:colcon.colcon_core.package_identification:_identify(depthai_env/lib/python3.14/site-packages/cv2/gapi/wip/onevpl) by extension 'cmake'
[-1781200949160513024.000s] Level 1:colcon.colcon_core.package_identification:_identify(depthai_env/lib/python3.14/site-packages/cv2/gapi/wip/onevpl) by extension 'python'
[-1781200949160513024.000s] Level 1:colcon.colcon_core.package_identification:_identify(depthai_env/lib/python3.14/site-packages/cv2/instr) by extensions ['ignore', 'ignore_ament_install']
[-1781200949160513024.000s] Level 1:colcon.colcon_core.package_identification:_identify(depthai_env/lib/python3.14/site-packages/cv2/instr) by extension 'ignore'
[-1781200949160513024.000s] Level 1:colcon.colcon_core.package_identification:_identify(depthai_env/lib/python3.14/site-packages/cv2/instr) by extension 'ignore_ament_install'
[-1781200949160513024.000s] Level 1:colcon.colcon_core.package_identification:_identify(depthai_env/lib/python3.14/site-packages/cv2/instr) by extensions ['colcon_pkg']
[-1781200949160513024.000s] Level 1:colcon.colcon_core.package_identification:_identify(depthai_env/lib/python3.14/site-packages/cv2/instr) by extension 'colcon_pkg'
[-1781200949160513024.000s] Level 1:colcon.colcon_core.package_identification:_identify(depthai_env/lib/python3.14/site-packages/cv2/instr) by extensions ['colcon_meta']
[-1781200949160513024.000s] Level 1:colcon.colcon_core.package_identification:_identify(depthai_env/lib/python3.14/site-packages/cv2/instr) by extension 'colcon_meta'
[-1781200949160513024.000s] Level 1:colcon.colcon_core.package_identification:_identify(depthai_env/lib/python3.14/site-packages/cv2/instr) by extensions ['ros']
[-1781200949160513024.000s] Level 1:colcon.colcon_core.package_identification:_identify(depthai_env/lib/python3.14/site-packages/cv2/instr) by extension 'ros'
[-1781200949160513024.000s] Level 1:colcon.colcon_core.package_identification:_identify(depthai_env/lib/python3.14/site-packages/cv2/instr) by extensions ['cmake', 'python']
[-1781200949160513024.000s] Level 1:colcon.colcon_core.package_identification:_identify(depthai_env/lib/python3.14/site-packages/cv2/instr) by extension 'cmake'
[-1781200949160513024.000s] Level 1:colcon.colcon_core.package_identification:_identify(depthai_env/lib/python3.14/site-packages/cv2/instr) by extension 'python'
[-1781200949160513024.000s] Level 1:colcon.colcon_core.package_identification:_identify(depthai_env/lib/python3.14/site-packages/cv2/ipp) by extensions ['ignore', 'ignore_ament_install']
[-1781200949160513024.000s] Level 1:colcon.colcon_core.package_identification:_identify(depthai_env/lib/python3.14/site-packages/cv2/ipp) by extension 'ignore'
[-1781200949160513024.000s] Level 1:colcon.colcon_core.package_identification:_identify(depthai_env/lib/python3.14/site-packages/cv2/ipp) by extension 'ignore_ament_install'
[-1781200949160513024.000s] Level 1:colcon.colcon_core.package_identification:_identify(depthai_env/lib/python3.14/site-packages/cv2/ipp) by extensions ['colcon_pkg']
[-1781200949160513024.000s] Level 1:colcon.colcon_core.package_identification:_identify(depthai_env/lib/python3.14/site-packages/cv2/ipp) by extension 'colcon_pkg'
[-1781200949160513024.000s] Level 1:colcon.colcon_core.package_identification:_identify(depthai_env/lib/python3.14/site-packages/cv2/ipp) by extensions ['colcon_meta']
[-1781200949160513024.000s] Level 1:colcon.colcon_core.package_identification:_identify(depthai_env/lib/python3.14/site-packages/cv2/ipp) by extension 'colcon_meta'
[-1781200949160513024.000s] Level 1:colcon.colcon_core.package_identification:_identify(depthai_env/lib/python3.14/site-packages/cv2/ipp) by extensions ['ros']
[-1781200949160513024.000s] Level 1:colcon.colcon_core.package_identification:_identify(depthai_env/lib/python3.14/site-packages/cv2/ipp) by extension 'ros'
[-1781200949160513024.000s] Level 1:colcon.colcon_core.package_identification:_identify(depthai_env/lib/python3.14/site-packages/cv2/ipp) by extensions ['cmake', 'python']
[-1781200949160513024.000s] Level 1:colcon.colcon_core.package_identification:_identify(depthai_env/lib/python3.14/site-packages/cv2/ipp) by extension 'cmake'
[-1781200949160513024.000s] Level 1:colcon.colcon_core.package_identification:_identify(depthai_env/lib/python3.14/site-packages/cv2/ipp) by extension 'python'
[-1781200949160513024.000s] Level 1:colcon.colcon_core.package_identification:_identify(depthai_env/lib/python3.14/site-packages/cv2/mat_wrapper) by extensions ['ignore', 'ignore_ament_install']
[-1781200949160513024.000s] Level 1:colcon.colcon_core.package_identification:_identify(depthai_env/lib/python3.14/site-packages/cv2/mat_wrapper) by extension 'ignore'
[-1781200949160513024.000s] Level 1:colcon.colcon_core.package_identification:_identify(depthai_env/lib/python3.14/site-packages/cv2/mat_wrapper) by extension 'ignore_ament_install'
[-1781200949160513024.000s] Level 1:colcon.colcon_core.package_identification:_identify(depthai_env/lib/python3.14/site-packages/cv2/mat_wrapper) by extensions ['colcon_pkg']
[-1781200949160513024.000s] Level 1:colcon.colcon_core.package_identification:_identify(depthai_env/lib/python3.14/site-packages/cv2/mat_wrapper) by extension 'colcon_pkg'
[-1781200949160513024.000s] Level 1:colcon.colcon_core.package_identification:_identify(depthai_env/lib/python3.14/site-packages/cv2/mat_wrapper) by extensions ['colcon_meta']
[-1781200949160513024.000s] Level 1:colcon.colcon_core.package_identification:_identify(depthai_env/lib/python3.14/site-packages/cv2/mat_wrapper) by extension 'colcon_meta'
[-1781200949160513024.000s] Level 1:colcon.colcon_core.package_identification:_identify(depthai_env/lib/python3.14/site-packages/cv2/mat_wrapper) by extensions ['ros']
[-1781200949160513024.000s] Level 1:colcon.colcon_core.package_identification:_identify(depthai_env/lib/python3.14/site-packages/cv2/mat_wrapper) by extension 'ros'
[-1781200949160513024.000s] Level 1:colcon.colcon_core.package_identification:_identify(depthai_env/lib/python3.14/site-packages/cv2/mat_wrapper) by extensions ['cmake', 'python']
[-1781200949160513024.000s] Level 1:colcon.colcon_core.package_identification:_identify(depthai_env/lib/python3.14/site-packages/cv2/mat_wrapper) by extension 'cmake'
[-1781200949160513024.000s] Level 1:colcon.colcon_core.package_identification:_identify(depthai_env/lib/python3.14/site-packages/cv2/mat_wrapper) by extension 'python'
[-1781200949160513024.000s] Level 1:colcon.colcon_core.package_identification:_identify(depthai_env/lib/python3.14/site-packages/cv2/mat_wrapper/__pycache__) by extensions ['ignore', 'ignore_ament_install']
[-1781200949160513024.000s] Level 1:colcon.colcon_core.package_identification:_identify(depthai_env/lib/python3.14/site-packages/cv2/mat_wrapper/__pycache__) by extension 'ignore'
[-1781200949160513024.000s] Level 1:colcon.colcon_core.package_identification:_identify(depthai_env/lib/python3.14/site-packages/cv2/mat_wrapper/__pycache__) by extension 'ignore_ament_install'
[-1781200949160513024.000s] Level 1:colcon.colcon_core.package_identification:_identify(depthai_env/lib/python3.14/site-packages/cv2/mat_wrapper/__pycache__) by extensions ['colcon_pkg']
[-1781200949160513024.000s] Level 1:colcon.colcon_core.package_identification:_identify(depthai_env/lib/python3.14/site-packages/cv2/mat_wrapper/__pycache__) by extension 'colcon_pkg'
[-1781200949160513024.000s] Level 1:colcon.colcon_core.package_identification:_identify(depthai_env/lib/python3.14/site-packages/cv2/mat_wrapper/__pycache__) by extensions ['colcon_meta']
[-1781200949160513024.000s] Level 1:colcon.colcon_core.package_identification:_identify(depthai_env/lib/python3.14/site-packages/cv2/mat_wrapper/__pycache__) by extension 'colcon_meta'
[-1781200949160513024.000s] Level 1:colcon.colcon_core.package_identification:_identify(depthai_env/lib/python3.14/site-packages/cv2/mat_wrapper/__pycache__) by extensions ['ros']
[-1781200949160513024.000s] Level 1:colcon.colcon_core.package_identification:_identify(depthai_env/lib/python3.14/site-packages/cv2/mat_wrapper/__pycache__) by extension 'ros'
[-1781200949160513024.000s] Level 1:colcon.colcon_core.package_identification:_identify(depthai_env/lib/python3.14/site-packages/cv2/mat_wrapper/__pycache__) by extensions ['cmake', 'python']
[-1781200949160513024.000s] Level 1:colcon.colcon_core.package_identification:_identify(depthai_env/lib/python3.14/site-packages/cv2/mat_wrapper/__pycache__) by extension 'cmake'
[-1781200949160513024.000s] Level 1:colcon.colcon_core.package_identification:_identify(depthai_env/lib/python3.14/site-packages/cv2/mat_wrapper/__pycache__) by extension 'python'
[-1781200949160513024.000s] Level 1:colcon.colcon_core.package_identification:_identify(depthai_env/lib/python3.14/site-packages/cv2/misc) by extensions ['ignore', 'ignore_ament_install']
[-1781200949160513024.000s] Level 1:colcon.colcon_core.package_identification:_identify(depthai_env/lib/python3.14/site-packages/cv2/misc) by extension 'ignore'
[-1781200949160513024.000s] Level 1:colcon.colcon_core.package_identification:_identify(depthai_env/lib/python3.14/site-packages/cv2/misc) by extension 'ignore_ament_install'
[-1781200949160513024.000s] Level 1:colcon.colcon_core.package_identification:_identify(depthai_env/lib/python3.14/site-packages/cv2/misc) by extensions ['colcon_pkg']
[-1781200949160513024.000s] Level 1:colcon.colcon_core.package_identification:_identify(depthai_env/lib/python3.14/site-packages/cv2/misc) by extension 'colcon_pkg'
[-1781200949160513024.000s] Level 1:colcon.colcon_core.package_identification:_identify(depthai_env/lib/python3.14/site-packages/cv2/misc) by extensions ['colcon_meta']
[-1781200949160513024.000s] Level 1:colcon.colcon_core.package_identification:_identify(depthai_env/lib/python3.14/site-packages/cv2/misc) by extension 'colcon_meta'
[-1781200949160513024.000s] Level 1:colcon.colcon_core.package_identification:_identify(depthai_env/lib/python3.14/site-packages/cv2/misc) by extensions ['ros']
[-1781200949160513024.000s] Level 1:colcon.colcon_core.package_identification:_identify(depthai_env/lib/python3.14/site-packages/cv2/misc) by extension 'ros'
[-1781200949160513024.000s] Level 1:colcon.colcon_core.package_identification:_identify(depthai_env/lib/python3.14/site-packages/cv2/misc) by extensions ['cmake', 'python']
[-1781200949160513024.000s] Level 1:colcon.colcon_core.package_identification:_identify(depthai_env/lib/python3.14/site-packages/cv2/misc) by extension 'cmake'
[-1781200949160513024.000s] Level 1:colcon.colcon_core.package_identification:_identify(depthai_env/lib/python3.14/site-packages/cv2/misc) by extension 'python'
[-1781200949160513024.000s] Level 1:colcon.colcon_core.package_identification:_identify(depthai_env/lib/python3.14/site-packages/cv2/misc/__pycache__) by extensions ['ignore', 'ignore_ament_install']
[-1781200949160513024.000s] Level 1:colcon.colcon_core.package_identification:_identify(depthai_env/lib/python3.14/site-packages/cv2/misc/__pycache__) by extension 'ignore'
[-1781200949160513024.000s] Level 1:colcon.colcon_core.package_identification:_identify(depthai_env/lib/python3.14/site-packages/cv2/misc/__pycache__) by extension 'ignore_ament_install'
[-1781200949160513024.000s] Level 1:colcon.colcon_core.package_identification:_identify(depthai_env/lib/python3.14/site-packages/cv2/misc/__pycache__) by extensions ['colcon_pkg']
[-1781200949160513024.000s] Level 1:colcon.colcon_core.package_identification:_identify(depthai_env/lib/python3.14/site-packages/cv2/misc/__pycache__) by extension 'colcon_pkg'
[-1781200949160513024.000s] Level 1:colcon.colcon_core.package_identification:_identify(depthai_env/lib/python3.14/site-packages/cv2/misc/__pycache__) by extensions ['colcon_meta']
[-1781200949160513024.000s] Level 1:colcon.colcon_core.package_identification:_identify(depthai_env/lib/python3.14/site-packages/cv2/misc/__pycache__) by extension 'colcon_meta'
[-1781200949160513024.000s] Level 1:colcon.colcon_core.package_identification:_identify(depthai_env/lib/python3.14/site-packages/cv2/misc/__pycache__) by extensions ['ros']
[-1781200949160513024.000s] Level 1:colcon.colcon_core.package_identification:_identify(depthai_env/lib/python3.14/site-packages/cv2/misc/__pycache__) by extension 'ros'
[-1781200949160513024.000s] Level 1:colcon.colcon_core.package_identification:_identify(depthai_env/lib/python3.14/site-packages/cv2/misc/__pycache__) by extensions ['cmake', 'python']
[-1781200949160513024.000s] Level 1:colcon.colcon_core.package_identification:_identify(depthai_env/lib/python3.14/site-packages/cv2/misc/__pycache__) by extension 'cmake'
[-1781200949160513024.000s] Level 1:colcon.colcon_core.package_identification:_identify(depthai_env/lib/python3.14/site-packages/cv2/misc/__pycache__) by extension 'python'
[-1781200949160513024.000s] Level 1:colcon.colcon_core.package_identification:_identify(depthai_env/lib/python3.14/site-packages/cv2/ml) by extensions ['ignore', 'ignore_ament_install']
[-1781200949160513024.000s] Level 1:colcon.colcon_core.package_identification:_identify(depthai_env/lib/python3.14/site-packages/cv2/ml) by extension 'ignore'
[-1781200949160513024.000s] Level 1:colcon.colcon_core.package_identification:_identify(depthai_env/lib/python3.14/site-packages/cv2/ml) by extension 'ignore_ament_install'
[-1781200949160513024.000s] Level 1:colcon.colcon_core.package_identification:_identify(depthai_env/lib/python3.14/site-packages/cv2/ml) by extensions ['colcon_pkg']
[-1781200949160513024.000s] Level 1:colcon.colcon_core.package_identification:_identify(depthai_env/lib/python3.14/site-packages/cv2/ml) by extension 'colcon_pkg'
[-1781200949160513024.000s] Level 1:colcon.colcon_core.package_identification:_identify(depthai_env/lib/python3.14/site-packages/cv2/ml) by extensions ['colcon_meta']
[-1781200949160513024.000s] Level 1:colcon.colcon_core.package_identification:_identify(depthai_env/lib/python3.14/site-packages/cv2/ml) by extension 'colcon_meta'
[-1781200949160513024.000s] Level 1:colcon.colcon_core.package_identification:_identify(depthai_env/lib/python3.14/site-packages/cv2/ml) by extensions ['ros']
[-1781200949160513024.000s] Level 1:colcon.colcon_core.package_identification:_identify(depthai_env/lib/python3.14/site-packages/cv2/ml) by extension 'ros'
[-1781200949160513024.000s] Level 1:colcon.colcon_core.package_identification:_identify(depthai_env/lib/python3.14/site-packages/cv2/ml) by extensions ['cmake', 'python']
[-1781200949160513024.000s] Level 1:colcon.colcon_core.package_identification:_identify(depthai_env/lib/python3.14/site-packages/cv2/ml) by extension 'cmake'
[-1781200949160513024.000s] Level 1:colcon.colcon_core.package_identification:_identify(depthai_env/lib/python3.14/site-packages/cv2/ml) by extension 'python'
[-1781200949160513024.000s] Level 1:colcon.colcon_core.package_identification:_identify(depthai_env/lib/python3.14/site-packages/cv2/ocl) by extensions ['ignore', 'ignore_ament_install']
[-1781200949160513024.000s] Level 1:colcon.colcon_core.package_identification:_identify(depthai_env/lib/python3.14/site-packages/cv2/ocl) by extension 'ignore'
[-1781200949160513024.000s] Level 1:colcon.colcon_core.package_identification:_identify(depthai_env/lib/python3.14/site-packages/cv2/ocl) by extension 'ignore_ament_install'
[-1781200949160513024.000s] Level 1:colcon.colcon_core.package_identification:_identify(depthai_env/lib/python3.14/site-packages/cv2/ocl) by extensions ['colcon_pkg']
[-1781200949160513024.000s] Level 1:colcon.colcon_core.package_identification:_identify(depthai_env/lib/python3.14/site-packages/cv2/ocl) by extension 'colcon_pkg'
[-1781200949160513024.000s] Level 1:colcon.colcon_core.package_identification:_identify(depthai_env/lib/python3.14/site-packages/cv2/ocl) by extensions ['colcon_meta']
[-1781200949160513024.000s] Level 1:colcon.colcon_core.package_identification:_identify(depthai_env/lib/python3.14/site-packages/cv2/ocl) by extension 'colcon_meta'
[-1781200949160513024.000s] Level 1:colcon.colcon_core.package_identification:_identify(depthai_env/lib/python3.14/site-packages/cv2/ocl) by extensions ['ros']
[-1781200949160513024.000s] Level 1:colcon.colcon_core.package_identification:_identify(depthai_env/lib/python3.14/site-packages/cv2/ocl) by extension 'ros'
[-1781200949160513024.000s] Level 1:colcon.colcon_core.package_identification:_identify(depthai_env/lib/python3.14/site-packages/cv2/ocl) by extensions ['cmake', 'python']
[-1781200949160513024.000s] Level 1:colcon.colcon_core.package_identification:_identify(depthai_env/lib/python3.14/site-packages/cv2/ocl) by extension 'cmake'
[-1781200949160513024.000s] Level 1:colcon.colcon_core.package_identification:_identify(depthai_env/lib/python3.14/site-packages/cv2/ocl) by extension 'python'
[-1781200949160513024.000s] Level 1:colcon.colcon_core.package_identification:_identify(depthai_env/lib/python3.14/site-packages/cv2/ogl) by extensions ['ignore', 'ignore_ament_install']
[-1781200949160513024.000s] Level 1:colcon.colcon_core.package_identification:_identify(depthai_env/lib/python3.14/site-packages/cv2/ogl) by extension 'ignore'
[-1781200949160513024.000s] Level 1:colcon.colcon_core.package_identification:_identify(depthai_env/lib/python3.14/site-packages/cv2/ogl) by extension 'ignore_ament_install'
[-1781200949160513024.000s] Level 1:colcon.colcon_core.package_identification:_identify(depthai_env/lib/python3.14/site-packages/cv2/ogl) by extensions ['colcon_pkg']
[-1781200949160513024.000s] Level 1:colcon.colcon_core.package_identification:_identify(depthai_env/lib/python3.14/site-packages/cv2/ogl) by extension 'colcon_pkg'
[-1781200949160513024.000s] Level 1:colcon.colcon_core.package_identification:_identify(depthai_env/lib/python3.14/site-packages/cv2/ogl) by extensions ['colcon_meta']
[-1781200949160513024.000s] Level 1:colcon.colcon_core.package_identification:_identify(depthai_env/lib/python3.14/site-packages/cv2/ogl) by extension 'colcon_meta'
[-1781200949160513024.000s] Level 1:colcon.colcon_core.package_identification:_identify(depthai_env/lib/python3.14/site-packages/cv2/ogl) by extensions ['ros']
[-1781200949160513024.000s] Level 1:colcon.colcon_core.package_identification:_identify(depthai_env/lib/python3.14/site-packages/cv2/ogl) by extension 'ros'
[-1781200949160513024.000s] Level 1:colcon.colcon_core.package_identification:_identify(depthai_env/lib/python3.14/site-packages/cv2/ogl) by extensions ['cmake', 'python']
[-1781200949160513024.000s] Level 1:colcon.colcon_core.package_identification:_identify(depthai_env/lib/python3.14/site-packages/cv2/ogl) by extension 'cmake'
[-1781200949160513024.000s] Level 1:colcon.colcon_core.package_identification:_identify(depthai_env/lib/python3.14/site-packages/cv2/ogl) by extension 'python'
[-1781200949160513024.000s] Level 1:colcon.colcon_core.package_identification:_identify(depthai_env/lib/python3.14/site-packages/cv2/parallel) by extensions ['ignore', 'ignore_ament_install']
[-1781200949160513024.000s] Level 1:colcon.colcon_core.package_identification:_identify(depthai_env/lib/python3.14/site-packages/cv2/parallel) by extension 'ignore'
[-1781200949160513024.000s] Level 1:colcon.colcon_core.package_identification:_identify(depthai_env/lib/python3.14/site-packages/cv2/parallel) by extension 'ignore_ament_install'
[-1781200949160513024.000s] Level 1:colcon.colcon_core.package_identification:_identify(depthai_env/lib/python3.14/site-packages/cv2/parallel) by extensions ['colcon_pkg']
[-1781200949160513024.000s] Level 1:colcon.colcon_core.package_identification:_identify(depthai_env/lib/python3.14/site-packages/cv2/parallel) by extension 'colcon_pkg'
[-1781200949160513024.000s] Level 1:colcon.colcon_core.package_identification:_identify(depthai_env/lib/python3.14/site-packages/cv2/parallel) by extensions ['colcon_meta']
[-1781200949160513024.000s] Level 1:colcon.colcon_core.package_identification:_identify(depthai_env/lib/python3.14/site-packages/cv2/parallel) by extension 'colcon_meta'
[-1781200949160513024.000s] Level 1:colcon.colcon_core.package_identification:_identify(depthai_env/lib/python3.14/site-packages/cv2/parallel) by extensions ['ros']
[-1781200949160513024.000s] Level 1:colcon.colcon_core.package_identification:_identify(depthai_env/lib/python3.14/site-packages/cv2/parallel) by extension 'ros'
[-1781200949160513024.000s] Level 1:colcon.colcon_core.package_identification:_identify(depthai_env/lib/python3.14/site-packages/cv2/parallel) by extensions ['cmake', 'python']
[-1781200949160513024.000s] Level 1:colcon.colcon_core.package_identification:_identify(depthai_env/lib/python3.14/site-packages/cv2/parallel) by extension 'cmake'
[-1781200949160513024.000s] Level 1:colcon.colcon_core.package_identification:_identify(depthai_env/lib/python3.14/site-packages/cv2/parallel) by extension 'python'
[-1781200949160513024.000s] Level 1:colcon.colcon_core.package_identification:_identify(depthai_env/lib/python3.14/site-packages/cv2/samples) by extensions ['ignore', 'ignore_ament_install']
[-1781200949160513024.000s] Level 1:colcon.colcon_core.package_identification:_identify(depthai_env/lib/python3.14/site-packages/cv2/samples) by extension 'ignore'
[-1781200949160513024.000s] Level 1:colcon.colcon_core.package_identification:_identify(depthai_env/lib/python3.14/site-packages/cv2/samples) by extension 'ignore_ament_install'
[-1781200949160513024.000s] Level 1:colcon.colcon_core.package_identification:_identify(depthai_env/lib/python3.14/site-packages/cv2/samples) by extensions ['colcon_pkg']
[-1781200949160513024.000s] Level 1:colcon.colcon_core.package_identification:_identify(depthai_env/lib/python3.14/site-packages/cv2/samples) by extension 'colcon_pkg'
[-1781200949160513024.000s] Level 1:colcon.colcon_core.package_identification:_identify(depthai_env/lib/python3.14/site-packages/cv2/samples) by extensions ['colcon_meta']
[-1781200949160513024.000s] Level 1:colcon.colcon_core.package_identification:_identify(depthai_env/lib/python3.14/site-packages/cv2/samples) by extension 'colcon_meta'
[-1781200949160513024.000s] Level 1:colcon.colcon_core.package_identification:_identify(depthai_env/lib/python3.14/site-packages/cv2/samples) by extensions ['ros']
[-1781200949160513024.000s] Level 1:colcon.colcon_core.package_identification:_identify(depthai_env/lib/python3.14/site-packages/cv2/samples) by extension 'ros'
[-1781200949160513024.000s] Level 1:colcon.colcon_core.package_identification:_identify(depthai_env/lib/python3.14/site-packages/cv2/samples) by extensions ['cmake', 'python']
[-1781200949160513024.000s] Level 1:colcon.colcon_core.package_identification:_identify(depthai_env/lib/python3.14/site-packages/cv2/samples) by extension 'cmake'
[-1781200949160513024.000s] Level 1:colcon.colcon_core.package_identification:_identify(depthai_env/lib/python3.14/site-packages/cv2/samples) by extension 'python'
[-1781200949160513024.000s] Level 1:colcon.colcon_core.package_identification:_identify(depthai_env/lib/python3.14/site-packages/cv2/segmentation) by extensions ['ignore', 'ignore_ament_install']
[-1781200949160513024.000s] Level 1:colcon.colcon_core.package_identification:_identify(depthai_env/lib/python3.14/site-packages/cv2/segmentation) by extension 'ignore'
[-1781200949160513024.000s] Level 1:colcon.colcon_core.package_identification:_identify(depthai_env/lib/python3.14/site-packages/cv2/segmentation) by extension 'ignore_ament_install'
[-1781200949160513024.000s] Level 1:colcon.colcon_core.package_identification:_identify(depthai_env/lib/python3.14/site-packages/cv2/segmentation) by extensions ['colcon_pkg']
[-1781200949160513024.000s] Level 1:colcon.colcon_core.package_identification:_identify(depthai_env/lib/python3.14/site-packages/cv2/segmentation) by extension 'colcon_pkg'
[-1781200949160513024.000s] Level 1:colcon.colcon_core.package_identification:_identify(depthai_env/lib/python3.14/site-packages/cv2/segmentation) by extensions ['colcon_meta']
[-1781200949160513024.000s] Level 1:colcon.colcon_core.package_identification:_identify(depthai_env/lib/python3.14/site-packages/cv2/segmentation) by extension 'colcon_meta'
[-1781200949160513024.000s] Level 1:colcon.colcon_core.package_identification:_identify(depthai_env/lib/python3.14/site-packages/cv2/segmentation) by extensions ['ros']
[-1781200949160513024.000s] Level 1:colcon.colcon_core.package_identification:_identify(depthai_env/lib/python3.14/site-packages/cv2/segmentation) by extension 'ros'
[-1781200949160513024.000s] Level 1:colcon.colcon_core.package_identification:_identify(depthai_env/lib/python3.14/site-packages/cv2/segmentation) by extensions ['cmake', 'python']
[-1781200949160513024.000s] Level 1:colcon.colcon_core.package_identification:_identify(depthai_env/lib/python3.14/site-packages/cv2/segmentation) by extension 'cmake'
[-1781200949160513024.000s] Level 1:colcon.colcon_core.package_identification:_identify(depthai_env/lib/python3.14/site-packages/cv2/segmentation) by extension 'python'
[-1781200949160513024.000s] Level 1:colcon.colcon_core.package_identification:_identify(depthai_env/lib/python3.14/site-packages/cv2/typing) by extensions ['ignore', 'ignore_ament_install']
[-1781200949160513024.000s] Level 1:colcon.colcon_core.package_identification:_identify(depthai_env/lib/python3.14/site-packages/cv2/typing) by extension 'ignore'
[-1781200949160513024.000s] Level 1:colcon.colcon_core.package_identification:_identify(depthai_env/lib/python3.14/site-packages/cv2/typing) by extension 'ignore_ament_install'
[-1781200949160513024.000s] Level 1:colcon.colcon_core.package_identification:_identify(depthai_env/lib/python3.14/site-packages/cv2/typing) by extensions ['colcon_pkg']
[-1781200949160513024.000s] Level 1:colcon.colcon_core.package_identification:_identify(depthai_env/lib/python3.14/site-packages/cv2/typing) by extension 'colcon_pkg'
[-1781200949160513024.000s] Level 1:colcon.colcon_core.package_identification:_identify(depthai_env/lib/python3.14/site-packages/cv2/typing) by extensions ['colcon_meta']
[-1781200949160513024.000s] Level 1:colcon.colcon_core.package_identification:_identify(depthai_env/lib/python3.14/site-packages/cv2/typing) by extension 'colcon_meta'
[-1781200949160513024.000s] Level 1:colcon.colcon_core.package_identification:_identify(depthai_env/lib/python3.14/site-packages/cv2/typing) by extensions ['ros']
[-1781200949160513024.000s] Level 1:colcon.colcon_core.package_identification:_identify(depthai_env/lib/python3.14/site-packages/cv2/typing) by extension 'ros'
[-1781200949160513024.000s] Level 1:colcon.colcon_core.package_identification:_identify(depthai_env/lib/python3.14/site-packages/cv2/typing) by extensions ['cmake', 'python']
[-1781200949160513024.000s] Level 1:colcon.colcon_core.package_identification:_identify(depthai_env/lib/python3.14/site-packages/cv2/typing) by extension 'cmake'
[-1781200949160513024.000s] Level 1:colcon.colcon_core.package_identification:_identify(depthai_env/lib/python3.14/site-packages/cv2/typing) by extension 'python'
[-1781200949160513024.000s] Level 1:colcon.colcon_core.package_identification:_identify(depthai_env/lib/python3.14/site-packages/cv2/typing/__pycache__) by extensions ['ignore', 'ignore_ament_install']
[-1781200949160513024.000s] Level 1:colcon.colcon_core.package_identification:_identify(depthai_env/lib/python3.14/site-packages/cv2/typing/__pycache__) by extension 'ignore'
[-1781200949160513024.000s] Level 1:colcon.colcon_core.package_identification:_identify(depthai_env/lib/python3.14/site-packages/cv2/typing/__pycache__) by extension 'ignore_ament_install'
[-1781200949160513024.000s] Level 1:colcon.colcon_core.package_identification:_identify(depthai_env/lib/python3.14/site-packages/cv2/typing/__pycache__) by extensions ['colcon_pkg']
[-1781200949160513024.000s] Level 1:colcon.colcon_core.package_identification:_identify(depthai_env/lib/python3.14/site-packages/cv2/typing/__pycache__) by extension 'colcon_pkg'
[-1781200949160513024.000s] Level 1:colcon.colcon_core.package_identification:_identify(depthai_env/lib/python3.14/site-packages/cv2/typing/__pycache__) by extensions ['colcon_meta']
[-1781200949160513024.000s] Level 1:colcon.colcon_core.package_identification:_identify(depthai_env/lib/python3.14/site-packages/cv2/typing/__pycache__) by extension 'colcon_meta'
[-1781200949160513024.000s] Level 1:colcon.colcon_core.package_identification:_identify(depthai_env/lib/python3.14/site-packages/cv2/typing/__pycache__) by extensions ['ros']
[-1781200949160513024.000s] Level 1:colcon.colcon_core.package_identification:_identify(depthai_env/lib/python3.14/site-packages/cv2/typing/__pycache__) by extension 'ros'
[-1781200949160513024.000s] Level 1:colcon.colcon_core.package_identification:_identify(depthai_env/lib/python3.14/site-packages/cv2/typing/__pycache__) by extensions ['cmake', 'python']
[-1781200949160513024.000s] Level 1:colcon.colcon_core.package_identification:_identify(depthai_env/lib/python3.14/site-packages/cv2/typing/__pycache__) by extension 'cmake'
[-1781200949160513024.000s] Level 1:colcon.colcon_core.package_identification:_identify(depthai_env/lib/python3.14/site-packages/cv2/typing/__pycache__) by extension 'python'
[-1781200949160513024.000s] Level 1:colcon.colcon_core.package_identification:_identify(depthai_env/lib/python3.14/site-packages/cv2/utils) by extensions ['ignore', 'ignore_ament_install']
[-1781200949160513024.000s] Level 1:colcon.colcon_core.package_identification:_identify(depthai_env/lib/python3.14/site-packages/cv2/utils) by extension 'ignore'
[-1781200949160513024.000s] Level 1:colcon.colcon_core.package_identification:_identify(depthai_env/lib/python3.14/site-packages/cv2/utils) by extension 'ignore_ament_install'
[-1781200949160513024.000s] Level 1:colcon.colcon_core.package_identification:_identify(depthai_env/lib/python3.14/site-packages/cv2/utils) by extensions ['colcon_pkg']
[-1781200949160513024.000s] Level 1:colcon.colcon_core.package_identification:_identify(depthai_env/lib/python3.14/site-packages/cv2/utils) by extension 'colcon_pkg'
[-1781200949160513024.000s] Level 1:colcon.colcon_core.package_identification:_identify(depthai_env/lib/python3.14/site-packages/cv2/utils) by extensions ['colcon_meta']
[-1781200949160513024.000s] Level 1:colcon.colcon_core.package_identification:_identify(depthai_env/lib/python3.14/site-packages/cv2/utils) by extension 'colcon_meta'
[-1781200949160513024.000s] Level 1:colcon.colcon_core.package_identification:_identify(depthai_env/lib/python3.14/site-packages/cv2/utils) by extensions ['ros']
[-1781200949160513024.000s] Level 1:colcon.colcon_core.package_identification:_identify(depthai_env/lib/python3.14/site-packages/cv2/utils) by extension 'ros'
[-1781200949160513024.000s] Level 1:colcon.colcon_core.package_identification:_identify(depthai_env/lib/python3.14/site-packages/cv2/utils) by extensions ['cmake', 'python']
[-1781200949160513024.000s] Level 1:colcon.colcon_core.package_identification:_identify(depthai_env/lib/python3.14/site-packages/cv2/utils) by extension 'cmake'
[-1781200949160513024.000s] Level 1:colcon.colcon_core.package_identification:_identify(depthai_env/lib/python3.14/site-packages/cv2/utils) by extension 'python'
[-1781200949160513024.000s] Level 1:colcon.colcon_core.package_identification:_identify(depthai_env/lib/python3.14/site-packages/cv2/utils/__pycache__) by extensions ['ignore', 'ignore_ament_install']
[-1781200949160513024.000s] Level 1:colcon.colcon_core.package_identification:_identify(depthai_env/lib/python3.14/site-packages/cv2/utils/__pycache__) by extension 'ignore'
[-1781200949160513024.000s] Level 1:colcon.colcon_core.package_identification:_identify(depthai_env/lib/python3.14/site-packages/cv2/utils/__pycache__) by extension 'ignore_ament_install'
[-1781200949160513024.000s] Level 1:colcon.colcon_core.package_identification:_identify(depthai_env/lib/python3.14/site-packages/cv2/utils/__pycache__) by extensions ['colcon_pkg']
[-1781200949160513024.000s] Level 1:colcon.colcon_core.package_identification:_identify(depthai_env/lib/python3.14/site-packages/cv2/utils/__pycache__) by extension 'colcon_pkg'
[-1781200949160513024.000s] Level 1:colcon.colcon_core.package_identification:_identify(depthai_env/lib/python3.14/site-packages/cv2/utils/__pycache__) by extensions ['colcon_meta']
[-1781200949160513024.000s] Level 1:colcon.colcon_core.package_identification:_identify(depthai_env/lib/python3.14/site-packages/cv2/utils/__pycache__) by extension 'colcon_meta'
[-1781200949160513024.000s] Level 1:colcon.colcon_core.package_identification:_identify(depthai_env/lib/python3.14/site-packages/cv2/utils/__pycache__) by extensions ['ros']
[-1781200949160513024.000s] Level 1:colcon.colcon_core.package_identification:_identify(depthai_env/lib/python3.14/site-packages/cv2/utils/__pycache__) by extension 'ros'
[-1781200949160513024.000s] Level 1:colcon.colcon_core.package_identification:_identify(depthai_env/lib/python3.14/site-packages/cv2/utils/__pycache__) by extensions ['cmake', 'python']
[-1781200949160513024.000s] Level 1:colcon.colcon_core.package_identification:_identify(depthai_env/lib/python3.14/site-packages/cv2/utils/__pycache__) by extension 'cmake'
[-1781200949160513024.000s] Level 1:colcon.colcon_core.package_identification:_identify(depthai_env/lib/python3.14/site-packages/cv2/utils/__pycache__) by extension 'python'
[-1781200949160513024.000s] Level 1:colcon.colcon_core.package_identification:_identify(depthai_env/lib/python3.14/site-packages/cv2/utils/fs) by extensions ['ignore', 'ignore_ament_install']
[-1781200949160513024.000s] Level 1:colcon.colcon_core.package_identification:_identify(depthai_env/lib/python3.14/site-packages/cv2/utils/fs) by extension 'ignore'
[-1781200949160513024.000s] Level 1:colcon.colcon_core.package_identification:_identify(depthai_env/lib/python3.14/site-packages/cv2/utils/fs) by extension 'ignore_ament_install'
[-1781200949160513024.000s] Level 1:colcon.colcon_core.package_identification:_identify(depthai_env/lib/python3.14/site-packages/cv2/utils/fs) by extensions ['colcon_pkg']
[-1781200949160513024.000s] Level 1:colcon.colcon_core.package_identification:_identify(depthai_env/lib/python3.14/site-packages/cv2/utils/fs) by extension 'colcon_pkg'
[-1781200949160513024.000s] Level 1:colcon.colcon_core.package_identification:_identify(depthai_env/lib/python3.14/site-packages/cv2/utils/fs) by extensions ['colcon_meta']
[-1781200949160513024.000s] Level 1:colcon.colcon_core.package_identification:_identify(depthai_env/lib/python3.14/site-packages/cv2/utils/fs) by extension 'colcon_meta'
[-1781200949160513024.000s] Level 1:colcon.colcon_core.package_identification:_identify(depthai_env/lib/python3.14/site-packages/cv2/utils/fs) by extensions ['ros']
[-1781200949160513024.000s] Level 1:colcon.colcon_core.package_identification:_identify(depthai_env/lib/python3.14/site-packages/cv2/utils/fs) by extension 'ros'
[-1781200949160513024.000s] Level 1:colcon.colcon_core.package_identification:_identify(depthai_env/lib/python3.14/site-packages/cv2/utils/fs) by extensions ['cmake', 'python']
[-1781200949160513024.000s] Level 1:colcon.colcon_core.package_identification:_identify(depthai_env/lib/python3.14/site-packages/cv2/utils/fs) by extension 'cmake'
[-1781200949160513024.000s] Level 1:colcon.colcon_core.package_identification:_identify(depthai_env/lib/python3.14/site-packages/cv2/utils/fs) by extension 'python'
[-1781200949160513024.000s] Level 1:colcon.colcon_core.package_identification:_identify(depthai_env/lib/python3.14/site-packages/cv2/utils/logging) by extensions ['ignore', 'ignore_ament_install']
[-1781200949160513024.000s] Level 1:colcon.colcon_core.package_identification:_identify(depthai_env/lib/python3.14/site-packages/cv2/utils/logging) by extension 'ignore'
[-1781200949160513024.000s] Level 1:colcon.colcon_core.package_identification:_identify(depthai_env/lib/python3.14/site-packages/cv2/utils/logging) by extension 'ignore_ament_install'
[-1781200949160513024.000s] Level 1:colcon.colcon_core.package_identification:_identify(depthai_env/lib/python3.14/site-packages/cv2/utils/logging) by extensions ['colcon_pkg']
[-1781200949160513024.000s] Level 1:colcon.colcon_core.package_identification:_identify(depthai_env/lib/python3.14/site-packages/cv2/utils/logging) by extension 'colcon_pkg'
[-1781200949160513024.000s] Level 1:colcon.colcon_core.package_identification:_identify(depthai_env/lib/python3.14/site-packages/cv2/utils/logging) by extensions ['colcon_meta']
[-1781200949160513024.000s] Level 1:colcon.colcon_core.package_identification:_identify(depthai_env/lib/python3.14/site-packages/cv2/utils/logging) by extension 'colcon_meta'
[-1781200949160513024.000s] Level 1:colcon.colcon_core.package_identification:_identify(depthai_env/lib/python3.14/site-packages/cv2/utils/logging) by extensions ['ros']
[-1781200949160513024.000s] Level 1:colcon.colcon_core.package_identification:_identify(depthai_env/lib/python3.14/site-packages/cv2/utils/logging) by extension 'ros'
[-1781200949160513024.000s] Level 1:colcon.colcon_core.package_identification:_identify(depthai_env/lib/python3.14/site-packages/cv2/utils/logging) by extensions ['cmake', 'python']
[-1781200949160513024.000s] Level 1:colcon.colcon_core.package_identification:_identify(depthai_env/lib/python3.14/site-packages/cv2/utils/logging) by extension 'cmake'
[-1781200949160513024.000s] Level 1:colcon.colcon_core.package_identification:_identify(depthai_env/lib/python3.14/site-packages/cv2/utils/logging) by extension 'python'
[-1781200949160513024.000s] Level 1:colcon.colcon_core.package_identification:_identify(depthai_env/lib/python3.14/site-packages/cv2/utils/nested) by extensions ['ignore', 'ignore_ament_install']
[-1781200949160513024.000s] Level 1:colcon.colcon_core.package_identification:_identify(depthai_env/lib/python3.14/site-packages/cv2/utils/nested) by extension 'ignore'
[-1781200949160513024.000s] Level 1:colcon.colcon_core.package_identification:_identify(depthai_env/lib/python3.14/site-packages/cv2/utils/nested) by extension 'ignore_ament_install'
[-1781200949160513024.000s] Level 1:colcon.colcon_core.package_identification:_identify(depthai_env/lib/python3.14/site-packages/cv2/utils/nested) by extensions ['colcon_pkg']
[-1781200949160513024.000s] Level 1:colcon.colcon_core.package_identification:_identify(depthai_env/lib/python3.14/site-packages/cv2/utils/nested) by extension 'colcon_pkg'
[-1781200949160513024.000s] Level 1:colcon.colcon_core.package_identification:_identify(depthai_env/lib/python3.14/site-packages/cv2/utils/nested) by extensions ['colcon_meta']
[-1781200949160513024.000s] Level 1:colcon.colcon_core.package_identification:_identify(depthai_env/lib/python3.14/site-packages/cv2/utils/nested) by extension 'colcon_meta'
[-1781200949160513024.000s] Level 1:colcon.colcon_core.package_identification:_identify(depthai_env/lib/python3.14/site-packages/cv2/utils/nested) by extensions ['ros']
[-1781200949160513024.000s] Level 1:colcon.colcon_core.package_identification:_identify(depthai_env/lib/python3.14/site-packages/cv2/utils/nested) by extension 'ros'
[-1781200949160513024.000s] Level 1:colcon.colcon_core.package_identification:_identify(depthai_env/lib/python3.14/site-packages/cv2/utils/nested) by extensions ['cmake', 'python']
[-1781200949160513024.000s] Level 1:colcon.colcon_core.package_identification:_identify(depthai_env/lib/python3.14/site-packages/cv2/utils/nested) by extension 'cmake'
[-1781200949160513024.000s] Level 1:colcon.colcon_core.package_identification:_identify(depthai_env/lib/python3.14/site-packages/cv2/utils/nested) by extension 'python'
[-1781200949160513024.000s] Level 1:colcon.colcon_core.package_identification:_identify(depthai_env/lib/python3.14/site-packages/cv2/videoio_registry) by extensions ['ignore', 'ignore_ament_install']
[-1781200949160513024.000s] Level 1:colcon.colcon_core.package_identification:_identify(depthai_env/lib/python3.14/site-packages/cv2/videoio_registry) by extension 'ignore'
[-1781200949160513024.000s] Level 1:colcon.colcon_core.package_identification:_identify(depthai_env/lib/python3.14/site-packages/cv2/videoio_registry) by extension 'ignore_ament_install'
[-1781200949160513024.000s] Level 1:colcon.colcon_core.package_identification:_identify(depthai_env/lib/python3.14/site-packages/cv2/videoio_registry) by extensions ['colcon_pkg']
[-1781200949160513024.000s] Level 1:colcon.colcon_core.package_identification:_identify(depthai_env/lib/python3.14/site-packages/cv2/videoio_registry) by extension 'colcon_pkg'
[-1781200949160513024.000s] Level 1:colcon.colcon_core.package_identification:_identify(depthai_env/lib/python3.14/site-packages/cv2/videoio_registry) by extensions ['colcon_meta']
[-1781200949160513024.000s] Level 1:colcon.colcon_core.package_identification:_identify(depthai_env/lib/python3.14/site-packages/cv2/videoio_registry) by extension 'colcon_meta'
[-1781200949160513024.000s] Level 1:colcon.colcon_core.package_identification:_identify(depthai_env/lib/python3.14/site-packages/cv2/videoio_registry) by extensions ['ros']
[-1781200949160513024.000s] Level 1:colcon.colcon_core.package_identification:_identify(depthai_env/lib/python3.14/site-packages/cv2/videoio_registry) by extension 'ros'
[-1781200949160513024.000s] Level 1:colcon.colcon_core.package_identification:_identify(depthai_env/lib/python3.14/site-packages/cv2/videoio_registry) by extensions ['cmake', 'python']
[-1781200949160513024.000s] Level 1:colcon.colcon_core.package_identification:_identify(depthai_env/lib/python3.14/site-packages/cv2/videoio_registry) by extension 'cmake'
[-1781200949160513024.000s] Level 1:colcon.colcon_core.package_identification:_identify(depthai_env/lib/python3.14/site-packages/cv2/videoio_registry) by extension 'python'
[-1781200949160513024.000s] Level 1:colcon.colcon_core.package_identification:_identify(depthai_env/lib/python3.14/site-packages/depthai) by extensions ['ignore', 'ignore_ament_install']
[-1781200949160513024.000s] Level 1:colcon.colcon_core.package_identification:_identify(depthai_env/lib/python3.14/site-packages/depthai) by extension 'ignore'
[-1781200949160513024.000s] Level 1:colcon.colcon_core.package_identification:_identify(depthai_env/lib/python3.14/site-packages/depthai) by extension 'ignore_ament_install'
[-1781200949160513024.000s] Level 1:colcon.colcon_core.package_identification:_identify(depthai_env/lib/python3.14/site-packages/depthai) by extensions ['colcon_pkg']
[-1781200949160513024.000s] Level 1:colcon.colcon_core.package_identification:_identify(depthai_env/lib/python3.14/site-packages/depthai) by extension 'colcon_pkg'
[-1781200949160513024.000s] Level 1:colcon.colcon_core.package_identification:_identify(depthai_env/lib/python3.14/site-packages/depthai) by extensions ['colcon_meta']
[-1781200949160513024.000s] Level 1:colcon.colcon_core.package_identification:_identify(depthai_env/lib/python3.14/site-packages/depthai) by extension 'colcon_meta'
[-1781200949160513024.000s] Level 1:colcon.colcon_core.package_identification:_identify(depthai_env/lib/python3.14/site-packages/depthai) by extensions ['ros']
[-1781200949160513024.000s] Level 1:colcon.colcon_core.package_identification:_identify(depthai_env/lib/python3.14/site-packages/depthai) by extension 'ros'
[-1781200949160513024.000s] Level 1:colcon.colcon_core.package_identification:_identify(depthai_env/lib/python3.14/site-packages/depthai) by extensions ['cmake', 'python']
[-1781200949160513024.000s] Level 1:colcon.colcon_core.package_identification:_identify(depthai_env/lib/python3.14/site-packages/depthai) by extension 'cmake'
[-1781200949160513024.000s] Level 1:colcon.colcon_core.package_identification:_identify(depthai_env/lib/python3.14/site-packages/depthai) by extension 'python'
[-1781200949160513024.000s] Level 1:colcon.colcon_core.package_identification:_identify(depthai_env/lib/python3.14/site-packages/depthai/filters) by extensions ['ignore', 'ignore_ament_install']
[-1781200949160513024.000s] Level 1:colcon.colcon_core.package_identification:_identify(depthai_env/lib/python3.14/site-packages/depthai/filters) by extension 'ignore'
[-1781200949160513024.000s] Level 1:colcon.colcon_core.package_identification:_identify(depthai_env/lib/python3.14/site-packages/depthai/filters) by extension 'ignore_ament_install'
[-1781200949160513024.000s] Level 1:colcon.colcon_core.package_identification:_identify(depthai_env/lib/python3.14/site-packages/depthai/filters) by extensions ['colcon_pkg']
[-1781200949160513024.000s] Level 1:colcon.colcon_core.package_identification:_identify(depthai_env/lib/python3.14/site-packages/depthai/filters) by extension 'colcon_pkg'
[-1781200949160513024.000s] Level 1:colcon.colcon_core.package_identification:_identify(depthai_env/lib/python3.14/site-packages/depthai/filters) by extensions ['colcon_meta']
[-1781200949160513024.000s] Level 1:colcon.colcon_core.package_identification:_identify(depthai_env/lib/python3.14/site-packages/depthai/filters) by extension 'colcon_meta'
[-1781200949160513024.000s] Level 1:colcon.colcon_core.package_identification:_identify(depthai_env/lib/python3.14/site-packages/depthai/filters) by extensions ['ros']
[-1781200949160513024.000s] Level 1:colcon.colcon_core.package_identification:_identify(depthai_env/lib/python3.14/site-packages/depthai/filters) by extension 'ros'
[-1781200949160513024.000s] Level 1:colcon.colcon_core.package_identification:_identify(depthai_env/lib/python3.14/site-packages/depthai/filters) by extensions ['cmake', 'python']
[-1781200949160513024.000s] Level 1:colcon.colcon_core.package_identification:_identify(depthai_env/lib/python3.14/site-packages/depthai/filters) by extension 'cmake'
[-1781200949160513024.000s] Level 1:colcon.colcon_core.package_identification:_identify(depthai_env/lib/python3.14/site-packages/depthai/filters) by extension 'python'
[-1781200949160513024.000s] Level 1:colcon.colcon_core.package_identification:_identify(depthai_env/lib/python3.14/site-packages/depthai/nn_archive) by extensions ['ignore', 'ignore_ament_install']
[-1781200949160513024.000s] Level 1:colcon.colcon_core.package_identification:_identify(depthai_env/lib/python3.14/site-packages/depthai/nn_archive) by extension 'ignore'
[-1781200949160513024.000s] Level 1:colcon.colcon_core.package_identification:_identify(depthai_env/lib/python3.14/site-packages/depthai/nn_archive) by extension 'ignore_ament_install'
[-1781200949160513024.000s] Level 1:colcon.colcon_core.package_identification:_identify(depthai_env/lib/python3.14/site-packages/depthai/nn_archive) by extensions ['colcon_pkg']
[-1781200949160513024.000s] Level 1:colcon.colcon_core.package_identification:_identify(depthai_env/lib/python3.14/site-packages/depthai/nn_archive) by extension 'colcon_pkg'
[-1781200949160513024.000s] Level 1:colcon.colcon_core.package_identification:_identify(depthai_env/lib/python3.14/site-packages/depthai/nn_archive) by extensions ['colcon_meta']
[-1781200949160513024.000s] Level 1:colcon.colcon_core.package_identification:_identify(depthai_env/lib/python3.14/site-packages/depthai/nn_archive) by extension 'colcon_meta'
[-1781200949160513024.000s] Level 1:colcon.colcon_core.package_identification:_identify(depthai_env/lib/python3.14/site-packages/depthai/nn_archive) by extensions ['ros']
[-1781200949160513024.000s] Level 1:colcon.colcon_core.package_identification:_identify(depthai_env/lib/python3.14/site-packages/depthai/nn_archive) by extension 'ros'
[-1781200949160513024.000s] Level 1:colcon.colcon_core.package_identification:_identify(depthai_env/lib/python3.14/site-packages/depthai/nn_archive) by extensions ['cmake', 'python']
[-1781200949160513024.000s] Level 1:colcon.colcon_core.package_identification:_identify(depthai_env/lib/python3.14/site-packages/depthai/nn_archive) by extension 'cmake'
[-1781200949160513024.000s] Level 1:colcon.colcon_core.package_identification:_identify(depthai_env/lib/python3.14/site-packages/depthai/nn_archive) by extension 'python'
[-1781200949160513024.000s] Level 1:colcon.colcon_core.package_identification:_identify(depthai_env/lib/python3.14/site-packages/depthai/node) by extensions ['ignore', 'ignore_ament_install']
[-1781200949160513024.000s] Level 1:colcon.colcon_core.package_identification:_identify(depthai_env/lib/python3.14/site-packages/depthai/node) by extension 'ignore'
[-1781200949160513024.000s] Level 1:colcon.colcon_core.package_identification:_identify(depthai_env/lib/python3.14/site-packages/depthai/node) by extension 'ignore_ament_install'
[-1781200949160513024.000s] Level 1:colcon.colcon_core.package_identification:_identify(depthai_env/lib/python3.14/site-packages/depthai/node) by extensions ['colcon_pkg']
[-1781200949160513024.000s] Level 1:colcon.colcon_core.package_identification:_identify(depthai_env/lib/python3.14/site-packages/depthai/node) by extension 'colcon_pkg'
[-1781200949160513024.000s] Level 1:colcon.colcon_core.package_identification:_identify(depthai_env/lib/python3.14/site-packages/depthai/node) by extensions ['colcon_meta']
[-1781200949160513024.000s] Level 1:colcon.colcon_core.package_identification:_identify(depthai_env/lib/python3.14/site-packages/depthai/node) by extension 'colcon_meta'
[-1781200949160513024.000s] Level 1:colcon.colcon_core.package_identification:_identify(depthai_env/lib/python3.14/site-packages/depthai/node) by extensions ['ros']
[-1781200949160513024.000s] Level 1:colcon.colcon_core.package_identification:_identify(depthai_env/lib/python3.14/site-packages/depthai/node) by extension 'ros'
[-1781200949160513024.000s] Level 1:colcon.colcon_core.package_identification:_identify(depthai_env/lib/python3.14/site-packages/depthai/node) by extensions ['cmake', 'python']
[-1781200949160513024.000s] Level 1:colcon.colcon_core.package_identification:_identify(depthai_env/lib/python3.14/site-packages/depthai/node) by extension 'cmake'
[-1781200949160513024.000s] Level 1:colcon.colcon_core.package_identification:_identify(depthai_env/lib/python3.14/site-packages/depthai/node) by extension 'python'
[-1781200949160513024.000s] Level 1:colcon.colcon_core.package_identification:_identify(depthai_env/lib/python3.14/site-packages/depthai-3.6.1.dist-info) by extensions ['ignore', 'ignore_ament_install']
[-1781200949160513024.000s] Level 1:colcon.colcon_core.package_identification:_identify(depthai_env/lib/python3.14/site-packages/depthai-3.6.1.dist-info) by extension 'ignore'
[-1781200949160513024.000s] Level 1:colcon.colcon_core.package_identification:_identify(depthai_env/lib/python3.14/site-packages/depthai-3.6.1.dist-info) by extension 'ignore_ament_install'
[-1781200949160513024.000s] Level 1:colcon.colcon_core.package_identification:_identify(depthai_env/lib/python3.14/site-packages/depthai-3.6.1.dist-info) by extensions ['colcon_pkg']
[-1781200949160513024.000s] Level 1:colcon.colcon_core.package_identification:_identify(depthai_env/lib/python3.14/site-packages/depthai-3.6.1.dist-info) by extension 'colcon_pkg'
[-1781200949160513024.000s] Level 1:colcon.colcon_core.package_identification:_identify(depthai_env/lib/python3.14/site-packages/depthai-3.6.1.dist-info) by extensions ['colcon_meta']
[-1781200949160513024.000s] Level 1:colcon.colcon_core.package_identification:_identify(depthai_env/lib/python3.14/site-packages/depthai-3.6.1.dist-info) by extension 'colcon_meta'
[-1781200949160513024.000s] Level 1:colcon.colcon_core.package_identification:_identify(depthai_env/lib/python3.14/site-packages/depthai-3.6.1.dist-info) by extensions ['ros']
[-1781200949160513024.000s] Level 1:colcon.colcon_core.package_identification:_identify(depthai_env/lib/python3.14/site-packages/depthai-3.6.1.dist-info) by extension 'ros'
[-1781200949160513024.000s] Level 1:colcon.colcon_core.package_identification:_identify(depthai_env/lib/python3.14/site-packages/depthai-3.6.1.dist-info) by extensions ['cmake', 'python']
[-1781200949160513024.000s] Level 1:colcon.colcon_core.package_identification:_identify(depthai_env/lib/python3.14/site-packages/depthai-3.6.1.dist-info) by extension 'cmake'
[-1781200949160513024.000s] Level 1:colcon.colcon_core.package_identification:_identify(depthai_env/lib/python3.14/site-packages/depthai-3.6.1.dist-info) by extension 'python'
[-1781200949160513024.000s] Level 1:colcon.colcon_core.package_identification:_identify(depthai_env/lib/python3.14/site-packages/depthai-3.6.1.dist-info/licenses) by extensions ['ignore', 'ignore_ament_install']
[-1781200949160513024.000s] Level 1:colcon.colcon_core.package_identification:_identify(depthai_env/lib/python3.14/site-packages/depthai-3.6.1.dist-info/licenses) by extension 'ignore'
[-1781200949160513024.000s] Level 1:colcon.colcon_core.package_identification:_identify(depthai_env/lib/python3.14/site-packages/depthai-3.6.1.dist-info/licenses) by extension 'ignore_ament_install'
[-1781200949160513024.000s] Level 1:colcon.colcon_core.package_identification:_identify(depthai_env/lib/python3.14/site-packages/depthai-3.6.1.dist-info/licenses) by extensions ['colcon_pkg']
[-1781200949160513024.000s] Level 1:colcon.colcon_core.package_identification:_identify(depthai_env/lib/python3.14/site-packages/depthai-3.6.1.dist-info/licenses) by extension 'colcon_pkg'
[-1781200949160513024.000s] Level 1:colcon.colcon_core.package_identification:_identify(depthai_env/lib/python3.14/site-packages/depthai-3.6.1.dist-info/licenses) by extensions ['colcon_meta']
[-1781200949160513024.000s] Level 1:colcon.colcon_core.package_identification:_identify(depthai_env/lib/python3.14/site-packages/depthai-3.6.1.dist-info/licenses) by extension 'colcon_meta'
[-1781200949160513024.000s] Level 1:colcon.colcon_core.package_identification:_identify(depthai_env/lib/python3.14/site-packages/depthai-3.6.1.dist-info/licenses) by extensions ['ros']
[-1781200949160513024.000s] Level 1:colcon.colcon_core.package_identification:_identify(depthai_env/lib/python3.14/site-packages/depthai-3.6.1.dist-info/licenses) by extension 'ros'
[-1781200949160513024.000s] Level 1:colcon.colcon_core.package_identification:_identify(depthai_env/lib/python3.14/site-packages/depthai-3.6.1.dist-info/licenses) by extensions ['cmake', 'python']
[-1781200949160513024.000s] Level 1:colcon.colcon_core.package_identification:_identify(depthai_env/lib/python3.14/site-packages/depthai-3.6.1.dist-info/licenses) by extension 'cmake'
[-1781200949160513024.000s] Level 1:colcon.colcon_core.package_identification:_identify(depthai_env/lib/python3.14/site-packages/depthai-3.6.1.dist-info/licenses) by extension 'python'
[-1781200949160513024.000s] Level 1:colcon.colcon_core.package_identification:_identify(depthai_env/lib/python3.14/site-packages/depthai_cli) by extensions ['ignore', 'ignore_ament_install']
[-1781200949160513024.000s] Level 1:colcon.colcon_core.package_identification:_identify(depthai_env/lib/python3.14/site-packages/depthai_cli) by extension 'ignore'
[-1781200949160513024.000s] Level 1:colcon.colcon_core.package_identification:_identify(depthai_env/lib/python3.14/site-packages/depthai_cli) by extension 'ignore_ament_install'
[-1781200949160513024.000s] Level 1:colcon.colcon_core.package_identification:_identify(depthai_env/lib/python3.14/site-packages/depthai_cli) by extensions ['colcon_pkg']
[-1781200949160513024.000s] Level 1:colcon.colcon_core.package_identification:_identify(depthai_env/lib/python3.14/site-packages/depthai_cli) by extension 'colcon_pkg'
[-1781200949160513024.000s] Level 1:colcon.colcon_core.package_identification:_identify(depthai_env/lib/python3.14/site-packages/depthai_cli) by extensions ['colcon_meta']
[-1781200949160513024.000s] Level 1:colcon.colcon_core.package_identification:_identify(depthai_env/lib/python3.14/site-packages/depthai_cli) by extension 'colcon_meta'
[-1781200949160513024.000s] Level 1:colcon.colcon_core.package_identification:_identify(depthai_env/lib/python3.14/site-packages/depthai_cli) by extensions ['ros']
[-1781200949160513024.000s] Level 1:colcon.colcon_core.package_identification:_identify(depthai_env/lib/python3.14/site-packages/depthai_cli) by extension 'ros'
[-1781200949160513024.000s] Level 1:colcon.colcon_core.package_identification:_identify(depthai_env/lib/python3.14/site-packages/depthai_cli) by extensions ['cmake', 'python']
[-1781200949160513024.000s] Level 1:colcon.colcon_core.package_identification:_identify(depthai_env/lib/python3.14/site-packages/depthai_cli) by extension 'cmake'
[-1781200949160513024.000s] Level 1:colcon.colcon_core.package_identification:_identify(depthai_env/lib/python3.14/site-packages/depthai_cli) by extension 'python'
[-1781200949160513024.000s] Level 1:colcon.colcon_core.package_identification:_identify(depthai_env/lib/python3.14/site-packages/depthai_cli/__pycache__) by extensions ['ignore', 'ignore_ament_install']
[-1781200949160513024.000s] Level 1:colcon.colcon_core.package_identification:_identify(depthai_env/lib/python3.14/site-packages/depthai_cli/__pycache__) by extension 'ignore'
[-1781200949160513024.000s] Level 1:colcon.colcon_core.package_identification:_identify(depthai_env/lib/python3.14/site-packages/depthai_cli/__pycache__) by extension 'ignore_ament_install'
[-1781200949160513024.000s] Level 1:colcon.colcon_core.package_identification:_identify(depthai_env/lib/python3.14/site-packages/depthai_cli/__pycache__) by extensions ['colcon_pkg']
[-1781200949160513024.000s] Level 1:colcon.colcon_core.package_identification:_identify(depthai_env/lib/python3.14/site-packages/depthai_cli/__pycache__) by extension 'colcon_pkg'
[-1781200949160513024.000s] Level 1:colcon.colcon_core.package_identification:_identify(depthai_env/lib/python3.14/site-packages/depthai_cli/__pycache__) by extensions ['colcon_meta']
[-1781200949160513024.000s] Level 1:colcon.colcon_core.package_identification:_identify(depthai_env/lib/python3.14/site-packages/depthai_cli/__pycache__) by extension 'colcon_meta'
[-1781200949160513024.000s] Level 1:colcon.colcon_core.package_identification:_identify(depthai_env/lib/python3.14/site-packages/depthai_cli/__pycache__) by extensions ['ros']
[-1781200949160513024.000s] Level 1:colcon.colcon_core.package_identification:_identify(depthai_env/lib/python3.14/site-packages/depthai_cli/__pycache__) by extension 'ros'
[-1781200949160513024.000s] Level 1:colcon.colcon_core.package_identification:_identify(depthai_env/lib/python3.14/site-packages/depthai_cli/__pycache__) by extensions ['cmake', 'python']
[-1781200949160513024.000s] Level 1:colcon.colcon_core.package_identification:_identify(depthai_env/lib/python3.14/site-packages/depthai_cli/__pycache__) by extension 'cmake'
[-1781200949160513024.000s] Level 1:colcon.colcon_core.package_identification:_identify(depthai_env/lib/python3.14/site-packages/depthai_cli/__pycache__) by extension 'python'
[-1781200949160513024.000s] Level 1:colcon.colcon_core.package_identification:_identify(depthai_env/lib/python3.14/site-packages/numpy) by extensions ['ignore', 'ignore_ament_install']
[-1781200949160513024.000s] Level 1:colcon.colcon_core.package_identification:_identify(depthai_env/lib/python3.14/site-packages/numpy) by extension 'ignore'
[-1781200949160513024.000s] Level 1:colcon.colcon_core.package_identification:_identify(depthai_env/lib/python3.14/site-packages/numpy) by extension 'ignore_ament_install'
[-1781200949160513024.000s] Level 1:colcon.colcon_core.package_identification:_identify(depthai_env/lib/python3.14/site-packages/numpy) by extensions ['colcon_pkg']
[-1781200949160513024.000s] Level 1:colcon.colcon_core.package_identification:_identify(depthai_env/lib/python3.14/site-packages/numpy) by extension 'colcon_pkg'
[-1781200949160513024.000s] Level 1:colcon.colcon_core.package_identification:_identify(depthai_env/lib/python3.14/site-packages/numpy) by extensions ['colcon_meta']
[-1781200949160513024.000s] Level 1:colcon.colcon_core.package_identification:_identify(depthai_env/lib/python3.14/site-packages/numpy) by extension 'colcon_meta'
[-1781200949160513024.000s] Level 1:colcon.colcon_core.package_identification:_identify(depthai_env/lib/python3.14/site-packages/numpy) by extensions ['ros']
[-1781200949160513024.000s] Level 1:colcon.colcon_core.package_identification:_identify(depthai_env/lib/python3.14/site-packages/numpy) by extension 'ros'
[-1781200949160513024.000s] Level 1:colcon.colcon_core.package_identification:_identify(depthai_env/lib/python3.14/site-packages/numpy) by extensions ['cmake', 'python']
[-1781200949160513024.000s] Level 1:colcon.colcon_core.package_identification:_identify(depthai_env/lib/python3.14/site-packages/numpy) by extension 'cmake'
[-1781200949160513024.000s] Level 1:colcon.colcon_core.package_identification:_identify(depthai_env/lib/python3.14/site-packages/numpy) by extension 'python'
[-1781200949160513024.000s] Level 1:colcon.colcon_core.package_identification:_identify(depthai_env/lib/python3.14/site-packages/numpy/__pycache__) by extensions ['ignore', 'ignore_ament_install']
[-1781200949160513024.000s] Level 1:colcon.colcon_core.package_identification:_identify(depthai_env/lib/python3.14/site-packages/numpy/__pycache__) by extension 'ignore'
[-1781200949160513024.000s] Level 1:colcon.colcon_core.package_identification:_identify(depthai_env/lib/python3.14/site-packages/numpy/__pycache__) by extension 'ignore_ament_install'
[-1781200949160513024.000s] Level 1:colcon.colcon_core.package_identification:_identify(depthai_env/lib/python3.14/site-packages/numpy/__pycache__) by extensions ['colcon_pkg']
[-1781200949160513024.000s] Level 1:colcon.colcon_core.package_identification:_identify(depthai_env/lib/python3.14/site-packages/numpy/__pycache__) by extension 'colcon_pkg'
[-1781200949160513024.000s] Level 1:colcon.colcon_core.package_identification:_identify(depthai_env/lib/python3.14/site-packages/numpy/__pycache__) by extensions ['colcon_meta']
[-1781200949160513024.000s] Level 1:colcon.colcon_core.package_identification:_identify(depthai_env/lib/python3.14/site-packages/numpy/__pycache__) by extension 'colcon_meta'
[-1781200949160513024.000s] Level 1:colcon.colcon_core.package_identification:_identify(depthai_env/lib/python3.14/site-packages/numpy/__pycache__) by extensions ['ros']
[-1781200949160513024.000s] Level 1:colcon.colcon_core.package_identification:_identify(depthai_env/lib/python3.14/site-packages/numpy/__pycache__) by extension 'ros'
[-1781200949160513024.000s] Level 1:colcon.colcon_core.package_identification:_identify(depthai_env/lib/python3.14/site-packages/numpy/__pycache__) by extensions ['cmake', 'python']
[-1781200949160513024.000s] Level 1:colcon.colcon_core.package_identification:_identify(depthai_env/lib/python3.14/site-packages/numpy/__pycache__) by extension 'cmake'
[-1781200949160513024.000s] Level 1:colcon.colcon_core.package_identification:_identify(depthai_env/lib/python3.14/site-packages/numpy/__pycache__) by extension 'python'
[-1781200949160513024.000s] Level 1:colcon.colcon_core.package_identification:_identify(depthai_env/lib/python3.14/site-packages/numpy/_core) by extensions ['ignore', 'ignore_ament_install']
[-1781200949160513024.000s] Level 1:colcon.colcon_core.package_identification:_identify(depthai_env/lib/python3.14/site-packages/numpy/_core) by extension 'ignore'
[-1781200949160513024.000s] Level 1:colcon.colcon_core.package_identification:_identify(depthai_env/lib/python3.14/site-packages/numpy/_core) by extension 'ignore_ament_install'
[-1781200949160513024.000s] Level 1:colcon.colcon_core.package_identification:_identify(depthai_env/lib/python3.14/site-packages/numpy/_core) by extensions ['colcon_pkg']
[-1781200949160513024.000s] Level 1:colcon.colcon_core.package_identification:_identify(depthai_env/lib/python3.14/site-packages/numpy/_core) by extension 'colcon_pkg'
[-1781200949160513024.000s] Level 1:colcon.colcon_core.package_identification:_identify(depthai_env/lib/python3.14/site-packages/numpy/_core) by extensions ['colcon_meta']
[-1781200949160513024.000s] Level 1:colcon.colcon_core.package_identification:_identify(depthai_env/lib/python3.14/site-packages/numpy/_core) by extension 'colcon_meta'
[-1781200949160513024.000s] Level 1:colcon.colcon_core.package_identification:_identify(depthai_env/lib/python3.14/site-packages/numpy/_core) by extensions ['ros']
[-1781200949160513024.000s] Level 1:colcon.colcon_core.package_identification:_identify(depthai_env/lib/python3.14/site-packages/numpy/_core) by extension 'ros'
[-1781200949160513024.000s] Level 1:colcon.colcon_core.package_identification:_identify(depthai_env/lib/python3.14/site-packages/numpy/_core) by extensions ['cmake', 'python']
[-1781200949160513024.000s] Level 1:colcon.colcon_core.package_identification:_identify(depthai_env/lib/python3.14/site-packages/numpy/_core) by extension 'cmake'
[-1781200949160513024.000s] Level 1:colcon.colcon_core.package_identification:_identify(depthai_env/lib/python3.14/site-packages/numpy/_core) by extension 'python'
[-1781200949160513024.000s] Level 1:colcon.colcon_core.package_identification:_identify(depthai_env/lib/python3.14/site-packages/numpy/_core/__pycache__) by extensions ['ignore', 'ignore_ament_install']
[-1781200949160513024.000s] Level 1:colcon.colcon_core.package_identification:_identify(depthai_env/lib/python3.14/site-packages/numpy/_core/__pycache__) by extension 'ignore'
[-1781200949160513024.000s] Level 1:colcon.colcon_core.package_identification:_identify(depthai_env/lib/python3.14/site-packages/numpy/_core/__pycache__) by extension 'ignore_ament_install'
[-1781200949160513024.000s] Level 1:colcon.colcon_core.package_identification:_identify(depthai_env/lib/python3.14/site-packages/numpy/_core/__pycache__) by extensions ['colcon_pkg']
[-1781200949160513024.000s] Level 1:colcon.colcon_core.package_identification:_identify(depthai_env/lib/python3.14/site-packages/numpy/_core/__pycache__) by extension 'colcon_pkg'
[-1781200949160513024.000s] Level 1:colcon.colcon_core.package_identification:_identify(depthai_env/lib/python3.14/site-packages/numpy/_core/__pycache__) by extensions ['colcon_meta']
[-1781200949160513024.000s] Level 1:colcon.colcon_core.package_identification:_identify(depthai_env/lib/python3.14/site-packages/numpy/_core/__pycache__) by extension 'colcon_meta'
[-1781200949160513024.000s] Level 1:colcon.colcon_core.package_identification:_identify(depthai_env/lib/python3.14/site-packages/numpy/_core/__pycache__) by extensions ['ros']
[-1781200949160513024.000s] Level 1:colcon.colcon_core.package_identification:_identify(depthai_env/lib/python3.14/site-packages/numpy/_core/__pycache__) by extension 'ros'
[-1781200949160513024.000s] Level 1:colcon.colcon_core.package_identification:_identify(depthai_env/lib/python3.14/site-packages/numpy/_core/__pycache__) by extensions ['cmake', 'python']
[-1781200949160513024.000s] Level 1:colcon.colcon_core.package_identification:_identify(depthai_env/lib/python3.14/site-packages/numpy/_core/__pycache__) by extension 'cmake'
[-1781200949160513024.000s] Level 1:colcon.colcon_core.package_identification:_identify(depthai_env/lib/python3.14/site-packages/numpy/_core/__pycache__) by extension 'python'
[-1781200949160513024.000s] Level 1:colcon.colcon_core.package_identification:_identify(depthai_env/lib/python3.14/site-packages/numpy/_core/include) by extensions ['ignore', 'ignore_ament_install']
[-1781200949160513024.000s] Level 1:colcon.colcon_core.package_identification:_identify(depthai_env/lib/python3.14/site-packages/numpy/_core/include) by extension 'ignore'
[-1781200949160513024.000s] Level 1:colcon.colcon_core.package_identification:_identify(depthai_env/lib/python3.14/site-packages/numpy/_core/include) by extension 'ignore_ament_install'
[-1781200949160513024.000s] Level 1:colcon.colcon_core.package_identification:_identify(depthai_env/lib/python3.14/site-packages/numpy/_core/include) by extensions ['colcon_pkg']
[-1781200949160513024.000s] Level 1:colcon.colcon_core.package_identification:_identify(depthai_env/lib/python3.14/site-packages/numpy/_core/include) by extension 'colcon_pkg'
[-1781200949160513024.000s] Level 1:colcon.colcon_core.package_identification:_identify(depthai_env/lib/python3.14/site-packages/numpy/_core/include) by extensions ['colcon_meta']
[-1781200949160513024.000s] Level 1:colcon.colcon_core.package_identification:_identify(depthai_env/lib/python3.14/site-packages/numpy/_core/include) by extension 'colcon_meta'
[-1781200949160513024.000s] Level 1:colcon.colcon_core.package_identification:_identify(depthai_env/lib/python3.14/site-packages/numpy/_core/include) by extensions ['ros']
[-1781200949160513024.000s] Level 1:colcon.colcon_core.package_identification:_identify(depthai_env/lib/python3.14/site-packages/numpy/_core/include) by extension 'ros'
[-1781200949160513024.000s] Level 1:colcon.colcon_core.package_identification:_identify(depthai_env/lib/python3.14/site-packages/numpy/_core/include) by extensions ['cmake', 'python']
[-1781200949160513024.000s] Level 1:colcon.colcon_core.package_identification:_identify(depthai_env/lib/python3.14/site-packages/numpy/_core/include) by extension 'cmake'
[-1781200949160513024.000s] Level 1:colcon.colcon_core.package_identification:_identify(depthai_env/lib/python3.14/site-packages/numpy/_core/include) by extension 'python'
[-1781200949160513024.000s] Level 1:colcon.colcon_core.package_identification:_identify(depthai_env/lib/python3.14/site-packages/numpy/_core/include/numpy) by extensions ['ignore', 'ignore_ament_install']
[-1781200949160513024.000s] Level 1:colcon.colcon_core.package_identification:_identify(depthai_env/lib/python3.14/site-packages/numpy/_core/include/numpy) by extension 'ignore'
[-1781200949160513024.000s] Level 1:colcon.colcon_core.package_identification:_identify(depthai_env/lib/python3.14/site-packages/numpy/_core/include/numpy) by extension 'ignore_ament_install'
[-1781200949160513024.000s] Level 1:colcon.colcon_core.package_identification:_identify(depthai_env/lib/python3.14/site-packages/numpy/_core/include/numpy) by extensions ['colcon_pkg']
[-1781200949160513024.000s] Level 1:colcon.colcon_core.package_identification:_identify(depthai_env/lib/python3.14/site-packages/numpy/_core/include/numpy) by extension 'colcon_pkg'
[-1781200949160513024.000s] Level 1:colcon.colcon_core.package_identification:_identify(depthai_env/lib/python3.14/site-packages/numpy/_core/include/numpy) by extensions ['colcon_meta']
[-1781200949160513024.000s] Level 1:colcon.colcon_core.package_identification:_identify(depthai_env/lib/python3.14/site-packages/numpy/_core/include/numpy) by extension 'colcon_meta'
[-1781200949160513024.000s] Level 1:colcon.colcon_core.package_identification:_identify(depthai_env/lib/python3.14/site-packages/numpy/_core/include/numpy) by extensions ['ros']
[-1781200949160513024.000s] Level 1:colcon.colcon_core.package_identification:_identify(depthai_env/lib/python3.14/site-packages/numpy/_core/include/numpy) by extension 'ros'
[-1781200949160513024.000s] Level 1:colcon.colcon_core.package_identification:_identify(depthai_env/lib/python3.14/site-packages/numpy/_core/include/numpy) by extensions ['cmake', 'python']
[-1781200949160513024.000s] Level 1:colcon.colcon_core.package_identification:_identify(depthai_env/lib/python3.14/site-packages/numpy/_core/include/numpy) by extension 'cmake'
[-1781200949160513024.000s] Level 1:colcon.colcon_core.package_identification:_identify(depthai_env/lib/python3.14/site-packages/numpy/_core/include/numpy) by extension 'python'
[-1781200949160513024.000s] Level 1:colcon.colcon_core.package_identification:_identify(depthai_env/lib/python3.14/site-packages/numpy/_core/include/numpy/random) by extensions ['ignore', 'ignore_ament_install']
[-1781200949160513024.000s] Level 1:colcon.colcon_core.package_identification:_identify(depthai_env/lib/python3.14/site-packages/numpy/_core/include/numpy/random) by extension 'ignore'
[-1781200949160513024.000s] Level 1:colcon.colcon_core.package_identification:_identify(depthai_env/lib/python3.14/site-packages/numpy/_core/include/numpy/random) by extension 'ignore_ament_install'
[-1781200949160513024.000s] Level 1:colcon.colcon_core.package_identification:_identify(depthai_env/lib/python3.14/site-packages/numpy/_core/include/numpy/random) by extensions ['colcon_pkg']
[-1781200949160513024.000s] Level 1:colcon.colcon_core.package_identification:_identify(depthai_env/lib/python3.14/site-packages/numpy/_core/include/numpy/random) by extension 'colcon_pkg'
[-1781200949160513024.000s] Level 1:colcon.colcon_core.package_identification:_identify(depthai_env/lib/python3.14/site-packages/numpy/_core/include/numpy/random) by extensions ['colcon_meta']
[-1781200949160513024.000s] Level 1:colcon.colcon_core.package_identification:_identify(depthai_env/lib/python3.14/site-packages/numpy/_core/include/numpy/random) by extension 'colcon_meta'
[-1781200949160513024.000s] Level 1:colcon.colcon_core.package_identification:_identify(depthai_env/lib/python3.14/site-packages/numpy/_core/include/numpy/random) by extensions ['ros']
[-1781200949160513024.000s] Level 1:colcon.colcon_core.package_identification:_identify(depthai_env/lib/python3.14/site-packages/numpy/_core/include/numpy/random) by extension 'ros'
[-1781200949160513024.000s] Level 1:colcon.colcon_core.package_identification:_identify(depthai_env/lib/python3.14/site-packages/numpy/_core/include/numpy/random) by extensions ['cmake', 'python']
[-1781200949160513024.000s] Level 1:colcon.colcon_core.package_identification:_identify(depthai_env/lib/python3.14/site-packages/numpy/_core/include/numpy/random) by extension 'cmake'
[-1781200949160513024.000s] Level 1:colcon.colcon_core.package_identification:_identify(depthai_env/lib/python3.14/site-packages/numpy/_core/include/numpy/random) by extension 'python'
[-1781200949160513024.000s] Level 1:colcon.colcon_core.package_identification:_identify(depthai_env/lib/python3.14/site-packages/numpy/_core/lib) by extensions ['ignore', 'ignore_ament_install']
[-1781200949160513024.000s] Level 1:colcon.colcon_core.package_identification:_identify(depthai_env/lib/python3.14/site-packages/numpy/_core/lib) by extension 'ignore'
[-1781200949160513024.000s] Level 1:colcon.colcon_core.package_identification:_identify(depthai_env/lib/python3.14/site-packages/numpy/_core/lib) by extension 'ignore_ament_install'
[-1781200949160513024.000s] Level 1:colcon.colcon_core.package_identification:_identify(depthai_env/lib/python3.14/site-packages/numpy/_core/lib) by extensions ['colcon_pkg']
[-1781200949160513024.000s] Level 1:colcon.colcon_core.package_identification:_identify(depthai_env/lib/python3.14/site-packages/numpy/_core/lib) by extension 'colcon_pkg'
[-1781200949160513024.000s] Level 1:colcon.colcon_core.package_identification:_identify(depthai_env/lib/python3.14/site-packages/numpy/_core/lib) by extensions ['colcon_meta']
[-1781200949160513024.000s] Level 1:colcon.colcon_core.package_identification:_identify(depthai_env/lib/python3.14/site-packages/numpy/_core/lib) by extension 'colcon_meta'
[-1781200949160513024.000s] Level 1:colcon.colcon_core.package_identification:_identify(depthai_env/lib/python3.14/site-packages/numpy/_core/lib) by extensions ['ros']
[-1781200949160513024.000s] Level 1:colcon.colcon_core.package_identification:_identify(depthai_env/lib/python3.14/site-packages/numpy/_core/lib) by extension 'ros'
[-1781200949160513024.000s] Level 1:colcon.colcon_core.package_identification:_identify(depthai_env/lib/python3.14/site-packages/numpy/_core/lib) by extensions ['cmake', 'python']
[-1781200949160513024.000s] Level 1:colcon.colcon_core.package_identification:_identify(depthai_env/lib/python3.14/site-packages/numpy/_core/lib) by extension 'cmake'
[-1781200949160513024.000s] Level 1:colcon.colcon_core.package_identification:_identify(depthai_env/lib/python3.14/site-packages/numpy/_core/lib) by extension 'python'
[-1781200949160513024.000s] Level 1:colcon.colcon_core.package_identification:_identify(depthai_env/lib/python3.14/site-packages/numpy/_core/lib/npy-pkg-config) by extensions ['ignore', 'ignore_ament_install']
[-1781200949160513024.000s] Level 1:colcon.colcon_core.package_identification:_identify(depthai_env/lib/python3.14/site-packages/numpy/_core/lib/npy-pkg-config) by extension 'ignore'
[-1781200949160513024.000s] Level 1:colcon.colcon_core.package_identification:_identify(depthai_env/lib/python3.14/site-packages/numpy/_core/lib/npy-pkg-config) by extension 'ignore_ament_install'
[-1781200949160513024.000s] Level 1:colcon.colcon_core.package_identification:_identify(depthai_env/lib/python3.14/site-packages/numpy/_core/lib/npy-pkg-config) by extensions ['colcon_pkg']
[-1781200949160513024.000s] Level 1:colcon.colcon_core.package_identification:_identify(depthai_env/lib/python3.14/site-packages/numpy/_core/lib/npy-pkg-config) by extension 'colcon_pkg'
[-1781200949160513024.000s] Level 1:colcon.colcon_core.package_identification:_identify(depthai_env/lib/python3.14/site-packages/numpy/_core/lib/npy-pkg-config) by extensions ['colcon_meta']
[-1781200949160513024.000s] Level 1:colcon.colcon_core.package_identification:_identify(depthai_env/lib/python3.14/site-packages/numpy/_core/lib/npy-pkg-config) by extension 'colcon_meta'
[-1781200949160513024.000s] Level 1:colcon.colcon_core.package_identification:_identify(depthai_env/lib/python3.14/site-packages/numpy/_core/lib/npy-pkg-config) by extensions ['ros']
[-1781200949160513024.000s] Level 1:colcon.colcon_core.package_identification:_identify(depthai_env/lib/python3.14/site-packages/numpy/_core/lib/npy-pkg-config) by extension 'ros'
[-1781200949160513024.000s] Level 1:colcon.colcon_core.package_identification:_identify(depthai_env/lib/python3.14/site-packages/numpy/_core/lib/npy-pkg-config) by extensions ['cmake', 'python']
[-1781200949160513024.000s] Level 1:colcon.colcon_core.package_identification:_identify(depthai_env/lib/python3.14/site-packages/numpy/_core/lib/npy-pkg-config) by extension 'cmake'
[-1781200949160513024.000s] Level 1:colcon.colcon_core.package_identification:_identify(depthai_env/lib/python3.14/site-packages/numpy/_core/lib/npy-pkg-config) by extension 'python'
[-1781200949160513024.000s] Level 1:colcon.colcon_core.package_identification:_identify(depthai_env/lib/python3.14/site-packages/numpy/_core/lib/pkgconfig) by extensions ['ignore', 'ignore_ament_install']
[-1781200949160513024.000s] Level 1:colcon.colcon_core.package_identification:_identify(depthai_env/lib/python3.14/site-packages/numpy/_core/lib/pkgconfig) by extension 'ignore'
[-1781200949160513024.000s] Level 1:colcon.colcon_core.package_identification:_identify(depthai_env/lib/python3.14/site-packages/numpy/_core/lib/pkgconfig) by extension 'ignore_ament_install'
[-1781200949160513024.000s] Level 1:colcon.colcon_core.package_identification:_identify(depthai_env/lib/python3.14/site-packages/numpy/_core/lib/pkgconfig) by extensions ['colcon_pkg']
[-1781200949160513024.000s] Level 1:colcon.colcon_core.package_identification:_identify(depthai_env/lib/python3.14/site-packages/numpy/_core/lib/pkgconfig) by extension 'colcon_pkg'
[-1781200949160513024.000s] Level 1:colcon.colcon_core.package_identification:_identify(depthai_env/lib/python3.14/site-packages/numpy/_core/lib/pkgconfig) by extensions ['colcon_meta']
[-1781200949160513024.000s] Level 1:colcon.colcon_core.package_identification:_identify(depthai_env/lib/python3.14/site-packages/numpy/_core/lib/pkgconfig) by extension 'colcon_meta'
[-1781200949160513024.000s] Level 1:colcon.colcon_core.package_identification:_identify(depthai_env/lib/python3.14/site-packages/numpy/_core/lib/pkgconfig) by extensions ['ros']
[-1781200949160513024.000s] Level 1:colcon.colcon_core.package_identification:_identify(depthai_env/lib/python3.14/site-packages/numpy/_core/lib/pkgconfig) by extension 'ros'
[-1781200949160513024.000s] Level 1:colcon.colcon_core.package_identification:_identify(depthai_env/lib/python3.14/site-packages/numpy/_core/lib/pkgconfig) by extensions ['cmake', 'python']
[-1781200949160513024.000s] Level 1:colcon.colcon_core.package_identification:_identify(depthai_env/lib/python3.14/site-packages/numpy/_core/lib/pkgconfig) by extension 'cmake'
[-1781200949160513024.000s] Level 1:colcon.colcon_core.package_identification:_identify(depthai_env/lib/python3.14/site-packages/numpy/_core/lib/pkgconfig) by extension 'python'
[-1781200949160513024.000s] Level 1:colcon.colcon_core.package_identification:_identify(depthai_env/lib/python3.14/site-packages/numpy/_core/tests) by extensions ['ignore', 'ignore_ament_install']
[-1781200949160513024.000s] Level 1:colcon.colcon_core.package_identification:_identify(depthai_env/lib/python3.14/site-packages/numpy/_core/tests) by extension 'ignore'
[-1781200949160513024.000s] Level 1:colcon.colcon_core.package_identification:_identify(depthai_env/lib/python3.14/site-packages/numpy/_core/tests) by extension 'ignore_ament_install'
[-1781200949160513024.000s] Level 1:colcon.colcon_core.package_identification:_identify(depthai_env/lib/python3.14/site-packages/numpy/_core/tests) by extensions ['colcon_pkg']
[-1781200949160513024.000s] Level 1:colcon.colcon_core.package_identification:_identify(depthai_env/lib/python3.14/site-packages/numpy/_core/tests) by extension 'colcon_pkg'
[-1781200949160513024.000s] Level 1:colcon.colcon_core.package_identification:_identify(depthai_env/lib/python3.14/site-packages/numpy/_core/tests) by extensions ['colcon_meta']
[-1781200949160513024.000s] Level 1:colcon.colcon_core.package_identification:_identify(depthai_env/lib/python3.14/site-packages/numpy/_core/tests) by extension 'colcon_meta'
[-1781200949160513024.000s] Level 1:colcon.colcon_core.package_identification:_identify(depthai_env/lib/python3.14/site-packages/numpy/_core/tests) by extensions ['ros']
[-1781200949160513024.000s] Level 1:colcon.colcon_core.package_identification:_identify(depthai_env/lib/python3.14/site-packages/numpy/_core/tests) by extension 'ros'
[-1781200949160513024.000s] Level 1:colcon.colcon_core.package_identification:_identify(depthai_env/lib/python3.14/site-packages/numpy/_core/tests) by extensions ['cmake', 'python']
[-1781200949160513024.000s] Level 1:colcon.colcon_core.package_identification:_identify(depthai_env/lib/python3.14/site-packages/numpy/_core/tests) by extension 'cmake'
[-1781200949160513024.000s] Level 1:colcon.colcon_core.package_identification:_identify(depthai_env/lib/python3.14/site-packages/numpy/_core/tests) by extension 'python'
[-1781200949160513024.000s] Level 1:colcon.colcon_core.package_identification:_identify(depthai_env/lib/python3.14/site-packages/numpy/_core/tests/__pycache__) by extensions ['ignore', 'ignore_ament_install']
[-1781200949160513024.000s] Level 1:colcon.colcon_core.package_identification:_identify(depthai_env/lib/python3.14/site-packages/numpy/_core/tests/__pycache__) by extension 'ignore'
[-1781200949160513024.000s] Level 1:colcon.colcon_core.package_identification:_identify(depthai_env/lib/python3.14/site-packages/numpy/_core/tests/__pycache__) by extension 'ignore_ament_install'
[-1781200949160513024.000s] Level 1:colcon.colcon_core.package_identification:_identify(depthai_env/lib/python3.14/site-packages/numpy/_core/tests/__pycache__) by extensions ['colcon_pkg']
[-1781200949160513024.000s] Level 1:colcon.colcon_core.package_identification:_identify(depthai_env/lib/python3.14/site-packages/numpy/_core/tests/__pycache__) by extension 'colcon_pkg'
[-1781200949160513024.000s] Level 1:colcon.colcon_core.package_identification:_identify(depthai_env/lib/python3.14/site-packages/numpy/_core/tests/__pycache__) by extensions ['colcon_meta']
[-1781200949160513024.000s] Level 1:colcon.colcon_core.package_identification:_identify(depthai_env/lib/python3.14/site-packages/numpy/_core/tests/__pycache__) by extension 'colcon_meta'
[-1781200949160513024.000s] Level 1:colcon.colcon_core.package_identification:_identify(depthai_env/lib/python3.14/site-packages/numpy/_core/tests/__pycache__) by extensions ['ros']
[-1781200949160513024.000s] Level 1:colcon.colcon_core.package_identification:_identify(depthai_env/lib/python3.14/site-packages/numpy/_core/tests/__pycache__) by extension 'ros'
[-1781200949160513024.000s] Level 1:colcon.colcon_core.package_identification:_identify(depthai_env/lib/python3.14/site-packages/numpy/_core/tests/__pycache__) by extensions ['cmake', 'python']
[-1781200949160513024.000s] Level 1:colcon.colcon_core.package_identification:_identify(depthai_env/lib/python3.14/site-packages/numpy/_core/tests/__pycache__) by extension 'cmake'
[-1781200949160513024.000s] Level 1:colcon.colcon_core.package_identification:_identify(depthai_env/lib/python3.14/site-packages/numpy/_core/tests/__pycache__) by extension 'python'
[-1781200949160513024.000s] Level 1:colcon.colcon_core.package_identification:_identify(depthai_env/lib/python3.14/site-packages/numpy/_core/tests/data) by extensions ['ignore', 'ignore_ament_install']
[-1781200949160513024.000s] Level 1:colcon.colcon_core.package_identification:_identify(depthai_env/lib/python3.14/site-packages/numpy/_core/tests/data) by extension 'ignore'
[-1781200949160513024.000s] Level 1:colcon.colcon_core.package_identification:_identify(depthai_env/lib/python3.14/site-packages/numpy/_core/tests/data) by extension 'ignore_ament_install'
[-1781200949160513024.000s] Level 1:colcon.colcon_core.package_identification:_identify(depthai_env/lib/python3.14/site-packages/numpy/_core/tests/data) by extensions ['colcon_pkg']
[-1781200949160513024.000s] Level 1:colcon.colcon_core.package_identification:_identify(depthai_env/lib/python3.14/site-packages/numpy/_core/tests/data) by extension 'colcon_pkg'
[-1781200949160513024.000s] Level 1:colcon.colcon_core.package_identification:_identify(depthai_env/lib/python3.14/site-packages/numpy/_core/tests/data) by extensions ['colcon_meta']
[-1781200949160513024.000s] Level 1:colcon.colcon_core.package_identification:_identify(depthai_env/lib/python3.14/site-packages/numpy/_core/tests/data) by extension 'colcon_meta'
[-1781200949160513024.000s] Level 1:colcon.colcon_core.package_identification:_identify(depthai_env/lib/python3.14/site-packages/numpy/_core/tests/data) by extensions ['ros']
[-1781200949160513024.000s] Level 1:colcon.colcon_core.package_identification:_identify(depthai_env/lib/python3.14/site-packages/numpy/_core/tests/data) by extension 'ros'
[-1781200949160513024.000s] Level 1:colcon.colcon_core.package_identification:_identify(depthai_env/lib/python3.14/site-packages/numpy/_core/tests/data) by extensions ['cmake', 'python']
[-1781200949160513024.000s] Level 1:colcon.colcon_core.package_identification:_identify(depthai_env/lib/python3.14/site-packages/numpy/_core/tests/data) by extension 'cmake'
[-1781200949160513024.000s] Level 1:colcon.colcon_core.package_identification:_identify(depthai_env/lib/python3.14/site-packages/numpy/_core/tests/data) by extension 'python'
[-1781200949160513024.000s] Level 1:colcon.colcon_core.package_identification:_identify(depthai_env/lib/python3.14/site-packages/numpy/_core/tests/examples) by extensions ['ignore', 'ignore_ament_install']
[-1781200949160513024.000s] Level 1:colcon.colcon_core.package_identification:_identify(depthai_env/lib/python3.14/site-packages/numpy/_core/tests/examples) by extension 'ignore'
[-1781200949160513024.000s] Level 1:colcon.colcon_core.package_identification:_identify(depthai_env/lib/python3.14/site-packages/numpy/_core/tests/examples) by extension 'ignore_ament_install'
[-1781200949160513024.000s] Level 1:colcon.colcon_core.package_identification:_identify(depthai_env/lib/python3.14/site-packages/numpy/_core/tests/examples) by extensions ['colcon_pkg']
[-1781200949160513024.000s] Level 1:colcon.colcon_core.package_identification:_identify(depthai_env/lib/python3.14/site-packages/numpy/_core/tests/examples) by extension 'colcon_pkg'
[-1781200949160513024.000s] Level 1:colcon.colcon_core.package_identification:_identify(depthai_env/lib/python3.14/site-packages/numpy/_core/tests/examples) by extensions ['colcon_meta']
[-1781200949160513024.000s] Level 1:colcon.colcon_core.package_identification:_identify(depthai_env/lib/python3.14/site-packages/numpy/_core/tests/examples) by extension 'colcon_meta'
[-1781200949160513024.000s] Level 1:colcon.colcon_core.package_identification:_identify(depthai_env/lib/python3.14/site-packages/numpy/_core/tests/examples) by extensions ['ros']
[-1781200949160513024.000s] Level 1:colcon.colcon_core.package_identification:_identify(depthai_env/lib/python3.14/site-packages/numpy/_core/tests/examples) by extension 'ros'
[-1781200949160513024.000s] Level 1:colcon.colcon_core.package_identification:_identify(depthai_env/lib/python3.14/site-packages/numpy/_core/tests/examples) by extensions ['cmake', 'python']
[-1781200949160513024.000s] Level 1:colcon.colcon_core.package_identification:_identify(depthai_env/lib/python3.14/site-packages/numpy/_core/tests/examples) by extension 'cmake'
[-1781200949160513024.000s] Level 1:colcon.colcon_core.package_identification:_identify(depthai_env/lib/python3.14/site-packages/numpy/_core/tests/examples) by extension 'python'
[-1781200949160513024.000s] Level 1:colcon.colcon_core.package_identification:_identify(depthai_env/lib/python3.14/site-packages/numpy/_core/tests/examples/cython) by extensions ['ignore', 'ignore_ament_install']
[-1781200949160513024.000s] Level 1:colcon.colcon_core.package_identification:_identify(depthai_env/lib/python3.14/site-packages/numpy/_core/tests/examples/cython) by extension 'ignore'
[-1781200949160513024.000s] Level 1:colcon.colcon_core.package_identification:_identify(depthai_env/lib/python3.14/site-packages/numpy/_core/tests/examples/cython) by extension 'ignore_ament_install'
[-1781200949160513024.000s] Level 1:colcon.colcon_core.package_identification:_identify(depthai_env/lib/python3.14/site-packages/numpy/_core/tests/examples/cython) by extensions ['colcon_pkg']
[-1781200949160513024.000s] Level 1:colcon.colcon_core.package_identification:_identify(depthai_env/lib/python3.14/site-packages/numpy/_core/tests/examples/cython) by extension 'colcon_pkg'
[-1781200949160513024.000s] Level 1:colcon.colcon_core.package_identification:_identify(depthai_env/lib/python3.14/site-packages/numpy/_core/tests/examples/cython) by extensions ['colcon_meta']
[-1781200949160513024.000s] Level 1:colcon.colcon_core.package_identification:_identify(depthai_env/lib/python3.14/site-packages/numpy/_core/tests/examples/cython) by extension 'colcon_meta'
[-1781200949160513024.000s] Level 1:colcon.colcon_core.package_identification:_identify(depthai_env/lib/python3.14/site-packages/numpy/_core/tests/examples/cython) by extensions ['ros']
[-1781200949160513024.000s] Level 1:colcon.colcon_core.package_identification:_identify(depthai_env/lib/python3.14/site-packages/numpy/_core/tests/examples/cython) by extension 'ros'
[-1781200949160513024.000s] Level 1:colcon.colcon_core.package_identification:_identify(depthai_env/lib/python3.14/site-packages/numpy/_core/tests/examples/cython) by extensions ['cmake', 'python']
[-1781200949160513024.000s] Level 1:colcon.colcon_core.package_identification:_identify(depthai_env/lib/python3.14/site-packages/numpy/_core/tests/examples/cython) by extension 'cmake'
[-1781200949160513024.000s] Level 1:colcon.colcon_core.package_identification:_identify(depthai_env/lib/python3.14/site-packages/numpy/_core/tests/examples/cython) by extension 'python'
[-1781200949160513024.000s] Level 1:colcon.colcon_core.package_identification:_identify(depthai_env/lib/python3.14/site-packages/numpy/_core/tests/examples/cython/__pycache__) by extensions ['ignore', 'ignore_ament_install']
[-1781200949160513024.000s] Level 1:colcon.colcon_core.package_identification:_identify(depthai_env/lib/python3.14/site-packages/numpy/_core/tests/examples/cython/__pycache__) by extension 'ignore'
[-1781200949160513024.000s] Level 1:colcon.colcon_core.package_identification:_identify(depthai_env/lib/python3.14/site-packages/numpy/_core/tests/examples/cython/__pycache__) by extension 'ignore_ament_install'
[-1781200949160513024.000s] Level 1:colcon.colcon_core.package_identification:_identify(depthai_env/lib/python3.14/site-packages/numpy/_core/tests/examples/cython/__pycache__) by extensions ['colcon_pkg']
[-1781200949160513024.000s] Level 1:colcon.colcon_core.package_identification:_identify(depthai_env/lib/python3.14/site-packages/numpy/_core/tests/examples/cython/__pycache__) by extension 'colcon_pkg'
[-1781200949160513024.000s] Level 1:colcon.colcon_core.package_identification:_identify(depthai_env/lib/python3.14/site-packages/numpy/_core/tests/examples/cython/__pycache__) by extensions ['colcon_meta']
[-1781200949160513024.000s] Level 1:colcon.colcon_core.package_identification:_identify(depthai_env/lib/python3.14/site-packages/numpy/_core/tests/examples/cython/__pycache__) by extension 'colcon_meta'
[-1781200949160513024.000s] Level 1:colcon.colcon_core.package_identification:_identify(depthai_env/lib/python3.14/site-packages/numpy/_core/tests/examples/cython/__pycache__) by extensions ['ros']
[-1781200949160513024.000s] Level 1:colcon.colcon_core.package_identification:_identify(depthai_env/lib/python3.14/site-packages/numpy/_core/tests/examples/cython/__pycache__) by extension 'ros'
[-1781200949160513024.000s] Level 1:colcon.colcon_core.package_identification:_identify(depthai_env/lib/python3.14/site-packages/numpy/_core/tests/examples/cython/__pycache__) by extensions ['cmake', 'python']
[-1781200949160513024.000s] Level 1:colcon.colcon_core.package_identification:_identify(depthai_env/lib/python3.14/site-packages/numpy/_core/tests/examples/cython/__pycache__) by extension 'cmake'
[-1781200949160513024.000s] Level 1:colcon.colcon_core.package_identification:_identify(depthai_env/lib/python3.14/site-packages/numpy/_core/tests/examples/cython/__pycache__) by extension 'python'
[-1781200949160513024.000s] Level 1:colcon.colcon_core.package_identification:_identify(depthai_env/lib/python3.14/site-packages/numpy/_core/tests/examples/limited_api) by extensions ['ignore', 'ignore_ament_install']
[-1781200949160513024.000s] Level 1:colcon.colcon_core.package_identification:_identify(depthai_env/lib/python3.14/site-packages/numpy/_core/tests/examples/limited_api) by extension 'ignore'
[-1781200949160513024.000s] Level 1:colcon.colcon_core.package_identification:_identify(depthai_env/lib/python3.14/site-packages/numpy/_core/tests/examples/limited_api) by extension 'ignore_ament_install'
[-1781200949160513024.000s] Level 1:colcon.colcon_core.package_identification:_identify(depthai_env/lib/python3.14/site-packages/numpy/_core/tests/examples/limited_api) by extensions ['colcon_pkg']
[-1781200949160513024.000s] Level 1:colcon.colcon_core.package_identification:_identify(depthai_env/lib/python3.14/site-packages/numpy/_core/tests/examples/limited_api) by extension 'colcon_pkg'
[-1781200949160513024.000s] Level 1:colcon.colcon_core.package_identification:_identify(depthai_env/lib/python3.14/site-packages/numpy/_core/tests/examples/limited_api) by extensions ['colcon_meta']
[-1781200949160513024.000s] Level 1:colcon.colcon_core.package_identification:_identify(depthai_env/lib/python3.14/site-packages/numpy/_core/tests/examples/limited_api) by extension 'colcon_meta'
[-1781200949160513024.000s] Level 1:colcon.colcon_core.package_identification:_identify(depthai_env/lib/python3.14/site-packages/numpy/_core/tests/examples/limited_api) by extensions ['ros']
[-1781200949160513024.000s] Level 1:colcon.colcon_core.package_identification:_identify(depthai_env/lib/python3.14/site-packages/numpy/_core/tests/examples/limited_api) by extension 'ros'
[-1781200949160513024.000s] Level 1:colcon.colcon_core.package_identification:_identify(depthai_env/lib/python3.14/site-packages/numpy/_core/tests/examples/limited_api) by extensions ['cmake', 'python']
[-1781200949160513024.000s] Level 1:colcon.colcon_core.package_identification:_identify(depthai_env/lib/python3.14/site-packages/numpy/_core/tests/examples/limited_api) by extension 'cmake'
[-1781200949160513024.000s] Level 1:colcon.colcon_core.package_identification:_identify(depthai_env/lib/python3.14/site-packages/numpy/_core/tests/examples/limited_api) by extension 'python'
[-1781200949160513024.000s] Level 1:colcon.colcon_core.package_identification:_identify(depthai_env/lib/python3.14/site-packages/numpy/_core/tests/examples/limited_api/__pycache__) by extensions ['ignore', 'ignore_ament_install']
[-1781200949160513024.000s] Level 1:colcon.colcon_core.package_identification:_identify(depthai_env/lib/python3.14/site-packages/numpy/_core/tests/examples/limited_api/__pycache__) by extension 'ignore'
[-1781200949160513024.000s] Level 1:colcon.colcon_core.package_identification:_identify(depthai_env/lib/python3.14/site-packages/numpy/_core/tests/examples/limited_api/__pycache__) by extension 'ignore_ament_install'
[-1781200949160513024.000s] Level 1:colcon.colcon_core.package_identification:_identify(depthai_env/lib/python3.14/site-packages/numpy/_core/tests/examples/limited_api/__pycache__) by extensions ['colcon_pkg']
[-1781200949160513024.000s] Level 1:colcon.colcon_core.package_identification:_identify(depthai_env/lib/python3.14/site-packages/numpy/_core/tests/examples/limited_api/__pycache__) by extension 'colcon_pkg'
[-1781200949160513024.000s] Level 1:colcon.colcon_core.package_identification:_identify(depthai_env/lib/python3.14/site-packages/numpy/_core/tests/examples/limited_api/__pycache__) by extensions ['colcon_meta']
[-1781200949160513024.000s] Level 1:colcon.colcon_core.package_identification:_identify(depthai_env/lib/python3.14/site-packages/numpy/_core/tests/examples/limited_api/__pycache__) by extension 'colcon_meta'
[-1781200949160513024.000s] Level 1:colcon.colcon_core.package_identification:_identify(depthai_env/lib/python3.14/site-packages/numpy/_core/tests/examples/limited_api/__pycache__) by extensions ['ros']
[-1781200949160513024.000s] Level 1:colcon.colcon_core.package_identification:_identify(depthai_env/lib/python3.14/site-packages/numpy/_core/tests/examples/limited_api/__pycache__) by extension 'ros'
[-1781200949160513024.000s] Level 1:colcon.colcon_core.package_identification:_identify(depthai_env/lib/python3.14/site-packages/numpy/_core/tests/examples/limited_api/__pycache__) by extensions ['cmake', 'python']
[-1781200949160513024.000s] Level 1:colcon.colcon_core.package_identification:_identify(depthai_env/lib/python3.14/site-packages/numpy/_core/tests/examples/limited_api/__pycache__) by extension 'cmake'
[-1781200949160513024.000s] Level 1:colcon.colcon_core.package_identification:_identify(depthai_env/lib/python3.14/site-packages/numpy/_core/tests/examples/limited_api/__pycache__) by extension 'python'
[-1781200949160513024.000s] Level 1:colcon.colcon_core.package_identification:_identify(depthai_env/lib/python3.14/site-packages/numpy/_pyinstaller) by extensions ['ignore', 'ignore_ament_install']
[-1781200949160513024.000s] Level 1:colcon.colcon_core.package_identification:_identify(depthai_env/lib/python3.14/site-packages/numpy/_pyinstaller) by extension 'ignore'
[-1781200949160513024.000s] Level 1:colcon.colcon_core.package_identification:_identify(depthai_env/lib/python3.14/site-packages/numpy/_pyinstaller) by extension 'ignore_ament_install'
[-1781200949160513024.000s] Level 1:colcon.colcon_core.package_identification:_identify(depthai_env/lib/python3.14/site-packages/numpy/_pyinstaller) by extensions ['colcon_pkg']
[-1781200949160513024.000s] Level 1:colcon.colcon_core.package_identification:_identify(depthai_env/lib/python3.14/site-packages/numpy/_pyinstaller) by extension 'colcon_pkg'
[-1781200949160513024.000s] Level 1:colcon.colcon_core.package_identification:_identify(depthai_env/lib/python3.14/site-packages/numpy/_pyinstaller) by extensions ['colcon_meta']
[-1781200949160513024.000s] Level 1:colcon.colcon_core.package_identification:_identify(depthai_env/lib/python3.14/site-packages/numpy/_pyinstaller) by extension 'colcon_meta'
[-1781200949160513024.000s] Level 1:colcon.colcon_core.package_identification:_identify(depthai_env/lib/python3.14/site-packages/numpy/_pyinstaller) by extensions ['ros']
[-1781200949160513024.000s] Level 1:colcon.colcon_core.package_identification:_identify(depthai_env/lib/python3.14/site-packages/numpy/_pyinstaller) by extension 'ros'
[-1781200949160513024.000s] Level 1:colcon.colcon_core.package_identification:_identify(depthai_env/lib/python3.14/site-packages/numpy/_pyinstaller) by extensions ['cmake', 'python']
[-1781200949160513024.000s] Level 1:colcon.colcon_core.package_identification:_identify(depthai_env/lib/python3.14/site-packages/numpy/_pyinstaller) by extension 'cmake'
[-1781200949160513024.000s] Level 1:colcon.colcon_core.package_identification:_identify(depthai_env/lib/python3.14/site-packages/numpy/_pyinstaller) by extension 'python'
[-1781200949160513024.000s] Level 1:colcon.colcon_core.package_identification:_identify(depthai_env/lib/python3.14/site-packages/numpy/_pyinstaller/__pycache__) by extensions ['ignore', 'ignore_ament_install']
[-1781200949160513024.000s] Level 1:colcon.colcon_core.package_identification:_identify(depthai_env/lib/python3.14/site-packages/numpy/_pyinstaller/__pycache__) by extension 'ignore'
[-1781200949160513024.000s] Level 1:colcon.colcon_core.package_identification:_identify(depthai_env/lib/python3.14/site-packages/numpy/_pyinstaller/__pycache__) by extension 'ignore_ament_install'
[-1781200949160513024.000s] Level 1:colcon.colcon_core.package_identification:_identify(depthai_env/lib/python3.14/site-packages/numpy/_pyinstaller/__pycache__) by extensions ['colcon_pkg']
[-1781200949160513024.000s] Level 1:colcon.colcon_core.package_identification:_identify(depthai_env/lib/python3.14/site-packages/numpy/_pyinstaller/__pycache__) by extension 'colcon_pkg'
[-1781200949160513024.000s] Level 1:colcon.colcon_core.package_identification:_identify(depthai_env/lib/python3.14/site-packages/numpy/_pyinstaller/__pycache__) by extensions ['colcon_meta']
[-1781200949160513024.000s] Level 1:colcon.colcon_core.package_identification:_identify(depthai_env/lib/python3.14/site-packages/numpy/_pyinstaller/__pycache__) by extension 'colcon_meta'
[-1781200949160513024.000s] Level 1:colcon.colcon_core.package_identification:_identify(depthai_env/lib/python3.14/site-packages/numpy/_pyinstaller/__pycache__) by extensions ['ros']
[-1781200949160513024.000s] Level 1:colcon.colcon_core.package_identification:_identify(depthai_env/lib/python3.14/site-packages/numpy/_pyinstaller/__pycache__) by extension 'ros'
[-1781200949160513024.000s] Level 1:colcon.colcon_core.package_identification:_identify(depthai_env/lib/python3.14/site-packages/numpy/_pyinstaller/__pycache__) by extensions ['cmake', 'python']
[-1781200949160513024.000s] Level 1:colcon.colcon_core.package_identification:_identify(depthai_env/lib/python3.14/site-packages/numpy/_pyinstaller/__pycache__) by extension 'cmake'
[-1781200949160513024.000s] Level 1:colcon.colcon_core.package_identification:_identify(depthai_env/lib/python3.14/site-packages/numpy/_pyinstaller/__pycache__) by extension 'python'
[-1781200949160513024.000s] Level 1:colcon.colcon_core.package_identification:_identify(depthai_env/lib/python3.14/site-packages/numpy/_pyinstaller/tests) by extensions ['ignore', 'ignore_ament_install']
[-1781200949160513024.000s] Level 1:colcon.colcon_core.package_identification:_identify(depthai_env/lib/python3.14/site-packages/numpy/_pyinstaller/tests) by extension 'ignore'
[-1781200949160513024.000s] Level 1:colcon.colcon_core.package_identification:_identify(depthai_env/lib/python3.14/site-packages/numpy/_pyinstaller/tests) by extension 'ignore_ament_install'
[-1781200949160513024.000s] Level 1:colcon.colcon_core.package_identification:_identify(depthai_env/lib/python3.14/site-packages/numpy/_pyinstaller/tests) by extensions ['colcon_pkg']
[-1781200949160513024.000s] Level 1:colcon.colcon_core.package_identification:_identify(depthai_env/lib/python3.14/site-packages/numpy/_pyinstaller/tests) by extension 'colcon_pkg'
[-1781200949160513024.000s] Level 1:colcon.colcon_core.package_identification:_identify(depthai_env/lib/python3.14/site-packages/numpy/_pyinstaller/tests) by extensions ['colcon_meta']
[-1781200949160513024.000s] Level 1:colcon.colcon_core.package_identification:_identify(depthai_env/lib/python3.14/site-packages/numpy/_pyinstaller/tests) by extension 'colcon_meta'
[-1781200949160513024.000s] Level 1:colcon.colcon_core.package_identification:_identify(depthai_env/lib/python3.14/site-packages/numpy/_pyinstaller/tests) by extensions ['ros']
[-1781200949160513024.000s] Level 1:colcon.colcon_core.package_identification:_identify(depthai_env/lib/python3.14/site-packages/numpy/_pyinstaller/tests) by extension 'ros'
[-1781200949160513024.000s] Level 1:colcon.colcon_core.package_identification:_identify(depthai_env/lib/python3.14/site-packages/numpy/_pyinstaller/tests) by extensions ['cmake', 'python']
[-1781200949160513024.000s] Level 1:colcon.colcon_core.package_identification:_identify(depthai_env/lib/python3.14/site-packages/numpy/_pyinstaller/tests) by extension 'cmake'
[-1781200949160513024.000s] Level 1:colcon.colcon_core.package_identification:_identify(depthai_env/lib/python3.14/site-packages/numpy/_pyinstaller/tests) by extension 'python'
[-1781200949160513024.000s] Level 1:colcon.colcon_core.package_identification:_identify(depthai_env/lib/python3.14/site-packages/numpy/_pyinstaller/tests/__pycache__) by extensions ['ignore', 'ignore_ament_install']
[-1781200949160513024.000s] Level 1:colcon.colcon_core.package_identification:_identify(depthai_env/lib/python3.14/site-packages/numpy/_pyinstaller/tests/__pycache__) by extension 'ignore'
[-1781200949160513024.000s] Level 1:colcon.colcon_core.package_identification:_identify(depthai_env/lib/python3.14/site-packages/numpy/_pyinstaller/tests/__pycache__) by extension 'ignore_ament_install'
[-1781200949160513024.000s] Level 1:colcon.colcon_core.package_identification:_identify(depthai_env/lib/python3.14/site-packages/numpy/_pyinstaller/tests/__pycache__) by extensions ['colcon_pkg']
[-1781200949160513024.000s] Level 1:colcon.colcon_core.package_identification:_identify(depthai_env/lib/python3.14/site-packages/numpy/_pyinstaller/tests/__pycache__) by extension 'colcon_pkg'
[-1781200949160513024.000s] Level 1:colcon.colcon_core.package_identification:_identify(depthai_env/lib/python3.14/site-packages/numpy/_pyinstaller/tests/__pycache__) by extensions ['colcon_meta']
[-1781200949160513024.000s] Level 1:colcon.colcon_core.package_identification:_identify(depthai_env/lib/python3.14/site-packages/numpy/_pyinstaller/tests/__pycache__) by extension 'colcon_meta'
[-1781200949160513024.000s] Level 1:colcon.colcon_core.package_identification:_identify(depthai_env/lib/python3.14/site-packages/numpy/_pyinstaller/tests/__pycache__) by extensions ['ros']
[-1781200949160513024.000s] Level 1:colcon.colcon_core.package_identification:_identify(depthai_env/lib/python3.14/site-packages/numpy/_pyinstaller/tests/__pycache__) by extension 'ros'
[-1781200949160513024.000s] Level 1:colcon.colcon_core.package_identification:_identify(depthai_env/lib/python3.14/site-packages/numpy/_pyinstaller/tests/__pycache__) by extensions ['cmake', 'python']
[-1781200949160513024.000s] Level 1:colcon.colcon_core.package_identification:_identify(depthai_env/lib/python3.14/site-packages/numpy/_pyinstaller/tests/__pycache__) by extension 'cmake'
[-1781200949160513024.000s] Level 1:colcon.colcon_core.package_identification:_identify(depthai_env/lib/python3.14/site-packages/numpy/_pyinstaller/tests/__pycache__) by extension 'python'
[-1781200949160513024.000s] Level 1:colcon.colcon_core.package_identification:_identify(depthai_env/lib/python3.14/site-packages/numpy/_typing) by extensions ['ignore', 'ignore_ament_install']
[-1781200949160513024.000s] Level 1:colcon.colcon_core.package_identification:_identify(depthai_env/lib/python3.14/site-packages/numpy/_typing) by extension 'ignore'
[-1781200949160513024.000s] Level 1:colcon.colcon_core.package_identification:_identify(depthai_env/lib/python3.14/site-packages/numpy/_typing) by extension 'ignore_ament_install'
[-1781200949160513024.000s] Level 1:colcon.colcon_core.package_identification:_identify(depthai_env/lib/python3.14/site-packages/numpy/_typing) by extensions ['colcon_pkg']
[-1781200949160513024.000s] Level 1:colcon.colcon_core.package_identification:_identify(depthai_env/lib/python3.14/site-packages/numpy/_typing) by extension 'colcon_pkg'
[-1781200949160513024.000s] Level 1:colcon.colcon_core.package_identification:_identify(depthai_env/lib/python3.14/site-packages/numpy/_typing) by extensions ['colcon_meta']
[-1781200949160513024.000s] Level 1:colcon.colcon_core.package_identification:_identify(depthai_env/lib/python3.14/site-packages/numpy/_typing) by extension 'colcon_meta'
[-1781200949160513024.000s] Level 1:colcon.colcon_core.package_identification:_identify(depthai_env/lib/python3.14/site-packages/numpy/_typing) by extensions ['ros']
[-1781200949160513024.000s] Level 1:colcon.colcon_core.package_identification:_identify(depthai_env/lib/python3.14/site-packages/numpy/_typing) by extension 'ros'
[-1781200949160513024.000s] Level 1:colcon.colcon_core.package_identification:_identify(depthai_env/lib/python3.14/site-packages/numpy/_typing) by extensions ['cmake', 'python']
[-1781200949160513024.000s] Level 1:colcon.colcon_core.package_identification:_identify(depthai_env/lib/python3.14/site-packages/numpy/_typing) by extension 'cmake'
[-1781200949160513024.000s] Level 1:colcon.colcon_core.package_identification:_identify(depthai_env/lib/python3.14/site-packages/numpy/_typing) by extension 'python'
[-1781200949160513024.000s] Level 1:colcon.colcon_core.package_identification:_identify(depthai_env/lib/python3.14/site-packages/numpy/_typing/__pycache__) by extensions ['ignore', 'ignore_ament_install']
[-1781200949160513024.000s] Level 1:colcon.colcon_core.package_identification:_identify(depthai_env/lib/python3.14/site-packages/numpy/_typing/__pycache__) by extension 'ignore'
[-1781200949160513024.000s] Level 1:colcon.colcon_core.package_identification:_identify(depthai_env/lib/python3.14/site-packages/numpy/_typing/__pycache__) by extension 'ignore_ament_install'
[-1781200949160513024.000s] Level 1:colcon.colcon_core.package_identification:_identify(depthai_env/lib/python3.14/site-packages/numpy/_typing/__pycache__) by extensions ['colcon_pkg']
[-1781200949160513024.000s] Level 1:colcon.colcon_core.package_identification:_identify(depthai_env/lib/python3.14/site-packages/numpy/_typing/__pycache__) by extension 'colcon_pkg'
[-1781200949160513024.000s] Level 1:colcon.colcon_core.package_identification:_identify(depthai_env/lib/python3.14/site-packages/numpy/_typing/__pycache__) by extensions ['colcon_meta']
[-1781200949160513024.000s] Level 1:colcon.colcon_core.package_identification:_identify(depthai_env/lib/python3.14/site-packages/numpy/_typing/__pycache__) by extension 'colcon_meta'
[-1781200949160513024.000s] Level 1:colcon.colcon_core.package_identification:_identify(depthai_env/lib/python3.14/site-packages/numpy/_typing/__pycache__) by extensions ['ros']
[-1781200949160513024.000s] Level 1:colcon.colcon_core.package_identification:_identify(depthai_env/lib/python3.14/site-packages/numpy/_typing/__pycache__) by extension 'ros'
[-1781200949160513024.000s] Level 1:colcon.colcon_core.package_identification:_identify(depthai_env/lib/python3.14/site-packages/numpy/_typing/__pycache__) by extensions ['cmake', 'python']
[-1781200949160513024.000s] Level 1:colcon.colcon_core.package_identification:_identify(depthai_env/lib/python3.14/site-packages/numpy/_typing/__pycache__) by extension 'cmake'
[-1781200949160513024.000s] Level 1:colcon.colcon_core.package_identification:_identify(depthai_env/lib/python3.14/site-packages/numpy/_typing/__pycache__) by extension 'python'
[-1781200949160513024.000s] Level 1:colcon.colcon_core.package_identification:_identify(depthai_env/lib/python3.14/site-packages/numpy/_utils) by extensions ['ignore', 'ignore_ament_install']
[-1781200949160513024.000s] Level 1:colcon.colcon_core.package_identification:_identify(depthai_env/lib/python3.14/site-packages/numpy/_utils) by extension 'ignore'
[-1781200949160513024.000s] Level 1:colcon.colcon_core.package_identification:_identify(depthai_env/lib/python3.14/site-packages/numpy/_utils) by extension 'ignore_ament_install'
[-1781200949160513024.000s] Level 1:colcon.colcon_core.package_identification:_identify(depthai_env/lib/python3.14/site-packages/numpy/_utils) by extensions ['colcon_pkg']
[-1781200949160513024.000s] Level 1:colcon.colcon_core.package_identification:_identify(depthai_env/lib/python3.14/site-packages/numpy/_utils) by extension 'colcon_pkg'
[-1781200949160513024.000s] Level 1:colcon.colcon_core.package_identification:_identify(depthai_env/lib/python3.14/site-packages/numpy/_utils) by extensions ['colcon_meta']
[-1781200949160513024.000s] Level 1:colcon.colcon_core.package_identification:_identify(depthai_env/lib/python3.14/site-packages/numpy/_utils) by extension 'colcon_meta'
[-1781200949160513024.000s] Level 1:colcon.colcon_core.package_identification:_identify(depthai_env/lib/python3.14/site-packages/numpy/_utils) by extensions ['ros']
[-1781200949160513024.000s] Level 1:colcon.colcon_core.package_identification:_identify(depthai_env/lib/python3.14/site-packages/numpy/_utils) by extension 'ros'
[-1781200949160513024.000s] Level 1:colcon.colcon_core.package_identification:_identify(depthai_env/lib/python3.14/site-packages/numpy/_utils) by extensions ['cmake', 'python']
[-1781200949160513024.000s] Level 1:colcon.colcon_core.package_identification:_identify(depthai_env/lib/python3.14/site-packages/numpy/_utils) by extension 'cmake'
[-1781200949160513024.000s] Level 1:colcon.colcon_core.package_identification:_identify(depthai_env/lib/python3.14/site-packages/numpy/_utils) by extension 'python'
[-1781200949160513024.000s] Level 1:colcon.colcon_core.package_identification:_identify(depthai_env/lib/python3.14/site-packages/numpy/_utils/__pycache__) by extensions ['ignore', 'ignore_ament_install']
[-1781200949160513024.000s] Level 1:colcon.colcon_core.package_identification:_identify(depthai_env/lib/python3.14/site-packages/numpy/_utils/__pycache__) by extension 'ignore'
[-1781200949160513024.000s] Level 1:colcon.colcon_core.package_identification:_identify(depthai_env/lib/python3.14/site-packages/numpy/_utils/__pycache__) by extension 'ignore_ament_install'
[-1781200949160513024.000s] Level 1:colcon.colcon_core.package_identification:_identify(depthai_env/lib/python3.14/site-packages/numpy/_utils/__pycache__) by extensions ['colcon_pkg']
[-1781200949160513024.000s] Level 1:colcon.colcon_core.package_identification:_identify(depthai_env/lib/python3.14/site-packages/numpy/_utils/__pycache__) by extension 'colcon_pkg'
[-1781200949160513024.000s] Level 1:colcon.colcon_core.package_identification:_identify(depthai_env/lib/python3.14/site-packages/numpy/_utils/__pycache__) by extensions ['colcon_meta']
[-1781200949160513024.000s] Level 1:colcon.colcon_core.package_identification:_identify(depthai_env/lib/python3.14/site-packages/numpy/_utils/__pycache__) by extension 'colcon_meta'
[-1781200949160513024.000s] Level 1:colcon.colcon_core.package_identification:_identify(depthai_env/lib/python3.14/site-packages/numpy/_utils/__pycache__) by extensions ['ros']
[-1781200949160513024.000s] Level 1:colcon.colcon_core.package_identification:_identify(depthai_env/lib/python3.14/site-packages/numpy/_utils/__pycache__) by extension 'ros'
[-1781200949160513024.000s] Level 1:colcon.colcon_core.package_identification:_identify(depthai_env/lib/python3.14/site-packages/numpy/_utils/__pycache__) by extensions ['cmake', 'python']
[-1781200949160513024.000s] Level 1:colcon.colcon_core.package_identification:_identify(depthai_env/lib/python3.14/site-packages/numpy/_utils/__pycache__) by extension 'cmake'
[-1781200949160513024.000s] Level 1:colcon.colcon_core.package_identification:_identify(depthai_env/lib/python3.14/site-packages/numpy/_utils/__pycache__) by extension 'python'
[-1781200949160513024.000s] Level 1:colcon.colcon_core.package_identification:_identify(depthai_env/lib/python3.14/site-packages/numpy/char) by extensions ['ignore', 'ignore_ament_install']
[-1781200949160513024.000s] Level 1:colcon.colcon_core.package_identification:_identify(depthai_env/lib/python3.14/site-packages/numpy/char) by extension 'ignore'
[-1781200949160513024.000s] Level 1:colcon.colcon_core.package_identification:_identify(depthai_env/lib/python3.14/site-packages/numpy/char) by extension 'ignore_ament_install'
[-1781200949160513024.000s] Level 1:colcon.colcon_core.package_identification:_identify(depthai_env/lib/python3.14/site-packages/numpy/char) by extensions ['colcon_pkg']
[-1781200949160513024.000s] Level 1:colcon.colcon_core.package_identification:_identify(depthai_env/lib/python3.14/site-packages/numpy/char) by extension 'colcon_pkg'
[-1781200949160513024.000s] Level 1:colcon.colcon_core.package_identification:_identify(depthai_env/lib/python3.14/site-packages/numpy/char) by extensions ['colcon_meta']
[-1781200949160513024.000s] Level 1:colcon.colcon_core.package_identification:_identify(depthai_env/lib/python3.14/site-packages/numpy/char) by extension 'colcon_meta'
[-1781200949160513024.000s] Level 1:colcon.colcon_core.package_identification:_identify(depthai_env/lib/python3.14/site-packages/numpy/char) by extensions ['ros']
[-1781200949160513024.000s] Level 1:colcon.colcon_core.package_identification:_identify(depthai_env/lib/python3.14/site-packages/numpy/char) by extension 'ros'
[-1781200949160513024.000s] Level 1:colcon.colcon_core.package_identification:_identify(depthai_env/lib/python3.14/site-packages/numpy/char) by extensions ['cmake', 'python']
[-1781200949160513024.000s] Level 1:colcon.colcon_core.package_identification:_identify(depthai_env/lib/python3.14/site-packages/numpy/char) by extension 'cmake'
[-1781200949160513024.000s] Level 1:colcon.colcon_core.package_identification:_identify(depthai_env/lib/python3.14/site-packages/numpy/char) by extension 'python'
[-1781200949160513024.000s] Level 1:colcon.colcon_core.package_identification:_identify(depthai_env/lib/python3.14/site-packages/numpy/char/__pycache__) by extensions ['ignore', 'ignore_ament_install']
[-1781200949160513024.000s] Level 1:colcon.colcon_core.package_identification:_identify(depthai_env/lib/python3.14/site-packages/numpy/char/__pycache__) by extension 'ignore'
[-1781200949160513024.000s] Level 1:colcon.colcon_core.package_identification:_identify(depthai_env/lib/python3.14/site-packages/numpy/char/__pycache__) by extension 'ignore_ament_install'
[-1781200949160513024.000s] Level 1:colcon.colcon_core.package_identification:_identify(depthai_env/lib/python3.14/site-packages/numpy/char/__pycache__) by extensions ['colcon_pkg']
[-1781200949160513024.000s] Level 1:colcon.colcon_core.package_identification:_identify(depthai_env/lib/python3.14/site-packages/numpy/char/__pycache__) by extension 'colcon_pkg'
[-1781200949160513024.000s] Level 1:colcon.colcon_core.package_identification:_identify(depthai_env/lib/python3.14/site-packages/numpy/char/__pycache__) by extensions ['colcon_meta']
[-1781200949160513024.000s] Level 1:colcon.colcon_core.package_identification:_identify(depthai_env/lib/python3.14/site-packages/numpy/char/__pycache__) by extension 'colcon_meta'
[-1781200949160513024.000s] Level 1:colcon.colcon_core.package_identification:_identify(depthai_env/lib/python3.14/site-packages/numpy/char/__pycache__) by extensions ['ros']
[-1781200949160513024.000s] Level 1:colcon.colcon_core.package_identification:_identify(depthai_env/lib/python3.14/site-packages/numpy/char/__pycache__) by extension 'ros'
[-1781200949160513024.000s] Level 1:colcon.colcon_core.package_identification:_identify(depthai_env/lib/python3.14/site-packages/numpy/char/__pycache__) by extensions ['cmake', 'python']
[-1781200949160513024.000s] Level 1:colcon.colcon_core.package_identification:_identify(depthai_env/lib/python3.14/site-packages/numpy/char/__pycache__) by extension 'cmake'
[-1781200949160513024.000s] Level 1:colcon.colcon_core.package_identification:_identify(depthai_env/lib/python3.14/site-packages/numpy/char/__pycache__) by extension 'python'
[-1781200949160513024.000s] Level 1:colcon.colcon_core.package_identification:_identify(depthai_env/lib/python3.14/site-packages/numpy/core) by extensions ['ignore', 'ignore_ament_install']
[-1781200949160513024.000s] Level 1:colcon.colcon_core.package_identification:_identify(depthai_env/lib/python3.14/site-packages/numpy/core) by extension 'ignore'
[-1781200949160513024.000s] Level 1:colcon.colcon_core.package_identification:_identify(depthai_env/lib/python3.14/site-packages/numpy/core) by extension 'ignore_ament_install'
[-1781200949160513024.000s] Level 1:colcon.colcon_core.package_identification:_identify(depthai_env/lib/python3.14/site-packages/numpy/core) by extensions ['colcon_pkg']
[-1781200949160513024.000s] Level 1:colcon.colcon_core.package_identification:_identify(depthai_env/lib/python3.14/site-packages/numpy/core) by extension 'colcon_pkg'
[-1781200949160513024.000s] Level 1:colcon.colcon_core.package_identification:_identify(depthai_env/lib/python3.14/site-packages/numpy/core) by extensions ['colcon_meta']
[-1781200949160513024.000s] Level 1:colcon.colcon_core.package_identification:_identify(depthai_env/lib/python3.14/site-packages/numpy/core) by extension 'colcon_meta'
[-1781200949160513024.000s] Level 1:colcon.colcon_core.package_identification:_identify(depthai_env/lib/python3.14/site-packages/numpy/core) by extensions ['ros']
[-1781200949160513024.000s] Level 1:colcon.colcon_core.package_identification:_identify(depthai_env/lib/python3.14/site-packages/numpy/core) by extension 'ros'
[-1781200949160513024.000s] Level 1:colcon.colcon_core.package_identification:_identify(depthai_env/lib/python3.14/site-packages/numpy/core) by extensions ['cmake', 'python']
[-1781200949160513024.000s] Level 1:colcon.colcon_core.package_identification:_identify(depthai_env/lib/python3.14/site-packages/numpy/core) by extension 'cmake'
[-1781200949160513024.000s] Level 1:colcon.colcon_core.package_identification:_identify(depthai_env/lib/python3.14/site-packages/numpy/core) by extension 'python'
[-1781200949160513024.000s] Level 1:colcon.colcon_core.package_identification:_identify(depthai_env/lib/python3.14/site-packages/numpy/core/__pycache__) by extensions ['ignore', 'ignore_ament_install']
[-1781200949160513024.000s] Level 1:colcon.colcon_core.package_identification:_identify(depthai_env/lib/python3.14/site-packages/numpy/core/__pycache__) by extension 'ignore'
[-1781200949160513024.000s] Level 1:colcon.colcon_core.package_identification:_identify(depthai_env/lib/python3.14/site-packages/numpy/core/__pycache__) by extension 'ignore_ament_install'
[-1781200949160513024.000s] Level 1:colcon.colcon_core.package_identification:_identify(depthai_env/lib/python3.14/site-packages/numpy/core/__pycache__) by extensions ['colcon_pkg']
[-1781200949160513024.000s] Level 1:colcon.colcon_core.package_identification:_identify(depthai_env/lib/python3.14/site-packages/numpy/core/__pycache__) by extension 'colcon_pkg'
[-1781200949160513024.000s] Level 1:colcon.colcon_core.package_identification:_identify(depthai_env/lib/python3.14/site-packages/numpy/core/__pycache__) by extensions ['colcon_meta']
[-1781200949160513024.000s] Level 1:colcon.colcon_core.package_identification:_identify(depthai_env/lib/python3.14/site-packages/numpy/core/__pycache__) by extension 'colcon_meta'
[-1781200949160513024.000s] Level 1:colcon.colcon_core.package_identification:_identify(depthai_env/lib/python3.14/site-packages/numpy/core/__pycache__) by extensions ['ros']
[-1781200949160513024.000s] Level 1:colcon.colcon_core.package_identification:_identify(depthai_env/lib/python3.14/site-packages/numpy/core/__pycache__) by extension 'ros'
[-1781200949160513024.000s] Level 1:colcon.colcon_core.package_identification:_identify(depthai_env/lib/python3.14/site-packages/numpy/core/__pycache__) by extensions ['cmake', 'python']
[-1781200949160513024.000s] Level 1:colcon.colcon_core.package_identification:_identify(depthai_env/lib/python3.14/site-packages/numpy/core/__pycache__) by extension 'cmake'
[-1781200949160513024.000s] Level 1:colcon.colcon_core.package_identification:_identify(depthai_env/lib/python3.14/site-packages/numpy/core/__pycache__) by extension 'python'
[-1781200949160513024.000s] Level 1:colcon.colcon_core.package_identification:_identify(depthai_env/lib/python3.14/site-packages/numpy/ctypeslib) by extensions ['ignore', 'ignore_ament_install']
[-1781200949160513024.000s] Level 1:colcon.colcon_core.package_identification:_identify(depthai_env/lib/python3.14/site-packages/numpy/ctypeslib) by extension 'ignore'
[-1781200949160513024.000s] Level 1:colcon.colcon_core.package_identification:_identify(depthai_env/lib/python3.14/site-packages/numpy/ctypeslib) by extension 'ignore_ament_install'
[-1781200949160513024.000s] Level 1:colcon.colcon_core.package_identification:_identify(depthai_env/lib/python3.14/site-packages/numpy/ctypeslib) by extensions ['colcon_pkg']
[-1781200949160513024.000s] Level 1:colcon.colcon_core.package_identification:_identify(depthai_env/lib/python3.14/site-packages/numpy/ctypeslib) by extension 'colcon_pkg'
[-1781200949160513024.000s] Level 1:colcon.colcon_core.package_identification:_identify(depthai_env/lib/python3.14/site-packages/numpy/ctypeslib) by extensions ['colcon_meta']
[-1781200949160513024.000s] Level 1:colcon.colcon_core.package_identification:_identify(depthai_env/lib/python3.14/site-packages/numpy/ctypeslib) by extension 'colcon_meta'
[-1781200949160513024.000s] Level 1:colcon.colcon_core.package_identification:_identify(depthai_env/lib/python3.14/site-packages/numpy/ctypeslib) by extensions ['ros']
[-1781200949160513024.000s] Level 1:colcon.colcon_core.package_identification:_identify(depthai_env/lib/python3.14/site-packages/numpy/ctypeslib) by extension 'ros'
[-1781200949160513024.000s] Level 1:colcon.colcon_core.package_identification:_identify(depthai_env/lib/python3.14/site-packages/numpy/ctypeslib) by extensions ['cmake', 'python']
[-1781200949160513024.000s] Level 1:colcon.colcon_core.package_identification:_identify(depthai_env/lib/python3.14/site-packages/numpy/ctypeslib) by extension 'cmake'
[-1781200949160513024.000s] Level 1:colcon.colcon_core.package_identification:_identify(depthai_env/lib/python3.14/site-packages/numpy/ctypeslib) by extension 'python'
[-1781200949160513024.000s] Level 1:colcon.colcon_core.package_identification:_identify(depthai_env/lib/python3.14/site-packages/numpy/ctypeslib/__pycache__) by extensions ['ignore', 'ignore_ament_install']
[-1781200949160513024.000s] Level 1:colcon.colcon_core.package_identification:_identify(depthai_env/lib/python3.14/site-packages/numpy/ctypeslib/__pycache__) by extension 'ignore'
[-1781200949160513024.000s] Level 1:colcon.colcon_core.package_identification:_identify(depthai_env/lib/python3.14/site-packages/numpy/ctypeslib/__pycache__) by extension 'ignore_ament_install'
[-1781200949160513024.000s] Level 1:colcon.colcon_core.package_identification:_identify(depthai_env/lib/python3.14/site-packages/numpy/ctypeslib/__pycache__) by extensions ['colcon_pkg']
[-1781200949160513024.000s] Level 1:colcon.colcon_core.package_identification:_identify(depthai_env/lib/python3.14/site-packages/numpy/ctypeslib/__pycache__) by extension 'colcon_pkg'
[-1781200949160513024.000s] Level 1:colcon.colcon_core.package_identification:_identify(depthai_env/lib/python3.14/site-packages/numpy/ctypeslib/__pycache__) by extensions ['colcon_meta']
[-1781200949160513024.000s] Level 1:colcon.colcon_core.package_identification:_identify(depthai_env/lib/python3.14/site-packages/numpy/ctypeslib/__pycache__) by extension 'colcon_meta'
[-1781200949160513024.000s] Level 1:colcon.colcon_core.package_identification:_identify(depthai_env/lib/python3.14/site-packages/numpy/ctypeslib/__pycache__) by extensions ['ros']
[-1781200949160513024.000s] Level 1:colcon.colcon_core.package_identification:_identify(depthai_env/lib/python3.14/site-packages/numpy/ctypeslib/__pycache__) by extension 'ros'
[-1781200949160513024.000s] Level 1:colcon.colcon_core.package_identification:_identify(depthai_env/lib/python3.14/site-packages/numpy/ctypeslib/__pycache__) by extensions ['cmake', 'python']
[-1781200949160513024.000s] Level 1:colcon.colcon_core.package_identification:_identify(depthai_env/lib/python3.14/site-packages/numpy/ctypeslib/__pycache__) by extension 'cmake'
[-1781200949160513024.000s] Level 1:colcon.colcon_core.package_identification:_identify(depthai_env/lib/python3.14/site-packages/numpy/ctypeslib/__pycache__) by extension 'python'
[-1781200949160513024.000s] Level 1:colcon.colcon_core.package_identification:_identify(depthai_env/lib/python3.14/site-packages/numpy/doc) by extensions ['ignore', 'ignore_ament_install']
[-1781200949160513024.000s] Level 1:colcon.colcon_core.package_identification:_identify(depthai_env/lib/python3.14/site-packages/numpy/doc) by extension 'ignore'
[-1781200949160513024.000s] Level 1:colcon.colcon_core.package_identification:_identify(depthai_env/lib/python3.14/site-packages/numpy/doc) by extension 'ignore_ament_install'
[-1781200949160513024.000s] Level 1:colcon.colcon_core.package_identification:_identify(depthai_env/lib/python3.14/site-packages/numpy/doc) by extensions ['colcon_pkg']
[-1781200949160513024.000s] Level 1:colcon.colcon_core.package_identification:_identify(depthai_env/lib/python3.14/site-packages/numpy/doc) by extension 'colcon_pkg'
[-1781200949160513024.000s] Level 1:colcon.colcon_core.package_identification:_identify(depthai_env/lib/python3.14/site-packages/numpy/doc) by extensions ['colcon_meta']
[-1781200949160513024.000s] Level 1:colcon.colcon_core.package_identification:_identify(depthai_env/lib/python3.14/site-packages/numpy/doc) by extension 'colcon_meta'
[-1781200949160513024.000s] Level 1:colcon.colcon_core.package_identification:_identify(depthai_env/lib/python3.14/site-packages/numpy/doc) by extensions ['ros']
[-1781200949160513024.000s] Level 1:colcon.colcon_core.package_identification:_identify(depthai_env/lib/python3.14/site-packages/numpy/doc) by extension 'ros'
[-1781200949160513024.000s] Level 1:colcon.colcon_core.package_identification:_identify(depthai_env/lib/python3.14/site-packages/numpy/doc) by extensions ['cmake', 'python']
[-1781200949160513024.000s] Level 1:colcon.colcon_core.package_identification:_identify(depthai_env/lib/python3.14/site-packages/numpy/doc) by extension 'cmake'
[-1781200949160513024.000s] Level 1:colcon.colcon_core.package_identification:_identify(depthai_env/lib/python3.14/site-packages/numpy/doc) by extension 'python'
[-1781200949160513024.000s] Level 1:colcon.colcon_core.package_identification:_identify(depthai_env/lib/python3.14/site-packages/numpy/doc/__pycache__) by extensions ['ignore', 'ignore_ament_install']
[-1781200949160513024.000s] Level 1:colcon.colcon_core.package_identification:_identify(depthai_env/lib/python3.14/site-packages/numpy/doc/__pycache__) by extension 'ignore'
[-1781200949160513024.000s] Level 1:colcon.colcon_core.package_identification:_identify(depthai_env/lib/python3.14/site-packages/numpy/doc/__pycache__) by extension 'ignore_ament_install'
[-1781200949160513024.000s] Level 1:colcon.colcon_core.package_identification:_identify(depthai_env/lib/python3.14/site-packages/numpy/doc/__pycache__) by extensions ['colcon_pkg']
[-1781200949160513024.000s] Level 1:colcon.colcon_core.package_identification:_identify(depthai_env/lib/python3.14/site-packages/numpy/doc/__pycache__) by extension 'colcon_pkg'
[-1781200949160513024.000s] Level 1:colcon.colcon_core.package_identification:_identify(depthai_env/lib/python3.14/site-packages/numpy/doc/__pycache__) by extensions ['colcon_meta']
[-1781200949160513024.000s] Level 1:colcon.colcon_core.package_identification:_identify(depthai_env/lib/python3.14/site-packages/numpy/doc/__pycache__) by extension 'colcon_meta'
[-1781200949160513024.000s] Level 1:colcon.colcon_core.package_identification:_identify(depthai_env/lib/python3.14/site-packages/numpy/doc/__pycache__) by extensions ['ros']
[-1781200949160513024.000s] Level 1:colcon.colcon_core.package_identification:_identify(depthai_env/lib/python3.14/site-packages/numpy/doc/__pycache__) by extension 'ros'
[-1781200949160513024.000s] Level 1:colcon.colcon_core.package_identification:_identify(depthai_env/lib/python3.14/site-packages/numpy/doc/__pycache__) by extensions ['cmake', 'python']
[-1781200949160513024.000s] Level 1:colcon.colcon_core.package_identification:_identify(depthai_env/lib/python3.14/site-packages/numpy/doc/__pycache__) by extension 'cmake'
[-1781200949160513024.000s] Level 1:colcon.colcon_core.package_identification:_identify(depthai_env/lib/python3.14/site-packages/numpy/doc/__pycache__) by extension 'python'
[-1781200949160513024.000s] Level 1:colcon.colcon_core.package_identification:_identify(depthai_env/lib/python3.14/site-packages/numpy/f2py) by extensions ['ignore', 'ignore_ament_install']
[-1781200949160513024.000s] Level 1:colcon.colcon_core.package_identification:_identify(depthai_env/lib/python3.14/site-packages/numpy/f2py) by extension 'ignore'
[-1781200949160513024.000s] Level 1:colcon.colcon_core.package_identification:_identify(depthai_env/lib/python3.14/site-packages/numpy/f2py) by extension 'ignore_ament_install'
[-1781200949160513024.000s] Level 1:colcon.colcon_core.package_identification:_identify(depthai_env/lib/python3.14/site-packages/numpy/f2py) by extensions ['colcon_pkg']
[-1781200949160513024.000s] Level 1:colcon.colcon_core.package_identification:_identify(depthai_env/lib/python3.14/site-packages/numpy/f2py) by extension 'colcon_pkg'
[-1781200949160513024.000s] Level 1:colcon.colcon_core.package_identification:_identify(depthai_env/lib/python3.14/site-packages/numpy/f2py) by extensions ['colcon_meta']
[-1781200949160513024.000s] Level 1:colcon.colcon_core.package_identification:_identify(depthai_env/lib/python3.14/site-packages/numpy/f2py) by extension 'colcon_meta'
[-1781200949160513024.000s] Level 1:colcon.colcon_core.package_identification:_identify(depthai_env/lib/python3.14/site-packages/numpy/f2py) by extensions ['ros']
[-1781200949160513024.000s] Level 1:colcon.colcon_core.package_identification:_identify(depthai_env/lib/python3.14/site-packages/numpy/f2py) by extension 'ros'
[-1781200949160513024.000s] Level 1:colcon.colcon_core.package_identification:_identify(depthai_env/lib/python3.14/site-packages/numpy/f2py) by extensions ['cmake', 'python']
[-1781200949160513024.000s] Level 1:colcon.colcon_core.package_identification:_identify(depthai_env/lib/python3.14/site-packages/numpy/f2py) by extension 'cmake'
[-1781200949160513024.000s] Level 1:colcon.colcon_core.package_identification:_identify(depthai_env/lib/python3.14/site-packages/numpy/f2py) by extension 'python'
[-1781200949160513024.000s] Level 1:colcon.colcon_core.package_identification:_identify(depthai_env/lib/python3.14/site-packages/numpy/f2py/__pycache__) by extensions ['ignore', 'ignore_ament_install']
[-1781200949160513024.000s] Level 1:colcon.colcon_core.package_identification:_identify(depthai_env/lib/python3.14/site-packages/numpy/f2py/__pycache__) by extension 'ignore'
[-1781200949160513024.000s] Level 1:colcon.colcon_core.package_identification:_identify(depthai_env/lib/python3.14/site-packages/numpy/f2py/__pycache__) by extension 'ignore_ament_install'
[-1781200949160513024.000s] Level 1:colcon.colcon_core.package_identification:_identify(depthai_env/lib/python3.14/site-packages/numpy/f2py/__pycache__) by extensions ['colcon_pkg']
[-1781200949160513024.000s] Level 1:colcon.colcon_core.package_identification:_identify(depthai_env/lib/python3.14/site-packages/numpy/f2py/__pycache__) by extension 'colcon_pkg'
[-1781200949160513024.000s] Level 1:colcon.colcon_core.package_identification:_identify(depthai_env/lib/python3.14/site-packages/numpy/f2py/__pycache__) by extensions ['colcon_meta']
[-1781200949160513024.000s] Level 1:colcon.colcon_core.package_identification:_identify(depthai_env/lib/python3.14/site-packages/numpy/f2py/__pycache__) by extension 'colcon_meta'
[-1781200949160513024.000s] Level 1:colcon.colcon_core.package_identification:_identify(depthai_env/lib/python3.14/site-packages/numpy/f2py/__pycache__) by extensions ['ros']
[-1781200949160513024.000s] Level 1:colcon.colcon_core.package_identification:_identify(depthai_env/lib/python3.14/site-packages/numpy/f2py/__pycache__) by extension 'ros'
[-1781200949160513024.000s] Level 1:colcon.colcon_core.package_identification:_identify(depthai_env/lib/python3.14/site-packages/numpy/f2py/__pycache__) by extensions ['cmake', 'python']
[-1781200949160513024.000s] Level 1:colcon.colcon_core.package_identification:_identify(depthai_env/lib/python3.14/site-packages/numpy/f2py/__pycache__) by extension 'cmake'
[-1781200949160513024.000s] Level 1:colcon.colcon_core.package_identification:_identify(depthai_env/lib/python3.14/site-packages/numpy/f2py/__pycache__) by extension 'python'
[-1781200949160513024.000s] Level 1:colcon.colcon_core.package_identification:_identify(depthai_env/lib/python3.14/site-packages/numpy/f2py/_backends) by extensions ['ignore', 'ignore_ament_install']
[-1781200949160513024.000s] Level 1:colcon.colcon_core.package_identification:_identify(depthai_env/lib/python3.14/site-packages/numpy/f2py/_backends) by extension 'ignore'
[-1781200949160513024.000s] Level 1:colcon.colcon_core.package_identification:_identify(depthai_env/lib/python3.14/site-packages/numpy/f2py/_backends) by extension 'ignore_ament_install'
[-1781200949160513024.000s] Level 1:colcon.colcon_core.package_identification:_identify(depthai_env/lib/python3.14/site-packages/numpy/f2py/_backends) by extensions ['colcon_pkg']
[-1781200949160513024.000s] Level 1:colcon.colcon_core.package_identification:_identify(depthai_env/lib/python3.14/site-packages/numpy/f2py/_backends) by extension 'colcon_pkg'
[-1781200949160513024.000s] Level 1:colcon.colcon_core.package_identification:_identify(depthai_env/lib/python3.14/site-packages/numpy/f2py/_backends) by extensions ['colcon_meta']
[-1781200949160513024.000s] Level 1:colcon.colcon_core.package_identification:_identify(depthai_env/lib/python3.14/site-packages/numpy/f2py/_backends) by extension 'colcon_meta'
[-1781200949160513024.000s] Level 1:colcon.colcon_core.package_identification:_identify(depthai_env/lib/python3.14/site-packages/numpy/f2py/_backends) by extensions ['ros']
[-1781200949160513024.000s] Level 1:colcon.colcon_core.package_identification:_identify(depthai_env/lib/python3.14/site-packages/numpy/f2py/_backends) by extension 'ros'
[-1781200949160513024.000s] Level 1:colcon.colcon_core.package_identification:_identify(depthai_env/lib/python3.14/site-packages/numpy/f2py/_backends) by extensions ['cmake', 'python']
[-1781200949160513024.000s] Level 1:colcon.colcon_core.package_identification:_identify(depthai_env/lib/python3.14/site-packages/numpy/f2py/_backends) by extension 'cmake'
[-1781200949160513024.000s] Level 1:colcon.colcon_core.package_identification:_identify(depthai_env/lib/python3.14/site-packages/numpy/f2py/_backends) by extension 'python'
[-1781200949160513024.000s] Level 1:colcon.colcon_core.package_identification:_identify(depthai_env/lib/python3.14/site-packages/numpy/f2py/_backends/__pycache__) by extensions ['ignore', 'ignore_ament_install']
[-1781200949160513024.000s] Level 1:colcon.colcon_core.package_identification:_identify(depthai_env/lib/python3.14/site-packages/numpy/f2py/_backends/__pycache__) by extension 'ignore'
[-1781200949160513024.000s] Level 1:colcon.colcon_core.package_identification:_identify(depthai_env/lib/python3.14/site-packages/numpy/f2py/_backends/__pycache__) by extension 'ignore_ament_install'
[-1781200949160513024.000s] Level 1:colcon.colcon_core.package_identification:_identify(depthai_env/lib/python3.14/site-packages/numpy/f2py/_backends/__pycache__) by extensions ['colcon_pkg']
[-1781200949160513024.000s] Level 1:colcon.colcon_core.package_identification:_identify(depthai_env/lib/python3.14/site-packages/numpy/f2py/_backends/__pycache__) by extension 'colcon_pkg'
[-1781200949160513024.000s] Level 1:colcon.colcon_core.package_identification:_identify(depthai_env/lib/python3.14/site-packages/numpy/f2py/_backends/__pycache__) by extensions ['colcon_meta']
[-1781200949160513024.000s] Level 1:colcon.colcon_core.package_identification:_identify(depthai_env/lib/python3.14/site-packages/numpy/f2py/_backends/__pycache__) by extension 'colcon_meta'
[-1781200949160513024.000s] Level 1:colcon.colcon_core.package_identification:_identify(depthai_env/lib/python3.14/site-packages/numpy/f2py/_backends/__pycache__) by extensions ['ros']
[-1781200949160513024.000s] Level 1:colcon.colcon_core.package_identification:_identify(depthai_env/lib/python3.14/site-packages/numpy/f2py/_backends/__pycache__) by extension 'ros'
[-1781200949160513024.000s] Level 1:colcon.colcon_core.package_identification:_identify(depthai_env/lib/python3.14/site-packages/numpy/f2py/_backends/__pycache__) by extensions ['cmake', 'python']
[-1781200949160513024.000s] Level 1:colcon.colcon_core.package_identification:_identify(depthai_env/lib/python3.14/site-packages/numpy/f2py/_backends/__pycache__) by extension 'cmake'
[-1781200949160513024.000s] Level 1:colcon.colcon_core.package_identification:_identify(depthai_env/lib/python3.14/site-packages/numpy/f2py/_backends/__pycache__) by extension 'python'
[-1781200949160513024.000s] Level 1:colcon.colcon_core.package_identification:_identify(depthai_env/lib/python3.14/site-packages/numpy/f2py/src) by extensions ['ignore', 'ignore_ament_install']
[-1781200949160513024.000s] Level 1:colcon.colcon_core.package_identification:_identify(depthai_env/lib/python3.14/site-packages/numpy/f2py/src) by extension 'ignore'
[-1781200949160513024.000s] Level 1:colcon.colcon_core.package_identification:_identify(depthai_env/lib/python3.14/site-packages/numpy/f2py/src) by extension 'ignore_ament_install'
[-1781200949160513024.000s] Level 1:colcon.colcon_core.package_identification:_identify(depthai_env/lib/python3.14/site-packages/numpy/f2py/src) by extensions ['colcon_pkg']
[-1781200949160513024.000s] Level 1:colcon.colcon_core.package_identification:_identify(depthai_env/lib/python3.14/site-packages/numpy/f2py/src) by extension 'colcon_pkg'
[-1781200949160513024.000s] Level 1:colcon.colcon_core.package_identification:_identify(depthai_env/lib/python3.14/site-packages/numpy/f2py/src) by extensions ['colcon_meta']
[-1781200949160513024.000s] Level 1:colcon.colcon_core.package_identification:_identify(depthai_env/lib/python3.14/site-packages/numpy/f2py/src) by extension 'colcon_meta'
[-1781200949160513024.000s] Level 1:colcon.colcon_core.package_identification:_identify(depthai_env/lib/python3.14/site-packages/numpy/f2py/src) by extensions ['ros']
[-1781200949160513024.000s] Level 1:colcon.colcon_core.package_identification:_identify(depthai_env/lib/python3.14/site-packages/numpy/f2py/src) by extension 'ros'
[-1781200949160513024.000s] Level 1:colcon.colcon_core.package_identification:_identify(depthai_env/lib/python3.14/site-packages/numpy/f2py/src) by extensions ['cmake', 'python']
[-1781200949160513024.000s] Level 1:colcon.colcon_core.package_identification:_identify(depthai_env/lib/python3.14/site-packages/numpy/f2py/src) by extension 'cmake'
[-1781200949160513024.000s] Level 1:colcon.colcon_core.package_identification:_identify(depthai_env/lib/python3.14/site-packages/numpy/f2py/src) by extension 'python'
[-1781200949160513024.000s] Level 1:colcon.colcon_core.package_identification:_identify(depthai_env/lib/python3.14/site-packages/numpy/f2py/tests) by extensions ['ignore', 'ignore_ament_install']
[-1781200949160513024.000s] Level 1:colcon.colcon_core.package_identification:_identify(depthai_env/lib/python3.14/site-packages/numpy/f2py/tests) by extension 'ignore'
[-1781200949160513024.000s] Level 1:colcon.colcon_core.package_identification:_identify(depthai_env/lib/python3.14/site-packages/numpy/f2py/tests) by extension 'ignore_ament_install'
[-1781200949160513024.000s] Level 1:colcon.colcon_core.package_identification:_identify(depthai_env/lib/python3.14/site-packages/numpy/f2py/tests) by extensions ['colcon_pkg']
[-1781200949160513024.000s] Level 1:colcon.colcon_core.package_identification:_identify(depthai_env/lib/python3.14/site-packages/numpy/f2py/tests) by extension 'colcon_pkg'
[-1781200949160513024.000s] Level 1:colcon.colcon_core.package_identification:_identify(depthai_env/lib/python3.14/site-packages/numpy/f2py/tests) by extensions ['colcon_meta']
[-1781200949160513024.000s] Level 1:colcon.colcon_core.package_identification:_identify(depthai_env/lib/python3.14/site-packages/numpy/f2py/tests) by extension 'colcon_meta'
[-1781200949160513024.000s] Level 1:colcon.colcon_core.package_identification:_identify(depthai_env/lib/python3.14/site-packages/numpy/f2py/tests) by extensions ['ros']
[-1781200949160513024.000s] Level 1:colcon.colcon_core.package_identification:_identify(depthai_env/lib/python3.14/site-packages/numpy/f2py/tests) by extension 'ros'
[-1781200949160513024.000s] Level 1:colcon.colcon_core.package_identification:_identify(depthai_env/lib/python3.14/site-packages/numpy/f2py/tests) by extensions ['cmake', 'python']
[-1781200949160513024.000s] Level 1:colcon.colcon_core.package_identification:_identify(depthai_env/lib/python3.14/site-packages/numpy/f2py/tests) by extension 'cmake'
[-1781200949160513024.000s] Level 1:colcon.colcon_core.package_identification:_identify(depthai_env/lib/python3.14/site-packages/numpy/f2py/tests) by extension 'python'
[-1781200949160513024.000s] Level 1:colcon.colcon_core.package_identification:_identify(depthai_env/lib/python3.14/site-packages/numpy/f2py/tests/__pycache__) by extensions ['ignore', 'ignore_ament_install']
[-1781200949160513024.000s] Level 1:colcon.colcon_core.package_identification:_identify(depthai_env/lib/python3.14/site-packages/numpy/f2py/tests/__pycache__) by extension 'ignore'
[-1781200949160513024.000s] Level 1:colcon.colcon_core.package_identification:_identify(depthai_env/lib/python3.14/site-packages/numpy/f2py/tests/__pycache__) by extension 'ignore_ament_install'
[-1781200949160513024.000s] Level 1:colcon.colcon_core.package_identification:_identify(depthai_env/lib/python3.14/site-packages/numpy/f2py/tests/__pycache__) by extensions ['colcon_pkg']
[-1781200949160513024.000s] Level 1:colcon.colcon_core.package_identification:_identify(depthai_env/lib/python3.14/site-packages/numpy/f2py/tests/__pycache__) by extension 'colcon_pkg'
[-1781200949160513024.000s] Level 1:colcon.colcon_core.package_identification:_identify(depthai_env/lib/python3.14/site-packages/numpy/f2py/tests/__pycache__) by extensions ['colcon_meta']
[-1781200949160513024.000s] Level 1:colcon.colcon_core.package_identification:_identify(depthai_env/lib/python3.14/site-packages/numpy/f2py/tests/__pycache__) by extension 'colcon_meta'
[-1781200949160513024.000s] Level 1:colcon.colcon_core.package_identification:_identify(depthai_env/lib/python3.14/site-packages/numpy/f2py/tests/__pycache__) by extensions ['ros']
[-1781200949160513024.000s] Level 1:colcon.colcon_core.package_identification:_identify(depthai_env/lib/python3.14/site-packages/numpy/f2py/tests/__pycache__) by extension 'ros'
[-1781200949160513024.000s] Level 1:colcon.colcon_core.package_identification:_identify(depthai_env/lib/python3.14/site-packages/numpy/f2py/tests/__pycache__) by extensions ['cmake', 'python']
[-1781200949160513024.000s] Level 1:colcon.colcon_core.package_identification:_identify(depthai_env/lib/python3.14/site-packages/numpy/f2py/tests/__pycache__) by extension 'cmake'
[-1781200949160513024.000s] Level 1:colcon.colcon_core.package_identification:_identify(depthai_env/lib/python3.14/site-packages/numpy/f2py/tests/__pycache__) by extension 'python'
[-1781200949160513024.000s] Level 1:colcon.colcon_core.package_identification:_identify(depthai_env/lib/python3.14/site-packages/numpy/f2py/tests/src) by extensions ['ignore', 'ignore_ament_install']
[-1781200949160513024.000s] Level 1:colcon.colcon_core.package_identification:_identify(depthai_env/lib/python3.14/site-packages/numpy/f2py/tests/src) by extension 'ignore'
[-1781200949160513024.000s] Level 1:colcon.colcon_core.package_identification:_identify(depthai_env/lib/python3.14/site-packages/numpy/f2py/tests/src) by extension 'ignore_ament_install'
[-1781200949160513024.000s] Level 1:colcon.colcon_core.package_identification:_identify(depthai_env/lib/python3.14/site-packages/numpy/f2py/tests/src) by extensions ['colcon_pkg']
[-1781200949160513024.000s] Level 1:colcon.colcon_core.package_identification:_identify(depthai_env/lib/python3.14/site-packages/numpy/f2py/tests/src) by extension 'colcon_pkg'
[-1781200949160513024.000s] Level 1:colcon.colcon_core.package_identification:_identify(depthai_env/lib/python3.14/site-packages/numpy/f2py/tests/src) by extensions ['colcon_meta']
[-1781200949160513024.000s] Level 1:colcon.colcon_core.package_identification:_identify(depthai_env/lib/python3.14/site-packages/numpy/f2py/tests/src) by extension 'colcon_meta'
[-1781200949160513024.000s] Level 1:colcon.colcon_core.package_identification:_identify(depthai_env/lib/python3.14/site-packages/numpy/f2py/tests/src) by extensions ['ros']
[-1781200949160513024.000s] Level 1:colcon.colcon_core.package_identification:_identify(depthai_env/lib/python3.14/site-packages/numpy/f2py/tests/src) by extension 'ros'
[-1781200949160513024.000s] Level 1:colcon.colcon_core.package_identification:_identify(depthai_env/lib/python3.14/site-packages/numpy/f2py/tests/src) by extensions ['cmake', 'python']
[-1781200949160513024.000s] Level 1:colcon.colcon_core.package_identification:_identify(depthai_env/lib/python3.14/site-packages/numpy/f2py/tests/src) by extension 'cmake'
[-1781200949160513024.000s] Level 1:colcon.colcon_core.package_identification:_identify(depthai_env/lib/python3.14/site-packages/numpy/f2py/tests/src) by extension 'python'
[-1781200949160513024.000s] Level 1:colcon.colcon_core.package_identification:_identify(depthai_env/lib/python3.14/site-packages/numpy/f2py/tests/src/abstract_interface) by extensions ['ignore', 'ignore_ament_install']
[-1781200949160513024.000s] Level 1:colcon.colcon_core.package_identification:_identify(depthai_env/lib/python3.14/site-packages/numpy/f2py/tests/src/abstract_interface) by extension 'ignore'
[-1781200949160513024.000s] Level 1:colcon.colcon_core.package_identification:_identify(depthai_env/lib/python3.14/site-packages/numpy/f2py/tests/src/abstract_interface) by extension 'ignore_ament_install'
[-1781200949160513024.000s] Level 1:colcon.colcon_core.package_identification:_identify(depthai_env/lib/python3.14/site-packages/numpy/f2py/tests/src/abstract_interface) by extensions ['colcon_pkg']
[-1781200949160513024.000s] Level 1:colcon.colcon_core.package_identification:_identify(depthai_env/lib/python3.14/site-packages/numpy/f2py/tests/src/abstract_interface) by extension 'colcon_pkg'
[-1781200949160513024.000s] Level 1:colcon.colcon_core.package_identification:_identify(depthai_env/lib/python3.14/site-packages/numpy/f2py/tests/src/abstract_interface) by extensions ['colcon_meta']
[-1781200949160513024.000s] Level 1:colcon.colcon_core.package_identification:_identify(depthai_env/lib/python3.14/site-packages/numpy/f2py/tests/src/abstract_interface) by extension 'colcon_meta'
[-1781200949160513024.000s] Level 1:colcon.colcon_core.package_identification:_identify(depthai_env/lib/python3.14/site-packages/numpy/f2py/tests/src/abstract_interface) by extensions ['ros']
[-1781200949160513024.000s] Level 1:colcon.colcon_core.package_identification:_identify(depthai_env/lib/python3.14/site-packages/numpy/f2py/tests/src/abstract_interface) by extension 'ros'
[-1781200949160513024.000s] Level 1:colcon.colcon_core.package_identification:_identify(depthai_env/lib/python3.14/site-packages/numpy/f2py/tests/src/abstract_interface) by extensions ['cmake', 'python']
[-1781200949160513024.000s] Level 1:colcon.colcon_core.package_identification:_identify(depthai_env/lib/python3.14/site-packages/numpy/f2py/tests/src/abstract_interface) by extension 'cmake'
[-1781200949160513024.000s] Level 1:colcon.colcon_core.package_identification:_identify(depthai_env/lib/python3.14/site-packages/numpy/f2py/tests/src/abstract_interface) by extension 'python'
[-1781200949160513024.000s] Level 1:colcon.colcon_core.package_identification:_identify(depthai_env/lib/python3.14/site-packages/numpy/f2py/tests/src/array_from_pyobj) by extensions ['ignore', 'ignore_ament_install']
[-1781200949160513024.000s] Level 1:colcon.colcon_core.package_identification:_identify(depthai_env/lib/python3.14/site-packages/numpy/f2py/tests/src/array_from_pyobj) by extension 'ignore'
[-1781200949160513024.000s] Level 1:colcon.colcon_core.package_identification:_identify(depthai_env/lib/python3.14/site-packages/numpy/f2py/tests/src/array_from_pyobj) by extension 'ignore_ament_install'
[-1781200949160513024.000s] Level 1:colcon.colcon_core.package_identification:_identify(depthai_env/lib/python3.14/site-packages/numpy/f2py/tests/src/array_from_pyobj) by extensions ['colcon_pkg']
[-1781200949160513024.000s] Level 1:colcon.colcon_core.package_identification:_identify(depthai_env/lib/python3.14/site-packages/numpy/f2py/tests/src/array_from_pyobj) by extension 'colcon_pkg'
[-1781200949160513024.000s] Level 1:colcon.colcon_core.package_identification:_identify(depthai_env/lib/python3.14/site-packages/numpy/f2py/tests/src/array_from_pyobj) by extensions ['colcon_meta']
[-1781200949160513024.000s] Level 1:colcon.colcon_core.package_identification:_identify(depthai_env/lib/python3.14/site-packages/numpy/f2py/tests/src/array_from_pyobj) by extension 'colcon_meta'
[-1781200949160513024.000s] Level 1:colcon.colcon_core.package_identification:_identify(depthai_env/lib/python3.14/site-packages/numpy/f2py/tests/src/array_from_pyobj) by extensions ['ros']
[-1781200949160513024.000s] Level 1:colcon.colcon_core.package_identification:_identify(depthai_env/lib/python3.14/site-packages/numpy/f2py/tests/src/array_from_pyobj) by extension 'ros'
[-1781200949160513024.000s] Level 1:colcon.colcon_core.package_identification:_identify(depthai_env/lib/python3.14/site-packages/numpy/f2py/tests/src/array_from_pyobj) by extensions ['cmake', 'python']
[-1781200949160513024.000s] Level 1:colcon.colcon_core.package_identification:_identify(depthai_env/lib/python3.14/site-packages/numpy/f2py/tests/src/array_from_pyobj) by extension 'cmake'
[-1781200949160513024.000s] Level 1:colcon.colcon_core.package_identification:_identify(depthai_env/lib/python3.14/site-packages/numpy/f2py/tests/src/array_from_pyobj) by extension 'python'
[-1781200949160513024.000s] Level 1:colcon.colcon_core.package_identification:_identify(depthai_env/lib/python3.14/site-packages/numpy/f2py/tests/src/assumed_shape) by extensions ['ignore', 'ignore_ament_install']
[-1781200949160513024.000s] Level 1:colcon.colcon_core.package_identification:_identify(depthai_env/lib/python3.14/site-packages/numpy/f2py/tests/src/assumed_shape) by extension 'ignore'
[-1781200949160513024.000s] Level 1:colcon.colcon_core.package_identification:_identify(depthai_env/lib/python3.14/site-packages/numpy/f2py/tests/src/assumed_shape) by extension 'ignore_ament_install'
[-1781200949160513024.000s] Level 1:colcon.colcon_core.package_identification:_identify(depthai_env/lib/python3.14/site-packages/numpy/f2py/tests/src/assumed_shape) by extensions ['colcon_pkg']
[-1781200949160513024.000s] Level 1:colcon.colcon_core.package_identification:_identify(depthai_env/lib/python3.14/site-packages/numpy/f2py/tests/src/assumed_shape) by extension 'colcon_pkg'
[-1781200949160513024.000s] Level 1:colcon.colcon_core.package_identification:_identify(depthai_env/lib/python3.14/site-packages/numpy/f2py/tests/src/assumed_shape) by extensions ['colcon_meta']
[-1781200949160513024.000s] Level 1:colcon.colcon_core.package_identification:_identify(depthai_env/lib/python3.14/site-packages/numpy/f2py/tests/src/assumed_shape) by extension 'colcon_meta'
[-1781200949160513024.000s] Level 1:colcon.colcon_core.package_identification:_identify(depthai_env/lib/python3.14/site-packages/numpy/f2py/tests/src/assumed_shape) by extensions ['ros']
[-1781200949160513024.000s] Level 1:colcon.colcon_core.package_identification:_identify(depthai_env/lib/python3.14/site-packages/numpy/f2py/tests/src/assumed_shape) by extension 'ros'
[-1781200949160513024.000s] Level 1:colcon.colcon_core.package_identification:_identify(depthai_env/lib/python3.14/site-packages/numpy/f2py/tests/src/assumed_shape) by extensions ['cmake', 'python']
[-1781200949160513024.000s] Level 1:colcon.colcon_core.package_identification:_identify(depthai_env/lib/python3.14/site-packages/numpy/f2py/tests/src/assumed_shape) by extension 'cmake'
[-1781200949160513024.000s] Level 1:colcon.colcon_core.package_identification:_identify(depthai_env/lib/python3.14/site-packages/numpy/f2py/tests/src/assumed_shape) by extension 'python'
[-1781200949160513024.000s] Level 1:colcon.colcon_core.package_identification:_identify(depthai_env/lib/python3.14/site-packages/numpy/f2py/tests/src/block_docstring) by extensions ['ignore', 'ignore_ament_install']
[-1781200949160513024.000s] Level 1:colcon.colcon_core.package_identification:_identify(depthai_env/lib/python3.14/site-packages/numpy/f2py/tests/src/block_docstring) by extension 'ignore'
[-1781200949160513024.000s] Level 1:colcon.colcon_core.package_identification:_identify(depthai_env/lib/python3.14/site-packages/numpy/f2py/tests/src/block_docstring) by extension 'ignore_ament_install'
[-1781200949160513024.000s] Level 1:colcon.colcon_core.package_identification:_identify(depthai_env/lib/python3.14/site-packages/numpy/f2py/tests/src/block_docstring) by extensions ['colcon_pkg']
[-1781200949160513024.000s] Level 1:colcon.colcon_core.package_identification:_identify(depthai_env/lib/python3.14/site-packages/numpy/f2py/tests/src/block_docstring) by extension 'colcon_pkg'
[-1781200949160513024.000s] Level 1:colcon.colcon_core.package_identification:_identify(depthai_env/lib/python3.14/site-packages/numpy/f2py/tests/src/block_docstring) by extensions ['colcon_meta']
[-1781200949160513024.000s] Level 1:colcon.colcon_core.package_identification:_identify(depthai_env/lib/python3.14/site-packages/numpy/f2py/tests/src/block_docstring) by extension 'colcon_meta'
[-1781200949160513024.000s] Level 1:colcon.colcon_core.package_identification:_identify(depthai_env/lib/python3.14/site-packages/numpy/f2py/tests/src/block_docstring) by extensions ['ros']
[-1781200949160513024.000s] Level 1:colcon.colcon_core.package_identification:_identify(depthai_env/lib/python3.14/site-packages/numpy/f2py/tests/src/block_docstring) by extension 'ros'
[-1781200949160513024.000s] Level 1:colcon.colcon_core.package_identification:_identify(depthai_env/lib/python3.14/site-packages/numpy/f2py/tests/src/block_docstring) by extensions ['cmake', 'python']
[-1781200949160513024.000s] Level 1:colcon.colcon_core.package_identification:_identify(depthai_env/lib/python3.14/site-packages/numpy/f2py/tests/src/block_docstring) by extension 'cmake'
[-1781200949160513024.000s] Level 1:colcon.colcon_core.package_identification:_identify(depthai_env/lib/python3.14/site-packages/numpy/f2py/tests/src/block_docstring) by extension 'python'
[-1781200949160513024.000s] Level 1:colcon.colcon_core.package_identification:_identify(depthai_env/lib/python3.14/site-packages/numpy/f2py/tests/src/callback) by extensions ['ignore', 'ignore_ament_install']
[-1781200949160513024.000s] Level 1:colcon.colcon_core.package_identification:_identify(depthai_env/lib/python3.14/site-packages/numpy/f2py/tests/src/callback) by extension 'ignore'
[-1781200949160513024.000s] Level 1:colcon.colcon_core.package_identification:_identify(depthai_env/lib/python3.14/site-packages/numpy/f2py/tests/src/callback) by extension 'ignore_ament_install'
[-1781200949160513024.000s] Level 1:colcon.colcon_core.package_identification:_identify(depthai_env/lib/python3.14/site-packages/numpy/f2py/tests/src/callback) by extensions ['colcon_pkg']
[-1781200949160513024.000s] Level 1:colcon.colcon_core.package_identification:_identify(depthai_env/lib/python3.14/site-packages/numpy/f2py/tests/src/callback) by extension 'colcon_pkg'
[-1781200949160513024.000s] Level 1:colcon.colcon_core.package_identification:_identify(depthai_env/lib/python3.14/site-packages/numpy/f2py/tests/src/callback) by extensions ['colcon_meta']
[-1781200949160513024.000s] Level 1:colcon.colcon_core.package_identification:_identify(depthai_env/lib/python3.14/site-packages/numpy/f2py/tests/src/callback) by extension 'colcon_meta'
[-1781200949160513024.000s] Level 1:colcon.colcon_core.package_identification:_identify(depthai_env/lib/python3.14/site-packages/numpy/f2py/tests/src/callback) by extensions ['ros']
[-1781200949160513024.000s] Level 1:colcon.colcon_core.package_identification:_identify(depthai_env/lib/python3.14/site-packages/numpy/f2py/tests/src/callback) by extension 'ros'
[-1781200949160513024.000s] Level 1:colcon.colcon_core.package_identification:_identify(depthai_env/lib/python3.14/site-packages/numpy/f2py/tests/src/callback) by extensions ['cmake', 'python']
[-1781200949160513024.000s] Level 1:colcon.colcon_core.package_identification:_identify(depthai_env/lib/python3.14/site-packages/numpy/f2py/tests/src/callback) by extension 'cmake'
[-1781200949160513024.000s] Level 1:colcon.colcon_core.package_identification:_identify(depthai_env/lib/python3.14/site-packages/numpy/f2py/tests/src/callback) by extension 'python'
[-1781200949160513024.000s] Level 1:colcon.colcon_core.package_identification:_identify(depthai_env/lib/python3.14/site-packages/numpy/f2py/tests/src/cli) by extensions ['ignore', 'ignore_ament_install']
[-1781200949160513024.000s] Level 1:colcon.colcon_core.package_identification:_identify(depthai_env/lib/python3.14/site-packages/numpy/f2py/tests/src/cli) by extension 'ignore'
[-1781200949160513024.000s] Level 1:colcon.colcon_core.package_identification:_identify(depthai_env/lib/python3.14/site-packages/numpy/f2py/tests/src/cli) by extension 'ignore_ament_install'
[-1781200949160513024.000s] Level 1:colcon.colcon_core.package_identification:_identify(depthai_env/lib/python3.14/site-packages/numpy/f2py/tests/src/cli) by extensions ['colcon_pkg']
[-1781200949160513024.000s] Level 1:colcon.colcon_core.package_identification:_identify(depthai_env/lib/python3.14/site-packages/numpy/f2py/tests/src/cli) by extension 'colcon_pkg'
[-1781200949160513024.000s] Level 1:colcon.colcon_core.package_identification:_identify(depthai_env/lib/python3.14/site-packages/numpy/f2py/tests/src/cli) by extensions ['colcon_meta']
[-1781200949160513024.000s] Level 1:colcon.colcon_core.package_identification:_identify(depthai_env/lib/python3.14/site-packages/numpy/f2py/tests/src/cli) by extension 'colcon_meta'
[-1781200949160513024.000s] Level 1:colcon.colcon_core.package_identification:_identify(depthai_env/lib/python3.14/site-packages/numpy/f2py/tests/src/cli) by extensions ['ros']
[-1781200949160513024.000s] Level 1:colcon.colcon_core.package_identification:_identify(depthai_env/lib/python3.14/site-packages/numpy/f2py/tests/src/cli) by extension 'ros'
[-1781200949160513024.000s] Level 1:colcon.colcon_core.package_identification:_identify(depthai_env/lib/python3.14/site-packages/numpy/f2py/tests/src/cli) by extensions ['cmake', 'python']
[-1781200949160513024.000s] Level 1:colcon.colcon_core.package_identification:_identify(depthai_env/lib/python3.14/site-packages/numpy/f2py/tests/src/cli) by extension 'cmake'
[-1781200949160513024.000s] Level 1:colcon.colcon_core.package_identification:_identify(depthai_env/lib/python3.14/site-packages/numpy/f2py/tests/src/cli) by extension 'python'
[-1781200949160513024.000s] Level 1:colcon.colcon_core.package_identification:_identify(depthai_env/lib/python3.14/site-packages/numpy/f2py/tests/src/common) by extensions ['ignore', 'ignore_ament_install']
[-1781200949160513024.000s] Level 1:colcon.colcon_core.package_identification:_identify(depthai_env/lib/python3.14/site-packages/numpy/f2py/tests/src/common) by extension 'ignore'
[-1781200949160513024.000s] Level 1:colcon.colcon_core.package_identification:_identify(depthai_env/lib/python3.14/site-packages/numpy/f2py/tests/src/common) by extension 'ignore_ament_install'
[-1781200949160513024.000s] Level 1:colcon.colcon_core.package_identification:_identify(depthai_env/lib/python3.14/site-packages/numpy/f2py/tests/src/common) by extensions ['colcon_pkg']
[-1781200949160513024.000s] Level 1:colcon.colcon_core.package_identification:_identify(depthai_env/lib/python3.14/site-packages/numpy/f2py/tests/src/common) by extension 'colcon_pkg'
[-1781200949160513024.000s] Level 1:colcon.colcon_core.package_identification:_identify(depthai_env/lib/python3.14/site-packages/numpy/f2py/tests/src/common) by extensions ['colcon_meta']
[-1781200949160513024.000s] Level 1:colcon.colcon_core.package_identification:_identify(depthai_env/lib/python3.14/site-packages/numpy/f2py/tests/src/common) by extension 'colcon_meta'
[-1781200949160513024.000s] Level 1:colcon.colcon_core.package_identification:_identify(depthai_env/lib/python3.14/site-packages/numpy/f2py/tests/src/common) by extensions ['ros']
[-1781200949160513024.000s] Level 1:colcon.colcon_core.package_identification:_identify(depthai_env/lib/python3.14/site-packages/numpy/f2py/tests/src/common) by extension 'ros'
[-1781200949160513024.000s] Level 1:colcon.colcon_core.package_identification:_identify(depthai_env/lib/python3.14/site-packages/numpy/f2py/tests/src/common) by extensions ['cmake', 'python']
[-1781200949160513024.000s] Level 1:colcon.colcon_core.package_identification:_identify(depthai_env/lib/python3.14/site-packages/numpy/f2py/tests/src/common) by extension 'cmake'
[-1781200949160513024.000s] Level 1:colcon.colcon_core.package_identification:_identify(depthai_env/lib/python3.14/site-packages/numpy/f2py/tests/src/common) by extension 'python'
[-1781200949160513024.000s] Level 1:colcon.colcon_core.package_identification:_identify(depthai_env/lib/python3.14/site-packages/numpy/f2py/tests/src/crackfortran) by extensions ['ignore', 'ignore_ament_install']
[-1781200949160513024.000s] Level 1:colcon.colcon_core.package_identification:_identify(depthai_env/lib/python3.14/site-packages/numpy/f2py/tests/src/crackfortran) by extension 'ignore'
[-1781200949160513024.000s] Level 1:colcon.colcon_core.package_identification:_identify(depthai_env/lib/python3.14/site-packages/numpy/f2py/tests/src/crackfortran) by extension 'ignore_ament_install'
[-1781200949160513024.000s] Level 1:colcon.colcon_core.package_identification:_identify(depthai_env/lib/python3.14/site-packages/numpy/f2py/tests/src/crackfortran) by extensions ['colcon_pkg']
[-1781200949160513024.000s] Level 1:colcon.colcon_core.package_identification:_identify(depthai_env/lib/python3.14/site-packages/numpy/f2py/tests/src/crackfortran) by extension 'colcon_pkg'
[-1781200949160513024.000s] Level 1:colcon.colcon_core.package_identification:_identify(depthai_env/lib/python3.14/site-packages/numpy/f2py/tests/src/crackfortran) by extensions ['colcon_meta']
[-1781200949160513024.000s] Level 1:colcon.colcon_core.package_identification:_identify(depthai_env/lib/python3.14/site-packages/numpy/f2py/tests/src/crackfortran) by extension 'colcon_meta'
[-1781200949160513024.000s] Level 1:colcon.colcon_core.package_identification:_identify(depthai_env/lib/python3.14/site-packages/numpy/f2py/tests/src/crackfortran) by extensions ['ros']
[-1781200949160513024.000s] Level 1:colcon.colcon_core.package_identification:_identify(depthai_env/lib/python3.14/site-packages/numpy/f2py/tests/src/crackfortran) by extension 'ros'
[-1781200949160513024.000s] Level 1:colcon.colcon_core.package_identification:_identify(depthai_env/lib/python3.14/site-packages/numpy/f2py/tests/src/crackfortran) by extensions ['cmake', 'python']
[-1781200949160513024.000s] Level 1:colcon.colcon_core.package_identification:_identify(depthai_env/lib/python3.14/site-packages/numpy/f2py/tests/src/crackfortran) by extension 'cmake'
[-1781200949160513024.000s] Level 1:colcon.colcon_core.package_identification:_identify(depthai_env/lib/python3.14/site-packages/numpy/f2py/tests/src/crackfortran) by extension 'python'
[-1781200949160513024.000s] Level 1:colcon.colcon_core.package_identification:_identify(depthai_env/lib/python3.14/site-packages/numpy/f2py/tests/src/f2cmap) by extensions ['ignore', 'ignore_ament_install']
[-1781200949160513024.000s] Level 1:colcon.colcon_core.package_identification:_identify(depthai_env/lib/python3.14/site-packages/numpy/f2py/tests/src/f2cmap) by extension 'ignore'
[-1781200949160513024.000s] Level 1:colcon.colcon_core.package_identification:_identify(depthai_env/lib/python3.14/site-packages/numpy/f2py/tests/src/f2cmap) by extension 'ignore_ament_install'
[-1781200949160513024.000s] Level 1:colcon.colcon_core.package_identification:_identify(depthai_env/lib/python3.14/site-packages/numpy/f2py/tests/src/f2cmap) by extensions ['colcon_pkg']
[-1781200949160513024.000s] Level 1:colcon.colcon_core.package_identification:_identify(depthai_env/lib/python3.14/site-packages/numpy/f2py/tests/src/f2cmap) by extension 'colcon_pkg'
[-1781200949160513024.000s] Level 1:colcon.colcon_core.package_identification:_identify(depthai_env/lib/python3.14/site-packages/numpy/f2py/tests/src/f2cmap) by extensions ['colcon_meta']
[-1781200949160513024.000s] Level 1:colcon.colcon_core.package_identification:_identify(depthai_env/lib/python3.14/site-packages/numpy/f2py/tests/src/f2cmap) by extension 'colcon_meta'
[-1781200949160513024.000s] Level 1:colcon.colcon_core.package_identification:_identify(depthai_env/lib/python3.14/site-packages/numpy/f2py/tests/src/f2cmap) by extensions ['ros']
[-1781200949160513024.000s] Level 1:colcon.colcon_core.package_identification:_identify(depthai_env/lib/python3.14/site-packages/numpy/f2py/tests/src/f2cmap) by extension 'ros'
[-1781200949160513024.000s] Level 1:colcon.colcon_core.package_identification:_identify(depthai_env/lib/python3.14/site-packages/numpy/f2py/tests/src/f2cmap) by extensions ['cmake', 'python']
[-1781200949160513024.000s] Level 1:colcon.colcon_core.package_identification:_identify(depthai_env/lib/python3.14/site-packages/numpy/f2py/tests/src/f2cmap) by extension 'cmake'
[-1781200949160513024.000s] Level 1:colcon.colcon_core.package_identification:_identify(depthai_env/lib/python3.14/site-packages/numpy/f2py/tests/src/f2cmap) by extension 'python'
[-1781200949160513024.000s] Level 1:colcon.colcon_core.package_identification:_identify(depthai_env/lib/python3.14/site-packages/numpy/f2py/tests/src/isocintrin) by extensions ['ignore', 'ignore_ament_install']
[-1781200949160513024.000s] Level 1:colcon.colcon_core.package_identification:_identify(depthai_env/lib/python3.14/site-packages/numpy/f2py/tests/src/isocintrin) by extension 'ignore'
[-1781200949160513024.000s] Level 1:colcon.colcon_core.package_identification:_identify(depthai_env/lib/python3.14/site-packages/numpy/f2py/tests/src/isocintrin) by extension 'ignore_ament_install'
[-1781200949160513024.000s] Level 1:colcon.colcon_core.package_identification:_identify(depthai_env/lib/python3.14/site-packages/numpy/f2py/tests/src/isocintrin) by extensions ['colcon_pkg']
[-1781200949160513024.000s] Level 1:colcon.colcon_core.package_identification:_identify(depthai_env/lib/python3.14/site-packages/numpy/f2py/tests/src/isocintrin) by extension 'colcon_pkg'
[-1781200949160513024.000s] Level 1:colcon.colcon_core.package_identification:_identify(depthai_env/lib/python3.14/site-packages/numpy/f2py/tests/src/isocintrin) by extensions ['colcon_meta']
[-1781200949160513024.000s] Level 1:colcon.colcon_core.package_identification:_identify(depthai_env/lib/python3.14/site-packages/numpy/f2py/tests/src/isocintrin) by extension 'colcon_meta'
[-1781200949160513024.000s] Level 1:colcon.colcon_core.package_identification:_identify(depthai_env/lib/python3.14/site-packages/numpy/f2py/tests/src/isocintrin) by extensions ['ros']
[-1781200949160513024.000s] Level 1:colcon.colcon_core.package_identification:_identify(depthai_env/lib/python3.14/site-packages/numpy/f2py/tests/src/isocintrin) by extension 'ros'
[-1781200949160513024.000s] Level 1:colcon.colcon_core.package_identification:_identify(depthai_env/lib/python3.14/site-packages/numpy/f2py/tests/src/isocintrin) by extensions ['cmake', 'python']
[-1781200949160513024.000s] Level 1:colcon.colcon_core.package_identification:_identify(depthai_env/lib/python3.14/site-packages/numpy/f2py/tests/src/isocintrin) by extension 'cmake'
[-1781200949160513024.000s] Level 1:colcon.colcon_core.package_identification:_identify(depthai_env/lib/python3.14/site-packages/numpy/f2py/tests/src/isocintrin) by extension 'python'
[-1781200949160513024.000s] Level 1:colcon.colcon_core.package_identification:_identify(depthai_env/lib/python3.14/site-packages/numpy/f2py/tests/src/kind) by extensions ['ignore', 'ignore_ament_install']
[-1781200949160513024.000s] Level 1:colcon.colcon_core.package_identification:_identify(depthai_env/lib/python3.14/site-packages/numpy/f2py/tests/src/kind) by extension 'ignore'
[-1781200949160513024.000s] Level 1:colcon.colcon_core.package_identification:_identify(depthai_env/lib/python3.14/site-packages/numpy/f2py/tests/src/kind) by extension 'ignore_ament_install'
[-1781200949160513024.000s] Level 1:colcon.colcon_core.package_identification:_identify(depthai_env/lib/python3.14/site-packages/numpy/f2py/tests/src/kind) by extensions ['colcon_pkg']
[-1781200949160513024.000s] Level 1:colcon.colcon_core.package_identification:_identify(depthai_env/lib/python3.14/site-packages/numpy/f2py/tests/src/kind) by extension 'colcon_pkg'
[-1781200949160513024.000s] Level 1:colcon.colcon_core.package_identification:_identify(depthai_env/lib/python3.14/site-packages/numpy/f2py/tests/src/kind) by extensions ['colcon_meta']
[-1781200949160513024.000s] Level 1:colcon.colcon_core.package_identification:_identify(depthai_env/lib/python3.14/site-packages/numpy/f2py/tests/src/kind) by extension 'colcon_meta'
[-1781200949160513024.000s] Level 1:colcon.colcon_core.package_identification:_identify(depthai_env/lib/python3.14/site-packages/numpy/f2py/tests/src/kind) by extensions ['ros']
[-1781200949160513024.000s] Level 1:colcon.colcon_core.package_identification:_identify(depthai_env/lib/python3.14/site-packages/numpy/f2py/tests/src/kind) by extension 'ros'
[-1781200949160513024.000s] Level 1:colcon.colcon_core.package_identification:_identify(depthai_env/lib/python3.14/site-packages/numpy/f2py/tests/src/kind) by extensions ['cmake', 'python']
[-1781200949160513024.000s] Level 1:colcon.colcon_core.package_identification:_identify(depthai_env/lib/python3.14/site-packages/numpy/f2py/tests/src/kind) by extension 'cmake'
[-1781200949160513024.000s] Level 1:colcon.colcon_core.package_identification:_identify(depthai_env/lib/python3.14/site-packages/numpy/f2py/tests/src/kind) by extension 'python'
[-1781200949160513024.000s] Level 1:colcon.colcon_core.package_identification:_identify(depthai_env/lib/python3.14/site-packages/numpy/f2py/tests/src/mixed) by extensions ['ignore', 'ignore_ament_install']
[-1781200949160513024.000s] Level 1:colcon.colcon_core.package_identification:_identify(depthai_env/lib/python3.14/site-packages/numpy/f2py/tests/src/mixed) by extension 'ignore'
[-1781200949160513024.000s] Level 1:colcon.colcon_core.package_identification:_identify(depthai_env/lib/python3.14/site-packages/numpy/f2py/tests/src/mixed) by extension 'ignore_ament_install'
[-1781200949160513024.000s] Level 1:colcon.colcon_core.package_identification:_identify(depthai_env/lib/python3.14/site-packages/numpy/f2py/tests/src/mixed) by extensions ['colcon_pkg']
[-1781200949160513024.000s] Level 1:colcon.colcon_core.package_identification:_identify(depthai_env/lib/python3.14/site-packages/numpy/f2py/tests/src/mixed) by extension 'colcon_pkg'
[-1781200949160513024.000s] Level 1:colcon.colcon_core.package_identification:_identify(depthai_env/lib/python3.14/site-packages/numpy/f2py/tests/src/mixed) by extensions ['colcon_meta']
[-1781200949160513024.000s] Level 1:colcon.colcon_core.package_identification:_identify(depthai_env/lib/python3.14/site-packages/numpy/f2py/tests/src/mixed) by extension 'colcon_meta'
[-1781200949160513024.000s] Level 1:colcon.colcon_core.package_identification:_identify(depthai_env/lib/python3.14/site-packages/numpy/f2py/tests/src/mixed) by extensions ['ros']
[-1781200949160513024.000s] Level 1:colcon.colcon_core.package_identification:_identify(depthai_env/lib/python3.14/site-packages/numpy/f2py/tests/src/mixed) by extension 'ros'
[-1781200949160513024.000s] Level 1:colcon.colcon_core.package_identification:_identify(depthai_env/lib/python3.14/site-packages/numpy/f2py/tests/src/mixed) by extensions ['cmake', 'python']
[-1781200949160513024.000s] Level 1:colcon.colcon_core.package_identification:_identify(depthai_env/lib/python3.14/site-packages/numpy/f2py/tests/src/mixed) by extension 'cmake'
[-1781200949160513024.000s] Level 1:colcon.colcon_core.package_identification:_identify(depthai_env/lib/python3.14/site-packages/numpy/f2py/tests/src/mixed) by extension 'python'
[-1781200949160513024.000s] Level 1:colcon.colcon_core.package_identification:_identify(depthai_env/lib/python3.14/site-packages/numpy/f2py/tests/src/modules) by extensions ['ignore', 'ignore_ament_install']
[-1781200949160513024.000s] Level 1:colcon.colcon_core.package_identification:_identify(depthai_env/lib/python3.14/site-packages/numpy/f2py/tests/src/modules) by extension 'ignore'
[-1781200949160513024.000s] Level 1:colcon.colcon_core.package_identification:_identify(depthai_env/lib/python3.14/site-packages/numpy/f2py/tests/src/modules) by extension 'ignore_ament_install'
[-1781200949160513024.000s] Level 1:colcon.colcon_core.package_identification:_identify(depthai_env/lib/python3.14/site-packages/numpy/f2py/tests/src/modules) by extensions ['colcon_pkg']
[-1781200949160513024.000s] Level 1:colcon.colcon_core.package_identification:_identify(depthai_env/lib/python3.14/site-packages/numpy/f2py/tests/src/modules) by extension 'colcon_pkg'
[-1781200949160513024.000s] Level 1:colcon.colcon_core.package_identification:_identify(depthai_env/lib/python3.14/site-packages/numpy/f2py/tests/src/modules) by extensions ['colcon_meta']
[-1781200949160513024.000s] Level 1:colcon.colcon_core.package_identification:_identify(depthai_env/lib/python3.14/site-packages/numpy/f2py/tests/src/modules) by extension 'colcon_meta'
[-1781200949160513024.000s] Level 1:colcon.colcon_core.package_identification:_identify(depthai_env/lib/python3.14/site-packages/numpy/f2py/tests/src/modules) by extensions ['ros']
[-1781200949160513024.000s] Level 1:colcon.colcon_core.package_identification:_identify(depthai_env/lib/python3.14/site-packages/numpy/f2py/tests/src/modules) by extension 'ros'
[-1781200949160513024.000s] Level 1:colcon.colcon_core.package_identification:_identify(depthai_env/lib/python3.14/site-packages/numpy/f2py/tests/src/modules) by extensions ['cmake', 'python']
[-1781200949160513024.000s] Level 1:colcon.colcon_core.package_identification:_identify(depthai_env/lib/python3.14/site-packages/numpy/f2py/tests/src/modules) by extension 'cmake'
[-1781200949160513024.000s] Level 1:colcon.colcon_core.package_identification:_identify(depthai_env/lib/python3.14/site-packages/numpy/f2py/tests/src/modules) by extension 'python'
[-1781200949160513024.000s] Level 1:colcon.colcon_core.package_identification:_identify(depthai_env/lib/python3.14/site-packages/numpy/f2py/tests/src/modules/gh25337) by extensions ['ignore', 'ignore_ament_install']
[-1781200949160513024.000s] Level 1:colcon.colcon_core.package_identification:_identify(depthai_env/lib/python3.14/site-packages/numpy/f2py/tests/src/modules/gh25337) by extension 'ignore'
[-1781200949160513024.000s] Level 1:colcon.colcon_core.package_identification:_identify(depthai_env/lib/python3.14/site-packages/numpy/f2py/tests/src/modules/gh25337) by extension 'ignore_ament_install'
[-1781200949160513024.000s] Level 1:colcon.colcon_core.package_identification:_identify(depthai_env/lib/python3.14/site-packages/numpy/f2py/tests/src/modules/gh25337) by extensions ['colcon_pkg']
[-1781200949160513024.000s] Level 1:colcon.colcon_core.package_identification:_identify(depthai_env/lib/python3.14/site-packages/numpy/f2py/tests/src/modules/gh25337) by extension 'colcon_pkg'
[-1781200949160513024.000s] Level 1:colcon.colcon_core.package_identification:_identify(depthai_env/lib/python3.14/site-packages/numpy/f2py/tests/src/modules/gh25337) by extensions ['colcon_meta']
[-1781200949160513024.000s] Level 1:colcon.colcon_core.package_identification:_identify(depthai_env/lib/python3.14/site-packages/numpy/f2py/tests/src/modules/gh25337) by extension 'colcon_meta'
[-1781200949160513024.000s] Level 1:colcon.colcon_core.package_identification:_identify(depthai_env/lib/python3.14/site-packages/numpy/f2py/tests/src/modules/gh25337) by extensions ['ros']
[-1781200949160513024.000s] Level 1:colcon.colcon_core.package_identification:_identify(depthai_env/lib/python3.14/site-packages/numpy/f2py/tests/src/modules/gh25337) by extension 'ros'
[-1781200949160513024.000s] Level 1:colcon.colcon_core.package_identification:_identify(depthai_env/lib/python3.14/site-packages/numpy/f2py/tests/src/modules/gh25337) by extensions ['cmake', 'python']
[-1781200949160513024.000s] Level 1:colcon.colcon_core.package_identification:_identify(depthai_env/lib/python3.14/site-packages/numpy/f2py/tests/src/modules/gh25337) by extension 'cmake'
[-1781200949160513024.000s] Level 1:colcon.colcon_core.package_identification:_identify(depthai_env/lib/python3.14/site-packages/numpy/f2py/tests/src/modules/gh25337) by extension 'python'
[-1781200949160513024.000s] Level 1:colcon.colcon_core.package_identification:_identify(depthai_env/lib/python3.14/site-packages/numpy/f2py/tests/src/modules/gh26920) by extensions ['ignore', 'ignore_ament_install']
[-1781200949160513024.000s] Level 1:colcon.colcon_core.package_identification:_identify(depthai_env/lib/python3.14/site-packages/numpy/f2py/tests/src/modules/gh26920) by extension 'ignore'
[-1781200949160513024.000s] Level 1:colcon.colcon_core.package_identification:_identify(depthai_env/lib/python3.14/site-packages/numpy/f2py/tests/src/modules/gh26920) by extension 'ignore_ament_install'
[-1781200949160513024.000s] Level 1:colcon.colcon_core.package_identification:_identify(depthai_env/lib/python3.14/site-packages/numpy/f2py/tests/src/modules/gh26920) by extensions ['colcon_pkg']
[-1781200949160513024.000s] Level 1:colcon.colcon_core.package_identification:_identify(depthai_env/lib/python3.14/site-packages/numpy/f2py/tests/src/modules/gh26920) by extension 'colcon_pkg'
[-1781200949160513024.000s] Level 1:colcon.colcon_core.package_identification:_identify(depthai_env/lib/python3.14/site-packages/numpy/f2py/tests/src/modules/gh26920) by extensions ['colcon_meta']
[-1781200949160513024.000s] Level 1:colcon.colcon_core.package_identification:_identify(depthai_env/lib/python3.14/site-packages/numpy/f2py/tests/src/modules/gh26920) by extension 'colcon_meta'
[-1781200949160513024.000s] Level 1:colcon.colcon_core.package_identification:_identify(depthai_env/lib/python3.14/site-packages/numpy/f2py/tests/src/modules/gh26920) by extensions ['ros']
[-1781200949160513024.000s] Level 1:colcon.colcon_core.package_identification:_identify(depthai_env/lib/python3.14/site-packages/numpy/f2py/tests/src/modules/gh26920) by extension 'ros'
[-1781200949160513024.000s] Level 1:colcon.colcon_core.package_identification:_identify(depthai_env/lib/python3.14/site-packages/numpy/f2py/tests/src/modules/gh26920) by extensions ['cmake', 'python']
[-1781200949160513024.000s] Level 1:colcon.colcon_core.package_identification:_identify(depthai_env/lib/python3.14/site-packages/numpy/f2py/tests/src/modules/gh26920) by extension 'cmake'
[-1781200949160513024.000s] Level 1:colcon.colcon_core.package_identification:_identify(depthai_env/lib/python3.14/site-packages/numpy/f2py/tests/src/modules/gh26920) by extension 'python'
[-1781200949160513024.000s] Level 1:colcon.colcon_core.package_identification:_identify(depthai_env/lib/python3.14/site-packages/numpy/f2py/tests/src/negative_bounds) by extensions ['ignore', 'ignore_ament_install']
[-1781200949160513024.000s] Level 1:colcon.colcon_core.package_identification:_identify(depthai_env/lib/python3.14/site-packages/numpy/f2py/tests/src/negative_bounds) by extension 'ignore'
[-1781200949160513024.000s] Level 1:colcon.colcon_core.package_identification:_identify(depthai_env/lib/python3.14/site-packages/numpy/f2py/tests/src/negative_bounds) by extension 'ignore_ament_install'
[-1781200949160513024.000s] Level 1:colcon.colcon_core.package_identification:_identify(depthai_env/lib/python3.14/site-packages/numpy/f2py/tests/src/negative_bounds) by extensions ['colcon_pkg']
[-1781200949160513024.000s] Level 1:colcon.colcon_core.package_identification:_identify(depthai_env/lib/python3.14/site-packages/numpy/f2py/tests/src/negative_bounds) by extension 'colcon_pkg'
[-1781200949160513024.000s] Level 1:colcon.colcon_core.package_identification:_identify(depthai_env/lib/python3.14/site-packages/numpy/f2py/tests/src/negative_bounds) by extensions ['colcon_meta']
[-1781200949160513024.000s] Level 1:colcon.colcon_core.package_identification:_identify(depthai_env/lib/python3.14/site-packages/numpy/f2py/tests/src/negative_bounds) by extension 'colcon_meta'
[-1781200949160513024.000s] Level 1:colcon.colcon_core.package_identification:_identify(depthai_env/lib/python3.14/site-packages/numpy/f2py/tests/src/negative_bounds) by extensions ['ros']
[-1781200949160513024.000s] Level 1:colcon.colcon_core.package_identification:_identify(depthai_env/lib/python3.14/site-packages/numpy/f2py/tests/src/negative_bounds) by extension 'ros'
[-1781200949160513024.000s] Level 1:colcon.colcon_core.package_identification:_identify(depthai_env/lib/python3.14/site-packages/numpy/f2py/tests/src/negative_bounds) by extensions ['cmake', 'python']
[-1781200949160513024.000s] Level 1:colcon.colcon_core.package_identification:_identify(depthai_env/lib/python3.14/site-packages/numpy/f2py/tests/src/negative_bounds) by extension 'cmake'
[-1781200949160513024.000s] Level 1:colcon.colcon_core.package_identification:_identify(depthai_env/lib/python3.14/site-packages/numpy/f2py/tests/src/negative_bounds) by extension 'python'
[-1781200949160513024.000s] Level 1:colcon.colcon_core.package_identification:_identify(depthai_env/lib/python3.14/site-packages/numpy/f2py/tests/src/parameter) by extensions ['ignore', 'ignore_ament_install']
[-1781200949160513024.000s] Level 1:colcon.colcon_core.package_identification:_identify(depthai_env/lib/python3.14/site-packages/numpy/f2py/tests/src/parameter) by extension 'ignore'
[-1781200949160513024.000s] Level 1:colcon.colcon_core.package_identification:_identify(depthai_env/lib/python3.14/site-packages/numpy/f2py/tests/src/parameter) by extension 'ignore_ament_install'
[-1781200949160513024.000s] Level 1:colcon.colcon_core.package_identification:_identify(depthai_env/lib/python3.14/site-packages/numpy/f2py/tests/src/parameter) by extensions ['colcon_pkg']
[-1781200949160513024.000s] Level 1:colcon.colcon_core.package_identification:_identify(depthai_env/lib/python3.14/site-packages/numpy/f2py/tests/src/parameter) by extension 'colcon_pkg'
[-1781200949160513024.000s] Level 1:colcon.colcon_core.package_identification:_identify(depthai_env/lib/python3.14/site-packages/numpy/f2py/tests/src/parameter) by extensions ['colcon_meta']
[-1781200949160513024.000s] Level 1:colcon.colcon_core.package_identification:_identify(depthai_env/lib/python3.14/site-packages/numpy/f2py/tests/src/parameter) by extension 'colcon_meta'
[-1781200949160513024.000s] Level 1:colcon.colcon_core.package_identification:_identify(depthai_env/lib/python3.14/site-packages/numpy/f2py/tests/src/parameter) by extensions ['ros']
[-1781200949160513024.000s] Level 1:colcon.colcon_core.package_identification:_identify(depthai_env/lib/python3.14/site-packages/numpy/f2py/tests/src/parameter) by extension 'ros'
[-1781200949160513024.000s] Level 1:colcon.colcon_core.package_identification:_identify(depthai_env/lib/python3.14/site-packages/numpy/f2py/tests/src/parameter) by extensions ['cmake', 'python']
[-1781200949160513024.000s] Level 1:colcon.colcon_core.package_identification:_identify(depthai_env/lib/python3.14/site-packages/numpy/f2py/tests/src/parameter) by extension 'cmake'
[-1781200949160513024.000s] Level 1:colcon.colcon_core.package_identification:_identify(depthai_env/lib/python3.14/site-packages/numpy/f2py/tests/src/parameter) by extension 'python'
[-1781200949160513024.000s] Level 1:colcon.colcon_core.package_identification:_identify(depthai_env/lib/python3.14/site-packages/numpy/f2py/tests/src/quoted_character) by extensions ['ignore', 'ignore_ament_install']
[-1781200949160513024.000s] Level 1:colcon.colcon_core.package_identification:_identify(depthai_env/lib/python3.14/site-packages/numpy/f2py/tests/src/quoted_character) by extension 'ignore'
[-1781200949160513024.000s] Level 1:colcon.colcon_core.package_identification:_identify(depthai_env/lib/python3.14/site-packages/numpy/f2py/tests/src/quoted_character) by extension 'ignore_ament_install'
[-1781200949160513024.000s] Level 1:colcon.colcon_core.package_identification:_identify(depthai_env/lib/python3.14/site-packages/numpy/f2py/tests/src/quoted_character) by extensions ['colcon_pkg']
[-1781200949160513024.000s] Level 1:colcon.colcon_core.package_identification:_identify(depthai_env/lib/python3.14/site-packages/numpy/f2py/tests/src/quoted_character) by extension 'colcon_pkg'
[-1781200949160513024.000s] Level 1:colcon.colcon_core.package_identification:_identify(depthai_env/lib/python3.14/site-packages/numpy/f2py/tests/src/quoted_character) by extensions ['colcon_meta']
[-1781200949160513024.000s] Level 1:colcon.colcon_core.package_identification:_identify(depthai_env/lib/python3.14/site-packages/numpy/f2py/tests/src/quoted_character) by extension 'colcon_meta'
[-1781200949160513024.000s] Level 1:colcon.colcon_core.package_identification:_identify(depthai_env/lib/python3.14/site-packages/numpy/f2py/tests/src/quoted_character) by extensions ['ros']
[-1781200949160513024.000s] Level 1:colcon.colcon_core.package_identification:_identify(depthai_env/lib/python3.14/site-packages/numpy/f2py/tests/src/quoted_character) by extension 'ros'
[-1781200949160513024.000s] Level 1:colcon.colcon_core.package_identification:_identify(depthai_env/lib/python3.14/site-packages/numpy/f2py/tests/src/quoted_character) by extensions ['cmake', 'python']
[-1781200949160513024.000s] Level 1:colcon.colcon_core.package_identification:_identify(depthai_env/lib/python3.14/site-packages/numpy/f2py/tests/src/quoted_character) by extension 'cmake'
[-1781200949160513024.000s] Level 1:colcon.colcon_core.package_identification:_identify(depthai_env/lib/python3.14/site-packages/numpy/f2py/tests/src/quoted_character) by extension 'python'
[-1781200949160513024.000s] Level 1:colcon.colcon_core.package_identification:_identify(depthai_env/lib/python3.14/site-packages/numpy/f2py/tests/src/regression) by extensions ['ignore', 'ignore_ament_install']
[-1781200949160513024.000s] Level 1:colcon.colcon_core.package_identification:_identify(depthai_env/lib/python3.14/site-packages/numpy/f2py/tests/src/regression) by extension 'ignore'
[-1781200949160513024.000s] Level 1:colcon.colcon_core.package_identification:_identify(depthai_env/lib/python3.14/site-packages/numpy/f2py/tests/src/regression) by extension 'ignore_ament_install'
[-1781200949160513024.000s] Level 1:colcon.colcon_core.package_identification:_identify(depthai_env/lib/python3.14/site-packages/numpy/f2py/tests/src/regression) by extensions ['colcon_pkg']
[-1781200949160513024.000s] Level 1:colcon.colcon_core.package_identification:_identify(depthai_env/lib/python3.14/site-packages/numpy/f2py/tests/src/regression) by extension 'colcon_pkg'
[-1781200949160513024.000s] Level 1:colcon.colcon_core.package_identification:_identify(depthai_env/lib/python3.14/site-packages/numpy/f2py/tests/src/regression) by extensions ['colcon_meta']
[-1781200949160513024.000s] Level 1:colcon.colcon_core.package_identification:_identify(depthai_env/lib/python3.14/site-packages/numpy/f2py/tests/src/regression) by extension 'colcon_meta'
[-1781200949160513024.000s] Level 1:colcon.colcon_core.package_identification:_identify(depthai_env/lib/python3.14/site-packages/numpy/f2py/tests/src/regression) by extensions ['ros']
[-1781200949160513024.000s] Level 1:colcon.colcon_core.package_identification:_identify(depthai_env/lib/python3.14/site-packages/numpy/f2py/tests/src/regression) by extension 'ros'
[-1781200949160513024.000s] Level 1:colcon.colcon_core.package_identification:_identify(depthai_env/lib/python3.14/site-packages/numpy/f2py/tests/src/regression) by extensions ['cmake', 'python']
[-1781200949160513024.000s] Level 1:colcon.colcon_core.package_identification:_identify(depthai_env/lib/python3.14/site-packages/numpy/f2py/tests/src/regression) by extension 'cmake'
[-1781200949160513024.000s] Level 1:colcon.colcon_core.package_identification:_identify(depthai_env/lib/python3.14/site-packages/numpy/f2py/tests/src/regression) by extension 'python'
[-1781200949160513024.000s] Level 1:colcon.colcon_core.package_identification:_identify(depthai_env/lib/python3.14/site-packages/numpy/f2py/tests/src/return_character) by extensions ['ignore', 'ignore_ament_install']
[-1781200949160513024.000s] Level 1:colcon.colcon_core.package_identification:_identify(depthai_env/lib/python3.14/site-packages/numpy/f2py/tests/src/return_character) by extension 'ignore'
[-1781200949160513024.000s] Level 1:colcon.colcon_core.package_identification:_identify(depthai_env/lib/python3.14/site-packages/numpy/f2py/tests/src/return_character) by extension 'ignore_ament_install'
[-1781200949160513024.000s] Level 1:colcon.colcon_core.package_identification:_identify(depthai_env/lib/python3.14/site-packages/numpy/f2py/tests/src/return_character) by extensions ['colcon_pkg']
[-1781200949160513024.000s] Level 1:colcon.colcon_core.package_identification:_identify(depthai_env/lib/python3.14/site-packages/numpy/f2py/tests/src/return_character) by extension 'colcon_pkg'
[-1781200949160513024.000s] Level 1:colcon.colcon_core.package_identification:_identify(depthai_env/lib/python3.14/site-packages/numpy/f2py/tests/src/return_character) by extensions ['colcon_meta']
[-1781200949160513024.000s] Level 1:colcon.colcon_core.package_identification:_identify(depthai_env/lib/python3.14/site-packages/numpy/f2py/tests/src/return_character) by extension 'colcon_meta'
[-1781200949160513024.000s] Level 1:colcon.colcon_core.package_identification:_identify(depthai_env/lib/python3.14/site-packages/numpy/f2py/tests/src/return_character) by extensions ['ros']
[-1781200949160513024.000s] Level 1:colcon.colcon_core.package_identification:_identify(depthai_env/lib/python3.14/site-packages/numpy/f2py/tests/src/return_character) by extension 'ros'
[-1781200949160513024.000s] Level 1:colcon.colcon_core.package_identification:_identify(depthai_env/lib/python3.14/site-packages/numpy/f2py/tests/src/return_character) by extensions ['cmake', 'python']
[-1781200949160513024.000s] Level 1:colcon.colcon_core.package_identification:_identify(depthai_env/lib/python3.14/site-packages/numpy/f2py/tests/src/return_character) by extension 'cmake'
[-1781200949160513024.000s] Level 1:colcon.colcon_core.package_identification:_identify(depthai_env/lib/python3.14/site-packages/numpy/f2py/tests/src/return_character) by extension 'python'
[-1781200949160513024.000s] Level 1:colcon.colcon_core.package_identification:_identify(depthai_env/lib/python3.14/site-packages/numpy/f2py/tests/src/return_complex) by extensions ['ignore', 'ignore_ament_install']
[-1781200949160513024.000s] Level 1:colcon.colcon_core.package_identification:_identify(depthai_env/lib/python3.14/site-packages/numpy/f2py/tests/src/return_complex) by extension 'ignore'
[-1781200949160513024.000s] Level 1:colcon.colcon_core.package_identification:_identify(depthai_env/lib/python3.14/site-packages/numpy/f2py/tests/src/return_complex) by extension 'ignore_ament_install'
[-1781200949160513024.000s] Level 1:colcon.colcon_core.package_identification:_identify(depthai_env/lib/python3.14/site-packages/numpy/f2py/tests/src/return_complex) by extensions ['colcon_pkg']
[-1781200949160513024.000s] Level 1:colcon.colcon_core.package_identification:_identify(depthai_env/lib/python3.14/site-packages/numpy/f2py/tests/src/return_complex) by extension 'colcon_pkg'
[-1781200949160513024.000s] Level 1:colcon.colcon_core.package_identification:_identify(depthai_env/lib/python3.14/site-packages/numpy/f2py/tests/src/return_complex) by extensions ['colcon_meta']
[-1781200949160513024.000s] Level 1:colcon.colcon_core.package_identification:_identify(depthai_env/lib/python3.14/site-packages/numpy/f2py/tests/src/return_complex) by extension 'colcon_meta'
[-1781200949160513024.000s] Level 1:colcon.colcon_core.package_identification:_identify(depthai_env/lib/python3.14/site-packages/numpy/f2py/tests/src/return_complex) by extensions ['ros']
[-1781200949160513024.000s] Level 1:colcon.colcon_core.package_identification:_identify(depthai_env/lib/python3.14/site-packages/numpy/f2py/tests/src/return_complex) by extension 'ros'
[-1781200949160513024.000s] Level 1:colcon.colcon_core.package_identification:_identify(depthai_env/lib/python3.14/site-packages/numpy/f2py/tests/src/return_complex) by extensions ['cmake', 'python']
[-1781200949160513024.000s] Level 1:colcon.colcon_core.package_identification:_identify(depthai_env/lib/python3.14/site-packages/numpy/f2py/tests/src/return_complex) by extension 'cmake'
[-1781200949160513024.000s] Level 1:colcon.colcon_core.package_identification:_identify(depthai_env/lib/python3.14/site-packages/numpy/f2py/tests/src/return_complex) by extension 'python'
[-1781200949160513024.000s] Level 1:colcon.colcon_core.package_identification:_identify(depthai_env/lib/python3.14/site-packages/numpy/f2py/tests/src/return_integer) by extensions ['ignore', 'ignore_ament_install']
[-1781200949160513024.000s] Level 1:colcon.colcon_core.package_identification:_identify(depthai_env/lib/python3.14/site-packages/numpy/f2py/tests/src/return_integer) by extension 'ignore'
[-1781200949160513024.000s] Level 1:colcon.colcon_core.package_identification:_identify(depthai_env/lib/python3.14/site-packages/numpy/f2py/tests/src/return_integer) by extension 'ignore_ament_install'
[-1781200949160513024.000s] Level 1:colcon.colcon_core.package_identification:_identify(depthai_env/lib/python3.14/site-packages/numpy/f2py/tests/src/return_integer) by extensions ['colcon_pkg']
[-1781200949160513024.000s] Level 1:colcon.colcon_core.package_identification:_identify(depthai_env/lib/python3.14/site-packages/numpy/f2py/tests/src/return_integer) by extension 'colcon_pkg'
[-1781200949160513024.000s] Level 1:colcon.colcon_core.package_identification:_identify(depthai_env/lib/python3.14/site-packages/numpy/f2py/tests/src/return_integer) by extensions ['colcon_meta']
[-1781200949160513024.000s] Level 1:colcon.colcon_core.package_identification:_identify(depthai_env/lib/python3.14/site-packages/numpy/f2py/tests/src/return_integer) by extension 'colcon_meta'
[-1781200949160513024.000s] Level 1:colcon.colcon_core.package_identification:_identify(depthai_env/lib/python3.14/site-packages/numpy/f2py/tests/src/return_integer) by extensions ['ros']
[-1781200949160513024.000s] Level 1:colcon.colcon_core.package_identification:_identify(depthai_env/lib/python3.14/site-packages/numpy/f2py/tests/src/return_integer) by extension 'ros'
[-1781200949160513024.000s] Level 1:colcon.colcon_core.package_identification:_identify(depthai_env/lib/python3.14/site-packages/numpy/f2py/tests/src/return_integer) by extensions ['cmake', 'python']
[-1781200949160513024.000s] Level 1:colcon.colcon_core.package_identification:_identify(depthai_env/lib/python3.14/site-packages/numpy/f2py/tests/src/return_integer) by extension 'cmake'
[-1781200949160513024.000s] Level 1:colcon.colcon_core.package_identification:_identify(depthai_env/lib/python3.14/site-packages/numpy/f2py/tests/src/return_integer) by extension 'python'
[-1781200949160513024.000s] Level 1:colcon.colcon_core.package_identification:_identify(depthai_env/lib/python3.14/site-packages/numpy/f2py/tests/src/return_logical) by extensions ['ignore', 'ignore_ament_install']
[-1781200949160513024.000s] Level 1:colcon.colcon_core.package_identification:_identify(depthai_env/lib/python3.14/site-packages/numpy/f2py/tests/src/return_logical) by extension 'ignore'
[-1781200949160513024.000s] Level 1:colcon.colcon_core.package_identification:_identify(depthai_env/lib/python3.14/site-packages/numpy/f2py/tests/src/return_logical) by extension 'ignore_ament_install'
[-1781200949160513024.000s] Level 1:colcon.colcon_core.package_identification:_identify(depthai_env/lib/python3.14/site-packages/numpy/f2py/tests/src/return_logical) by extensions ['colcon_pkg']
[-1781200949160513024.000s] Level 1:colcon.colcon_core.package_identification:_identify(depthai_env/lib/python3.14/site-packages/numpy/f2py/tests/src/return_logical) by extension 'colcon_pkg'
[-1781200949160513024.000s] Level 1:colcon.colcon_core.package_identification:_identify(depthai_env/lib/python3.14/site-packages/numpy/f2py/tests/src/return_logical) by extensions ['colcon_meta']
[-1781200949160513024.000s] Level 1:colcon.colcon_core.package_identification:_identify(depthai_env/lib/python3.14/site-packages/numpy/f2py/tests/src/return_logical) by extension 'colcon_meta'
[-1781200949160513024.000s] Level 1:colcon.colcon_core.package_identification:_identify(depthai_env/lib/python3.14/site-packages/numpy/f2py/tests/src/return_logical) by extensions ['ros']
[-1781200949160513024.000s] Level 1:colcon.colcon_core.package_identification:_identify(depthai_env/lib/python3.14/site-packages/numpy/f2py/tests/src/return_logical) by extension 'ros'
[-1781200949160513024.000s] Level 1:colcon.colcon_core.package_identification:_identify(depthai_env/lib/python3.14/site-packages/numpy/f2py/tests/src/return_logical) by extensions ['cmake', 'python']
[-1781200949160513024.000s] Level 1:colcon.colcon_core.package_identification:_identify(depthai_env/lib/python3.14/site-packages/numpy/f2py/tests/src/return_logical) by extension 'cmake'
[-1781200949160513024.000s] Level 1:colcon.colcon_core.package_identification:_identify(depthai_env/lib/python3.14/site-packages/numpy/f2py/tests/src/return_logical) by extension 'python'
[-1781200949160513024.000s] Level 1:colcon.colcon_core.package_identification:_identify(depthai_env/lib/python3.14/site-packages/numpy/f2py/tests/src/return_real) by extensions ['ignore', 'ignore_ament_install']
[-1781200949160513024.000s] Level 1:colcon.colcon_core.package_identification:_identify(depthai_env/lib/python3.14/site-packages/numpy/f2py/tests/src/return_real) by extension 'ignore'
[-1781200949160513024.000s] Level 1:colcon.colcon_core.package_identification:_identify(depthai_env/lib/python3.14/site-packages/numpy/f2py/tests/src/return_real) by extension 'ignore_ament_install'
[-1781200949160513024.000s] Level 1:colcon.colcon_core.package_identification:_identify(depthai_env/lib/python3.14/site-packages/numpy/f2py/tests/src/return_real) by extensions ['colcon_pkg']
[-1781200949160513024.000s] Level 1:colcon.colcon_core.package_identification:_identify(depthai_env/lib/python3.14/site-packages/numpy/f2py/tests/src/return_real) by extension 'colcon_pkg'
[-1781200949160513024.000s] Level 1:colcon.colcon_core.package_identification:_identify(depthai_env/lib/python3.14/site-packages/numpy/f2py/tests/src/return_real) by extensions ['colcon_meta']
[-1781200949160513024.000s] Level 1:colcon.colcon_core.package_identification:_identify(depthai_env/lib/python3.14/site-packages/numpy/f2py/tests/src/return_real) by extension 'colcon_meta'
[-1781200949160513024.000s] Level 1:colcon.colcon_core.package_identification:_identify(depthai_env/lib/python3.14/site-packages/numpy/f2py/tests/src/return_real) by extensions ['ros']
[-1781200949160513024.000s] Level 1:colcon.colcon_core.package_identification:_identify(depthai_env/lib/python3.14/site-packages/numpy/f2py/tests/src/return_real) by extension 'ros'
[-1781200949160513024.000s] Level 1:colcon.colcon_core.package_identification:_identify(depthai_env/lib/python3.14/site-packages/numpy/f2py/tests/src/return_real) by extensions ['cmake', 'python']
[-1781200949160513024.000s] Level 1:colcon.colcon_core.package_identification:_identify(depthai_env/lib/python3.14/site-packages/numpy/f2py/tests/src/return_real) by extension 'cmake'
[-1781200949160513024.000s] Level 1:colcon.colcon_core.package_identification:_identify(depthai_env/lib/python3.14/site-packages/numpy/f2py/tests/src/return_real) by extension 'python'
[-1781200949160513024.000s] Level 1:colcon.colcon_core.package_identification:_identify(depthai_env/lib/python3.14/site-packages/numpy/f2py/tests/src/routines) by extensions ['ignore', 'ignore_ament_install']
[-1781200949160513024.000s] Level 1:colcon.colcon_core.package_identification:_identify(depthai_env/lib/python3.14/site-packages/numpy/f2py/tests/src/routines) by extension 'ignore'
[-1781200949160513024.000s] Level 1:colcon.colcon_core.package_identification:_identify(depthai_env/lib/python3.14/site-packages/numpy/f2py/tests/src/routines) by extension 'ignore_ament_install'
[-1781200949160513024.000s] Level 1:colcon.colcon_core.package_identification:_identify(depthai_env/lib/python3.14/site-packages/numpy/f2py/tests/src/routines) by extensions ['colcon_pkg']
[-1781200949160513024.000s] Level 1:colcon.colcon_core.package_identification:_identify(depthai_env/lib/python3.14/site-packages/numpy/f2py/tests/src/routines) by extension 'colcon_pkg'
[-1781200949160513024.000s] Level 1:colcon.colcon_core.package_identification:_identify(depthai_env/lib/python3.14/site-packages/numpy/f2py/tests/src/routines) by extensions ['colcon_meta']
[-1781200949160513024.000s] Level 1:colcon.colcon_core.package_identification:_identify(depthai_env/lib/python3.14/site-packages/numpy/f2py/tests/src/routines) by extension 'colcon_meta'
[-1781200949160513024.000s] Level 1:colcon.colcon_core.package_identification:_identify(depthai_env/lib/python3.14/site-packages/numpy/f2py/tests/src/routines) by extensions ['ros']
[-1781200949160513024.000s] Level 1:colcon.colcon_core.package_identification:_identify(depthai_env/lib/python3.14/site-packages/numpy/f2py/tests/src/routines) by extension 'ros'
[-1781200949160513024.000s] Level 1:colcon.colcon_core.package_identification:_identify(depthai_env/lib/python3.14/site-packages/numpy/f2py/tests/src/routines) by extensions ['cmake', 'python']
[-1781200949160513024.000s] Level 1:colcon.colcon_core.package_identification:_identify(depthai_env/lib/python3.14/site-packages/numpy/f2py/tests/src/routines) by extension 'cmake'
[-1781200949160513024.000s] Level 1:colcon.colcon_core.package_identification:_identify(depthai_env/lib/python3.14/site-packages/numpy/f2py/tests/src/routines) by extension 'python'
[-1781200949160513024.000s] Level 1:colcon.colcon_core.package_identification:_identify(depthai_env/lib/python3.14/site-packages/numpy/f2py/tests/src/size) by extensions ['ignore', 'ignore_ament_install']
[-1781200949160513024.000s] Level 1:colcon.colcon_core.package_identification:_identify(depthai_env/lib/python3.14/site-packages/numpy/f2py/tests/src/size) by extension 'ignore'
[-1781200949160513024.000s] Level 1:colcon.colcon_core.package_identification:_identify(depthai_env/lib/python3.14/site-packages/numpy/f2py/tests/src/size) by extension 'ignore_ament_install'
[-1781200949160513024.000s] Level 1:colcon.colcon_core.package_identification:_identify(depthai_env/lib/python3.14/site-packages/numpy/f2py/tests/src/size) by extensions ['colcon_pkg']
[-1781200949160513024.000s] Level 1:colcon.colcon_core.package_identification:_identify(depthai_env/lib/python3.14/site-packages/numpy/f2py/tests/src/size) by extension 'colcon_pkg'
[-1781200949160513024.000s] Level 1:colcon.colcon_core.package_identification:_identify(depthai_env/lib/python3.14/site-packages/numpy/f2py/tests/src/size) by extensions ['colcon_meta']
[-1781200949160513024.000s] Level 1:colcon.colcon_core.package_identification:_identify(depthai_env/lib/python3.14/site-packages/numpy/f2py/tests/src/size) by extension 'colcon_meta'
[-1781200949160513024.000s] Level 1:colcon.colcon_core.package_identification:_identify(depthai_env/lib/python3.14/site-packages/numpy/f2py/tests/src/size) by extensions ['ros']
[-1781200949160513024.000s] Level 1:colcon.colcon_core.package_identification:_identify(depthai_env/lib/python3.14/site-packages/numpy/f2py/tests/src/size) by extension 'ros'
[-1781200949160513024.000s] Level 1:colcon.colcon_core.package_identification:_identify(depthai_env/lib/python3.14/site-packages/numpy/f2py/tests/src/size) by extensions ['cmake', 'python']
[-1781200949160513024.000s] Level 1:colcon.colcon_core.package_identification:_identify(depthai_env/lib/python3.14/site-packages/numpy/f2py/tests/src/size) by extension 'cmake'
[-1781200949160513024.000s] Level 1:colcon.colcon_core.package_identification:_identify(depthai_env/lib/python3.14/site-packages/numpy/f2py/tests/src/size) by extension 'python'
[-1781200949160513024.000s] Level 1:colcon.colcon_core.package_identification:_identify(depthai_env/lib/python3.14/site-packages/numpy/f2py/tests/src/string) by extensions ['ignore', 'ignore_ament_install']
[-1781200949160513024.000s] Level 1:colcon.colcon_core.package_identification:_identify(depthai_env/lib/python3.14/site-packages/numpy/f2py/tests/src/string) by extension 'ignore'
[-1781200949160513024.000s] Level 1:colcon.colcon_core.package_identification:_identify(depthai_env/lib/python3.14/site-packages/numpy/f2py/tests/src/string) by extension 'ignore_ament_install'
[-1781200949160513024.000s] Level 1:colcon.colcon_core.package_identification:_identify(depthai_env/lib/python3.14/site-packages/numpy/f2py/tests/src/string) by extensions ['colcon_pkg']
[-1781200949160513024.000s] Level 1:colcon.colcon_core.package_identification:_identify(depthai_env/lib/python3.14/site-packages/numpy/f2py/tests/src/string) by extension 'colcon_pkg'
[-1781200949160513024.000s] Level 1:colcon.colcon_core.package_identification:_identify(depthai_env/lib/python3.14/site-packages/numpy/f2py/tests/src/string) by extensions ['colcon_meta']
[-1781200949160513024.000s] Level 1:colcon.colcon_core.package_identification:_identify(depthai_env/lib/python3.14/site-packages/numpy/f2py/tests/src/string) by extension 'colcon_meta'
[-1781200949160513024.000s] Level 1:colcon.colcon_core.package_identification:_identify(depthai_env/lib/python3.14/site-packages/numpy/f2py/tests/src/string) by extensions ['ros']
[-1781200949160513024.000s] Level 1:colcon.colcon_core.package_identification:_identify(depthai_env/lib/python3.14/site-packages/numpy/f2py/tests/src/string) by extension 'ros'
[-1781200949160513024.000s] Level 1:colcon.colcon_core.package_identification:_identify(depthai_env/lib/python3.14/site-packages/numpy/f2py/tests/src/string) by extensions ['cmake', 'python']
[-1781200949160513024.000s] Level 1:colcon.colcon_core.package_identification:_identify(depthai_env/lib/python3.14/site-packages/numpy/f2py/tests/src/string) by extension 'cmake'
[-1781200949160513024.000s] Level 1:colcon.colcon_core.package_identification:_identify(depthai_env/lib/python3.14/site-packages/numpy/f2py/tests/src/string) by extension 'python'
[-1781200949160513024.000s] Level 1:colcon.colcon_core.package_identification:_identify(depthai_env/lib/python3.14/site-packages/numpy/f2py/tests/src/value_attrspec) by extensions ['ignore', 'ignore_ament_install']
[-1781200949160513024.000s] Level 1:colcon.colcon_core.package_identification:_identify(depthai_env/lib/python3.14/site-packages/numpy/f2py/tests/src/value_attrspec) by extension 'ignore'
[-1781200949160513024.000s] Level 1:colcon.colcon_core.package_identification:_identify(depthai_env/lib/python3.14/site-packages/numpy/f2py/tests/src/value_attrspec) by extension 'ignore_ament_install'
[-1781200949160513024.000s] Level 1:colcon.colcon_core.package_identification:_identify(depthai_env/lib/python3.14/site-packages/numpy/f2py/tests/src/value_attrspec) by extensions ['colcon_pkg']
[-1781200949160513024.000s] Level 1:colcon.colcon_core.package_identification:_identify(depthai_env/lib/python3.14/site-packages/numpy/f2py/tests/src/value_attrspec) by extension 'colcon_pkg'
[-1781200949160513024.000s] Level 1:colcon.colcon_core.package_identification:_identify(depthai_env/lib/python3.14/site-packages/numpy/f2py/tests/src/value_attrspec) by extensions ['colcon_meta']
[-1781200949160513024.000s] Level 1:colcon.colcon_core.package_identification:_identify(depthai_env/lib/python3.14/site-packages/numpy/f2py/tests/src/value_attrspec) by extension 'colcon_meta'
[-1781200949160513024.000s] Level 1:colcon.colcon_core.package_identification:_identify(depthai_env/lib/python3.14/site-packages/numpy/f2py/tests/src/value_attrspec) by extensions ['ros']
[-1781200949160513024.000s] Level 1:colcon.colcon_core.package_identification:_identify(depthai_env/lib/python3.14/site-packages/numpy/f2py/tests/src/value_attrspec) by extension 'ros'
[-1781200949160513024.000s] Level 1:colcon.colcon_core.package_identification:_identify(depthai_env/lib/python3.14/site-packages/numpy/f2py/tests/src/value_attrspec) by extensions ['cmake', 'python']
[-1781200949160513024.000s] Level 1:colcon.colcon_core.package_identification:_identify(depthai_env/lib/python3.14/site-packages/numpy/f2py/tests/src/value_attrspec) by extension 'cmake'
[-1781200949160513024.000s] Level 1:colcon.colcon_core.package_identification:_identify(depthai_env/lib/python3.14/site-packages/numpy/f2py/tests/src/value_attrspec) by extension 'python'
[-1781200949160513024.000s] Level 1:colcon.colcon_core.package_identification:_identify(depthai_env/lib/python3.14/site-packages/numpy/fft) by extensions ['ignore', 'ignore_ament_install']
[-1781200949160513024.000s] Level 1:colcon.colcon_core.package_identification:_identify(depthai_env/lib/python3.14/site-packages/numpy/fft) by extension 'ignore'
[-1781200949160513024.000s] Level 1:colcon.colcon_core.package_identification:_identify(depthai_env/lib/python3.14/site-packages/numpy/fft) by extension 'ignore_ament_install'
[-1781200949160513024.000s] Level 1:colcon.colcon_core.package_identification:_identify(depthai_env/lib/python3.14/site-packages/numpy/fft) by extensions ['colcon_pkg']
[-1781200949160513024.000s] Level 1:colcon.colcon_core.package_identification:_identify(depthai_env/lib/python3.14/site-packages/numpy/fft) by extension 'colcon_pkg'
[-1781200949160513024.000s] Level 1:colcon.colcon_core.package_identification:_identify(depthai_env/lib/python3.14/site-packages/numpy/fft) by extensions ['colcon_meta']
[-1781200949160513024.000s] Level 1:colcon.colcon_core.package_identification:_identify(depthai_env/lib/python3.14/site-packages/numpy/fft) by extension 'colcon_meta'
[-1781200949160513024.000s] Level 1:colcon.colcon_core.package_identification:_identify(depthai_env/lib/python3.14/site-packages/numpy/fft) by extensions ['ros']
[-1781200949160513024.000s] Level 1:colcon.colcon_core.package_identification:_identify(depthai_env/lib/python3.14/site-packages/numpy/fft) by extension 'ros'
[-1781200949160513024.000s] Level 1:colcon.colcon_core.package_identification:_identify(depthai_env/lib/python3.14/site-packages/numpy/fft) by extensions ['cmake', 'python']
[-1781200949160513024.000s] Level 1:colcon.colcon_core.package_identification:_identify(depthai_env/lib/python3.14/site-packages/numpy/fft) by extension 'cmake'
[-1781200949160513024.000s] Level 1:colcon.colcon_core.package_identification:_identify(depthai_env/lib/python3.14/site-packages/numpy/fft) by extension 'python'
[-1781200949160513024.000s] Level 1:colcon.colcon_core.package_identification:_identify(depthai_env/lib/python3.14/site-packages/numpy/fft/__pycache__) by extensions ['ignore', 'ignore_ament_install']
[-1781200949160513024.000s] Level 1:colcon.colcon_core.package_identification:_identify(depthai_env/lib/python3.14/site-packages/numpy/fft/__pycache__) by extension 'ignore'
[-1781200949160513024.000s] Level 1:colcon.colcon_core.package_identification:_identify(depthai_env/lib/python3.14/site-packages/numpy/fft/__pycache__) by extension 'ignore_ament_install'
[-1781200949160513024.000s] Level 1:colcon.colcon_core.package_identification:_identify(depthai_env/lib/python3.14/site-packages/numpy/fft/__pycache__) by extensions ['colcon_pkg']
[-1781200949160513024.000s] Level 1:colcon.colcon_core.package_identification:_identify(depthai_env/lib/python3.14/site-packages/numpy/fft/__pycache__) by extension 'colcon_pkg'
[-1781200949160513024.000s] Level 1:colcon.colcon_core.package_identification:_identify(depthai_env/lib/python3.14/site-packages/numpy/fft/__pycache__) by extensions ['colcon_meta']
[-1781200949160513024.000s] Level 1:colcon.colcon_core.package_identification:_identify(depthai_env/lib/python3.14/site-packages/numpy/fft/__pycache__) by extension 'colcon_meta'
[-1781200949160513024.000s] Level 1:colcon.colcon_core.package_identification:_identify(depthai_env/lib/python3.14/site-packages/numpy/fft/__pycache__) by extensions ['ros']
[-1781200949160513024.000s] Level 1:colcon.colcon_core.package_identification:_identify(depthai_env/lib/python3.14/site-packages/numpy/fft/__pycache__) by extension 'ros'
[-1781200949160513024.000s] Level 1:colcon.colcon_core.package_identification:_identify(depthai_env/lib/python3.14/site-packages/numpy/fft/__pycache__) by extensions ['cmake', 'python']
[-1781200949160513024.000s] Level 1:colcon.colcon_core.package_identification:_identify(depthai_env/lib/python3.14/site-packages/numpy/fft/__pycache__) by extension 'cmake'
[-1781200949160513024.000s] Level 1:colcon.colcon_core.package_identification:_identify(depthai_env/lib/python3.14/site-packages/numpy/fft/__pycache__) by extension 'python'
[-1781200949160513024.000s] Level 1:colcon.colcon_core.package_identification:_identify(depthai_env/lib/python3.14/site-packages/numpy/fft/tests) by extensions ['ignore', 'ignore_ament_install']
[-1781200949160513024.000s] Level 1:colcon.colcon_core.package_identification:_identify(depthai_env/lib/python3.14/site-packages/numpy/fft/tests) by extension 'ignore'
[-1781200949160513024.000s] Level 1:colcon.colcon_core.package_identification:_identify(depthai_env/lib/python3.14/site-packages/numpy/fft/tests) by extension 'ignore_ament_install'
[-1781200949160513024.000s] Level 1:colcon.colcon_core.package_identification:_identify(depthai_env/lib/python3.14/site-packages/numpy/fft/tests) by extensions ['colcon_pkg']
[-1781200949160513024.000s] Level 1:colcon.colcon_core.package_identification:_identify(depthai_env/lib/python3.14/site-packages/numpy/fft/tests) by extension 'colcon_pkg'
[-1781200949160513024.000s] Level 1:colcon.colcon_core.package_identification:_identify(depthai_env/lib/python3.14/site-packages/numpy/fft/tests) by extensions ['colcon_meta']
[-1781200949160513024.000s] Level 1:colcon.colcon_core.package_identification:_identify(depthai_env/lib/python3.14/site-packages/numpy/fft/tests) by extension 'colcon_meta'
[-1781200949160513024.000s] Level 1:colcon.colcon_core.package_identification:_identify(depthai_env/lib/python3.14/site-packages/numpy/fft/tests) by extensions ['ros']
[-1781200949160513024.000s] Level 1:colcon.colcon_core.package_identification:_identify(depthai_env/lib/python3.14/site-packages/numpy/fft/tests) by extension 'ros'
[-1781200949160513024.000s] Level 1:colcon.colcon_core.package_identification:_identify(depthai_env/lib/python3.14/site-packages/numpy/fft/tests) by extensions ['cmake', 'python']
[-1781200949160513024.000s] Level 1:colcon.colcon_core.package_identification:_identify(depthai_env/lib/python3.14/site-packages/numpy/fft/tests) by extension 'cmake'
[-1781200949160513024.000s] Level 1:colcon.colcon_core.package_identification:_identify(depthai_env/lib/python3.14/site-packages/numpy/fft/tests) by extension 'python'
[-1781200949160513024.000s] Level 1:colcon.colcon_core.package_identification:_identify(depthai_env/lib/python3.14/site-packages/numpy/fft/tests/__pycache__) by extensions ['ignore', 'ignore_ament_install']
[-1781200949160513024.000s] Level 1:colcon.colcon_core.package_identification:_identify(depthai_env/lib/python3.14/site-packages/numpy/fft/tests/__pycache__) by extension 'ignore'
[-1781200949160513024.000s] Level 1:colcon.colcon_core.package_identification:_identify(depthai_env/lib/python3.14/site-packages/numpy/fft/tests/__pycache__) by extension 'ignore_ament_install'
[-1781200949160513024.000s] Level 1:colcon.colcon_core.package_identification:_identify(depthai_env/lib/python3.14/site-packages/numpy/fft/tests/__pycache__) by extensions ['colcon_pkg']
[-1781200949160513024.000s] Level 1:colcon.colcon_core.package_identification:_identify(depthai_env/lib/python3.14/site-packages/numpy/fft/tests/__pycache__) by extension 'colcon_pkg'
[-1781200949160513024.000s] Level 1:colcon.colcon_core.package_identification:_identify(depthai_env/lib/python3.14/site-packages/numpy/fft/tests/__pycache__) by extensions ['colcon_meta']
[-1781200949160513024.000s] Level 1:colcon.colcon_core.package_identification:_identify(depthai_env/lib/python3.14/site-packages/numpy/fft/tests/__pycache__) by extension 'colcon_meta'
[-1781200949160513024.000s] Level 1:colcon.colcon_core.package_identification:_identify(depthai_env/lib/python3.14/site-packages/numpy/fft/tests/__pycache__) by extensions ['ros']
[-1781200949160513024.000s] Level 1:colcon.colcon_core.package_identification:_identify(depthai_env/lib/python3.14/site-packages/numpy/fft/tests/__pycache__) by extension 'ros'
[-1781200949160513024.000s] Level 1:colcon.colcon_core.package_identification:_identify(depthai_env/lib/python3.14/site-packages/numpy/fft/tests/__pycache__) by extensions ['cmake', 'python']
[-1781200949160513024.000s] Level 1:colcon.colcon_core.package_identification:_identify(depthai_env/lib/python3.14/site-packages/numpy/fft/tests/__pycache__) by extension 'cmake'
[-1781200949160513024.000s] Level 1:colcon.colcon_core.package_identification:_identify(depthai_env/lib/python3.14/site-packages/numpy/fft/tests/__pycache__) by extension 'python'
[-1781200949160513024.000s] Level 1:colcon.colcon_core.package_identification:_identify(depthai_env/lib/python3.14/site-packages/numpy/lib) by extensions ['ignore', 'ignore_ament_install']
[-1781200949160513024.000s] Level 1:colcon.colcon_core.package_identification:_identify(depthai_env/lib/python3.14/site-packages/numpy/lib) by extension 'ignore'
[-1781200949160513024.000s] Level 1:colcon.colcon_core.package_identification:_identify(depthai_env/lib/python3.14/site-packages/numpy/lib) by extension 'ignore_ament_install'
[-1781200949160513024.000s] Level 1:colcon.colcon_core.package_identification:_identify(depthai_env/lib/python3.14/site-packages/numpy/lib) by extensions ['colcon_pkg']
[-1781200949160513024.000s] Level 1:colcon.colcon_core.package_identification:_identify(depthai_env/lib/python3.14/site-packages/numpy/lib) by extension 'colcon_pkg'
[-1781200949160513024.000s] Level 1:colcon.colcon_core.package_identification:_identify(depthai_env/lib/python3.14/site-packages/numpy/lib) by extensions ['colcon_meta']
[-1781200949160513024.000s] Level 1:colcon.colcon_core.package_identification:_identify(depthai_env/lib/python3.14/site-packages/numpy/lib) by extension 'colcon_meta'
[-1781200949160513024.000s] Level 1:colcon.colcon_core.package_identification:_identify(depthai_env/lib/python3.14/site-packages/numpy/lib) by extensions ['ros']
[-1781200949160513024.000s] Level 1:colcon.colcon_core.package_identification:_identify(depthai_env/lib/python3.14/site-packages/numpy/lib) by extension 'ros'
[-1781200949160513024.000s] Level 1:colcon.colcon_core.package_identification:_identify(depthai_env/lib/python3.14/site-packages/numpy/lib) by extensions ['cmake', 'python']
[-1781200949160513024.000s] Level 1:colcon.colcon_core.package_identification:_identify(depthai_env/lib/python3.14/site-packages/numpy/lib) by extension 'cmake'
[-1781200949160513024.000s] Level 1:colcon.colcon_core.package_identification:_identify(depthai_env/lib/python3.14/site-packages/numpy/lib) by extension 'python'
[-1781200949160513024.000s] Level 1:colcon.colcon_core.package_identification:_identify(depthai_env/lib/python3.14/site-packages/numpy/lib/__pycache__) by extensions ['ignore', 'ignore_ament_install']
[-1781200949160513024.000s] Level 1:colcon.colcon_core.package_identification:_identify(depthai_env/lib/python3.14/site-packages/numpy/lib/__pycache__) by extension 'ignore'
[-1781200949160513024.000s] Level 1:colcon.colcon_core.package_identification:_identify(depthai_env/lib/python3.14/site-packages/numpy/lib/__pycache__) by extension 'ignore_ament_install'
[-1781200949160513024.000s] Level 1:colcon.colcon_core.package_identification:_identify(depthai_env/lib/python3.14/site-packages/numpy/lib/__pycache__) by extensions ['colcon_pkg']
[-1781200949160513024.000s] Level 1:colcon.colcon_core.package_identification:_identify(depthai_env/lib/python3.14/site-packages/numpy/lib/__pycache__) by extension 'colcon_pkg'
[-1781200949160513024.000s] Level 1:colcon.colcon_core.package_identification:_identify(depthai_env/lib/python3.14/site-packages/numpy/lib/__pycache__) by extensions ['colcon_meta']
[-1781200949160513024.000s] Level 1:colcon.colcon_core.package_identification:_identify(depthai_env/lib/python3.14/site-packages/numpy/lib/__pycache__) by extension 'colcon_meta'
[-1781200949160513024.000s] Level 1:colcon.colcon_core.package_identification:_identify(depthai_env/lib/python3.14/site-packages/numpy/lib/__pycache__) by extensions ['ros']
[-1781200949160513024.000s] Level 1:colcon.colcon_core.package_identification:_identify(depthai_env/lib/python3.14/site-packages/numpy/lib/__pycache__) by extension 'ros'
[-1781200949160513024.000s] Level 1:colcon.colcon_core.package_identification:_identify(depthai_env/lib/python3.14/site-packages/numpy/lib/__pycache__) by extensions ['cmake', 'python']
[-1781200949160513024.000s] Level 1:colcon.colcon_core.package_identification:_identify(depthai_env/lib/python3.14/site-packages/numpy/lib/__pycache__) by extension 'cmake'
[-1781200949160513024.000s] Level 1:colcon.colcon_core.package_identification:_identify(depthai_env/lib/python3.14/site-packages/numpy/lib/__pycache__) by extension 'python'
[-1781200949160513024.000s] Level 1:colcon.colcon_core.package_identification:_identify(depthai_env/lib/python3.14/site-packages/numpy/lib/tests) by extensions ['ignore', 'ignore_ament_install']
[-1781200949160513024.000s] Level 1:colcon.colcon_core.package_identification:_identify(depthai_env/lib/python3.14/site-packages/numpy/lib/tests) by extension 'ignore'
[-1781200949160513024.000s] Level 1:colcon.colcon_core.package_identification:_identify(depthai_env/lib/python3.14/site-packages/numpy/lib/tests) by extension 'ignore_ament_install'
[-1781200949160513024.000s] Level 1:colcon.colcon_core.package_identification:_identify(depthai_env/lib/python3.14/site-packages/numpy/lib/tests) by extensions ['colcon_pkg']
[-1781200949160513024.000s] Level 1:colcon.colcon_core.package_identification:_identify(depthai_env/lib/python3.14/site-packages/numpy/lib/tests) by extension 'colcon_pkg'
[-1781200949160513024.000s] Level 1:colcon.colcon_core.package_identification:_identify(depthai_env/lib/python3.14/site-packages/numpy/lib/tests) by extensions ['colcon_meta']
[-1781200949160513024.000s] Level 1:colcon.colcon_core.package_identification:_identify(depthai_env/lib/python3.14/site-packages/numpy/lib/tests) by extension 'colcon_meta'
[-1781200949160513024.000s] Level 1:colcon.colcon_core.package_identification:_identify(depthai_env/lib/python3.14/site-packages/numpy/lib/tests) by extensions ['ros']
[-1781200949160513024.000s] Level 1:colcon.colcon_core.package_identification:_identify(depthai_env/lib/python3.14/site-packages/numpy/lib/tests) by extension 'ros'
[-1781200949160513024.000s] Level 1:colcon.colcon_core.package_identification:_identify(depthai_env/lib/python3.14/site-packages/numpy/lib/tests) by extensions ['cmake', 'python']
[-1781200949160513024.000s] Level 1:colcon.colcon_core.package_identification:_identify(depthai_env/lib/python3.14/site-packages/numpy/lib/tests) by extension 'cmake'
[-1781200949160513024.000s] Level 1:colcon.colcon_core.package_identification:_identify(depthai_env/lib/python3.14/site-packages/numpy/lib/tests) by extension 'python'
[-1781200949160513024.000s] Level 1:colcon.colcon_core.package_identification:_identify(depthai_env/lib/python3.14/site-packages/numpy/lib/tests/__pycache__) by extensions ['ignore', 'ignore_ament_install']
[-1781200949160513024.000s] Level 1:colcon.colcon_core.package_identification:_identify(depthai_env/lib/python3.14/site-packages/numpy/lib/tests/__pycache__) by extension 'ignore'
[-1781200949160513024.000s] Level 1:colcon.colcon_core.package_identification:_identify(depthai_env/lib/python3.14/site-packages/numpy/lib/tests/__pycache__) by extension 'ignore_ament_install'
[-1781200949160513024.000s] Level 1:colcon.colcon_core.package_identification:_identify(depthai_env/lib/python3.14/site-packages/numpy/lib/tests/__pycache__) by extensions ['colcon_pkg']
[-1781200949160513024.000s] Level 1:colcon.colcon_core.package_identification:_identify(depthai_env/lib/python3.14/site-packages/numpy/lib/tests/__pycache__) by extension 'colcon_pkg'
[-1781200949160513024.000s] Level 1:colcon.colcon_core.package_identification:_identify(depthai_env/lib/python3.14/site-packages/numpy/lib/tests/__pycache__) by extensions ['colcon_meta']
[-1781200949160513024.000s] Level 1:colcon.colcon_core.package_identification:_identify(depthai_env/lib/python3.14/site-packages/numpy/lib/tests/__pycache__) by extension 'colcon_meta'
[-1781200949160513024.000s] Level 1:colcon.colcon_core.package_identification:_identify(depthai_env/lib/python3.14/site-packages/numpy/lib/tests/__pycache__) by extensions ['ros']
[-1781200949160513024.000s] Level 1:colcon.colcon_core.package_identification:_identify(depthai_env/lib/python3.14/site-packages/numpy/lib/tests/__pycache__) by extension 'ros'
[-1781200949160513024.000s] Level 1:colcon.colcon_core.package_identification:_identify(depthai_env/lib/python3.14/site-packages/numpy/lib/tests/__pycache__) by extensions ['cmake', 'python']
[-1781200949160513024.000s] Level 1:colcon.colcon_core.package_identification:_identify(depthai_env/lib/python3.14/site-packages/numpy/lib/tests/__pycache__) by extension 'cmake'
[-1781200949160513024.000s] Level 1:colcon.colcon_core.package_identification:_identify(depthai_env/lib/python3.14/site-packages/numpy/lib/tests/__pycache__) by extension 'python'
[-1781200949160513024.000s] Level 1:colcon.colcon_core.package_identification:_identify(depthai_env/lib/python3.14/site-packages/numpy/lib/tests/data) by extensions ['ignore', 'ignore_ament_install']
[-1781200949160513024.000s] Level 1:colcon.colcon_core.package_identification:_identify(depthai_env/lib/python3.14/site-packages/numpy/lib/tests/data) by extension 'ignore'
[-1781200949160513024.000s] Level 1:colcon.colcon_core.package_identification:_identify(depthai_env/lib/python3.14/site-packages/numpy/lib/tests/data) by extension 'ignore_ament_install'
[-1781200949160513024.000s] Level 1:colcon.colcon_core.package_identification:_identify(depthai_env/lib/python3.14/site-packages/numpy/lib/tests/data) by extensions ['colcon_pkg']
[-1781200949160513024.000s] Level 1:colcon.colcon_core.package_identification:_identify(depthai_env/lib/python3.14/site-packages/numpy/lib/tests/data) by extension 'colcon_pkg'
[-1781200949160513024.000s] Level 1:colcon.colcon_core.package_identification:_identify(depthai_env/lib/python3.14/site-packages/numpy/lib/tests/data) by extensions ['colcon_meta']
[-1781200949160513024.000s] Level 1:colcon.colcon_core.package_identification:_identify(depthai_env/lib/python3.14/site-packages/numpy/lib/tests/data) by extension 'colcon_meta'
[-1781200949160513024.000s] Level 1:colcon.colcon_core.package_identification:_identify(depthai_env/lib/python3.14/site-packages/numpy/lib/tests/data) by extensions ['ros']
[-1781200949160513024.000s] Level 1:colcon.colcon_core.package_identification:_identify(depthai_env/lib/python3.14/site-packages/numpy/lib/tests/data) by extension 'ros'
[-1781200949160513024.000s] Level 1:colcon.colcon_core.package_identification:_identify(depthai_env/lib/python3.14/site-packages/numpy/lib/tests/data) by extensions ['cmake', 'python']
[-1781200949160513024.000s] Level 1:colcon.colcon_core.package_identification:_identify(depthai_env/lib/python3.14/site-packages/numpy/lib/tests/data) by extension 'cmake'
[-1781200949160513024.000s] Level 1:colcon.colcon_core.package_identification:_identify(depthai_env/lib/python3.14/site-packages/numpy/lib/tests/data) by extension 'python'
[-1781200949160513024.000s] Level 1:colcon.colcon_core.package_identification:_identify(depthai_env/lib/python3.14/site-packages/numpy/linalg) by extensions ['ignore', 'ignore_ament_install']
[-1781200949160513024.000s] Level 1:colcon.colcon_core.package_identification:_identify(depthai_env/lib/python3.14/site-packages/numpy/linalg) by extension 'ignore'
[-1781200949160513024.000s] Level 1:colcon.colcon_core.package_identification:_identify(depthai_env/lib/python3.14/site-packages/numpy/linalg) by extension 'ignore_ament_install'
[-1781200949160513024.000s] Level 1:colcon.colcon_core.package_identification:_identify(depthai_env/lib/python3.14/site-packages/numpy/linalg) by extensions ['colcon_pkg']
[-1781200949160513024.000s] Level 1:colcon.colcon_core.package_identification:_identify(depthai_env/lib/python3.14/site-packages/numpy/linalg) by extension 'colcon_pkg'
[-1781200949160513024.000s] Level 1:colcon.colcon_core.package_identification:_identify(depthai_env/lib/python3.14/site-packages/numpy/linalg) by extensions ['colcon_meta']
[-1781200949160513024.000s] Level 1:colcon.colcon_core.package_identification:_identify(depthai_env/lib/python3.14/site-packages/numpy/linalg) by extension 'colcon_meta'
[-1781200949160513024.000s] Level 1:colcon.colcon_core.package_identification:_identify(depthai_env/lib/python3.14/site-packages/numpy/linalg) by extensions ['ros']
[-1781200949160513024.000s] Level 1:colcon.colcon_core.package_identification:_identify(depthai_env/lib/python3.14/site-packages/numpy/linalg) by extension 'ros'
[-1781200949160513024.000s] Level 1:colcon.colcon_core.package_identification:_identify(depthai_env/lib/python3.14/site-packages/numpy/linalg) by extensions ['cmake', 'python']
[-1781200949160513024.000s] Level 1:colcon.colcon_core.package_identification:_identify(depthai_env/lib/python3.14/site-packages/numpy/linalg) by extension 'cmake'
[-1781200949160513024.000s] Level 1:colcon.colcon_core.package_identification:_identify(depthai_env/lib/python3.14/site-packages/numpy/linalg) by extension 'python'
[-1781200949160513024.000s] Level 1:colcon.colcon_core.package_identification:_identify(depthai_env/lib/python3.14/site-packages/numpy/linalg/__pycache__) by extensions ['ignore', 'ignore_ament_install']
[-1781200949160513024.000s] Level 1:colcon.colcon_core.package_identification:_identify(depthai_env/lib/python3.14/site-packages/numpy/linalg/__pycache__) by extension 'ignore'
[-1781200949160513024.000s] Level 1:colcon.colcon_core.package_identification:_identify(depthai_env/lib/python3.14/site-packages/numpy/linalg/__pycache__) by extension 'ignore_ament_install'
[-1781200949160513024.000s] Level 1:colcon.colcon_core.package_identification:_identify(depthai_env/lib/python3.14/site-packages/numpy/linalg/__pycache__) by extensions ['colcon_pkg']
[-1781200949160513024.000s] Level 1:colcon.colcon_core.package_identification:_identify(depthai_env/lib/python3.14/site-packages/numpy/linalg/__pycache__) by extension 'colcon_pkg'
[-1781200949160513024.000s] Level 1:colcon.colcon_core.package_identification:_identify(depthai_env/lib/python3.14/site-packages/numpy/linalg/__pycache__) by extensions ['colcon_meta']
[-1781200949160513024.000s] Level 1:colcon.colcon_core.package_identification:_identify(depthai_env/lib/python3.14/site-packages/numpy/linalg/__pycache__) by extension 'colcon_meta'
[-1781200949160513024.000s] Level 1:colcon.colcon_core.package_identification:_identify(depthai_env/lib/python3.14/site-packages/numpy/linalg/__pycache__) by extensions ['ros']
[-1781200949160513024.000s] Level 1:colcon.colcon_core.package_identification:_identify(depthai_env/lib/python3.14/site-packages/numpy/linalg/__pycache__) by extension 'ros'
[-1781200949160513024.000s] Level 1:colcon.colcon_core.package_identification:_identify(depthai_env/lib/python3.14/site-packages/numpy/linalg/__pycache__) by extensions ['cmake', 'python']
[-1781200949160513024.000s] Level 1:colcon.colcon_core.package_identification:_identify(depthai_env/lib/python3.14/site-packages/numpy/linalg/__pycache__) by extension 'cmake'
[-1781200949160513024.000s] Level 1:colcon.colcon_core.package_identification:_identify(depthai_env/lib/python3.14/site-packages/numpy/linalg/__pycache__) by extension 'python'
[-1781200949160513024.000s] Level 1:colcon.colcon_core.package_identification:_identify(depthai_env/lib/python3.14/site-packages/numpy/linalg/tests) by extensions ['ignore', 'ignore_ament_install']
[-1781200949160513024.000s] Level 1:colcon.colcon_core.package_identification:_identify(depthai_env/lib/python3.14/site-packages/numpy/linalg/tests) by extension 'ignore'
[-1781200949160513024.000s] Level 1:colcon.colcon_core.package_identification:_identify(depthai_env/lib/python3.14/site-packages/numpy/linalg/tests) by extension 'ignore_ament_install'
[-1781200949160513024.000s] Level 1:colcon.colcon_core.package_identification:_identify(depthai_env/lib/python3.14/site-packages/numpy/linalg/tests) by extensions ['colcon_pkg']
[-1781200949160513024.000s] Level 1:colcon.colcon_core.package_identification:_identify(depthai_env/lib/python3.14/site-packages/numpy/linalg/tests) by extension 'colcon_pkg'
[-1781200949160513024.000s] Level 1:colcon.colcon_core.package_identification:_identify(depthai_env/lib/python3.14/site-packages/numpy/linalg/tests) by extensions ['colcon_meta']
[-1781200949160513024.000s] Level 1:colcon.colcon_core.package_identification:_identify(depthai_env/lib/python3.14/site-packages/numpy/linalg/tests) by extension 'colcon_meta'
[-1781200949160513024.000s] Level 1:colcon.colcon_core.package_identification:_identify(depthai_env/lib/python3.14/site-packages/numpy/linalg/tests) by extensions ['ros']
[-1781200949160513024.000s] Level 1:colcon.colcon_core.package_identification:_identify(depthai_env/lib/python3.14/site-packages/numpy/linalg/tests) by extension 'ros'
[-1781200949160513024.000s] Level 1:colcon.colcon_core.package_identification:_identify(depthai_env/lib/python3.14/site-packages/numpy/linalg/tests) by extensions ['cmake', 'python']
[-1781200949160513024.000s] Level 1:colcon.colcon_core.package_identification:_identify(depthai_env/lib/python3.14/site-packages/numpy/linalg/tests) by extension 'cmake'
[-1781200949160513024.000s] Level 1:colcon.colcon_core.package_identification:_identify(depthai_env/lib/python3.14/site-packages/numpy/linalg/tests) by extension 'python'
[-1781200949160513024.000s] Level 1:colcon.colcon_core.package_identification:_identify(depthai_env/lib/python3.14/site-packages/numpy/linalg/tests/__pycache__) by extensions ['ignore', 'ignore_ament_install']
[-1781200949160513024.000s] Level 1:colcon.colcon_core.package_identification:_identify(depthai_env/lib/python3.14/site-packages/numpy/linalg/tests/__pycache__) by extension 'ignore'
[-1781200949160513024.000s] Level 1:colcon.colcon_core.package_identification:_identify(depthai_env/lib/python3.14/site-packages/numpy/linalg/tests/__pycache__) by extension 'ignore_ament_install'
[-1781200949160513024.000s] Level 1:colcon.colcon_core.package_identification:_identify(depthai_env/lib/python3.14/site-packages/numpy/linalg/tests/__pycache__) by extensions ['colcon_pkg']
[-1781200949160513024.000s] Level 1:colcon.colcon_core.package_identification:_identify(depthai_env/lib/python3.14/site-packages/numpy/linalg/tests/__pycache__) by extension 'colcon_pkg'
[-1781200949160513024.000s] Level 1:colcon.colcon_core.package_identification:_identify(depthai_env/lib/python3.14/site-packages/numpy/linalg/tests/__pycache__) by extensions ['colcon_meta']
[-1781200949160513024.000s] Level 1:colcon.colcon_core.package_identification:_identify(depthai_env/lib/python3.14/site-packages/numpy/linalg/tests/__pycache__) by extension 'colcon_meta'
[-1781200949160513024.000s] Level 1:colcon.colcon_core.package_identification:_identify(depthai_env/lib/python3.14/site-packages/numpy/linalg/tests/__pycache__) by extensions ['ros']
[-1781200949160513024.000s] Level 1:colcon.colcon_core.package_identification:_identify(depthai_env/lib/python3.14/site-packages/numpy/linalg/tests/__pycache__) by extension 'ros'
[-1781200949160513024.000s] Level 1:colcon.colcon_core.package_identification:_identify(depthai_env/lib/python3.14/site-packages/numpy/linalg/tests/__pycache__) by extensions ['cmake', 'python']
[-1781200949160513024.000s] Level 1:colcon.colcon_core.package_identification:_identify(depthai_env/lib/python3.14/site-packages/numpy/linalg/tests/__pycache__) by extension 'cmake'
[-1781200949160513024.000s] Level 1:colcon.colcon_core.package_identification:_identify(depthai_env/lib/python3.14/site-packages/numpy/linalg/tests/__pycache__) by extension 'python'
[-1781200949160513024.000s] Level 1:colcon.colcon_core.package_identification:_identify(depthai_env/lib/python3.14/site-packages/numpy/ma) by extensions ['ignore', 'ignore_ament_install']
[-1781200949160513024.000s] Level 1:colcon.colcon_core.package_identification:_identify(depthai_env/lib/python3.14/site-packages/numpy/ma) by extension 'ignore'
[-1781200949160513024.000s] Level 1:colcon.colcon_core.package_identification:_identify(depthai_env/lib/python3.14/site-packages/numpy/ma) by extension 'ignore_ament_install'
[-1781200949160513024.000s] Level 1:colcon.colcon_core.package_identification:_identify(depthai_env/lib/python3.14/site-packages/numpy/ma) by extensions ['colcon_pkg']
[-1781200949160513024.000s] Level 1:colcon.colcon_core.package_identification:_identify(depthai_env/lib/python3.14/site-packages/numpy/ma) by extension 'colcon_pkg'
[-1781200949160513024.000s] Level 1:colcon.colcon_core.package_identification:_identify(depthai_env/lib/python3.14/site-packages/numpy/ma) by extensions ['colcon_meta']
[-1781200949160513024.000s] Level 1:colcon.colcon_core.package_identification:_identify(depthai_env/lib/python3.14/site-packages/numpy/ma) by extension 'colcon_meta'
[-1781200949160513024.000s] Level 1:colcon.colcon_core.package_identification:_identify(depthai_env/lib/python3.14/site-packages/numpy/ma) by extensions ['ros']
[-1781200949160513024.000s] Level 1:colcon.colcon_core.package_identification:_identify(depthai_env/lib/python3.14/site-packages/numpy/ma) by extension 'ros'
[-1781200949160513024.000s] Level 1:colcon.colcon_core.package_identification:_identify(depthai_env/lib/python3.14/site-packages/numpy/ma) by extensions ['cmake', 'python']
[-1781200949160513024.000s] Level 1:colcon.colcon_core.package_identification:_identify(depthai_env/lib/python3.14/site-packages/numpy/ma) by extension 'cmake'
[-1781200949160513024.000s] Level 1:colcon.colcon_core.package_identification:_identify(depthai_env/lib/python3.14/site-packages/numpy/ma) by extension 'python'
[-1781200949160513024.000s] Level 1:colcon.colcon_core.package_identification:_identify(depthai_env/lib/python3.14/site-packages/numpy/ma/__pycache__) by extensions ['ignore', 'ignore_ament_install']
[-1781200949160513024.000s] Level 1:colcon.colcon_core.package_identification:_identify(depthai_env/lib/python3.14/site-packages/numpy/ma/__pycache__) by extension 'ignore'
[-1781200949160513024.000s] Level 1:colcon.colcon_core.package_identification:_identify(depthai_env/lib/python3.14/site-packages/numpy/ma/__pycache__) by extension 'ignore_ament_install'
[-1781200949160513024.000s] Level 1:colcon.colcon_core.package_identification:_identify(depthai_env/lib/python3.14/site-packages/numpy/ma/__pycache__) by extensions ['colcon_pkg']
[-1781200949160513024.000s] Level 1:colcon.colcon_core.package_identification:_identify(depthai_env/lib/python3.14/site-packages/numpy/ma/__pycache__) by extension 'colcon_pkg'
[-1781200949160513024.000s] Level 1:colcon.colcon_core.package_identification:_identify(depthai_env/lib/python3.14/site-packages/numpy/ma/__pycache__) by extensions ['colcon_meta']
[-1781200949160513024.000s] Level 1:colcon.colcon_core.package_identification:_identify(depthai_env/lib/python3.14/site-packages/numpy/ma/__pycache__) by extension 'colcon_meta'
[-1781200949160513024.000s] Level 1:colcon.colcon_core.package_identification:_identify(depthai_env/lib/python3.14/site-packages/numpy/ma/__pycache__) by extensions ['ros']
[-1781200949160513024.000s] Level 1:colcon.colcon_core.package_identification:_identify(depthai_env/lib/python3.14/site-packages/numpy/ma/__pycache__) by extension 'ros'
[-1781200949160513024.000s] Level 1:colcon.colcon_core.package_identification:_identify(depthai_env/lib/python3.14/site-packages/numpy/ma/__pycache__) by extensions ['cmake', 'python']
[-1781200949160513024.000s] Level 1:colcon.colcon_core.package_identification:_identify(depthai_env/lib/python3.14/site-packages/numpy/ma/__pycache__) by extension 'cmake'
[-1781200949160513024.000s] Level 1:colcon.colcon_core.package_identification:_identify(depthai_env/lib/python3.14/site-packages/numpy/ma/__pycache__) by extension 'python'
[-1781200949160513024.000s] Level 1:colcon.colcon_core.package_identification:_identify(depthai_env/lib/python3.14/site-packages/numpy/ma/tests) by extensions ['ignore', 'ignore_ament_install']
[-1781200949160513024.000s] Level 1:colcon.colcon_core.package_identification:_identify(depthai_env/lib/python3.14/site-packages/numpy/ma/tests) by extension 'ignore'
[-1781200949160513024.000s] Level 1:colcon.colcon_core.package_identification:_identify(depthai_env/lib/python3.14/site-packages/numpy/ma/tests) by extension 'ignore_ament_install'
[-1781200949160513024.000s] Level 1:colcon.colcon_core.package_identification:_identify(depthai_env/lib/python3.14/site-packages/numpy/ma/tests) by extensions ['colcon_pkg']
[-1781200949160513024.000s] Level 1:colcon.colcon_core.package_identification:_identify(depthai_env/lib/python3.14/site-packages/numpy/ma/tests) by extension 'colcon_pkg'
[-1781200949160513024.000s] Level 1:colcon.colcon_core.package_identification:_identify(depthai_env/lib/python3.14/site-packages/numpy/ma/tests) by extensions ['colcon_meta']
[-1781200949160513024.000s] Level 1:colcon.colcon_core.package_identification:_identify(depthai_env/lib/python3.14/site-packages/numpy/ma/tests) by extension 'colcon_meta'
[-1781200949160513024.000s] Level 1:colcon.colcon_core.package_identification:_identify(depthai_env/lib/python3.14/site-packages/numpy/ma/tests) by extensions ['ros']
[-1781200949160513024.000s] Level 1:colcon.colcon_core.package_identification:_identify(depthai_env/lib/python3.14/site-packages/numpy/ma/tests) by extension 'ros'
[-1781200949160513024.000s] Level 1:colcon.colcon_core.package_identification:_identify(depthai_env/lib/python3.14/site-packages/numpy/ma/tests) by extensions ['cmake', 'python']
[-1781200949160513024.000s] Level 1:colcon.colcon_core.package_identification:_identify(depthai_env/lib/python3.14/site-packages/numpy/ma/tests) by extension 'cmake'
[-1781200949160513024.000s] Level 1:colcon.colcon_core.package_identification:_identify(depthai_env/lib/python3.14/site-packages/numpy/ma/tests) by extension 'python'
[-1781200949160513024.000s] Level 1:colcon.colcon_core.package_identification:_identify(depthai_env/lib/python3.14/site-packages/numpy/ma/tests/__pycache__) by extensions ['ignore', 'ignore_ament_install']
[-1781200949160513024.000s] Level 1:colcon.colcon_core.package_identification:_identify(depthai_env/lib/python3.14/site-packages/numpy/ma/tests/__pycache__) by extension 'ignore'
[-1781200949160513024.000s] Level 1:colcon.colcon_core.package_identification:_identify(depthai_env/lib/python3.14/site-packages/numpy/ma/tests/__pycache__) by extension 'ignore_ament_install'
[-1781200949160513024.000s] Level 1:colcon.colcon_core.package_identification:_identify(depthai_env/lib/python3.14/site-packages/numpy/ma/tests/__pycache__) by extensions ['colcon_pkg']
[-1781200949160513024.000s] Level 1:colcon.colcon_core.package_identification:_identify(depthai_env/lib/python3.14/site-packages/numpy/ma/tests/__pycache__) by extension 'colcon_pkg'
[-1781200949160513024.000s] Level 1:colcon.colcon_core.package_identification:_identify(depthai_env/lib/python3.14/site-packages/numpy/ma/tests/__pycache__) by extensions ['colcon_meta']
[-1781200949160513024.000s] Level 1:colcon.colcon_core.package_identification:_identify(depthai_env/lib/python3.14/site-packages/numpy/ma/tests/__pycache__) by extension 'colcon_meta'
[-1781200949160513024.000s] Level 1:colcon.colcon_core.package_identification:_identify(depthai_env/lib/python3.14/site-packages/numpy/ma/tests/__pycache__) by extensions ['ros']
[-1781200949160513024.000s] Level 1:colcon.colcon_core.package_identification:_identify(depthai_env/lib/python3.14/site-packages/numpy/ma/tests/__pycache__) by extension 'ros'
[-1781200949160513024.000s] Level 1:colcon.colcon_core.package_identification:_identify(depthai_env/lib/python3.14/site-packages/numpy/ma/tests/__pycache__) by extensions ['cmake', 'python']
[-1781200949160513024.000s] Level 1:colcon.colcon_core.package_identification:_identify(depthai_env/lib/python3.14/site-packages/numpy/ma/tests/__pycache__) by extension 'cmake'
[-1781200949160513024.000s] Level 1:colcon.colcon_core.package_identification:_identify(depthai_env/lib/python3.14/site-packages/numpy/ma/tests/__pycache__) by extension 'python'
[-1781200949160513024.000s] Level 1:colcon.colcon_core.package_identification:_identify(depthai_env/lib/python3.14/site-packages/numpy/matrixlib) by extensions ['ignore', 'ignore_ament_install']
[-1781200949160513024.000s] Level 1:colcon.colcon_core.package_identification:_identify(depthai_env/lib/python3.14/site-packages/numpy/matrixlib) by extension 'ignore'
[-1781200949160513024.000s] Level 1:colcon.colcon_core.package_identification:_identify(depthai_env/lib/python3.14/site-packages/numpy/matrixlib) by extension 'ignore_ament_install'
[-1781200949160513024.000s] Level 1:colcon.colcon_core.package_identification:_identify(depthai_env/lib/python3.14/site-packages/numpy/matrixlib) by extensions ['colcon_pkg']
[-1781200949160513024.000s] Level 1:colcon.colcon_core.package_identification:_identify(depthai_env/lib/python3.14/site-packages/numpy/matrixlib) by extension 'colcon_pkg'
[-1781200949160513024.000s] Level 1:colcon.colcon_core.package_identification:_identify(depthai_env/lib/python3.14/site-packages/numpy/matrixlib) by extensions ['colcon_meta']
[-1781200949160513024.000s] Level 1:colcon.colcon_core.package_identification:_identify(depthai_env/lib/python3.14/site-packages/numpy/matrixlib) by extension 'colcon_meta'
[-1781200949160513024.000s] Level 1:colcon.colcon_core.package_identification:_identify(depthai_env/lib/python3.14/site-packages/numpy/matrixlib) by extensions ['ros']
[-1781200949160513024.000s] Level 1:colcon.colcon_core.package_identification:_identify(depthai_env/lib/python3.14/site-packages/numpy/matrixlib) by extension 'ros'
[-1781200949160513024.000s] Level 1:colcon.colcon_core.package_identification:_identify(depthai_env/lib/python3.14/site-packages/numpy/matrixlib) by extensions ['cmake', 'python']
[-1781200949160513024.000s] Level 1:colcon.colcon_core.package_identification:_identify(depthai_env/lib/python3.14/site-packages/numpy/matrixlib) by extension 'cmake'
[-1781200949160513024.000s] Level 1:colcon.colcon_core.package_identification:_identify(depthai_env/lib/python3.14/site-packages/numpy/matrixlib) by extension 'python'
[-1781200949160513024.000s] Level 1:colcon.colcon_core.package_identification:_identify(depthai_env/lib/python3.14/site-packages/numpy/matrixlib/__pycache__) by extensions ['ignore', 'ignore_ament_install']
[-1781200949160513024.000s] Level 1:colcon.colcon_core.package_identification:_identify(depthai_env/lib/python3.14/site-packages/numpy/matrixlib/__pycache__) by extension 'ignore'
[-1781200949160513024.000s] Level 1:colcon.colcon_core.package_identification:_identify(depthai_env/lib/python3.14/site-packages/numpy/matrixlib/__pycache__) by extension 'ignore_ament_install'
[-1781200949160513024.000s] Level 1:colcon.colcon_core.package_identification:_identify(depthai_env/lib/python3.14/site-packages/numpy/matrixlib/__pycache__) by extensions ['colcon_pkg']
[-1781200949160513024.000s] Level 1:colcon.colcon_core.package_identification:_identify(depthai_env/lib/python3.14/site-packages/numpy/matrixlib/__pycache__) by extension 'colcon_pkg'
[-1781200949160513024.000s] Level 1:colcon.colcon_core.package_identification:_identify(depthai_env/lib/python3.14/site-packages/numpy/matrixlib/__pycache__) by extensions ['colcon_meta']
[-1781200949160513024.000s] Level 1:colcon.colcon_core.package_identification:_identify(depthai_env/lib/python3.14/site-packages/numpy/matrixlib/__pycache__) by extension 'colcon_meta'
[-1781200949160513024.000s] Level 1:colcon.colcon_core.package_identification:_identify(depthai_env/lib/python3.14/site-packages/numpy/matrixlib/__pycache__) by extensions ['ros']
[-1781200949160513024.000s] Level 1:colcon.colcon_core.package_identification:_identify(depthai_env/lib/python3.14/site-packages/numpy/matrixlib/__pycache__) by extension 'ros'
[-1781200949160513024.000s] Level 1:colcon.colcon_core.package_identification:_identify(depthai_env/lib/python3.14/site-packages/numpy/matrixlib/__pycache__) by extensions ['cmake', 'python']
[-1781200949160513024.000s] Level 1:colcon.colcon_core.package_identification:_identify(depthai_env/lib/python3.14/site-packages/numpy/matrixlib/__pycache__) by extension 'cmake'
[-1781200949160513024.000s] Level 1:colcon.colcon_core.package_identification:_identify(depthai_env/lib/python3.14/site-packages/numpy/matrixlib/__pycache__) by extension 'python'
[-1781200949160513024.000s] Level 1:colcon.colcon_core.package_identification:_identify(depthai_env/lib/python3.14/site-packages/numpy/matrixlib/tests) by extensions ['ignore', 'ignore_ament_install']
[-1781200949160513024.000s] Level 1:colcon.colcon_core.package_identification:_identify(depthai_env/lib/python3.14/site-packages/numpy/matrixlib/tests) by extension 'ignore'
[-1781200949160513024.000s] Level 1:colcon.colcon_core.package_identification:_identify(depthai_env/lib/python3.14/site-packages/numpy/matrixlib/tests) by extension 'ignore_ament_install'
[-1781200949160513024.000s] Level 1:colcon.colcon_core.package_identification:_identify(depthai_env/lib/python3.14/site-packages/numpy/matrixlib/tests) by extensions ['colcon_pkg']
[-1781200949160513024.000s] Level 1:colcon.colcon_core.package_identification:_identify(depthai_env/lib/python3.14/site-packages/numpy/matrixlib/tests) by extension 'colcon_pkg'
[-1781200949160513024.000s] Level 1:colcon.colcon_core.package_identification:_identify(depthai_env/lib/python3.14/site-packages/numpy/matrixlib/tests) by extensions ['colcon_meta']
[-1781200949160513024.000s] Level 1:colcon.colcon_core.package_identification:_identify(depthai_env/lib/python3.14/site-packages/numpy/matrixlib/tests) by extension 'colcon_meta'
[-1781200949160513024.000s] Level 1:colcon.colcon_core.package_identification:_identify(depthai_env/lib/python3.14/site-packages/numpy/matrixlib/tests) by extensions ['ros']
[-1781200949160513024.000s] Level 1:colcon.colcon_core.package_identification:_identify(depthai_env/lib/python3.14/site-packages/numpy/matrixlib/tests) by extension 'ros'
[-1781200949160513024.000s] Level 1:colcon.colcon_core.package_identification:_identify(depthai_env/lib/python3.14/site-packages/numpy/matrixlib/tests) by extensions ['cmake', 'python']
[-1781200949160513024.000s] Level 1:colcon.colcon_core.package_identification:_identify(depthai_env/lib/python3.14/site-packages/numpy/matrixlib/tests) by extension 'cmake'
[-1781200949160513024.000s] Level 1:colcon.colcon_core.package_identification:_identify(depthai_env/lib/python3.14/site-packages/numpy/matrixlib/tests) by extension 'python'
[-1781200949160513024.000s] Level 1:colcon.colcon_core.package_identification:_identify(depthai_env/lib/python3.14/site-packages/numpy/matrixlib/tests/__pycache__) by extensions ['ignore', 'ignore_ament_install']
[-1781200949160513024.000s] Level 1:colcon.colcon_core.package_identification:_identify(depthai_env/lib/python3.14/site-packages/numpy/matrixlib/tests/__pycache__) by extension 'ignore'
[-1781200949160513024.000s] Level 1:colcon.colcon_core.package_identification:_identify(depthai_env/lib/python3.14/site-packages/numpy/matrixlib/tests/__pycache__) by extension 'ignore_ament_install'
[-1781200949160513024.000s] Level 1:colcon.colcon_core.package_identification:_identify(depthai_env/lib/python3.14/site-packages/numpy/matrixlib/tests/__pycache__) by extensions ['colcon_pkg']
[-1781200949160513024.000s] Level 1:colcon.colcon_core.package_identification:_identify(depthai_env/lib/python3.14/site-packages/numpy/matrixlib/tests/__pycache__) by extension 'colcon_pkg'
[-1781200949160513024.000s] Level 1:colcon.colcon_core.package_identification:_identify(depthai_env/lib/python3.14/site-packages/numpy/matrixlib/tests/__pycache__) by extensions ['colcon_meta']
[-1781200949160513024.000s] Level 1:colcon.colcon_core.package_identification:_identify(depthai_env/lib/python3.14/site-packages/numpy/matrixlib/tests/__pycache__) by extension 'colcon_meta'
[-1781200949160513024.000s] Level 1:colcon.colcon_core.package_identification:_identify(depthai_env/lib/python3.14/site-packages/numpy/matrixlib/tests/__pycache__) by extensions ['ros']
[-1781200949160513024.000s] Level 1:colcon.colcon_core.package_identification:_identify(depthai_env/lib/python3.14/site-packages/numpy/matrixlib/tests/__pycache__) by extension 'ros'
[-1781200949160513024.000s] Level 1:colcon.colcon_core.package_identification:_identify(depthai_env/lib/python3.14/site-packages/numpy/matrixlib/tests/__pycache__) by extensions ['cmake', 'python']
[-1781200949160513024.000s] Level 1:colcon.colcon_core.package_identification:_identify(depthai_env/lib/python3.14/site-packages/numpy/matrixlib/tests/__pycache__) by extension 'cmake'
[-1781200949160513024.000s] Level 1:colcon.colcon_core.package_identification:_identify(depthai_env/lib/python3.14/site-packages/numpy/matrixlib/tests/__pycache__) by extension 'python'
[-1781200949160513024.000s] Level 1:colcon.colcon_core.package_identification:_identify(depthai_env/lib/python3.14/site-packages/numpy/polynomial) by extensions ['ignore', 'ignore_ament_install']
[-1781200949160513024.000s] Level 1:colcon.colcon_core.package_identification:_identify(depthai_env/lib/python3.14/site-packages/numpy/polynomial) by extension 'ignore'
[-1781200949160513024.000s] Level 1:colcon.colcon_core.package_identification:_identify(depthai_env/lib/python3.14/site-packages/numpy/polynomial) by extension 'ignore_ament_install'
[-1781200949160513024.000s] Level 1:colcon.colcon_core.package_identification:_identify(depthai_env/lib/python3.14/site-packages/numpy/polynomial) by extensions ['colcon_pkg']
[-1781200949160513024.000s] Level 1:colcon.colcon_core.package_identification:_identify(depthai_env/lib/python3.14/site-packages/numpy/polynomial) by extension 'colcon_pkg'
[-1781200949160513024.000s] Level 1:colcon.colcon_core.package_identification:_identify(depthai_env/lib/python3.14/site-packages/numpy/polynomial) by extensions ['colcon_meta']
[-1781200949160513024.000s] Level 1:colcon.colcon_core.package_identification:_identify(depthai_env/lib/python3.14/site-packages/numpy/polynomial) by extension 'colcon_meta'
[-1781200949160513024.000s] Level 1:colcon.colcon_core.package_identification:_identify(depthai_env/lib/python3.14/site-packages/numpy/polynomial) by extensions ['ros']
[-1781200949160513024.000s] Level 1:colcon.colcon_core.package_identification:_identify(depthai_env/lib/python3.14/site-packages/numpy/polynomial) by extension 'ros'
[-1781200949160513024.000s] Level 1:colcon.colcon_core.package_identification:_identify(depthai_env/lib/python3.14/site-packages/numpy/polynomial) by extensions ['cmake', 'python']
[-1781200949160513024.000s] Level 1:colcon.colcon_core.package_identification:_identify(depthai_env/lib/python3.14/site-packages/numpy/polynomial) by extension 'cmake'
[-1781200949160513024.000s] Level 1:colcon.colcon_core.package_identification:_identify(depthai_env/lib/python3.14/site-packages/numpy/polynomial) by extension 'python'
[-1781200949160513024.000s] Level 1:colcon.colcon_core.package_identification:_identify(depthai_env/lib/python3.14/site-packages/numpy/polynomial/__pycache__) by extensions ['ignore', 'ignore_ament_install']
[-1781200949160513024.000s] Level 1:colcon.colcon_core.package_identification:_identify(depthai_env/lib/python3.14/site-packages/numpy/polynomial/__pycache__) by extension 'ignore'
[-1781200949160513024.000s] Level 1:colcon.colcon_core.package_identification:_identify(depthai_env/lib/python3.14/site-packages/numpy/polynomial/__pycache__) by extension 'ignore_ament_install'
[-1781200949160513024.000s] Level 1:colcon.colcon_core.package_identification:_identify(depthai_env/lib/python3.14/site-packages/numpy/polynomial/__pycache__) by extensions ['colcon_pkg']
[-1781200949160513024.000s] Level 1:colcon.colcon_core.package_identification:_identify(depthai_env/lib/python3.14/site-packages/numpy/polynomial/__pycache__) by extension 'colcon_pkg'
[-1781200949160513024.000s] Level 1:colcon.colcon_core.package_identification:_identify(depthai_env/lib/python3.14/site-packages/numpy/polynomial/__pycache__) by extensions ['colcon_meta']
[-1781200949160513024.000s] Level 1:colcon.colcon_core.package_identification:_identify(depthai_env/lib/python3.14/site-packages/numpy/polynomial/__pycache__) by extension 'colcon_meta'
[-1781200949160513024.000s] Level 1:colcon.colcon_core.package_identification:_identify(depthai_env/lib/python3.14/site-packages/numpy/polynomial/__pycache__) by extensions ['ros']
[-1781200949160513024.000s] Level 1:colcon.colcon_core.package_identification:_identify(depthai_env/lib/python3.14/site-packages/numpy/polynomial/__pycache__) by extension 'ros'
[-1781200949160513024.000s] Level 1:colcon.colcon_core.package_identification:_identify(depthai_env/lib/python3.14/site-packages/numpy/polynomial/__pycache__) by extensions ['cmake', 'python']
[-1781200949160513024.000s] Level 1:colcon.colcon_core.package_identification:_identify(depthai_env/lib/python3.14/site-packages/numpy/polynomial/__pycache__) by extension 'cmake'
[-1781200949160513024.000s] Level 1:colcon.colcon_core.package_identification:_identify(depthai_env/lib/python3.14/site-packages/numpy/polynomial/__pycache__) by extension 'python'
[-1781200949160513024.000s] Level 1:colcon.colcon_core.package_identification:_identify(depthai_env/lib/python3.14/site-packages/numpy/polynomial/tests) by extensions ['ignore', 'ignore_ament_install']
[-1781200949160513024.000s] Level 1:colcon.colcon_core.package_identification:_identify(depthai_env/lib/python3.14/site-packages/numpy/polynomial/tests) by extension 'ignore'
[-1781200949160513024.000s] Level 1:colcon.colcon_core.package_identification:_identify(depthai_env/lib/python3.14/site-packages/numpy/polynomial/tests) by extension 'ignore_ament_install'
[-1781200949160513024.000s] Level 1:colcon.colcon_core.package_identification:_identify(depthai_env/lib/python3.14/site-packages/numpy/polynomial/tests) by extensions ['colcon_pkg']
[-1781200949160513024.000s] Level 1:colcon.colcon_core.package_identification:_identify(depthai_env/lib/python3.14/site-packages/numpy/polynomial/tests) by extension 'colcon_pkg'
[-1781200949160513024.000s] Level 1:colcon.colcon_core.package_identification:_identify(depthai_env/lib/python3.14/site-packages/numpy/polynomial/tests) by extensions ['colcon_meta']
[-1781200949160513024.000s] Level 1:colcon.colcon_core.package_identification:_identify(depthai_env/lib/python3.14/site-packages/numpy/polynomial/tests) by extension 'colcon_meta'
[-1781200949160513024.000s] Level 1:colcon.colcon_core.package_identification:_identify(depthai_env/lib/python3.14/site-packages/numpy/polynomial/tests) by extensions ['ros']
[-1781200949160513024.000s] Level 1:colcon.colcon_core.package_identification:_identify(depthai_env/lib/python3.14/site-packages/numpy/polynomial/tests) by extension 'ros'
[-1781200949160513024.000s] Level 1:colcon.colcon_core.package_identification:_identify(depthai_env/lib/python3.14/site-packages/numpy/polynomial/tests) by extensions ['cmake', 'python']
[-1781200949160513024.000s] Level 1:colcon.colcon_core.package_identification:_identify(depthai_env/lib/python3.14/site-packages/numpy/polynomial/tests) by extension 'cmake'
[-1781200949160513024.000s] Level 1:colcon.colcon_core.package_identification:_identify(depthai_env/lib/python3.14/site-packages/numpy/polynomial/tests) by extension 'python'
[-1781200949160513024.000s] Level 1:colcon.colcon_core.package_identification:_identify(depthai_env/lib/python3.14/site-packages/numpy/polynomial/tests/__pycache__) by extensions ['ignore', 'ignore_ament_install']
[-1781200949160513024.000s] Level 1:colcon.colcon_core.package_identification:_identify(depthai_env/lib/python3.14/site-packages/numpy/polynomial/tests/__pycache__) by extension 'ignore'
[-1781200949160513024.000s] Level 1:colcon.colcon_core.package_identification:_identify(depthai_env/lib/python3.14/site-packages/numpy/polynomial/tests/__pycache__) by extension 'ignore_ament_install'
[-1781200949160513024.000s] Level 1:colcon.colcon_core.package_identification:_identify(depthai_env/lib/python3.14/site-packages/numpy/polynomial/tests/__pycache__) by extensions ['colcon_pkg']
[-1781200949160513024.000s] Level 1:colcon.colcon_core.package_identification:_identify(depthai_env/lib/python3.14/site-packages/numpy/polynomial/tests/__pycache__) by extension 'colcon_pkg'
[-1781200949160513024.000s] Level 1:colcon.colcon_core.package_identification:_identify(depthai_env/lib/python3.14/site-packages/numpy/polynomial/tests/__pycache__) by extensions ['colcon_meta']
[-1781200949160513024.000s] Level 1:colcon.colcon_core.package_identification:_identify(depthai_env/lib/python3.14/site-packages/numpy/polynomial/tests/__pycache__) by extension 'colcon_meta'
[-1781200949160513024.000s] Level 1:colcon.colcon_core.package_identification:_identify(depthai_env/lib/python3.14/site-packages/numpy/polynomial/tests/__pycache__) by extensions ['ros']
[-1781200949160513024.000s] Level 1:colcon.colcon_core.package_identification:_identify(depthai_env/lib/python3.14/site-packages/numpy/polynomial/tests/__pycache__) by extension 'ros'
[-1781200949160513024.000s] Level 1:colcon.colcon_core.package_identification:_identify(depthai_env/lib/python3.14/site-packages/numpy/polynomial/tests/__pycache__) by extensions ['cmake', 'python']
[-1781200949160513024.000s] Level 1:colcon.colcon_core.package_identification:_identify(depthai_env/lib/python3.14/site-packages/numpy/polynomial/tests/__pycache__) by extension 'cmake'
[-1781200949160513024.000s] Level 1:colcon.colcon_core.package_identification:_identify(depthai_env/lib/python3.14/site-packages/numpy/polynomial/tests/__pycache__) by extension 'python'
[-1781200949160513024.000s] Level 1:colcon.colcon_core.package_identification:_identify(depthai_env/lib/python3.14/site-packages/numpy/random) by extensions ['ignore', 'ignore_ament_install']
[-1781200949160513024.000s] Level 1:colcon.colcon_core.package_identification:_identify(depthai_env/lib/python3.14/site-packages/numpy/random) by extension 'ignore'
[-1781200949160513024.000s] Level 1:colcon.colcon_core.package_identification:_identify(depthai_env/lib/python3.14/site-packages/numpy/random) by extension 'ignore_ament_install'
[-1781200949160513024.000s] Level 1:colcon.colcon_core.package_identification:_identify(depthai_env/lib/python3.14/site-packages/numpy/random) by extensions ['colcon_pkg']
[-1781200949160513024.000s] Level 1:colcon.colcon_core.package_identification:_identify(depthai_env/lib/python3.14/site-packages/numpy/random) by extension 'colcon_pkg'
[-1781200949160513024.000s] Level 1:colcon.colcon_core.package_identification:_identify(depthai_env/lib/python3.14/site-packages/numpy/random) by extensions ['colcon_meta']
[-1781200949160513024.000s] Level 1:colcon.colcon_core.package_identification:_identify(depthai_env/lib/python3.14/site-packages/numpy/random) by extension 'colcon_meta'
[-1781200949160513024.000s] Level 1:colcon.colcon_core.package_identification:_identify(depthai_env/lib/python3.14/site-packages/numpy/random) by extensions ['ros']
[-1781200949160513024.000s] Level 1:colcon.colcon_core.package_identification:_identify(depthai_env/lib/python3.14/site-packages/numpy/random) by extension 'ros'
[-1781200949160513024.000s] Level 1:colcon.colcon_core.package_identification:_identify(depthai_env/lib/python3.14/site-packages/numpy/random) by extensions ['cmake', 'python']
[-1781200949160513024.000s] Level 1:colcon.colcon_core.package_identification:_identify(depthai_env/lib/python3.14/site-packages/numpy/random) by extension 'cmake'
[-1781200949160513024.000s] Level 1:colcon.colcon_core.package_identification:_identify(depthai_env/lib/python3.14/site-packages/numpy/random) by extension 'python'
[-1781200949160513024.000s] Level 1:colcon.colcon_core.package_identification:_identify(depthai_env/lib/python3.14/site-packages/numpy/random/__pycache__) by extensions ['ignore', 'ignore_ament_install']
[-1781200949160513024.000s] Level 1:colcon.colcon_core.package_identification:_identify(depthai_env/lib/python3.14/site-packages/numpy/random/__pycache__) by extension 'ignore'
[-1781200949160513024.000s] Level 1:colcon.colcon_core.package_identification:_identify(depthai_env/lib/python3.14/site-packages/numpy/random/__pycache__) by extension 'ignore_ament_install'
[-1781200949160513024.000s] Level 1:colcon.colcon_core.package_identification:_identify(depthai_env/lib/python3.14/site-packages/numpy/random/__pycache__) by extensions ['colcon_pkg']
[-1781200949160513024.000s] Level 1:colcon.colcon_core.package_identification:_identify(depthai_env/lib/python3.14/site-packages/numpy/random/__pycache__) by extension 'colcon_pkg'
[-1781200949160513024.000s] Level 1:colcon.colcon_core.package_identification:_identify(depthai_env/lib/python3.14/site-packages/numpy/random/__pycache__) by extensions ['colcon_meta']
[-1781200949160513024.000s] Level 1:colcon.colcon_core.package_identification:_identify(depthai_env/lib/python3.14/site-packages/numpy/random/__pycache__) by extension 'colcon_meta'
[-1781200949160513024.000s] Level 1:colcon.colcon_core.package_identification:_identify(depthai_env/lib/python3.14/site-packages/numpy/random/__pycache__) by extensions ['ros']
[-1781200949160513024.000s] Level 1:colcon.colcon_core.package_identification:_identify(depthai_env/lib/python3.14/site-packages/numpy/random/__pycache__) by extension 'ros'
[-1781200949160513024.000s] Level 1:colcon.colcon_core.package_identification:_identify(depthai_env/lib/python3.14/site-packages/numpy/random/__pycache__) by extensions ['cmake', 'python']
[-1781200949160513024.000s] Level 1:colcon.colcon_core.package_identification:_identify(depthai_env/lib/python3.14/site-packages/numpy/random/__pycache__) by extension 'cmake'
[-1781200949160513024.000s] Level 1:colcon.colcon_core.package_identification:_identify(depthai_env/lib/python3.14/site-packages/numpy/random/__pycache__) by extension 'python'
[-1781200949160513024.000s] Level 1:colcon.colcon_core.package_identification:_identify(depthai_env/lib/python3.14/site-packages/numpy/random/_examples) by extensions ['ignore', 'ignore_ament_install']
[-1781200949160513024.000s] Level 1:colcon.colcon_core.package_identification:_identify(depthai_env/lib/python3.14/site-packages/numpy/random/_examples) by extension 'ignore'
[-1781200949160513024.000s] Level 1:colcon.colcon_core.package_identification:_identify(depthai_env/lib/python3.14/site-packages/numpy/random/_examples) by extension 'ignore_ament_install'
[-1781200949160513024.000s] Level 1:colcon.colcon_core.package_identification:_identify(depthai_env/lib/python3.14/site-packages/numpy/random/_examples) by extensions ['colcon_pkg']
[-1781200949160513024.000s] Level 1:colcon.colcon_core.package_identification:_identify(depthai_env/lib/python3.14/site-packages/numpy/random/_examples) by extension 'colcon_pkg'
[-1781200949160513024.000s] Level 1:colcon.colcon_core.package_identification:_identify(depthai_env/lib/python3.14/site-packages/numpy/random/_examples) by extensions ['colcon_meta']
[-1781200949160513024.000s] Level 1:colcon.colcon_core.package_identification:_identify(depthai_env/lib/python3.14/site-packages/numpy/random/_examples) by extension 'colcon_meta'
[-1781200949160513024.000s] Level 1:colcon.colcon_core.package_identification:_identify(depthai_env/lib/python3.14/site-packages/numpy/random/_examples) by extensions ['ros']
[-1781200949160513024.000s] Level 1:colcon.colcon_core.package_identification:_identify(depthai_env/lib/python3.14/site-packages/numpy/random/_examples) by extension 'ros'
[-1781200949160513024.000s] Level 1:colcon.colcon_core.package_identification:_identify(depthai_env/lib/python3.14/site-packages/numpy/random/_examples) by extensions ['cmake', 'python']
[-1781200949160513024.000s] Level 1:colcon.colcon_core.package_identification:_identify(depthai_env/lib/python3.14/site-packages/numpy/random/_examples) by extension 'cmake'
[-1781200949160513024.000s] Level 1:colcon.colcon_core.package_identification:_identify(depthai_env/lib/python3.14/site-packages/numpy/random/_examples) by extension 'python'
[-1781200949160513024.000s] Level 1:colcon.colcon_core.package_identification:_identify(depthai_env/lib/python3.14/site-packages/numpy/random/_examples/cffi) by extensions ['ignore', 'ignore_ament_install']
[-1781200949160513024.000s] Level 1:colcon.colcon_core.package_identification:_identify(depthai_env/lib/python3.14/site-packages/numpy/random/_examples/cffi) by extension 'ignore'
[-1781200949160513024.000s] Level 1:colcon.colcon_core.package_identification:_identify(depthai_env/lib/python3.14/site-packages/numpy/random/_examples/cffi) by extension 'ignore_ament_install'
[-1781200949160513024.000s] Level 1:colcon.colcon_core.package_identification:_identify(depthai_env/lib/python3.14/site-packages/numpy/random/_examples/cffi) by extensions ['colcon_pkg']
[-1781200949160513024.000s] Level 1:colcon.colcon_core.package_identification:_identify(depthai_env/lib/python3.14/site-packages/numpy/random/_examples/cffi) by extension 'colcon_pkg'
[-1781200949160513024.000s] Level 1:colcon.colcon_core.package_identification:_identify(depthai_env/lib/python3.14/site-packages/numpy/random/_examples/cffi) by extensions ['colcon_meta']
[-1781200949160513024.000s] Level 1:colcon.colcon_core.package_identification:_identify(depthai_env/lib/python3.14/site-packages/numpy/random/_examples/cffi) by extension 'colcon_meta'
[-1781200949160513024.000s] Level 1:colcon.colcon_core.package_identification:_identify(depthai_env/lib/python3.14/site-packages/numpy/random/_examples/cffi) by extensions ['ros']
[-1781200949160513024.000s] Level 1:colcon.colcon_core.package_identification:_identify(depthai_env/lib/python3.14/site-packages/numpy/random/_examples/cffi) by extension 'ros'
[-1781200949160513024.000s] Level 1:colcon.colcon_core.package_identification:_identify(depthai_env/lib/python3.14/site-packages/numpy/random/_examples/cffi) by extensions ['cmake', 'python']
[-1781200949160513024.000s] Level 1:colcon.colcon_core.package_identification:_identify(depthai_env/lib/python3.14/site-packages/numpy/random/_examples/cffi) by extension 'cmake'
[-1781200949160513024.000s] Level 1:colcon.colcon_core.package_identification:_identify(depthai_env/lib/python3.14/site-packages/numpy/random/_examples/cffi) by extension 'python'
[-1781200949160513024.000s] Level 1:colcon.colcon_core.package_identification:_identify(depthai_env/lib/python3.14/site-packages/numpy/random/_examples/cffi/__pycache__) by extensions ['ignore', 'ignore_ament_install']
[-1781200949160513024.000s] Level 1:colcon.colcon_core.package_identification:_identify(depthai_env/lib/python3.14/site-packages/numpy/random/_examples/cffi/__pycache__) by extension 'ignore'
[-1781200949160513024.000s] Level 1:colcon.colcon_core.package_identification:_identify(depthai_env/lib/python3.14/site-packages/numpy/random/_examples/cffi/__pycache__) by extension 'ignore_ament_install'
[-1781200949160513024.000s] Level 1:colcon.colcon_core.package_identification:_identify(depthai_env/lib/python3.14/site-packages/numpy/random/_examples/cffi/__pycache__) by extensions ['colcon_pkg']
[-1781200949160513024.000s] Level 1:colcon.colcon_core.package_identification:_identify(depthai_env/lib/python3.14/site-packages/numpy/random/_examples/cffi/__pycache__) by extension 'colcon_pkg'
[-1781200949160513024.000s] Level 1:colcon.colcon_core.package_identification:_identify(depthai_env/lib/python3.14/site-packages/numpy/random/_examples/cffi/__pycache__) by extensions ['colcon_meta']
[-1781200949160513024.000s] Level 1:colcon.colcon_core.package_identification:_identify(depthai_env/lib/python3.14/site-packages/numpy/random/_examples/cffi/__pycache__) by extension 'colcon_meta'
[-1781200949160513024.000s] Level 1:colcon.colcon_core.package_identification:_identify(depthai_env/lib/python3.14/site-packages/numpy/random/_examples/cffi/__pycache__) by extensions ['ros']
[-1781200949160513024.000s] Level 1:colcon.colcon_core.package_identification:_identify(depthai_env/lib/python3.14/site-packages/numpy/random/_examples/cffi/__pycache__) by extension 'ros'
[-1781200949160513024.000s] Level 1:colcon.colcon_core.package_identification:_identify(depthai_env/lib/python3.14/site-packages/numpy/random/_examples/cffi/__pycache__) by extensions ['cmake', 'python']
[-1781200949160513024.000s] Level 1:colcon.colcon_core.package_identification:_identify(depthai_env/lib/python3.14/site-packages/numpy/random/_examples/cffi/__pycache__) by extension 'cmake'
[-1781200949160513024.000s] Level 1:colcon.colcon_core.package_identification:_identify(depthai_env/lib/python3.14/site-packages/numpy/random/_examples/cffi/__pycache__) by extension 'python'
[-1781200949160513024.000s] Level 1:colcon.colcon_core.package_identification:_identify(depthai_env/lib/python3.14/site-packages/numpy/random/_examples/cython) by extensions ['ignore', 'ignore_ament_install']
[-1781200949160513024.000s] Level 1:colcon.colcon_core.package_identification:_identify(depthai_env/lib/python3.14/site-packages/numpy/random/_examples/cython) by extension 'ignore'
[-1781200949160513024.000s] Level 1:colcon.colcon_core.package_identification:_identify(depthai_env/lib/python3.14/site-packages/numpy/random/_examples/cython) by extension 'ignore_ament_install'
[-1781200949160513024.000s] Level 1:colcon.colcon_core.package_identification:_identify(depthai_env/lib/python3.14/site-packages/numpy/random/_examples/cython) by extensions ['colcon_pkg']
[-1781200949160513024.000s] Level 1:colcon.colcon_core.package_identification:_identify(depthai_env/lib/python3.14/site-packages/numpy/random/_examples/cython) by extension 'colcon_pkg'
[-1781200949160513024.000s] Level 1:colcon.colcon_core.package_identification:_identify(depthai_env/lib/python3.14/site-packages/numpy/random/_examples/cython) by extensions ['colcon_meta']
[-1781200949160513024.000s] Level 1:colcon.colcon_core.package_identification:_identify(depthai_env/lib/python3.14/site-packages/numpy/random/_examples/cython) by extension 'colcon_meta'
[-1781200949160513024.000s] Level 1:colcon.colcon_core.package_identification:_identify(depthai_env/lib/python3.14/site-packages/numpy/random/_examples/cython) by extensions ['ros']
[-1781200949160513024.000s] Level 1:colcon.colcon_core.package_identification:_identify(depthai_env/lib/python3.14/site-packages/numpy/random/_examples/cython) by extension 'ros'
[-1781200949160513024.000s] Level 1:colcon.colcon_core.package_identification:_identify(depthai_env/lib/python3.14/site-packages/numpy/random/_examples/cython) by extensions ['cmake', 'python']
[-1781200949160513024.000s] Level 1:colcon.colcon_core.package_identification:_identify(depthai_env/lib/python3.14/site-packages/numpy/random/_examples/cython) by extension 'cmake'
[-1781200949160513024.000s] Level 1:colcon.colcon_core.package_identification:_identify(depthai_env/lib/python3.14/site-packages/numpy/random/_examples/cython) by extension 'python'
[-1781200949160513024.000s] Level 1:colcon.colcon_core.package_identification:_identify(depthai_env/lib/python3.14/site-packages/numpy/random/_examples/numba) by extensions ['ignore', 'ignore_ament_install']
[-1781200949160513024.000s] Level 1:colcon.colcon_core.package_identification:_identify(depthai_env/lib/python3.14/site-packages/numpy/random/_examples/numba) by extension 'ignore'
[-1781200949160513024.000s] Level 1:colcon.colcon_core.package_identification:_identify(depthai_env/lib/python3.14/site-packages/numpy/random/_examples/numba) by extension 'ignore_ament_install'
[-1781200949160513024.000s] Level 1:colcon.colcon_core.package_identification:_identify(depthai_env/lib/python3.14/site-packages/numpy/random/_examples/numba) by extensions ['colcon_pkg']
[-1781200949160513024.000s] Level 1:colcon.colcon_core.package_identification:_identify(depthai_env/lib/python3.14/site-packages/numpy/random/_examples/numba) by extension 'colcon_pkg'
[-1781200949160513024.000s] Level 1:colcon.colcon_core.package_identification:_identify(depthai_env/lib/python3.14/site-packages/numpy/random/_examples/numba) by extensions ['colcon_meta']
[-1781200949160513024.000s] Level 1:colcon.colcon_core.package_identification:_identify(depthai_env/lib/python3.14/site-packages/numpy/random/_examples/numba) by extension 'colcon_meta'
[-1781200949160513024.000s] Level 1:colcon.colcon_core.package_identification:_identify(depthai_env/lib/python3.14/site-packages/numpy/random/_examples/numba) by extensions ['ros']
[-1781200949160513024.000s] Level 1:colcon.colcon_core.package_identification:_identify(depthai_env/lib/python3.14/site-packages/numpy/random/_examples/numba) by extension 'ros'
[-1781200949160513024.000s] Level 1:colcon.colcon_core.package_identification:_identify(depthai_env/lib/python3.14/site-packages/numpy/random/_examples/numba) by extensions ['cmake', 'python']
[-1781200949160513024.000s] Level 1:colcon.colcon_core.package_identification:_identify(depthai_env/lib/python3.14/site-packages/numpy/random/_examples/numba) by extension 'cmake'
[-1781200949160513024.000s] Level 1:colcon.colcon_core.package_identification:_identify(depthai_env/lib/python3.14/site-packages/numpy/random/_examples/numba) by extension 'python'
[-1781200949160513024.000s] Level 1:colcon.colcon_core.package_identification:_identify(depthai_env/lib/python3.14/site-packages/numpy/random/_examples/numba/__pycache__) by extensions ['ignore', 'ignore_ament_install']
[-1781200949160513024.000s] Level 1:colcon.colcon_core.package_identification:_identify(depthai_env/lib/python3.14/site-packages/numpy/random/_examples/numba/__pycache__) by extension 'ignore'
[-1781200949160513024.000s] Level 1:colcon.colcon_core.package_identification:_identify(depthai_env/lib/python3.14/site-packages/numpy/random/_examples/numba/__pycache__) by extension 'ignore_ament_install'
[-1781200949160513024.000s] Level 1:colcon.colcon_core.package_identification:_identify(depthai_env/lib/python3.14/site-packages/numpy/random/_examples/numba/__pycache__) by extensions ['colcon_pkg']
[-1781200949160513024.000s] Level 1:colcon.colcon_core.package_identification:_identify(depthai_env/lib/python3.14/site-packages/numpy/random/_examples/numba/__pycache__) by extension 'colcon_pkg'
[-1781200949160513024.000s] Level 1:colcon.colcon_core.package_identification:_identify(depthai_env/lib/python3.14/site-packages/numpy/random/_examples/numba/__pycache__) by extensions ['colcon_meta']
[-1781200949160513024.000s] Level 1:colcon.colcon_core.package_identification:_identify(depthai_env/lib/python3.14/site-packages/numpy/random/_examples/numba/__pycache__) by extension 'colcon_meta'
[-1781200949160513024.000s] Level 1:colcon.colcon_core.package_identification:_identify(depthai_env/lib/python3.14/site-packages/numpy/random/_examples/numba/__pycache__) by extensions ['ros']
[-1781200949160513024.000s] Level 1:colcon.colcon_core.package_identification:_identify(depthai_env/lib/python3.14/site-packages/numpy/random/_examples/numba/__pycache__) by extension 'ros'
[-1781200949160513024.000s] Level 1:colcon.colcon_core.package_identification:_identify(depthai_env/lib/python3.14/site-packages/numpy/random/_examples/numba/__pycache__) by extensions ['cmake', 'python']
[-1781200949160513024.000s] Level 1:colcon.colcon_core.package_identification:_identify(depthai_env/lib/python3.14/site-packages/numpy/random/_examples/numba/__pycache__) by extension 'cmake'
[-1781200949160513024.000s] Level 1:colcon.colcon_core.package_identification:_identify(depthai_env/lib/python3.14/site-packages/numpy/random/_examples/numba/__pycache__) by extension 'python'
[-1781200949160513024.000s] Level 1:colcon.colcon_core.package_identification:_identify(depthai_env/lib/python3.14/site-packages/numpy/random/lib) by extensions ['ignore', 'ignore_ament_install']
[-1781200949160513024.000s] Level 1:colcon.colcon_core.package_identification:_identify(depthai_env/lib/python3.14/site-packages/numpy/random/lib) by extension 'ignore'
[-1781200949160513024.000s] Level 1:colcon.colcon_core.package_identification:_identify(depthai_env/lib/python3.14/site-packages/numpy/random/lib) by extension 'ignore_ament_install'
[-1781200949160513024.000s] Level 1:colcon.colcon_core.package_identification:_identify(depthai_env/lib/python3.14/site-packages/numpy/random/lib) by extensions ['colcon_pkg']
[-1781200949160513024.000s] Level 1:colcon.colcon_core.package_identification:_identify(depthai_env/lib/python3.14/site-packages/numpy/random/lib) by extension 'colcon_pkg'
[-1781200949160513024.000s] Level 1:colcon.colcon_core.package_identification:_identify(depthai_env/lib/python3.14/site-packages/numpy/random/lib) by extensions ['colcon_meta']
[-1781200949160513024.000s] Level 1:colcon.colcon_core.package_identification:_identify(depthai_env/lib/python3.14/site-packages/numpy/random/lib) by extension 'colcon_meta'
[-1781200949160513024.000s] Level 1:colcon.colcon_core.package_identification:_identify(depthai_env/lib/python3.14/site-packages/numpy/random/lib) by extensions ['ros']
[-1781200949160513024.000s] Level 1:colcon.colcon_core.package_identification:_identify(depthai_env/lib/python3.14/site-packages/numpy/random/lib) by extension 'ros'
[-1781200949160513024.000s] Level 1:colcon.colcon_core.package_identification:_identify(depthai_env/lib/python3.14/site-packages/numpy/random/lib) by extensions ['cmake', 'python']
[-1781200949160513024.000s] Level 1:colcon.colcon_core.package_identification:_identify(depthai_env/lib/python3.14/site-packages/numpy/random/lib) by extension 'cmake'
[-1781200949160513024.000s] Level 1:colcon.colcon_core.package_identification:_identify(depthai_env/lib/python3.14/site-packages/numpy/random/lib) by extension 'python'
[-1781200949160513024.000s] Level 1:colcon.colcon_core.package_identification:_identify(depthai_env/lib/python3.14/site-packages/numpy/random/tests) by extensions ['ignore', 'ignore_ament_install']
[-1781200949160513024.000s] Level 1:colcon.colcon_core.package_identification:_identify(depthai_env/lib/python3.14/site-packages/numpy/random/tests) by extension 'ignore'
[-1781200949160513024.000s] Level 1:colcon.colcon_core.package_identification:_identify(depthai_env/lib/python3.14/site-packages/numpy/random/tests) by extension 'ignore_ament_install'
[-1781200949160513024.000s] Level 1:colcon.colcon_core.package_identification:_identify(depthai_env/lib/python3.14/site-packages/numpy/random/tests) by extensions ['colcon_pkg']
[-1781200949160513024.000s] Level 1:colcon.colcon_core.package_identification:_identify(depthai_env/lib/python3.14/site-packages/numpy/random/tests) by extension 'colcon_pkg'
[-1781200949160513024.000s] Level 1:colcon.colcon_core.package_identification:_identify(depthai_env/lib/python3.14/site-packages/numpy/random/tests) by extensions ['colcon_meta']
[-1781200949160513024.000s] Level 1:colcon.colcon_core.package_identification:_identify(depthai_env/lib/python3.14/site-packages/numpy/random/tests) by extension 'colcon_meta'
[-1781200949160513024.000s] Level 1:colcon.colcon_core.package_identification:_identify(depthai_env/lib/python3.14/site-packages/numpy/random/tests) by extensions ['ros']
[-1781200949160513024.000s] Level 1:colcon.colcon_core.package_identification:_identify(depthai_env/lib/python3.14/site-packages/numpy/random/tests) by extension 'ros'
[-1781200949160513024.000s] Level 1:colcon.colcon_core.package_identification:_identify(depthai_env/lib/python3.14/site-packages/numpy/random/tests) by extensions ['cmake', 'python']
[-1781200949160513024.000s] Level 1:colcon.colcon_core.package_identification:_identify(depthai_env/lib/python3.14/site-packages/numpy/random/tests) by extension 'cmake'
[-1781200949160513024.000s] Level 1:colcon.colcon_core.package_identification:_identify(depthai_env/lib/python3.14/site-packages/numpy/random/tests) by extension 'python'
[-1781200949160513024.000s] Level 1:colcon.colcon_core.package_identification:_identify(depthai_env/lib/python3.14/site-packages/numpy/random/tests/__pycache__) by extensions ['ignore', 'ignore_ament_install']
[-1781200949160513024.000s] Level 1:colcon.colcon_core.package_identification:_identify(depthai_env/lib/python3.14/site-packages/numpy/random/tests/__pycache__) by extension 'ignore'
[-1781200949160513024.000s] Level 1:colcon.colcon_core.package_identification:_identify(depthai_env/lib/python3.14/site-packages/numpy/random/tests/__pycache__) by extension 'ignore_ament_install'
[-1781200949160513024.000s] Level 1:colcon.colcon_core.package_identification:_identify(depthai_env/lib/python3.14/site-packages/numpy/random/tests/__pycache__) by extensions ['colcon_pkg']
[-1781200949160513024.000s] Level 1:colcon.colcon_core.package_identification:_identify(depthai_env/lib/python3.14/site-packages/numpy/random/tests/__pycache__) by extension 'colcon_pkg'
[-1781200949160513024.000s] Level 1:colcon.colcon_core.package_identification:_identify(depthai_env/lib/python3.14/site-packages/numpy/random/tests/__pycache__) by extensions ['colcon_meta']
[-1781200949160513024.000s] Level 1:colcon.colcon_core.package_identification:_identify(depthai_env/lib/python3.14/site-packages/numpy/random/tests/__pycache__) by extension 'colcon_meta'
[-1781200949160513024.000s] Level 1:colcon.colcon_core.package_identification:_identify(depthai_env/lib/python3.14/site-packages/numpy/random/tests/__pycache__) by extensions ['ros']
[-1781200949160513024.000s] Level 1:colcon.colcon_core.package_identification:_identify(depthai_env/lib/python3.14/site-packages/numpy/random/tests/__pycache__) by extension 'ros'
[-1781200949160513024.000s] Level 1:colcon.colcon_core.package_identification:_identify(depthai_env/lib/python3.14/site-packages/numpy/random/tests/__pycache__) by extensions ['cmake', 'python']
[-1781200949160513024.000s] Level 1:colcon.colcon_core.package_identification:_identify(depthai_env/lib/python3.14/site-packages/numpy/random/tests/__pycache__) by extension 'cmake'
[-1781200949160513024.000s] Level 1:colcon.colcon_core.package_identification:_identify(depthai_env/lib/python3.14/site-packages/numpy/random/tests/__pycache__) by extension 'python'
[-1781200949160513024.000s] Level 1:colcon.colcon_core.package_identification:_identify(depthai_env/lib/python3.14/site-packages/numpy/random/tests/data) by extensions ['ignore', 'ignore_ament_install']
[-1781200949160513024.000s] Level 1:colcon.colcon_core.package_identification:_identify(depthai_env/lib/python3.14/site-packages/numpy/random/tests/data) by extension 'ignore'
[-1781200949160513024.000s] Level 1:colcon.colcon_core.package_identification:_identify(depthai_env/lib/python3.14/site-packages/numpy/random/tests/data) by extension 'ignore_ament_install'
[-1781200949160513024.000s] Level 1:colcon.colcon_core.package_identification:_identify(depthai_env/lib/python3.14/site-packages/numpy/random/tests/data) by extensions ['colcon_pkg']
[-1781200949160513024.000s] Level 1:colcon.colcon_core.package_identification:_identify(depthai_env/lib/python3.14/site-packages/numpy/random/tests/data) by extension 'colcon_pkg'
[-1781200949160513024.000s] Level 1:colcon.colcon_core.package_identification:_identify(depthai_env/lib/python3.14/site-packages/numpy/random/tests/data) by extensions ['colcon_meta']
[-1781200949160513024.000s] Level 1:colcon.colcon_core.package_identification:_identify(depthai_env/lib/python3.14/site-packages/numpy/random/tests/data) by extension 'colcon_meta'
[-1781200949160513024.000s] Level 1:colcon.colcon_core.package_identification:_identify(depthai_env/lib/python3.14/site-packages/numpy/random/tests/data) by extensions ['ros']
[-1781200949160513024.000s] Level 1:colcon.colcon_core.package_identification:_identify(depthai_env/lib/python3.14/site-packages/numpy/random/tests/data) by extension 'ros'
[-1781200949160513024.000s] Level 1:colcon.colcon_core.package_identification:_identify(depthai_env/lib/python3.14/site-packages/numpy/random/tests/data) by extensions ['cmake', 'python']
[-1781200949160513024.000s] Level 1:colcon.colcon_core.package_identification:_identify(depthai_env/lib/python3.14/site-packages/numpy/random/tests/data) by extension 'cmake'
[-1781200949160513024.000s] Level 1:colcon.colcon_core.package_identification:_identify(depthai_env/lib/python3.14/site-packages/numpy/random/tests/data) by extension 'python'
[-1781200949160513024.000s] Level 1:colcon.colcon_core.package_identification:_identify(depthai_env/lib/python3.14/site-packages/numpy/random/tests/data/__pycache__) by extensions ['ignore', 'ignore_ament_install']
[-1781200949160513024.000s] Level 1:colcon.colcon_core.package_identification:_identify(depthai_env/lib/python3.14/site-packages/numpy/random/tests/data/__pycache__) by extension 'ignore'
[-1781200949160513024.000s] Level 1:colcon.colcon_core.package_identification:_identify(depthai_env/lib/python3.14/site-packages/numpy/random/tests/data/__pycache__) by extension 'ignore_ament_install'
[-1781200949160513024.000s] Level 1:colcon.colcon_core.package_identification:_identify(depthai_env/lib/python3.14/site-packages/numpy/random/tests/data/__pycache__) by extensions ['colcon_pkg']
[-1781200949160513024.000s] Level 1:colcon.colcon_core.package_identification:_identify(depthai_env/lib/python3.14/site-packages/numpy/random/tests/data/__pycache__) by extension 'colcon_pkg'
[-1781200949160513024.000s] Level 1:colcon.colcon_core.package_identification:_identify(depthai_env/lib/python3.14/site-packages/numpy/random/tests/data/__pycache__) by extensions ['colcon_meta']
[-1781200949160513024.000s] Level 1:colcon.colcon_core.package_identification:_identify(depthai_env/lib/python3.14/site-packages/numpy/random/tests/data/__pycache__) by extension 'colcon_meta'
[-1781200949160513024.000s] Level 1:colcon.colcon_core.package_identification:_identify(depthai_env/lib/python3.14/site-packages/numpy/random/tests/data/__pycache__) by extensions ['ros']
[-1781200949160513024.000s] Level 1:colcon.colcon_core.package_identification:_identify(depthai_env/lib/python3.14/site-packages/numpy/random/tests/data/__pycache__) by extension 'ros'
[-1781200949160513024.000s] Level 1:colcon.colcon_core.package_identification:_identify(depthai_env/lib/python3.14/site-packages/numpy/random/tests/data/__pycache__) by extensions ['cmake', 'python']
[-1781200949160513024.000s] Level 1:colcon.colcon_core.package_identification:_identify(depthai_env/lib/python3.14/site-packages/numpy/random/tests/data/__pycache__) by extension 'cmake'
[-1781200949160513024.000s] Level 1:colcon.colcon_core.package_identification:_identify(depthai_env/lib/python3.14/site-packages/numpy/random/tests/data/__pycache__) by extension 'python'
[-1781200949160513024.000s] Level 1:colcon.colcon_core.package_identification:_identify(depthai_env/lib/python3.14/site-packages/numpy/rec) by extensions ['ignore', 'ignore_ament_install']
[-1781200949160513024.000s] Level 1:colcon.colcon_core.package_identification:_identify(depthai_env/lib/python3.14/site-packages/numpy/rec) by extension 'ignore'
[-1781200949160513024.000s] Level 1:colcon.colcon_core.package_identification:_identify(depthai_env/lib/python3.14/site-packages/numpy/rec) by extension 'ignore_ament_install'
[-1781200949160513024.000s] Level 1:colcon.colcon_core.package_identification:_identify(depthai_env/lib/python3.14/site-packages/numpy/rec) by extensions ['colcon_pkg']
[-1781200949160513024.000s] Level 1:colcon.colcon_core.package_identification:_identify(depthai_env/lib/python3.14/site-packages/numpy/rec) by extension 'colcon_pkg'
[-1781200949160513024.000s] Level 1:colcon.colcon_core.package_identification:_identify(depthai_env/lib/python3.14/site-packages/numpy/rec) by extensions ['colcon_meta']
[-1781200949160513024.000s] Level 1:colcon.colcon_core.package_identification:_identify(depthai_env/lib/python3.14/site-packages/numpy/rec) by extension 'colcon_meta'
[-1781200949160513024.000s] Level 1:colcon.colcon_core.package_identification:_identify(depthai_env/lib/python3.14/site-packages/numpy/rec) by extensions ['ros']
[-1781200949160513024.000s] Level 1:colcon.colcon_core.package_identification:_identify(depthai_env/lib/python3.14/site-packages/numpy/rec) by extension 'ros'
[-1781200949160513024.000s] Level 1:colcon.colcon_core.package_identification:_identify(depthai_env/lib/python3.14/site-packages/numpy/rec) by extensions ['cmake', 'python']
[-1781200949160513024.000s] Level 1:colcon.colcon_core.package_identification:_identify(depthai_env/lib/python3.14/site-packages/numpy/rec) by extension 'cmake'
[-1781200949160513024.000s] Level 1:colcon.colcon_core.package_identification:_identify(depthai_env/lib/python3.14/site-packages/numpy/rec) by extension 'python'
[-1781200949160513024.000s] Level 1:colcon.colcon_core.package_identification:_identify(depthai_env/lib/python3.14/site-packages/numpy/rec/__pycache__) by extensions ['ignore', 'ignore_ament_install']
[-1781200949160513024.000s] Level 1:colcon.colcon_core.package_identification:_identify(depthai_env/lib/python3.14/site-packages/numpy/rec/__pycache__) by extension 'ignore'
[-1781200949160513024.000s] Level 1:colcon.colcon_core.package_identification:_identify(depthai_env/lib/python3.14/site-packages/numpy/rec/__pycache__) by extension 'ignore_ament_install'
[-1781200949160513024.000s] Level 1:colcon.colcon_core.package_identification:_identify(depthai_env/lib/python3.14/site-packages/numpy/rec/__pycache__) by extensions ['colcon_pkg']
[-1781200949160513024.000s] Level 1:colcon.colcon_core.package_identification:_identify(depthai_env/lib/python3.14/site-packages/numpy/rec/__pycache__) by extension 'colcon_pkg'
[-1781200949160513024.000s] Level 1:colcon.colcon_core.package_identification:_identify(depthai_env/lib/python3.14/site-packages/numpy/rec/__pycache__) by extensions ['colcon_meta']
[-1781200949160513024.000s] Level 1:colcon.colcon_core.package_identification:_identify(depthai_env/lib/python3.14/site-packages/numpy/rec/__pycache__) by extension 'colcon_meta'
[-1781200949160513024.000s] Level 1:colcon.colcon_core.package_identification:_identify(depthai_env/lib/python3.14/site-packages/numpy/rec/__pycache__) by extensions ['ros']
[-1781200949160513024.000s] Level 1:colcon.colcon_core.package_identification:_identify(depthai_env/lib/python3.14/site-packages/numpy/rec/__pycache__) by extension 'ros'
[-1781200949160513024.000s] Level 1:colcon.colcon_core.package_identification:_identify(depthai_env/lib/python3.14/site-packages/numpy/rec/__pycache__) by extensions ['cmake', 'python']
[-1781200949160513024.000s] Level 1:colcon.colcon_core.package_identification:_identify(depthai_env/lib/python3.14/site-packages/numpy/rec/__pycache__) by extension 'cmake'
[-1781200949160513024.000s] Level 1:colcon.colcon_core.package_identification:_identify(depthai_env/lib/python3.14/site-packages/numpy/rec/__pycache__) by extension 'python'
[-1781200949160513024.000s] Level 1:colcon.colcon_core.package_identification:_identify(depthai_env/lib/python3.14/site-packages/numpy/strings) by extensions ['ignore', 'ignore_ament_install']
[-1781200949160513024.000s] Level 1:colcon.colcon_core.package_identification:_identify(depthai_env/lib/python3.14/site-packages/numpy/strings) by extension 'ignore'
[-1781200949160513024.000s] Level 1:colcon.colcon_core.package_identification:_identify(depthai_env/lib/python3.14/site-packages/numpy/strings) by extension 'ignore_ament_install'
[-1781200949160513024.000s] Level 1:colcon.colcon_core.package_identification:_identify(depthai_env/lib/python3.14/site-packages/numpy/strings) by extensions ['colcon_pkg']
[-1781200949160513024.000s] Level 1:colcon.colcon_core.package_identification:_identify(depthai_env/lib/python3.14/site-packages/numpy/strings) by extension 'colcon_pkg'
[-1781200949160513024.000s] Level 1:colcon.colcon_core.package_identification:_identify(depthai_env/lib/python3.14/site-packages/numpy/strings) by extensions ['colcon_meta']
[-1781200949160513024.000s] Level 1:colcon.colcon_core.package_identification:_identify(depthai_env/lib/python3.14/site-packages/numpy/strings) by extension 'colcon_meta'
[-1781200949160513024.000s] Level 1:colcon.colcon_core.package_identification:_identify(depthai_env/lib/python3.14/site-packages/numpy/strings) by extensions ['ros']
[-1781200949160513024.000s] Level 1:colcon.colcon_core.package_identification:_identify(depthai_env/lib/python3.14/site-packages/numpy/strings) by extension 'ros'
[-1781200949160513024.000s] Level 1:colcon.colcon_core.package_identification:_identify(depthai_env/lib/python3.14/site-packages/numpy/strings) by extensions ['cmake', 'python']
[-1781200949160513024.000s] Level 1:colcon.colcon_core.package_identification:_identify(depthai_env/lib/python3.14/site-packages/numpy/strings) by extension 'cmake'
[-1781200949160513024.000s] Level 1:colcon.colcon_core.package_identification:_identify(depthai_env/lib/python3.14/site-packages/numpy/strings) by extension 'python'
[-1781200949160513024.000s] Level 1:colcon.colcon_core.package_identification:_identify(depthai_env/lib/python3.14/site-packages/numpy/strings/__pycache__) by extensions ['ignore', 'ignore_ament_install']
[-1781200949160513024.000s] Level 1:colcon.colcon_core.package_identification:_identify(depthai_env/lib/python3.14/site-packages/numpy/strings/__pycache__) by extension 'ignore'
[-1781200949160513024.000s] Level 1:colcon.colcon_core.package_identification:_identify(depthai_env/lib/python3.14/site-packages/numpy/strings/__pycache__) by extension 'ignore_ament_install'
[-1781200949160513024.000s] Level 1:colcon.colcon_core.package_identification:_identify(depthai_env/lib/python3.14/site-packages/numpy/strings/__pycache__) by extensions ['colcon_pkg']
[-1781200949160513024.000s] Level 1:colcon.colcon_core.package_identification:_identify(depthai_env/lib/python3.14/site-packages/numpy/strings/__pycache__) by extension 'colcon_pkg'
[-1781200949160513024.000s] Level 1:colcon.colcon_core.package_identification:_identify(depthai_env/lib/python3.14/site-packages/numpy/strings/__pycache__) by extensions ['colcon_meta']
[-1781200949160513024.000s] Level 1:colcon.colcon_core.package_identification:_identify(depthai_env/lib/python3.14/site-packages/numpy/strings/__pycache__) by extension 'colcon_meta'
[-1781200949160513024.000s] Level 1:colcon.colcon_core.package_identification:_identify(depthai_env/lib/python3.14/site-packages/numpy/strings/__pycache__) by extensions ['ros']
[-1781200949160513024.000s] Level 1:colcon.colcon_core.package_identification:_identify(depthai_env/lib/python3.14/site-packages/numpy/strings/__pycache__) by extension 'ros'
[-1781200949160513024.000s] Level 1:colcon.colcon_core.package_identification:_identify(depthai_env/lib/python3.14/site-packages/numpy/strings/__pycache__) by extensions ['cmake', 'python']
[-1781200949160513024.000s] Level 1:colcon.colcon_core.package_identification:_identify(depthai_env/lib/python3.14/site-packages/numpy/strings/__pycache__) by extension 'cmake'
[-1781200949160513024.000s] Level 1:colcon.colcon_core.package_identification:_identify(depthai_env/lib/python3.14/site-packages/numpy/strings/__pycache__) by extension 'python'
[-1781200949160513024.000s] Level 1:colcon.colcon_core.package_identification:_identify(depthai_env/lib/python3.14/site-packages/numpy/testing) by extensions ['ignore', 'ignore_ament_install']
[-1781200949160513024.000s] Level 1:colcon.colcon_core.package_identification:_identify(depthai_env/lib/python3.14/site-packages/numpy/testing) by extension 'ignore'
[-1781200949160513024.000s] Level 1:colcon.colcon_core.package_identification:_identify(depthai_env/lib/python3.14/site-packages/numpy/testing) by extension 'ignore_ament_install'
[-1781200949160513024.000s] Level 1:colcon.colcon_core.package_identification:_identify(depthai_env/lib/python3.14/site-packages/numpy/testing) by extensions ['colcon_pkg']
[-1781200949160513024.000s] Level 1:colcon.colcon_core.package_identification:_identify(depthai_env/lib/python3.14/site-packages/numpy/testing) by extension 'colcon_pkg'
[-1781200949160513024.000s] Level 1:colcon.colcon_core.package_identification:_identify(depthai_env/lib/python3.14/site-packages/numpy/testing) by extensions ['colcon_meta']
[-1781200949160513024.000s] Level 1:colcon.colcon_core.package_identification:_identify(depthai_env/lib/python3.14/site-packages/numpy/testing) by extension 'colcon_meta'
[-1781200949160513024.000s] Level 1:colcon.colcon_core.package_identification:_identify(depthai_env/lib/python3.14/site-packages/numpy/testing) by extensions ['ros']
[-1781200949160513024.000s] Level 1:colcon.colcon_core.package_identification:_identify(depthai_env/lib/python3.14/site-packages/numpy/testing) by extension 'ros'
[-1781200949160513024.000s] Level 1:colcon.colcon_core.package_identification:_identify(depthai_env/lib/python3.14/site-packages/numpy/testing) by extensions ['cmake', 'python']
[-1781200949160513024.000s] Level 1:colcon.colcon_core.package_identification:_identify(depthai_env/lib/python3.14/site-packages/numpy/testing) by extension 'cmake'
[-1781200949160513024.000s] Level 1:colcon.colcon_core.package_identification:_identify(depthai_env/lib/python3.14/site-packages/numpy/testing) by extension 'python'
[-1781200949160513024.000s] Level 1:colcon.colcon_core.package_identification:_identify(depthai_env/lib/python3.14/site-packages/numpy/testing/__pycache__) by extensions ['ignore', 'ignore_ament_install']
[-1781200949160513024.000s] Level 1:colcon.colcon_core.package_identification:_identify(depthai_env/lib/python3.14/site-packages/numpy/testing/__pycache__) by extension 'ignore'
[-1781200949160513024.000s] Level 1:colcon.colcon_core.package_identification:_identify(depthai_env/lib/python3.14/site-packages/numpy/testing/__pycache__) by extension 'ignore_ament_install'
[-1781200949160513024.000s] Level 1:colcon.colcon_core.package_identification:_identify(depthai_env/lib/python3.14/site-packages/numpy/testing/__pycache__) by extensions ['colcon_pkg']
[-1781200949160513024.000s] Level 1:colcon.colcon_core.package_identification:_identify(depthai_env/lib/python3.14/site-packages/numpy/testing/__pycache__) by extension 'colcon_pkg'
[-1781200949160513024.000s] Level 1:colcon.colcon_core.package_identification:_identify(depthai_env/lib/python3.14/site-packages/numpy/testing/__pycache__) by extensions ['colcon_meta']
[-1781200949160513024.000s] Level 1:colcon.colcon_core.package_identification:_identify(depthai_env/lib/python3.14/site-packages/numpy/testing/__pycache__) by extension 'colcon_meta'
[-1781200949160513024.000s] Level 1:colcon.colcon_core.package_identification:_identify(depthai_env/lib/python3.14/site-packages/numpy/testing/__pycache__) by extensions ['ros']
[-1781200949160513024.000s] Level 1:colcon.colcon_core.package_identification:_identify(depthai_env/lib/python3.14/site-packages/numpy/testing/__pycache__) by extension 'ros'
[-1781200949160513024.000s] Level 1:colcon.colcon_core.package_identification:_identify(depthai_env/lib/python3.14/site-packages/numpy/testing/__pycache__) by extensions ['cmake', 'python']
[-1781200949160513024.000s] Level 1:colcon.colcon_core.package_identification:_identify(depthai_env/lib/python3.14/site-packages/numpy/testing/__pycache__) by extension 'cmake'
[-1781200949160513024.000s] Level 1:colcon.colcon_core.package_identification:_identify(depthai_env/lib/python3.14/site-packages/numpy/testing/__pycache__) by extension 'python'
[-1781200949160513024.000s] Level 1:colcon.colcon_core.package_identification:_identify(depthai_env/lib/python3.14/site-packages/numpy/testing/_private) by extensions ['ignore', 'ignore_ament_install']
[-1781200949160513024.000s] Level 1:colcon.colcon_core.package_identification:_identify(depthai_env/lib/python3.14/site-packages/numpy/testing/_private) by extension 'ignore'
[-1781200949160513024.000s] Level 1:colcon.colcon_core.package_identification:_identify(depthai_env/lib/python3.14/site-packages/numpy/testing/_private) by extension 'ignore_ament_install'
[-1781200949160513024.000s] Level 1:colcon.colcon_core.package_identification:_identify(depthai_env/lib/python3.14/site-packages/numpy/testing/_private) by extensions ['colcon_pkg']
[-1781200949160513024.000s] Level 1:colcon.colcon_core.package_identification:_identify(depthai_env/lib/python3.14/site-packages/numpy/testing/_private) by extension 'colcon_pkg'
[-1781200949160513024.000s] Level 1:colcon.colcon_core.package_identification:_identify(depthai_env/lib/python3.14/site-packages/numpy/testing/_private) by extensions ['colcon_meta']
[-1781200949160513024.000s] Level 1:colcon.colcon_core.package_identification:_identify(depthai_env/lib/python3.14/site-packages/numpy/testing/_private) by extension 'colcon_meta'
[-1781200949160513024.000s] Level 1:colcon.colcon_core.package_identification:_identify(depthai_env/lib/python3.14/site-packages/numpy/testing/_private) by extensions ['ros']
[-1781200949160513024.000s] Level 1:colcon.colcon_core.package_identification:_identify(depthai_env/lib/python3.14/site-packages/numpy/testing/_private) by extension 'ros'
[-1781200949160513024.000s] Level 1:colcon.colcon_core.package_identification:_identify(depthai_env/lib/python3.14/site-packages/numpy/testing/_private) by extensions ['cmake', 'python']
[-1781200949160513024.000s] Level 1:colcon.colcon_core.package_identification:_identify(depthai_env/lib/python3.14/site-packages/numpy/testing/_private) by extension 'cmake'
[-1781200949160513024.000s] Level 1:colcon.colcon_core.package_identification:_identify(depthai_env/lib/python3.14/site-packages/numpy/testing/_private) by extension 'python'
[-1781200949160513024.000s] Level 1:colcon.colcon_core.package_identification:_identify(depthai_env/lib/python3.14/site-packages/numpy/testing/_private/__pycache__) by extensions ['ignore', 'ignore_ament_install']
[-1781200949160513024.000s] Level 1:colcon.colcon_core.package_identification:_identify(depthai_env/lib/python3.14/site-packages/numpy/testing/_private/__pycache__) by extension 'ignore'
[-1781200949160513024.000s] Level 1:colcon.colcon_core.package_identification:_identify(depthai_env/lib/python3.14/site-packages/numpy/testing/_private/__pycache__) by extension 'ignore_ament_install'
[-1781200949160513024.000s] Level 1:colcon.colcon_core.package_identification:_identify(depthai_env/lib/python3.14/site-packages/numpy/testing/_private/__pycache__) by extensions ['colcon_pkg']
[-1781200949160513024.000s] Level 1:colcon.colcon_core.package_identification:_identify(depthai_env/lib/python3.14/site-packages/numpy/testing/_private/__pycache__) by extension 'colcon_pkg'
[-1781200949160513024.000s] Level 1:colcon.colcon_core.package_identification:_identify(depthai_env/lib/python3.14/site-packages/numpy/testing/_private/__pycache__) by extensions ['colcon_meta']
[-1781200949160513024.000s] Level 1:colcon.colcon_core.package_identification:_identify(depthai_env/lib/python3.14/site-packages/numpy/testing/_private/__pycache__) by extension 'colcon_meta'
[-1781200949160513024.000s] Level 1:colcon.colcon_core.package_identification:_identify(depthai_env/lib/python3.14/site-packages/numpy/testing/_private/__pycache__) by extensions ['ros']
[-1781200949160513024.000s] Level 1:colcon.colcon_core.package_identification:_identify(depthai_env/lib/python3.14/site-packages/numpy/testing/_private/__pycache__) by extension 'ros'
[-1781200949160513024.000s] Level 1:colcon.colcon_core.package_identification:_identify(depthai_env/lib/python3.14/site-packages/numpy/testing/_private/__pycache__) by extensions ['cmake', 'python']
[-1781200949160513024.000s] Level 1:colcon.colcon_core.package_identification:_identify(depthai_env/lib/python3.14/site-packages/numpy/testing/_private/__pycache__) by extension 'cmake'
[-1781200949160513024.000s] Level 1:colcon.colcon_core.package_identification:_identify(depthai_env/lib/python3.14/site-packages/numpy/testing/_private/__pycache__) by extension 'python'
[-1781200949160513024.000s] Level 1:colcon.colcon_core.package_identification:_identify(depthai_env/lib/python3.14/site-packages/numpy/testing/tests) by extensions ['ignore', 'ignore_ament_install']
[-1781200949160513024.000s] Level 1:colcon.colcon_core.package_identification:_identify(depthai_env/lib/python3.14/site-packages/numpy/testing/tests) by extension 'ignore'
[-1781200949160513024.000s] Level 1:colcon.colcon_core.package_identification:_identify(depthai_env/lib/python3.14/site-packages/numpy/testing/tests) by extension 'ignore_ament_install'
[-1781200949160513024.000s] Level 1:colcon.colcon_core.package_identification:_identify(depthai_env/lib/python3.14/site-packages/numpy/testing/tests) by extensions ['colcon_pkg']
[-1781200949160513024.000s] Level 1:colcon.colcon_core.package_identification:_identify(depthai_env/lib/python3.14/site-packages/numpy/testing/tests) by extension 'colcon_pkg'
[-1781200949160513024.000s] Level 1:colcon.colcon_core.package_identification:_identify(depthai_env/lib/python3.14/site-packages/numpy/testing/tests) by extensions ['colcon_meta']
[-1781200949160513024.000s] Level 1:colcon.colcon_core.package_identification:_identify(depthai_env/lib/python3.14/site-packages/numpy/testing/tests) by extension 'colcon_meta'
[-1781200949160513024.000s] Level 1:colcon.colcon_core.package_identification:_identify(depthai_env/lib/python3.14/site-packages/numpy/testing/tests) by extensions ['ros']
[-1781200949160513024.000s] Level 1:colcon.colcon_core.package_identification:_identify(depthai_env/lib/python3.14/site-packages/numpy/testing/tests) by extension 'ros'
[-1781200949160513024.000s] Level 1:colcon.colcon_core.package_identification:_identify(depthai_env/lib/python3.14/site-packages/numpy/testing/tests) by extensions ['cmake', 'python']
[-1781200949160513024.000s] Level 1:colcon.colcon_core.package_identification:_identify(depthai_env/lib/python3.14/site-packages/numpy/testing/tests) by extension 'cmake'
[-1781200949160513024.000s] Level 1:colcon.colcon_core.package_identification:_identify(depthai_env/lib/python3.14/site-packages/numpy/testing/tests) by extension 'python'
[-1781200949160513024.000s] Level 1:colcon.colcon_core.package_identification:_identify(depthai_env/lib/python3.14/site-packages/numpy/testing/tests/__pycache__) by extensions ['ignore', 'ignore_ament_install']
[-1781200949160513024.000s] Level 1:colcon.colcon_core.package_identification:_identify(depthai_env/lib/python3.14/site-packages/numpy/testing/tests/__pycache__) by extension 'ignore'
[-1781200949160513024.000s] Level 1:colcon.colcon_core.package_identification:_identify(depthai_env/lib/python3.14/site-packages/numpy/testing/tests/__pycache__) by extension 'ignore_ament_install'
[-1781200949160513024.000s] Level 1:colcon.colcon_core.package_identification:_identify(depthai_env/lib/python3.14/site-packages/numpy/testing/tests/__pycache__) by extensions ['colcon_pkg']
[-1781200949160513024.000s] Level 1:colcon.colcon_core.package_identification:_identify(depthai_env/lib/python3.14/site-packages/numpy/testing/tests/__pycache__) by extension 'colcon_pkg'
[-1781200949160513024.000s] Level 1:colcon.colcon_core.package_identification:_identify(depthai_env/lib/python3.14/site-packages/numpy/testing/tests/__pycache__) by extensions ['colcon_meta']
[-1781200949160513024.000s] Level 1:colcon.colcon_core.package_identification:_identify(depthai_env/lib/python3.14/site-packages/numpy/testing/tests/__pycache__) by extension 'colcon_meta'
[-1781200949160513024.000s] Level 1:colcon.colcon_core.package_identification:_identify(depthai_env/lib/python3.14/site-packages/numpy/testing/tests/__pycache__) by extensions ['ros']
[-1781200949160513024.000s] Level 1:colcon.colcon_core.package_identification:_identify(depthai_env/lib/python3.14/site-packages/numpy/testing/tests/__pycache__) by extension 'ros'
[-1781200949160513024.000s] Level 1:colcon.colcon_core.package_identification:_identify(depthai_env/lib/python3.14/site-packages/numpy/testing/tests/__pycache__) by extensions ['cmake', 'python']
[-1781200949160513024.000s] Level 1:colcon.colcon_core.package_identification:_identify(depthai_env/lib/python3.14/site-packages/numpy/testing/tests/__pycache__) by extension 'cmake'
[-1781200949160513024.000s] Level 1:colcon.colcon_core.package_identification:_identify(depthai_env/lib/python3.14/site-packages/numpy/testing/tests/__pycache__) by extension 'python'
[-1781200949160513024.000s] Level 1:colcon.colcon_core.package_identification:_identify(depthai_env/lib/python3.14/site-packages/numpy/tests) by extensions ['ignore', 'ignore_ament_install']
[-1781200949160513024.000s] Level 1:colcon.colcon_core.package_identification:_identify(depthai_env/lib/python3.14/site-packages/numpy/tests) by extension 'ignore'
[-1781200949160513024.000s] Level 1:colcon.colcon_core.package_identification:_identify(depthai_env/lib/python3.14/site-packages/numpy/tests) by extension 'ignore_ament_install'
[-1781200949160513024.000s] Level 1:colcon.colcon_core.package_identification:_identify(depthai_env/lib/python3.14/site-packages/numpy/tests) by extensions ['colcon_pkg']
[-1781200949160513024.000s] Level 1:colcon.colcon_core.package_identification:_identify(depthai_env/lib/python3.14/site-packages/numpy/tests) by extension 'colcon_pkg'
[-1781200949160513024.000s] Level 1:colcon.colcon_core.package_identification:_identify(depthai_env/lib/python3.14/site-packages/numpy/tests) by extensions ['colcon_meta']
[-1781200949160513024.000s] Level 1:colcon.colcon_core.package_identification:_identify(depthai_env/lib/python3.14/site-packages/numpy/tests) by extension 'colcon_meta'
[-1781200949160513024.000s] Level 1:colcon.colcon_core.package_identification:_identify(depthai_env/lib/python3.14/site-packages/numpy/tests) by extensions ['ros']
[-1781200949160513024.000s] Level 1:colcon.colcon_core.package_identification:_identify(depthai_env/lib/python3.14/site-packages/numpy/tests) by extension 'ros'
[-1781200949160513024.000s] Level 1:colcon.colcon_core.package_identification:_identify(depthai_env/lib/python3.14/site-packages/numpy/tests) by extensions ['cmake', 'python']
[-1781200949160513024.000s] Level 1:colcon.colcon_core.package_identification:_identify(depthai_env/lib/python3.14/site-packages/numpy/tests) by extension 'cmake'
[-1781200949160513024.000s] Level 1:colcon.colcon_core.package_identification:_identify(depthai_env/lib/python3.14/site-packages/numpy/tests) by extension 'python'
[-1781200949160513024.000s] Level 1:colcon.colcon_core.package_identification:_identify(depthai_env/lib/python3.14/site-packages/numpy/tests/__pycache__) by extensions ['ignore', 'ignore_ament_install']
[-1781200949160513024.000s] Level 1:colcon.colcon_core.package_identification:_identify(depthai_env/lib/python3.14/site-packages/numpy/tests/__pycache__) by extension 'ignore'
[-1781200949160513024.000s] Level 1:colcon.colcon_core.package_identification:_identify(depthai_env/lib/python3.14/site-packages/numpy/tests/__pycache__) by extension 'ignore_ament_install'
[-1781200949160513024.000s] Level 1:colcon.colcon_core.package_identification:_identify(depthai_env/lib/python3.14/site-packages/numpy/tests/__pycache__) by extensions ['colcon_pkg']
[-1781200949160513024.000s] Level 1:colcon.colcon_core.package_identification:_identify(depthai_env/lib/python3.14/site-packages/numpy/tests/__pycache__) by extension 'colcon_pkg'
[-1781200949160513024.000s] Level 1:colcon.colcon_core.package_identification:_identify(depthai_env/lib/python3.14/site-packages/numpy/tests/__pycache__) by extensions ['colcon_meta']
[-1781200949160513024.000s] Level 1:colcon.colcon_core.package_identification:_identify(depthai_env/lib/python3.14/site-packages/numpy/tests/__pycache__) by extension 'colcon_meta'
[-1781200949160513024.000s] Level 1:colcon.colcon_core.package_identification:_identify(depthai_env/lib/python3.14/site-packages/numpy/tests/__pycache__) by extensions ['ros']
[-1781200949160513024.000s] Level 1:colcon.colcon_core.package_identification:_identify(depthai_env/lib/python3.14/site-packages/numpy/tests/__pycache__) by extension 'ros'
[-1781200949160513024.000s] Level 1:colcon.colcon_core.package_identification:_identify(depthai_env/lib/python3.14/site-packages/numpy/tests/__pycache__) by extensions ['cmake', 'python']
[-1781200949160513024.000s] Level 1:colcon.colcon_core.package_identification:_identify(depthai_env/lib/python3.14/site-packages/numpy/tests/__pycache__) by extension 'cmake'
[-1781200949160513024.000s] Level 1:colcon.colcon_core.package_identification:_identify(depthai_env/lib/python3.14/site-packages/numpy/tests/__pycache__) by extension 'python'
[-1781200949160513024.000s] Level 1:colcon.colcon_core.package_identification:_identify(depthai_env/lib/python3.14/site-packages/numpy/typing) by extensions ['ignore', 'ignore_ament_install']
[-1781200949160513024.000s] Level 1:colcon.colcon_core.package_identification:_identify(depthai_env/lib/python3.14/site-packages/numpy/typing) by extension 'ignore'
[-1781200949160513024.000s] Level 1:colcon.colcon_core.package_identification:_identify(depthai_env/lib/python3.14/site-packages/numpy/typing) by extension 'ignore_ament_install'
[-1781200949160513024.000s] Level 1:colcon.colcon_core.package_identification:_identify(depthai_env/lib/python3.14/site-packages/numpy/typing) by extensions ['colcon_pkg']
[-1781200949160513024.000s] Level 1:colcon.colcon_core.package_identification:_identify(depthai_env/lib/python3.14/site-packages/numpy/typing) by extension 'colcon_pkg'
[-1781200949160513024.000s] Level 1:colcon.colcon_core.package_identification:_identify(depthai_env/lib/python3.14/site-packages/numpy/typing) by extensions ['colcon_meta']
[-1781200949160513024.000s] Level 1:colcon.colcon_core.package_identification:_identify(depthai_env/lib/python3.14/site-packages/numpy/typing) by extension 'colcon_meta'
[-1781200949160513024.000s] Level 1:colcon.colcon_core.package_identification:_identify(depthai_env/lib/python3.14/site-packages/numpy/typing) by extensions ['ros']
[-1781200949160513024.000s] Level 1:colcon.colcon_core.package_identification:_identify(depthai_env/lib/python3.14/site-packages/numpy/typing) by extension 'ros'
[-1781200949160513024.000s] Level 1:colcon.colcon_core.package_identification:_identify(depthai_env/lib/python3.14/site-packages/numpy/typing) by extensions ['cmake', 'python']
[-1781200949160513024.000s] Level 1:colcon.colcon_core.package_identification:_identify(depthai_env/lib/python3.14/site-packages/numpy/typing) by extension 'cmake'
[-1781200949160513024.000s] Level 1:colcon.colcon_core.package_identification:_identify(depthai_env/lib/python3.14/site-packages/numpy/typing) by extension 'python'
[-1781200949160513024.000s] Level 1:colcon.colcon_core.package_identification:_identify(depthai_env/lib/python3.14/site-packages/numpy/typing/__pycache__) by extensions ['ignore', 'ignore_ament_install']
[-1781200949160513024.000s] Level 1:colcon.colcon_core.package_identification:_identify(depthai_env/lib/python3.14/site-packages/numpy/typing/__pycache__) by extension 'ignore'
[-1781200949160513024.000s] Level 1:colcon.colcon_core.package_identification:_identify(depthai_env/lib/python3.14/site-packages/numpy/typing/__pycache__) by extension 'ignore_ament_install'
[-1781200949160513024.000s] Level 1:colcon.colcon_core.package_identification:_identify(depthai_env/lib/python3.14/site-packages/numpy/typing/__pycache__) by extensions ['colcon_pkg']
[-1781200949160513024.000s] Level 1:colcon.colcon_core.package_identification:_identify(depthai_env/lib/python3.14/site-packages/numpy/typing/__pycache__) by extension 'colcon_pkg'
[-1781200949160513024.000s] Level 1:colcon.colcon_core.package_identification:_identify(depthai_env/lib/python3.14/site-packages/numpy/typing/__pycache__) by extensions ['colcon_meta']
[-1781200949160513024.000s] Level 1:colcon.colcon_core.package_identification:_identify(depthai_env/lib/python3.14/site-packages/numpy/typing/__pycache__) by extension 'colcon_meta'
[-1781200949160513024.000s] Level 1:colcon.colcon_core.package_identification:_identify(depthai_env/lib/python3.14/site-packages/numpy/typing/__pycache__) by extensions ['ros']
[-1781200949160513024.000s] Level 1:colcon.colcon_core.package_identification:_identify(depthai_env/lib/python3.14/site-packages/numpy/typing/__pycache__) by extension 'ros'
[-1781200949160513024.000s] Level 1:colcon.colcon_core.package_identification:_identify(depthai_env/lib/python3.14/site-packages/numpy/typing/__pycache__) by extensions ['cmake', 'python']
[-1781200949160513024.000s] Level 1:colcon.colcon_core.package_identification:_identify(depthai_env/lib/python3.14/site-packages/numpy/typing/__pycache__) by extension 'cmake'
[-1781200949160513024.000s] Level 1:colcon.colcon_core.package_identification:_identify(depthai_env/lib/python3.14/site-packages/numpy/typing/__pycache__) by extension 'python'
[-1781200949160513024.000s] Level 1:colcon.colcon_core.package_identification:_identify(depthai_env/lib/python3.14/site-packages/numpy/typing/tests) by extensions ['ignore', 'ignore_ament_install']
[-1781200949160513024.000s] Level 1:colcon.colcon_core.package_identification:_identify(depthai_env/lib/python3.14/site-packages/numpy/typing/tests) by extension 'ignore'
[-1781200949160513024.000s] Level 1:colcon.colcon_core.package_identification:_identify(depthai_env/lib/python3.14/site-packages/numpy/typing/tests) by extension 'ignore_ament_install'
[-1781200949160513024.000s] Level 1:colcon.colcon_core.package_identification:_identify(depthai_env/lib/python3.14/site-packages/numpy/typing/tests) by extensions ['colcon_pkg']
[-1781200949160513024.000s] Level 1:colcon.colcon_core.package_identification:_identify(depthai_env/lib/python3.14/site-packages/numpy/typing/tests) by extension 'colcon_pkg'
[-1781200949160513024.000s] Level 1:colcon.colcon_core.package_identification:_identify(depthai_env/lib/python3.14/site-packages/numpy/typing/tests) by extensions ['colcon_meta']
[-1781200949160513024.000s] Level 1:colcon.colcon_core.package_identification:_identify(depthai_env/lib/python3.14/site-packages/numpy/typing/tests) by extension 'colcon_meta'
[-1781200949160513024.000s] Level 1:colcon.colcon_core.package_identification:_identify(depthai_env/lib/python3.14/site-packages/numpy/typing/tests) by extensions ['ros']
[-1781200949160513024.000s] Level 1:colcon.colcon_core.package_identification:_identify(depthai_env/lib/python3.14/site-packages/numpy/typing/tests) by extension 'ros'
[-1781200949160513024.000s] Level 1:colcon.colcon_core.package_identification:_identify(depthai_env/lib/python3.14/site-packages/numpy/typing/tests) by extensions ['cmake', 'python']
[-1781200949160513024.000s] Level 1:colcon.colcon_core.package_identification:_identify(depthai_env/lib/python3.14/site-packages/numpy/typing/tests) by extension 'cmake'
[-1781200949160513024.000s] Level 1:colcon.colcon_core.package_identification:_identify(depthai_env/lib/python3.14/site-packages/numpy/typing/tests) by extension 'python'
[-1781200949160513024.000s] Level 1:colcon.colcon_core.package_identification:_identify(depthai_env/lib/python3.14/site-packages/numpy/typing/tests/__pycache__) by extensions ['ignore', 'ignore_ament_install']
[-1781200949160513024.000s] Level 1:colcon.colcon_core.package_identification:_identify(depthai_env/lib/python3.14/site-packages/numpy/typing/tests/__pycache__) by extension 'ignore'
[-1781200949160513024.000s] Level 1:colcon.colcon_core.package_identification:_identify(depthai_env/lib/python3.14/site-packages/numpy/typing/tests/__pycache__) by extension 'ignore_ament_install'
[-1781200949160513024.000s] Level 1:colcon.colcon_core.package_identification:_identify(depthai_env/lib/python3.14/site-packages/numpy/typing/tests/__pycache__) by extensions ['colcon_pkg']
[-1781200949160513024.000s] Level 1:colcon.colcon_core.package_identification:_identify(depthai_env/lib/python3.14/site-packages/numpy/typing/tests/__pycache__) by extension 'colcon_pkg'
[-1781200949160513024.000s] Level 1:colcon.colcon_core.package_identification:_identify(depthai_env/lib/python3.14/site-packages/numpy/typing/tests/__pycache__) by extensions ['colcon_meta']
[-1781200949160513024.000s] Level 1:colcon.colcon_core.package_identification:_identify(depthai_env/lib/python3.14/site-packages/numpy/typing/tests/__pycache__) by extension 'colcon_meta'
[-1781200949160513024.000s] Level 1:colcon.colcon_core.package_identification:_identify(depthai_env/lib/python3.14/site-packages/numpy/typing/tests/__pycache__) by extensions ['ros']
[-1781200949160513024.000s] Level 1:colcon.colcon_core.package_identification:_identify(depthai_env/lib/python3.14/site-packages/numpy/typing/tests/__pycache__) by extension 'ros'
[-1781200949160513024.000s] Level 1:colcon.colcon_core.package_identification:_identify(depthai_env/lib/python3.14/site-packages/numpy/typing/tests/__pycache__) by extensions ['cmake', 'python']
[-1781200949160513024.000s] Level 1:colcon.colcon_core.package_identification:_identify(depthai_env/lib/python3.14/site-packages/numpy/typing/tests/__pycache__) by extension 'cmake'
[-1781200949160513024.000s] Level 1:colcon.colcon_core.package_identification:_identify(depthai_env/lib/python3.14/site-packages/numpy/typing/tests/__pycache__) by extension 'python'
[-1781200949160513024.000s] Level 1:colcon.colcon_core.package_identification:_identify(depthai_env/lib/python3.14/site-packages/numpy/typing/tests/data) by extensions ['ignore', 'ignore_ament_install']
[-1781200949160513024.000s] Level 1:colcon.colcon_core.package_identification:_identify(depthai_env/lib/python3.14/site-packages/numpy/typing/tests/data) by extension 'ignore'
[-1781200949160513024.000s] Level 1:colcon.colcon_core.package_identification:_identify(depthai_env/lib/python3.14/site-packages/numpy/typing/tests/data) by extension 'ignore_ament_install'
[-1781200949160513024.000s] Level 1:colcon.colcon_core.package_identification:_identify(depthai_env/lib/python3.14/site-packages/numpy/typing/tests/data) by extensions ['colcon_pkg']
[-1781200949160513024.000s] Level 1:colcon.colcon_core.package_identification:_identify(depthai_env/lib/python3.14/site-packages/numpy/typing/tests/data) by extension 'colcon_pkg'
[-1781200949160513024.000s] Level 1:colcon.colcon_core.package_identification:_identify(depthai_env/lib/python3.14/site-packages/numpy/typing/tests/data) by extensions ['colcon_meta']
[-1781200949160513024.000s] Level 1:colcon.colcon_core.package_identification:_identify(depthai_env/lib/python3.14/site-packages/numpy/typing/tests/data) by extension 'colcon_meta'
[-1781200949160513024.000s] Level 1:colcon.colcon_core.package_identification:_identify(depthai_env/lib/python3.14/site-packages/numpy/typing/tests/data) by extensions ['ros']
[-1781200949160513024.000s] Level 1:colcon.colcon_core.package_identification:_identify(depthai_env/lib/python3.14/site-packages/numpy/typing/tests/data) by extension 'ros'
[-1781200949160513024.000s] Level 1:colcon.colcon_core.package_identification:_identify(depthai_env/lib/python3.14/site-packages/numpy/typing/tests/data) by extensions ['cmake', 'python']
[-1781200949160513024.000s] Level 1:colcon.colcon_core.package_identification:_identify(depthai_env/lib/python3.14/site-packages/numpy/typing/tests/data) by extension 'cmake'
[-1781200949160513024.000s] Level 1:colcon.colcon_core.package_identification:_identify(depthai_env/lib/python3.14/site-packages/numpy/typing/tests/data) by extension 'python'
[-1781200949160513024.000s] Level 1:colcon.colcon_core.package_identification:_identify(depthai_env/lib/python3.14/site-packages/numpy/typing/tests/data/fail) by extensions ['ignore', 'ignore_ament_install']
[-1781200949160513024.000s] Level 1:colcon.colcon_core.package_identification:_identify(depthai_env/lib/python3.14/site-packages/numpy/typing/tests/data/fail) by extension 'ignore'
[-1781200949160513024.000s] Level 1:colcon.colcon_core.package_identification:_identify(depthai_env/lib/python3.14/site-packages/numpy/typing/tests/data/fail) by extension 'ignore_ament_install'
[-1781200949160513024.000s] Level 1:colcon.colcon_core.package_identification:_identify(depthai_env/lib/python3.14/site-packages/numpy/typing/tests/data/fail) by extensions ['colcon_pkg']
[-1781200949160513024.000s] Level 1:colcon.colcon_core.package_identification:_identify(depthai_env/lib/python3.14/site-packages/numpy/typing/tests/data/fail) by extension 'colcon_pkg'
[-1781200949160513024.000s] Level 1:colcon.colcon_core.package_identification:_identify(depthai_env/lib/python3.14/site-packages/numpy/typing/tests/data/fail) by extensions ['colcon_meta']
[-1781200949160513024.000s] Level 1:colcon.colcon_core.package_identification:_identify(depthai_env/lib/python3.14/site-packages/numpy/typing/tests/data/fail) by extension 'colcon_meta'
[-1781200949160513024.000s] Level 1:colcon.colcon_core.package_identification:_identify(depthai_env/lib/python3.14/site-packages/numpy/typing/tests/data/fail) by extensions ['ros']
[-1781200949160513024.000s] Level 1:colcon.colcon_core.package_identification:_identify(depthai_env/lib/python3.14/site-packages/numpy/typing/tests/data/fail) by extension 'ros'
[-1781200949160513024.000s] Level 1:colcon.colcon_core.package_identification:_identify(depthai_env/lib/python3.14/site-packages/numpy/typing/tests/data/fail) by extensions ['cmake', 'python']
[-1781200949160513024.000s] Level 1:colcon.colcon_core.package_identification:_identify(depthai_env/lib/python3.14/site-packages/numpy/typing/tests/data/fail) by extension 'cmake'
[-1781200949160513024.000s] Level 1:colcon.colcon_core.package_identification:_identify(depthai_env/lib/python3.14/site-packages/numpy/typing/tests/data/fail) by extension 'python'
[-1781200949160513024.000s] Level 1:colcon.colcon_core.package_identification:_identify(depthai_env/lib/python3.14/site-packages/numpy/typing/tests/data/misc) by extensions ['ignore', 'ignore_ament_install']
[-1781200949160513024.000s] Level 1:colcon.colcon_core.package_identification:_identify(depthai_env/lib/python3.14/site-packages/numpy/typing/tests/data/misc) by extension 'ignore'
[-1781200949160513024.000s] Level 1:colcon.colcon_core.package_identification:_identify(depthai_env/lib/python3.14/site-packages/numpy/typing/tests/data/misc) by extension 'ignore_ament_install'
[-1781200949160513024.000s] Level 1:colcon.colcon_core.package_identification:_identify(depthai_env/lib/python3.14/site-packages/numpy/typing/tests/data/misc) by extensions ['colcon_pkg']
[-1781200949160513024.000s] Level 1:colcon.colcon_core.package_identification:_identify(depthai_env/lib/python3.14/site-packages/numpy/typing/tests/data/misc) by extension 'colcon_pkg'
[-1781200949160513024.000s] Level 1:colcon.colcon_core.package_identification:_identify(depthai_env/lib/python3.14/site-packages/numpy/typing/tests/data/misc) by extensions ['colcon_meta']
[-1781200949160513024.000s] Level 1:colcon.colcon_core.package_identification:_identify(depthai_env/lib/python3.14/site-packages/numpy/typing/tests/data/misc) by extension 'colcon_meta'
[-1781200949160513024.000s] Level 1:colcon.colcon_core.package_identification:_identify(depthai_env/lib/python3.14/site-packages/numpy/typing/tests/data/misc) by extensions ['ros']
[-1781200949160513024.000s] Level 1:colcon.colcon_core.package_identification:_identify(depthai_env/lib/python3.14/site-packages/numpy/typing/tests/data/misc) by extension 'ros'
[-1781200949160513024.000s] Level 1:colcon.colcon_core.package_identification:_identify(depthai_env/lib/python3.14/site-packages/numpy/typing/tests/data/misc) by extensions ['cmake', 'python']
[-1781200949160513024.000s] Level 1:colcon.colcon_core.package_identification:_identify(depthai_env/lib/python3.14/site-packages/numpy/typing/tests/data/misc) by extension 'cmake'
[-1781200949160513024.000s] Level 1:colcon.colcon_core.package_identification:_identify(depthai_env/lib/python3.14/site-packages/numpy/typing/tests/data/misc) by extension 'python'
[-1781200949160513024.000s] Level 1:colcon.colcon_core.package_identification:_identify(depthai_env/lib/python3.14/site-packages/numpy/typing/tests/data/pass) by extensions ['ignore', 'ignore_ament_install']
[-1781200949160513024.000s] Level 1:colcon.colcon_core.package_identification:_identify(depthai_env/lib/python3.14/site-packages/numpy/typing/tests/data/pass) by extension 'ignore'
[-1781200949160513024.000s] Level 1:colcon.colcon_core.package_identification:_identify(depthai_env/lib/python3.14/site-packages/numpy/typing/tests/data/pass) by extension 'ignore_ament_install'
[-1781200949160513024.000s] Level 1:colcon.colcon_core.package_identification:_identify(depthai_env/lib/python3.14/site-packages/numpy/typing/tests/data/pass) by extensions ['colcon_pkg']
[-1781200949160513024.000s] Level 1:colcon.colcon_core.package_identification:_identify(depthai_env/lib/python3.14/site-packages/numpy/typing/tests/data/pass) by extension 'colcon_pkg'
[-1781200949160513024.000s] Level 1:colcon.colcon_core.package_identification:_identify(depthai_env/lib/python3.14/site-packages/numpy/typing/tests/data/pass) by extensions ['colcon_meta']
[-1781200949160513024.000s] Level 1:colcon.colcon_core.package_identification:_identify(depthai_env/lib/python3.14/site-packages/numpy/typing/tests/data/pass) by extension 'colcon_meta'
[-1781200949160513024.000s] Level 1:colcon.colcon_core.package_identification:_identify(depthai_env/lib/python3.14/site-packages/numpy/typing/tests/data/pass) by extensions ['ros']
[-1781200949160513024.000s] Level 1:colcon.colcon_core.package_identification:_identify(depthai_env/lib/python3.14/site-packages/numpy/typing/tests/data/pass) by extension 'ros'
[-1781200949160513024.000s] Level 1:colcon.colcon_core.package_identification:_identify(depthai_env/lib/python3.14/site-packages/numpy/typing/tests/data/pass) by extensions ['cmake', 'python']
[-1781200949160513024.000s] Level 1:colcon.colcon_core.package_identification:_identify(depthai_env/lib/python3.14/site-packages/numpy/typing/tests/data/pass) by extension 'cmake'
[-1781200949160513024.000s] Level 1:colcon.colcon_core.package_identification:_identify(depthai_env/lib/python3.14/site-packages/numpy/typing/tests/data/pass) by extension 'python'
[-1781200949160513024.000s] Level 1:colcon.colcon_core.package_identification:_identify(depthai_env/lib/python3.14/site-packages/numpy/typing/tests/data/pass/__pycache__) by extensions ['ignore', 'ignore_ament_install']
[-1781200949160513024.000s] Level 1:colcon.colcon_core.package_identification:_identify(depthai_env/lib/python3.14/site-packages/numpy/typing/tests/data/pass/__pycache__) by extension 'ignore'
[-1781200949160513024.000s] Level 1:colcon.colcon_core.package_identification:_identify(depthai_env/lib/python3.14/site-packages/numpy/typing/tests/data/pass/__pycache__) by extension 'ignore_ament_install'
[-1781200949160513024.000s] Level 1:colcon.colcon_core.package_identification:_identify(depthai_env/lib/python3.14/site-packages/numpy/typing/tests/data/pass/__pycache__) by extensions ['colcon_pkg']
[-1781200949160513024.000s] Level 1:colcon.colcon_core.package_identification:_identify(depthai_env/lib/python3.14/site-packages/numpy/typing/tests/data/pass/__pycache__) by extension 'colcon_pkg'
[-1781200949160513024.000s] Level 1:colcon.colcon_core.package_identification:_identify(depthai_env/lib/python3.14/site-packages/numpy/typing/tests/data/pass/__pycache__) by extensions ['colcon_meta']
[-1781200949160513024.000s] Level 1:colcon.colcon_core.package_identification:_identify(depthai_env/lib/python3.14/site-packages/numpy/typing/tests/data/pass/__pycache__) by extension 'colcon_meta'
[-1781200949160513024.000s] Level 1:colcon.colcon_core.package_identification:_identify(depthai_env/lib/python3.14/site-packages/numpy/typing/tests/data/pass/__pycache__) by extensions ['ros']
[-1781200949160513024.000s] Level 1:colcon.colcon_core.package_identification:_identify(depthai_env/lib/python3.14/site-packages/numpy/typing/tests/data/pass/__pycache__) by extension 'ros'
[-1781200949160513024.000s] Level 1:colcon.colcon_core.package_identification:_identify(depthai_env/lib/python3.14/site-packages/numpy/typing/tests/data/pass/__pycache__) by extensions ['cmake', 'python']
[-1781200949160513024.000s] Level 1:colcon.colcon_core.package_identification:_identify(depthai_env/lib/python3.14/site-packages/numpy/typing/tests/data/pass/__pycache__) by extension 'cmake'
[-1781200949160513024.000s] Level 1:colcon.colcon_core.package_identification:_identify(depthai_env/lib/python3.14/site-packages/numpy/typing/tests/data/pass/__pycache__) by extension 'python'
[-1781200949160513024.000s] Level 1:colcon.colcon_core.package_identification:_identify(depthai_env/lib/python3.14/site-packages/numpy/typing/tests/data/reveal) by extensions ['ignore', 'ignore_ament_install']
[-1781200949160513024.000s] Level 1:colcon.colcon_core.package_identification:_identify(depthai_env/lib/python3.14/site-packages/numpy/typing/tests/data/reveal) by extension 'ignore'
[-1781200949160513024.000s] Level 1:colcon.colcon_core.package_identification:_identify(depthai_env/lib/python3.14/site-packages/numpy/typing/tests/data/reveal) by extension 'ignore_ament_install'
[-1781200949160513024.000s] Level 1:colcon.colcon_core.package_identification:_identify(depthai_env/lib/python3.14/site-packages/numpy/typing/tests/data/reveal) by extensions ['colcon_pkg']
[-1781200949160513024.000s] Level 1:colcon.colcon_core.package_identification:_identify(depthai_env/lib/python3.14/site-packages/numpy/typing/tests/data/reveal) by extension 'colcon_pkg'
[-1781200949160513024.000s] Level 1:colcon.colcon_core.package_identification:_identify(depthai_env/lib/python3.14/site-packages/numpy/typing/tests/data/reveal) by extensions ['colcon_meta']
[-1781200949160513024.000s] Level 1:colcon.colcon_core.package_identification:_identify(depthai_env/lib/python3.14/site-packages/numpy/typing/tests/data/reveal) by extension 'colcon_meta'
[-1781200949160513024.000s] Level 1:colcon.colcon_core.package_identification:_identify(depthai_env/lib/python3.14/site-packages/numpy/typing/tests/data/reveal) by extensions ['ros']
[-1781200949160513024.000s] Level 1:colcon.colcon_core.package_identification:_identify(depthai_env/lib/python3.14/site-packages/numpy/typing/tests/data/reveal) by extension 'ros'
[-1781200949160513024.000s] Level 1:colcon.colcon_core.package_identification:_identify(depthai_env/lib/python3.14/site-packages/numpy/typing/tests/data/reveal) by extensions ['cmake', 'python']
[-1781200949160513024.000s] Level 1:colcon.colcon_core.package_identification:_identify(depthai_env/lib/python3.14/site-packages/numpy/typing/tests/data/reveal) by extension 'cmake'
[-1781200949160513024.000s] Level 1:colcon.colcon_core.package_identification:_identify(depthai_env/lib/python3.14/site-packages/numpy/typing/tests/data/reveal) by extension 'python'
[-1781200949160513024.000s] Level 1:colcon.colcon_core.package_identification:_identify(depthai_env/lib/python3.14/site-packages/numpy-2.4.6.dist-info) by extensions ['ignore', 'ignore_ament_install']
[-1781200949160513024.000s] Level 1:colcon.colcon_core.package_identification:_identify(depthai_env/lib/python3.14/site-packages/numpy-2.4.6.dist-info) by extension 'ignore'
[-1781200949160513024.000s] Level 1:colcon.colcon_core.package_identification:_identify(depthai_env/lib/python3.14/site-packages/numpy-2.4.6.dist-info) by extension 'ignore_ament_install'
[-1781200949160513024.000s] Level 1:colcon.colcon_core.package_identification:_identify(depthai_env/lib/python3.14/site-packages/numpy-2.4.6.dist-info) by extensions ['colcon_pkg']
[-1781200949160513024.000s] Level 1:colcon.colcon_core.package_identification:_identify(depthai_env/lib/python3.14/site-packages/numpy-2.4.6.dist-info) by extension 'colcon_pkg'
[-1781200949160513024.000s] Level 1:colcon.colcon_core.package_identification:_identify(depthai_env/lib/python3.14/site-packages/numpy-2.4.6.dist-info) by extensions ['colcon_meta']
[-1781200949160513024.000s] Level 1:colcon.colcon_core.package_identification:_identify(depthai_env/lib/python3.14/site-packages/numpy-2.4.6.dist-info) by extension 'colcon_meta'
[-1781200949160513024.000s] Level 1:colcon.colcon_core.package_identification:_identify(depthai_env/lib/python3.14/site-packages/numpy-2.4.6.dist-info) by extensions ['ros']
[-1781200949160513024.000s] Level 1:colcon.colcon_core.package_identification:_identify(depthai_env/lib/python3.14/site-packages/numpy-2.4.6.dist-info) by extension 'ros'
[-1781200949160513024.000s] Level 1:colcon.colcon_core.package_identification:_identify(depthai_env/lib/python3.14/site-packages/numpy-2.4.6.dist-info) by extensions ['cmake', 'python']
[-1781200949160513024.000s] Level 1:colcon.colcon_core.package_identification:_identify(depthai_env/lib/python3.14/site-packages/numpy-2.4.6.dist-info) by extension 'cmake'
[-1781200949160513024.000s] Level 1:colcon.colcon_core.package_identification:_identify(depthai_env/lib/python3.14/site-packages/numpy-2.4.6.dist-info) by extension 'python'
[-1781200949160513024.000s] Level 1:colcon.colcon_core.package_identification:_identify(depthai_env/lib/python3.14/site-packages/numpy-2.4.6.dist-info/licenses) by extensions ['ignore', 'ignore_ament_install']
[-1781200949160513024.000s] Level 1:colcon.colcon_core.package_identification:_identify(depthai_env/lib/python3.14/site-packages/numpy-2.4.6.dist-info/licenses) by extension 'ignore'
[-1781200949160513024.000s] Level 1:colcon.colcon_core.package_identification:_identify(depthai_env/lib/python3.14/site-packages/numpy-2.4.6.dist-info/licenses) by extension 'ignore_ament_install'
[-1781200949160513024.000s] Level 1:colcon.colcon_core.package_identification:_identify(depthai_env/lib/python3.14/site-packages/numpy-2.4.6.dist-info/licenses) by extensions ['colcon_pkg']
[-1781200949160513024.000s] Level 1:colcon.colcon_core.package_identification:_identify(depthai_env/lib/python3.14/site-packages/numpy-2.4.6.dist-info/licenses) by extension 'colcon_pkg'
[-1781200949160513024.000s] Level 1:colcon.colcon_core.package_identification:_identify(depthai_env/lib/python3.14/site-packages/numpy-2.4.6.dist-info/licenses) by extensions ['colcon_meta']
[-1781200949160513024.000s] Level 1:colcon.colcon_core.package_identification:_identify(depthai_env/lib/python3.14/site-packages/numpy-2.4.6.dist-info/licenses) by extension 'colcon_meta'
[-1781200949160513024.000s] Level 1:colcon.colcon_core.package_identification:_identify(depthai_env/lib/python3.14/site-packages/numpy-2.4.6.dist-info/licenses) by extensions ['ros']
[-1781200949160513024.000s] Level 1:colcon.colcon_core.package_identification:_identify(depthai_env/lib/python3.14/site-packages/numpy-2.4.6.dist-info/licenses) by extension 'ros'
[-1781200949160513024.000s] Level 1:colcon.colcon_core.package_identification:_identify(depthai_env/lib/python3.14/site-packages/numpy-2.4.6.dist-info/licenses) by extensions ['cmake', 'python']
[-1781200949160513024.000s] Level 1:colcon.colcon_core.package_identification:_identify(depthai_env/lib/python3.14/site-packages/numpy-2.4.6.dist-info/licenses) by extension 'cmake'
[-1781200949160513024.000s] Level 1:colcon.colcon_core.package_identification:_identify(depthai_env/lib/python3.14/site-packages/numpy-2.4.6.dist-info/licenses) by extension 'python'
[-1781200949160513024.000s] Level 1:colcon.colcon_core.package_identification:_identify(depthai_env/lib/python3.14/site-packages/numpy-2.4.6.dist-info/licenses/numpy) by extensions ['ignore', 'ignore_ament_install']
[-1781200949160513024.000s] Level 1:colcon.colcon_core.package_identification:_identify(depthai_env/lib/python3.14/site-packages/numpy-2.4.6.dist-info/licenses/numpy) by extension 'ignore'
[-1781200949160513024.000s] Level 1:colcon.colcon_core.package_identification:_identify(depthai_env/lib/python3.14/site-packages/numpy-2.4.6.dist-info/licenses/numpy) by extension 'ignore_ament_install'
[-1781200949160513024.000s] Level 1:colcon.colcon_core.package_identification:_identify(depthai_env/lib/python3.14/site-packages/numpy-2.4.6.dist-info/licenses/numpy) by extensions ['colcon_pkg']
[-1781200949160513024.000s] Level 1:colcon.colcon_core.package_identification:_identify(depthai_env/lib/python3.14/site-packages/numpy-2.4.6.dist-info/licenses/numpy) by extension 'colcon_pkg'
[-1781200949160513024.000s] Level 1:colcon.colcon_core.package_identification:_identify(depthai_env/lib/python3.14/site-packages/numpy-2.4.6.dist-info/licenses/numpy) by extensions ['colcon_meta']
[-1781200949160513024.000s] Level 1:colcon.colcon_core.package_identification:_identify(depthai_env/lib/python3.14/site-packages/numpy-2.4.6.dist-info/licenses/numpy) by extension 'colcon_meta'
[-1781200949160513024.000s] Level 1:colcon.colcon_core.package_identification:_identify(depthai_env/lib/python3.14/site-packages/numpy-2.4.6.dist-info/licenses/numpy) by extensions ['ros']
[-1781200949160513024.000s] Level 1:colcon.colcon_core.package_identification:_identify(depthai_env/lib/python3.14/site-packages/numpy-2.4.6.dist-info/licenses/numpy) by extension 'ros'
[-1781200949160513024.000s] Level 1:colcon.colcon_core.package_identification:_identify(depthai_env/lib/python3.14/site-packages/numpy-2.4.6.dist-info/licenses/numpy) by extensions ['cmake', 'python']
[-1781200949160513024.000s] Level 1:colcon.colcon_core.package_identification:_identify(depthai_env/lib/python3.14/site-packages/numpy-2.4.6.dist-info/licenses/numpy) by extension 'cmake'
[-1781200949160513024.000s] Level 1:colcon.colcon_core.package_identification:_identify(depthai_env/lib/python3.14/site-packages/numpy-2.4.6.dist-info/licenses/numpy) by extension 'python'
[-1781200949160513024.000s] Level 1:colcon.colcon_core.package_identification:_identify(depthai_env/lib/python3.14/site-packages/numpy-2.4.6.dist-info/licenses/numpy/_core) by extensions ['ignore', 'ignore_ament_install']
[-1781200949160513024.000s] Level 1:colcon.colcon_core.package_identification:_identify(depthai_env/lib/python3.14/site-packages/numpy-2.4.6.dist-info/licenses/numpy/_core) by extension 'ignore'
[-1781200949160513024.000s] Level 1:colcon.colcon_core.package_identification:_identify(depthai_env/lib/python3.14/site-packages/numpy-2.4.6.dist-info/licenses/numpy/_core) by extension 'ignore_ament_install'
[-1781200949160513024.000s] Level 1:colcon.colcon_core.package_identification:_identify(depthai_env/lib/python3.14/site-packages/numpy-2.4.6.dist-info/licenses/numpy/_core) by extensions ['colcon_pkg']
[-1781200949160513024.000s] Level 1:colcon.colcon_core.package_identification:_identify(depthai_env/lib/python3.14/site-packages/numpy-2.4.6.dist-info/licenses/numpy/_core) by extension 'colcon_pkg'
[-1781200949160513024.000s] Level 1:colcon.colcon_core.package_identification:_identify(depthai_env/lib/python3.14/site-packages/numpy-2.4.6.dist-info/licenses/numpy/_core) by extensions ['colcon_meta']
[-1781200949160513024.000s] Level 1:colcon.colcon_core.package_identification:_identify(depthai_env/lib/python3.14/site-packages/numpy-2.4.6.dist-info/licenses/numpy/_core) by extension 'colcon_meta'
[-1781200949160513024.000s] Level 1:colcon.colcon_core.package_identification:_identify(depthai_env/lib/python3.14/site-packages/numpy-2.4.6.dist-info/licenses/numpy/_core) by extensions ['ros']
[-1781200949160513024.000s] Level 1:colcon.colcon_core.package_identification:_identify(depthai_env/lib/python3.14/site-packages/numpy-2.4.6.dist-info/licenses/numpy/_core) by extension 'ros'
[-1781200949160513024.000s] Level 1:colcon.colcon_core.package_identification:_identify(depthai_env/lib/python3.14/site-packages/numpy-2.4.6.dist-info/licenses/numpy/_core) by extensions ['cmake', 'python']
[-1781200949160513024.000s] Level 1:colcon.colcon_core.package_identification:_identify(depthai_env/lib/python3.14/site-packages/numpy-2.4.6.dist-info/licenses/numpy/_core) by extension 'cmake'
[-1781200949160513024.000s] Level 1:colcon.colcon_core.package_identification:_identify(depthai_env/lib/python3.14/site-packages/numpy-2.4.6.dist-info/licenses/numpy/_core) by extension 'python'
[-1781200949160513024.000s] Level 1:colcon.colcon_core.package_identification:_identify(depthai_env/lib/python3.14/site-packages/numpy-2.4.6.dist-info/licenses/numpy/_core/include) by extensions ['ignore', 'ignore_ament_install']
[-1781200949160513024.000s] Level 1:colcon.colcon_core.package_identification:_identify(depthai_env/lib/python3.14/site-packages/numpy-2.4.6.dist-info/licenses/numpy/_core/include) by extension 'ignore'
[-1781200949160513024.000s] Level 1:colcon.colcon_core.package_identification:_identify(depthai_env/lib/python3.14/site-packages/numpy-2.4.6.dist-info/licenses/numpy/_core/include) by extension 'ignore_ament_install'
[-1781200949160513024.000s] Level 1:colcon.colcon_core.package_identification:_identify(depthai_env/lib/python3.14/site-packages/numpy-2.4.6.dist-info/licenses/numpy/_core/include) by extensions ['colcon_pkg']
[-1781200949160513024.000s] Level 1:colcon.colcon_core.package_identification:_identify(depthai_env/lib/python3.14/site-packages/numpy-2.4.6.dist-info/licenses/numpy/_core/include) by extension 'colcon_pkg'
[-1781200949160513024.000s] Level 1:colcon.colcon_core.package_identification:_identify(depthai_env/lib/python3.14/site-packages/numpy-2.4.6.dist-info/licenses/numpy/_core/include) by extensions ['colcon_meta']
[-1781200949160513024.000s] Level 1:colcon.colcon_core.package_identification:_identify(depthai_env/lib/python3.14/site-packages/numpy-2.4.6.dist-info/licenses/numpy/_core/include) by extension 'colcon_meta'
[-1781200949160513024.000s] Level 1:colcon.colcon_core.package_identification:_identify(depthai_env/lib/python3.14/site-packages/numpy-2.4.6.dist-info/licenses/numpy/_core/include) by extensions ['ros']
[-1781200949160513024.000s] Level 1:colcon.colcon_core.package_identification:_identify(depthai_env/lib/python3.14/site-packages/numpy-2.4.6.dist-info/licenses/numpy/_core/include) by extension 'ros'
[-1781200949160513024.000s] Level 1:colcon.colcon_core.package_identification:_identify(depthai_env/lib/python3.14/site-packages/numpy-2.4.6.dist-info/licenses/numpy/_core/include) by extensions ['cmake', 'python']
[-1781200949160513024.000s] Level 1:colcon.colcon_core.package_identification:_identify(depthai_env/lib/python3.14/site-packages/numpy-2.4.6.dist-info/licenses/numpy/_core/include) by extension 'cmake'
[-1781200949160513024.000s] Level 1:colcon.colcon_core.package_identification:_identify(depthai_env/lib/python3.14/site-packages/numpy-2.4.6.dist-info/licenses/numpy/_core/include) by extension 'python'
[-1781200949160513024.000s] Level 1:colcon.colcon_core.package_identification:_identify(depthai_env/lib/python3.14/site-packages/numpy-2.4.6.dist-info/licenses/numpy/_core/include/numpy) by extensions ['ignore', 'ignore_ament_install']
[-1781200949160513024.000s] Level 1:colcon.colcon_core.package_identification:_identify(depthai_env/lib/python3.14/site-packages/numpy-2.4.6.dist-info/licenses/numpy/_core/include/numpy) by extension 'ignore'
[-1781200949160513024.000s] Level 1:colcon.colcon_core.package_identification:_identify(depthai_env/lib/python3.14/site-packages/numpy-2.4.6.dist-info/licenses/numpy/_core/include/numpy) by extension 'ignore_ament_install'
[-1781200949160513024.000s] Level 1:colcon.colcon_core.package_identification:_identify(depthai_env/lib/python3.14/site-packages/numpy-2.4.6.dist-info/licenses/numpy/_core/include/numpy) by extensions ['colcon_pkg']
[-1781200949160513024.000s] Level 1:colcon.colcon_core.package_identification:_identify(depthai_env/lib/python3.14/site-packages/numpy-2.4.6.dist-info/licenses/numpy/_core/include/numpy) by extension 'colcon_pkg'
[-1781200949160513024.000s] Level 1:colcon.colcon_core.package_identification:_identify(depthai_env/lib/python3.14/site-packages/numpy-2.4.6.dist-info/licenses/numpy/_core/include/numpy) by extensions ['colcon_meta']
[-1781200949160513024.000s] Level 1:colcon.colcon_core.package_identification:_identify(depthai_env/lib/python3.14/site-packages/numpy-2.4.6.dist-info/licenses/numpy/_core/include/numpy) by extension 'colcon_meta'
[-1781200949160513024.000s] Level 1:colcon.colcon_core.package_identification:_identify(depthai_env/lib/python3.14/site-packages/numpy-2.4.6.dist-info/licenses/numpy/_core/include/numpy) by extensions ['ros']
[-1781200949160513024.000s] Level 1:colcon.colcon_core.package_identification:_identify(depthai_env/lib/python3.14/site-packages/numpy-2.4.6.dist-info/licenses/numpy/_core/include/numpy) by extension 'ros'
[-1781200949160513024.000s] Level 1:colcon.colcon_core.package_identification:_identify(depthai_env/lib/python3.14/site-packages/numpy-2.4.6.dist-info/licenses/numpy/_core/include/numpy) by extensions ['cmake', 'python']
[-1781200949160513024.000s] Level 1:colcon.colcon_core.package_identification:_identify(depthai_env/lib/python3.14/site-packages/numpy-2.4.6.dist-info/licenses/numpy/_core/include/numpy) by extension 'cmake'
[-1781200949160513024.000s] Level 1:colcon.colcon_core.package_identification:_identify(depthai_env/lib/python3.14/site-packages/numpy-2.4.6.dist-info/licenses/numpy/_core/include/numpy) by extension 'python'
[-1781200949160513024.000s] Level 1:colcon.colcon_core.package_identification:_identify(depthai_env/lib/python3.14/site-packages/numpy-2.4.6.dist-info/licenses/numpy/_core/include/numpy/libdivide) by extensions ['ignore', 'ignore_ament_install']
[-1781200949160513024.000s] Level 1:colcon.colcon_core.package_identification:_identify(depthai_env/lib/python3.14/site-packages/numpy-2.4.6.dist-info/licenses/numpy/_core/include/numpy/libdivide) by extension 'ignore'
[-1781200949160513024.000s] Level 1:colcon.colcon_core.package_identification:_identify(depthai_env/lib/python3.14/site-packages/numpy-2.4.6.dist-info/licenses/numpy/_core/include/numpy/libdivide) by extension 'ignore_ament_install'
[-1781200949160513024.000s] Level 1:colcon.colcon_core.package_identification:_identify(depthai_env/lib/python3.14/site-packages/numpy-2.4.6.dist-info/licenses/numpy/_core/include/numpy/libdivide) by extensions ['colcon_pkg']
[-1781200949160513024.000s] Level 1:colcon.colcon_core.package_identification:_identify(depthai_env/lib/python3.14/site-packages/numpy-2.4.6.dist-info/licenses/numpy/_core/include/numpy/libdivide) by extension 'colcon_pkg'
[-1781200949160513024.000s] Level 1:colcon.colcon_core.package_identification:_identify(depthai_env/lib/python3.14/site-packages/numpy-2.4.6.dist-info/licenses/numpy/_core/include/numpy/libdivide) by extensions ['colcon_meta']
[-1781200949160513024.000s] Level 1:colcon.colcon_core.package_identification:_identify(depthai_env/lib/python3.14/site-packages/numpy-2.4.6.dist-info/licenses/numpy/_core/include/numpy/libdivide) by extension 'colcon_meta'
[-1781200949160513024.000s] Level 1:colcon.colcon_core.package_identification:_identify(depthai_env/lib/python3.14/site-packages/numpy-2.4.6.dist-info/licenses/numpy/_core/include/numpy/libdivide) by extensions ['ros']
[-1781200949160513024.000s] Level 1:colcon.colcon_core.package_identification:_identify(depthai_env/lib/python3.14/site-packages/numpy-2.4.6.dist-info/licenses/numpy/_core/include/numpy/libdivide) by extension 'ros'
[-1781200949160513024.000s] Level 1:colcon.colcon_core.package_identification:_identify(depthai_env/lib/python3.14/site-packages/numpy-2.4.6.dist-info/licenses/numpy/_core/include/numpy/libdivide) by extensions ['cmake', 'python']
[-1781200949160513024.000s] Level 1:colcon.colcon_core.package_identification:_identify(depthai_env/lib/python3.14/site-packages/numpy-2.4.6.dist-info/licenses/numpy/_core/include/numpy/libdivide) by extension 'cmake'
[-1781200949160513024.000s] Level 1:colcon.colcon_core.package_identification:_identify(depthai_env/lib/python3.14/site-packages/numpy-2.4.6.dist-info/licenses/numpy/_core/include/numpy/libdivide) by extension 'python'
[-1781200949160513024.000s] Level 1:colcon.colcon_core.package_identification:_identify(depthai_env/lib/python3.14/site-packages/numpy-2.4.6.dist-info/licenses/numpy/_core/src) by extensions ['ignore', 'ignore_ament_install']
[-1781200949160513024.000s] Level 1:colcon.colcon_core.package_identification:_identify(depthai_env/lib/python3.14/site-packages/numpy-2.4.6.dist-info/licenses/numpy/_core/src) by extension 'ignore'
[-1781200949160513024.000s] Level 1:colcon.colcon_core.package_identification:_identify(depthai_env/lib/python3.14/site-packages/numpy-2.4.6.dist-info/licenses/numpy/_core/src) by extension 'ignore_ament_install'
[-1781200949160513024.000s] Level 1:colcon.colcon_core.package_identification:_identify(depthai_env/lib/python3.14/site-packages/numpy-2.4.6.dist-info/licenses/numpy/_core/src) by extensions ['colcon_pkg']
[-1781200949160513024.000s] Level 1:colcon.colcon_core.package_identification:_identify(depthai_env/lib/python3.14/site-packages/numpy-2.4.6.dist-info/licenses/numpy/_core/src) by extension 'colcon_pkg'
[-1781200949160513024.000s] Level 1:colcon.colcon_core.package_identification:_identify(depthai_env/lib/python3.14/site-packages/numpy-2.4.6.dist-info/licenses/numpy/_core/src) by extensions ['colcon_meta']
[-1781200949160513024.000s] Level 1:colcon.colcon_core.package_identification:_identify(depthai_env/lib/python3.14/site-packages/numpy-2.4.6.dist-info/licenses/numpy/_core/src) by extension 'colcon_meta'
[-1781200949160513024.000s] Level 1:colcon.colcon_core.package_identification:_identify(depthai_env/lib/python3.14/site-packages/numpy-2.4.6.dist-info/licenses/numpy/_core/src) by extensions ['ros']
[-1781200949160513024.000s] Level 1:colcon.colcon_core.package_identification:_identify(depthai_env/lib/python3.14/site-packages/numpy-2.4.6.dist-info/licenses/numpy/_core/src) by extension 'ros'
[-1781200949160513024.000s] Level 1:colcon.colcon_core.package_identification:_identify(depthai_env/lib/python3.14/site-packages/numpy-2.4.6.dist-info/licenses/numpy/_core/src) by extensions ['cmake', 'python']
[-1781200949160513024.000s] Level 1:colcon.colcon_core.package_identification:_identify(depthai_env/lib/python3.14/site-packages/numpy-2.4.6.dist-info/licenses/numpy/_core/src) by extension 'cmake'
[-1781200949160513024.000s] Level 1:colcon.colcon_core.package_identification:_identify(depthai_env/lib/python3.14/site-packages/numpy-2.4.6.dist-info/licenses/numpy/_core/src) by extension 'python'
[-1781200949160513024.000s] Level 1:colcon.colcon_core.package_identification:_identify(depthai_env/lib/python3.14/site-packages/numpy-2.4.6.dist-info/licenses/numpy/_core/src/common) by extensions ['ignore', 'ignore_ament_install']
[-1781200949160513024.000s] Level 1:colcon.colcon_core.package_identification:_identify(depthai_env/lib/python3.14/site-packages/numpy-2.4.6.dist-info/licenses/numpy/_core/src/common) by extension 'ignore'
[-1781200949160513024.000s] Level 1:colcon.colcon_core.package_identification:_identify(depthai_env/lib/python3.14/site-packages/numpy-2.4.6.dist-info/licenses/numpy/_core/src/common) by extension 'ignore_ament_install'
[-1781200949160513024.000s] Level 1:colcon.colcon_core.package_identification:_identify(depthai_env/lib/python3.14/site-packages/numpy-2.4.6.dist-info/licenses/numpy/_core/src/common) by extensions ['colcon_pkg']
[-1781200949160513024.000s] Level 1:colcon.colcon_core.package_identification:_identify(depthai_env/lib/python3.14/site-packages/numpy-2.4.6.dist-info/licenses/numpy/_core/src/common) by extension 'colcon_pkg'
[-1781200949160513024.000s] Level 1:colcon.colcon_core.package_identification:_identify(depthai_env/lib/python3.14/site-packages/numpy-2.4.6.dist-info/licenses/numpy/_core/src/common) by extensions ['colcon_meta']
[-1781200949160513024.000s] Level 1:colcon.colcon_core.package_identification:_identify(depthai_env/lib/python3.14/site-packages/numpy-2.4.6.dist-info/licenses/numpy/_core/src/common) by extension 'colcon_meta'
[-1781200949160513024.000s] Level 1:colcon.colcon_core.package_identification:_identify(depthai_env/lib/python3.14/site-packages/numpy-2.4.6.dist-info/licenses/numpy/_core/src/common) by extensions ['ros']
[-1781200949160513024.000s] Level 1:colcon.colcon_core.package_identification:_identify(depthai_env/lib/python3.14/site-packages/numpy-2.4.6.dist-info/licenses/numpy/_core/src/common) by extension 'ros'
[-1781200949160513024.000s] Level 1:colcon.colcon_core.package_identification:_identify(depthai_env/lib/python3.14/site-packages/numpy-2.4.6.dist-info/licenses/numpy/_core/src/common) by extensions ['cmake', 'python']
[-1781200949160513024.000s] Level 1:colcon.colcon_core.package_identification:_identify(depthai_env/lib/python3.14/site-packages/numpy-2.4.6.dist-info/licenses/numpy/_core/src/common) by extension 'cmake'
[-1781200949160513024.000s] Level 1:colcon.colcon_core.package_identification:_identify(depthai_env/lib/python3.14/site-packages/numpy-2.4.6.dist-info/licenses/numpy/_core/src/common) by extension 'python'
[-1781200949160513024.000s] Level 1:colcon.colcon_core.package_identification:_identify(depthai_env/lib/python3.14/site-packages/numpy-2.4.6.dist-info/licenses/numpy/_core/src/common/pythoncapi-compat) by extensions ['ignore', 'ignore_ament_install']
[-1781200949160513024.000s] Level 1:colcon.colcon_core.package_identification:_identify(depthai_env/lib/python3.14/site-packages/numpy-2.4.6.dist-info/licenses/numpy/_core/src/common/pythoncapi-compat) by extension 'ignore'
[-1781200949160513024.000s] Level 1:colcon.colcon_core.package_identification:_identify(depthai_env/lib/python3.14/site-packages/numpy-2.4.6.dist-info/licenses/numpy/_core/src/common/pythoncapi-compat) by extension 'ignore_ament_install'
[-1781200949160513024.000s] Level 1:colcon.colcon_core.package_identification:_identify(depthai_env/lib/python3.14/site-packages/numpy-2.4.6.dist-info/licenses/numpy/_core/src/common/pythoncapi-compat) by extensions ['colcon_pkg']
[-1781200949160513024.000s] Level 1:colcon.colcon_core.package_identification:_identify(depthai_env/lib/python3.14/site-packages/numpy-2.4.6.dist-info/licenses/numpy/_core/src/common/pythoncapi-compat) by extension 'colcon_pkg'
[-1781200949160513024.000s] Level 1:colcon.colcon_core.package_identification:_identify(depthai_env/lib/python3.14/site-packages/numpy-2.4.6.dist-info/licenses/numpy/_core/src/common/pythoncapi-compat) by extensions ['colcon_meta']
[-1781200949160513024.000s] Level 1:colcon.colcon_core.package_identification:_identify(depthai_env/lib/python3.14/site-packages/numpy-2.4.6.dist-info/licenses/numpy/_core/src/common/pythoncapi-compat) by extension 'colcon_meta'
[-1781200949160513024.000s] Level 1:colcon.colcon_core.package_identification:_identify(depthai_env/lib/python3.14/site-packages/numpy-2.4.6.dist-info/licenses/numpy/_core/src/common/pythoncapi-compat) by extensions ['ros']
[-1781200949160513024.000s] Level 1:colcon.colcon_core.package_identification:_identify(depthai_env/lib/python3.14/site-packages/numpy-2.4.6.dist-info/licenses/numpy/_core/src/common/pythoncapi-compat) by extension 'ros'
[-1781200949160513024.000s] Level 1:colcon.colcon_core.package_identification:_identify(depthai_env/lib/python3.14/site-packages/numpy-2.4.6.dist-info/licenses/numpy/_core/src/common/pythoncapi-compat) by extensions ['cmake', 'python']
[-1781200949160513024.000s] Level 1:colcon.colcon_core.package_identification:_identify(depthai_env/lib/python3.14/site-packages/numpy-2.4.6.dist-info/licenses/numpy/_core/src/common/pythoncapi-compat) by extension 'cmake'
[-1781200949160513024.000s] Level 1:colcon.colcon_core.package_identification:_identify(depthai_env/lib/python3.14/site-packages/numpy-2.4.6.dist-info/licenses/numpy/_core/src/common/pythoncapi-compat) by extension 'python'
[-1781200949160513024.000s] Level 1:colcon.colcon_core.package_identification:_identify(depthai_env/lib/python3.14/site-packages/numpy-2.4.6.dist-info/licenses/numpy/_core/src/highway) by extensions ['ignore', 'ignore_ament_install']
[-1781200949160513024.000s] Level 1:colcon.colcon_core.package_identification:_identify(depthai_env/lib/python3.14/site-packages/numpy-2.4.6.dist-info/licenses/numpy/_core/src/highway) by extension 'ignore'
[-1781200949160513024.000s] Level 1:colcon.colcon_core.package_identification:_identify(depthai_env/lib/python3.14/site-packages/numpy-2.4.6.dist-info/licenses/numpy/_core/src/highway) by extension 'ignore_ament_install'
[-1781200949160513024.000s] Level 1:colcon.colcon_core.package_identification:_identify(depthai_env/lib/python3.14/site-packages/numpy-2.4.6.dist-info/licenses/numpy/_core/src/highway) by extensions ['colcon_pkg']
[-1781200949160513024.000s] Level 1:colcon.colcon_core.package_identification:_identify(depthai_env/lib/python3.14/site-packages/numpy-2.4.6.dist-info/licenses/numpy/_core/src/highway) by extension 'colcon_pkg'
[-1781200949160513024.000s] Level 1:colcon.colcon_core.package_identification:_identify(depthai_env/lib/python3.14/site-packages/numpy-2.4.6.dist-info/licenses/numpy/_core/src/highway) by extensions ['colcon_meta']
[-1781200949160513024.000s] Level 1:colcon.colcon_core.package_identification:_identify(depthai_env/lib/python3.14/site-packages/numpy-2.4.6.dist-info/licenses/numpy/_core/src/highway) by extension 'colcon_meta'
[-1781200949160513024.000s] Level 1:colcon.colcon_core.package_identification:_identify(depthai_env/lib/python3.14/site-packages/numpy-2.4.6.dist-info/licenses/numpy/_core/src/highway) by extensions ['ros']
[-1781200949160513024.000s] Level 1:colcon.colcon_core.package_identification:_identify(depthai_env/lib/python3.14/site-packages/numpy-2.4.6.dist-info/licenses/numpy/_core/src/highway) by extension 'ros'
[-1781200949160513024.000s] Level 1:colcon.colcon_core.package_identification:_identify(depthai_env/lib/python3.14/site-packages/numpy-2.4.6.dist-info/licenses/numpy/_core/src/highway) by extensions ['cmake', 'python']
[-1781200949160513024.000s] Level 1:colcon.colcon_core.package_identification:_identify(depthai_env/lib/python3.14/site-packages/numpy-2.4.6.dist-info/licenses/numpy/_core/src/highway) by extension 'cmake'
[-1781200949160513024.000s] Level 1:colcon.colcon_core.package_identification:_identify(depthai_env/lib/python3.14/site-packages/numpy-2.4.6.dist-info/licenses/numpy/_core/src/highway) by extension 'python'
[-1781200949160513024.000s] Level 1:colcon.colcon_core.package_identification:_identify(depthai_env/lib/python3.14/site-packages/numpy-2.4.6.dist-info/licenses/numpy/_core/src/multiarray) by extensions ['ignore', 'ignore_ament_install']
[-1781200949160513024.000s] Level 1:colcon.colcon_core.package_identification:_identify(depthai_env/lib/python3.14/site-packages/numpy-2.4.6.dist-info/licenses/numpy/_core/src/multiarray) by extension 'ignore'
[-1781200949160513024.000s] Level 1:colcon.colcon_core.package_identification:_identify(depthai_env/lib/python3.14/site-packages/numpy-2.4.6.dist-info/licenses/numpy/_core/src/multiarray) by extension 'ignore_ament_install'
[-1781200949160513024.000s] Level 1:colcon.colcon_core.package_identification:_identify(depthai_env/lib/python3.14/site-packages/numpy-2.4.6.dist-info/licenses/numpy/_core/src/multiarray) by extensions ['colcon_pkg']
[-1781200949160513024.000s] Level 1:colcon.colcon_core.package_identification:_identify(depthai_env/lib/python3.14/site-packages/numpy-2.4.6.dist-info/licenses/numpy/_core/src/multiarray) by extension 'colcon_pkg'
[-1781200949160513024.000s] Level 1:colcon.colcon_core.package_identification:_identify(depthai_env/lib/python3.14/site-packages/numpy-2.4.6.dist-info/licenses/numpy/_core/src/multiarray) by extensions ['colcon_meta']
[-1781200949160513024.000s] Level 1:colcon.colcon_core.package_identification:_identify(depthai_env/lib/python3.14/site-packages/numpy-2.4.6.dist-info/licenses/numpy/_core/src/multiarray) by extension 'colcon_meta'
[-1781200949160513024.000s] Level 1:colcon.colcon_core.package_identification:_identify(depthai_env/lib/python3.14/site-packages/numpy-2.4.6.dist-info/licenses/numpy/_core/src/multiarray) by extensions ['ros']
[-1781200949160513024.000s] Level 1:colcon.colcon_core.package_identification:_identify(depthai_env/lib/python3.14/site-packages/numpy-2.4.6.dist-info/licenses/numpy/_core/src/multiarray) by extension 'ros'
[-1781200949160513024.000s] Level 1:colcon.colcon_core.package_identification:_identify(depthai_env/lib/python3.14/site-packages/numpy-2.4.6.dist-info/licenses/numpy/_core/src/multiarray) by extensions ['cmake', 'python']
[-1781200949160513024.000s] Level 1:colcon.colcon_core.package_identification:_identify(depthai_env/lib/python3.14/site-packages/numpy-2.4.6.dist-info/licenses/numpy/_core/src/multiarray) by extension 'cmake'
[-1781200949160513024.000s] Level 1:colcon.colcon_core.package_identification:_identify(depthai_env/lib/python3.14/site-packages/numpy-2.4.6.dist-info/licenses/numpy/_core/src/multiarray) by extension 'python'
[-1781200949160513024.000s] Level 1:colcon.colcon_core.package_identification:_identify(depthai_env/lib/python3.14/site-packages/numpy-2.4.6.dist-info/licenses/numpy/_core/src/npysort) by extensions ['ignore', 'ignore_ament_install']
[-1781200949160513024.000s] Level 1:colcon.colcon_core.package_identification:_identify(depthai_env/lib/python3.14/site-packages/numpy-2.4.6.dist-info/licenses/numpy/_core/src/npysort) by extension 'ignore'
[-1781200949160513024.000s] Level 1:colcon.colcon_core.package_identification:_identify(depthai_env/lib/python3.14/site-packages/numpy-2.4.6.dist-info/licenses/numpy/_core/src/npysort) by extension 'ignore_ament_install'
[-1781200949160513024.000s] Level 1:colcon.colcon_core.package_identification:_identify(depthai_env/lib/python3.14/site-packages/numpy-2.4.6.dist-info/licenses/numpy/_core/src/npysort) by extensions ['colcon_pkg']
[-1781200949160513024.000s] Level 1:colcon.colcon_core.package_identification:_identify(depthai_env/lib/python3.14/site-packages/numpy-2.4.6.dist-info/licenses/numpy/_core/src/npysort) by extension 'colcon_pkg'
[-1781200949160513024.000s] Level 1:colcon.colcon_core.package_identification:_identify(depthai_env/lib/python3.14/site-packages/numpy-2.4.6.dist-info/licenses/numpy/_core/src/npysort) by extensions ['colcon_meta']
[-1781200949160513024.000s] Level 1:colcon.colcon_core.package_identification:_identify(depthai_env/lib/python3.14/site-packages/numpy-2.4.6.dist-info/licenses/numpy/_core/src/npysort) by extension 'colcon_meta'
[-1781200949160513024.000s] Level 1:colcon.colcon_core.package_identification:_identify(depthai_env/lib/python3.14/site-packages/numpy-2.4.6.dist-info/licenses/numpy/_core/src/npysort) by extensions ['ros']
[-1781200949160513024.000s] Level 1:colcon.colcon_core.package_identification:_identify(depthai_env/lib/python3.14/site-packages/numpy-2.4.6.dist-info/licenses/numpy/_core/src/npysort) by extension 'ros'
[-1781200949160513024.000s] Level 1:colcon.colcon_core.package_identification:_identify(depthai_env/lib/python3.14/site-packages/numpy-2.4.6.dist-info/licenses/numpy/_core/src/npysort) by extensions ['cmake', 'python']
[-1781200949160513024.000s] Level 1:colcon.colcon_core.package_identification:_identify(depthai_env/lib/python3.14/site-packages/numpy-2.4.6.dist-info/licenses/numpy/_core/src/npysort) by extension 'cmake'
[-1781200949160513024.000s] Level 1:colcon.colcon_core.package_identification:_identify(depthai_env/lib/python3.14/site-packages/numpy-2.4.6.dist-info/licenses/numpy/_core/src/npysort) by extension 'python'
[-1781200949160513024.000s] Level 1:colcon.colcon_core.package_identification:_identify(depthai_env/lib/python3.14/site-packages/numpy-2.4.6.dist-info/licenses/numpy/_core/src/npysort/x86-simd-sort) by extensions ['ignore', 'ignore_ament_install']
[-1781200949160513024.000s] Level 1:colcon.colcon_core.package_identification:_identify(depthai_env/lib/python3.14/site-packages/numpy-2.4.6.dist-info/licenses/numpy/_core/src/npysort/x86-simd-sort) by extension 'ignore'
[-1781200949160513024.000s] Level 1:colcon.colcon_core.package_identification:_identify(depthai_env/lib/python3.14/site-packages/numpy-2.4.6.dist-info/licenses/numpy/_core/src/npysort/x86-simd-sort) by extension 'ignore_ament_install'
[-1781200949160513024.000s] Level 1:colcon.colcon_core.package_identification:_identify(depthai_env/lib/python3.14/site-packages/numpy-2.4.6.dist-info/licenses/numpy/_core/src/npysort/x86-simd-sort) by extensions ['colcon_pkg']
[-1781200949160513024.000s] Level 1:colcon.colcon_core.package_identification:_identify(depthai_env/lib/python3.14/site-packages/numpy-2.4.6.dist-info/licenses/numpy/_core/src/npysort/x86-simd-sort) by extension 'colcon_pkg'
[-1781200949160513024.000s] Level 1:colcon.colcon_core.package_identification:_identify(depthai_env/lib/python3.14/site-packages/numpy-2.4.6.dist-info/licenses/numpy/_core/src/npysort/x86-simd-sort) by extensions ['colcon_meta']
[-1781200949160513024.000s] Level 1:colcon.colcon_core.package_identification:_identify(depthai_env/lib/python3.14/site-packages/numpy-2.4.6.dist-info/licenses/numpy/_core/src/npysort/x86-simd-sort) by extension 'colcon_meta'
[-1781200949160513024.000s] Level 1:colcon.colcon_core.package_identification:_identify(depthai_env/lib/python3.14/site-packages/numpy-2.4.6.dist-info/licenses/numpy/_core/src/npysort/x86-simd-sort) by extensions ['ros']
[-1781200949160513024.000s] Level 1:colcon.colcon_core.package_identification:_identify(depthai_env/lib/python3.14/site-packages/numpy-2.4.6.dist-info/licenses/numpy/_core/src/npysort/x86-simd-sort) by extension 'ros'
[-1781200949160513024.000s] Level 1:colcon.colcon_core.package_identification:_identify(depthai_env/lib/python3.14/site-packages/numpy-2.4.6.dist-info/licenses/numpy/_core/src/npysort/x86-simd-sort) by extensions ['cmake', 'python']
[-1781200949160513024.000s] Level 1:colcon.colcon_core.package_identification:_identify(depthai_env/lib/python3.14/site-packages/numpy-2.4.6.dist-info/licenses/numpy/_core/src/npysort/x86-simd-sort) by extension 'cmake'
[-1781200949160513024.000s] Level 1:colcon.colcon_core.package_identification:_identify(depthai_env/lib/python3.14/site-packages/numpy-2.4.6.dist-info/licenses/numpy/_core/src/npysort/x86-simd-sort) by extension 'python'
[-1781200949160513024.000s] Level 1:colcon.colcon_core.package_identification:_identify(depthai_env/lib/python3.14/site-packages/numpy-2.4.6.dist-info/licenses/numpy/_core/src/umath) by extensions ['ignore', 'ignore_ament_install']
[-1781200949160513024.000s] Level 1:colcon.colcon_core.package_identification:_identify(depthai_env/lib/python3.14/site-packages/numpy-2.4.6.dist-info/licenses/numpy/_core/src/umath) by extension 'ignore'
[-1781200949160513024.000s] Level 1:colcon.colcon_core.package_identification:_identify(depthai_env/lib/python3.14/site-packages/numpy-2.4.6.dist-info/licenses/numpy/_core/src/umath) by extension 'ignore_ament_install'
[-1781200949160513024.000s] Level 1:colcon.colcon_core.package_identification:_identify(depthai_env/lib/python3.14/site-packages/numpy-2.4.6.dist-info/licenses/numpy/_core/src/umath) by extensions ['colcon_pkg']
[-1781200949160513024.000s] Level 1:colcon.colcon_core.package_identification:_identify(depthai_env/lib/python3.14/site-packages/numpy-2.4.6.dist-info/licenses/numpy/_core/src/umath) by extension 'colcon_pkg'
[-1781200949160513024.000s] Level 1:colcon.colcon_core.package_identification:_identify(depthai_env/lib/python3.14/site-packages/numpy-2.4.6.dist-info/licenses/numpy/_core/src/umath) by extensions ['colcon_meta']
[-1781200949160513024.000s] Level 1:colcon.colcon_core.package_identification:_identify(depthai_env/lib/python3.14/site-packages/numpy-2.4.6.dist-info/licenses/numpy/_core/src/umath) by extension 'colcon_meta'
[-1781200949160513024.000s] Level 1:colcon.colcon_core.package_identification:_identify(depthai_env/lib/python3.14/site-packages/numpy-2.4.6.dist-info/licenses/numpy/_core/src/umath) by extensions ['ros']
[-1781200949160513024.000s] Level 1:colcon.colcon_core.package_identification:_identify(depthai_env/lib/python3.14/site-packages/numpy-2.4.6.dist-info/licenses/numpy/_core/src/umath) by extension 'ros'
[-1781200949160513024.000s] Level 1:colcon.colcon_core.package_identification:_identify(depthai_env/lib/python3.14/site-packages/numpy-2.4.6.dist-info/licenses/numpy/_core/src/umath) by extensions ['cmake', 'python']
[-1781200949160513024.000s] Level 1:colcon.colcon_core.package_identification:_identify(depthai_env/lib/python3.14/site-packages/numpy-2.4.6.dist-info/licenses/numpy/_core/src/umath) by extension 'cmake'
[-1781200949160513024.000s] Level 1:colcon.colcon_core.package_identification:_identify(depthai_env/lib/python3.14/site-packages/numpy-2.4.6.dist-info/licenses/numpy/_core/src/umath) by extension 'python'
[-1781200949160513024.000s] Level 1:colcon.colcon_core.package_identification:_identify(depthai_env/lib/python3.14/site-packages/numpy-2.4.6.dist-info/licenses/numpy/_core/src/umath/svml) by extensions ['ignore', 'ignore_ament_install']
[-1781200949160513024.000s] Level 1:colcon.colcon_core.package_identification:_identify(depthai_env/lib/python3.14/site-packages/numpy-2.4.6.dist-info/licenses/numpy/_core/src/umath/svml) by extension 'ignore'
[-1781200949160513024.000s] Level 1:colcon.colcon_core.package_identification:_identify(depthai_env/lib/python3.14/site-packages/numpy-2.4.6.dist-info/licenses/numpy/_core/src/umath/svml) by extension 'ignore_ament_install'
[-1781200949160513024.000s] Level 1:colcon.colcon_core.package_identification:_identify(depthai_env/lib/python3.14/site-packages/numpy-2.4.6.dist-info/licenses/numpy/_core/src/umath/svml) by extensions ['colcon_pkg']
[-1781200949160513024.000s] Level 1:colcon.colcon_core.package_identification:_identify(depthai_env/lib/python3.14/site-packages/numpy-2.4.6.dist-info/licenses/numpy/_core/src/umath/svml) by extension 'colcon_pkg'
[-1781200949160513024.000s] Level 1:colcon.colcon_core.package_identification:_identify(depthai_env/lib/python3.14/site-packages/numpy-2.4.6.dist-info/licenses/numpy/_core/src/umath/svml) by extensions ['colcon_meta']
[-1781200949160513024.000s] Level 1:colcon.colcon_core.package_identification:_identify(depthai_env/lib/python3.14/site-packages/numpy-2.4.6.dist-info/licenses/numpy/_core/src/umath/svml) by extension 'colcon_meta'
[-1781200949160513024.000s] Level 1:colcon.colcon_core.package_identification:_identify(depthai_env/lib/python3.14/site-packages/numpy-2.4.6.dist-info/licenses/numpy/_core/src/umath/svml) by extensions ['ros']
[-1781200949160513024.000s] Level 1:colcon.colcon_core.package_identification:_identify(depthai_env/lib/python3.14/site-packages/numpy-2.4.6.dist-info/licenses/numpy/_core/src/umath/svml) by extension 'ros'
[-1781200949160513024.000s] Level 1:colcon.colcon_core.package_identification:_identify(depthai_env/lib/python3.14/site-packages/numpy-2.4.6.dist-info/licenses/numpy/_core/src/umath/svml) by extensions ['cmake', 'python']
[-1781200949160513024.000s] Level 1:colcon.colcon_core.package_identification:_identify(depthai_env/lib/python3.14/site-packages/numpy-2.4.6.dist-info/licenses/numpy/_core/src/umath/svml) by extension 'cmake'
[-1781200949160513024.000s] Level 1:colcon.colcon_core.package_identification:_identify(depthai_env/lib/python3.14/site-packages/numpy-2.4.6.dist-info/licenses/numpy/_core/src/umath/svml) by extension 'python'
[-1781200949160513024.000s] Level 1:colcon.colcon_core.package_identification:_identify(depthai_env/lib/python3.14/site-packages/numpy-2.4.6.dist-info/licenses/numpy/fft) by extensions ['ignore', 'ignore_ament_install']
[-1781200949160513024.000s] Level 1:colcon.colcon_core.package_identification:_identify(depthai_env/lib/python3.14/site-packages/numpy-2.4.6.dist-info/licenses/numpy/fft) by extension 'ignore'
[-1781200949160513024.000s] Level 1:colcon.colcon_core.package_identification:_identify(depthai_env/lib/python3.14/site-packages/numpy-2.4.6.dist-info/licenses/numpy/fft) by extension 'ignore_ament_install'
[-1781200949160513024.000s] Level 1:colcon.colcon_core.package_identification:_identify(depthai_env/lib/python3.14/site-packages/numpy-2.4.6.dist-info/licenses/numpy/fft) by extensions ['colcon_pkg']
[-1781200949160513024.000s] Level 1:colcon.colcon_core.package_identification:_identify(depthai_env/lib/python3.14/site-packages/numpy-2.4.6.dist-info/licenses/numpy/fft) by extension 'colcon_pkg'
[-1781200949160513024.000s] Level 1:colcon.colcon_core.package_identification:_identify(depthai_env/lib/python3.14/site-packages/numpy-2.4.6.dist-info/licenses/numpy/fft) by extensions ['colcon_meta']
[-1781200949160513024.000s] Level 1:colcon.colcon_core.package_identification:_identify(depthai_env/lib/python3.14/site-packages/numpy-2.4.6.dist-info/licenses/numpy/fft) by extension 'colcon_meta'
[-1781200949160513024.000s] Level 1:colcon.colcon_core.package_identification:_identify(depthai_env/lib/python3.14/site-packages/numpy-2.4.6.dist-info/licenses/numpy/fft) by extensions ['ros']
[-1781200949160513024.000s] Level 1:colcon.colcon_core.package_identification:_identify(depthai_env/lib/python3.14/site-packages/numpy-2.4.6.dist-info/licenses/numpy/fft) by extension 'ros'
[-1781200949160513024.000s] Level 1:colcon.colcon_core.package_identification:_identify(depthai_env/lib/python3.14/site-packages/numpy-2.4.6.dist-info/licenses/numpy/fft) by extensions ['cmake', 'python']
[-1781200949160513024.000s] Level 1:colcon.colcon_core.package_identification:_identify(depthai_env/lib/python3.14/site-packages/numpy-2.4.6.dist-info/licenses/numpy/fft) by extension 'cmake'
[-1781200949160513024.000s] Level 1:colcon.colcon_core.package_identification:_identify(depthai_env/lib/python3.14/site-packages/numpy-2.4.6.dist-info/licenses/numpy/fft) by extension 'python'
[-1781200949160513024.000s] Level 1:colcon.colcon_core.package_identification:_identify(depthai_env/lib/python3.14/site-packages/numpy-2.4.6.dist-info/licenses/numpy/fft/pocketfft) by extensions ['ignore', 'ignore_ament_install']
[-1781200949160513024.000s] Level 1:colcon.colcon_core.package_identification:_identify(depthai_env/lib/python3.14/site-packages/numpy-2.4.6.dist-info/licenses/numpy/fft/pocketfft) by extension 'ignore'
[-1781200949160513024.000s] Level 1:colcon.colcon_core.package_identification:_identify(depthai_env/lib/python3.14/site-packages/numpy-2.4.6.dist-info/licenses/numpy/fft/pocketfft) by extension 'ignore_ament_install'
[-1781200949160513024.000s] Level 1:colcon.colcon_core.package_identification:_identify(depthai_env/lib/python3.14/site-packages/numpy-2.4.6.dist-info/licenses/numpy/fft/pocketfft) by extensions ['colcon_pkg']
[-1781200949160513024.000s] Level 1:colcon.colcon_core.package_identification:_identify(depthai_env/lib/python3.14/site-packages/numpy-2.4.6.dist-info/licenses/numpy/fft/pocketfft) by extension 'colcon_pkg'
[-1781200949160513024.000s] Level 1:colcon.colcon_core.package_identification:_identify(depthai_env/lib/python3.14/site-packages/numpy-2.4.6.dist-info/licenses/numpy/fft/pocketfft) by extensions ['colcon_meta']
[-1781200949160513024.000s] Level 1:colcon.colcon_core.package_identification:_identify(depthai_env/lib/python3.14/site-packages/numpy-2.4.6.dist-info/licenses/numpy/fft/pocketfft) by extension 'colcon_meta'
[-1781200949160513024.000s] Level 1:colcon.colcon_core.package_identification:_identify(depthai_env/lib/python3.14/site-packages/numpy-2.4.6.dist-info/licenses/numpy/fft/pocketfft) by extensions ['ros']
[-1781200949160513024.000s] Level 1:colcon.colcon_core.package_identification:_identify(depthai_env/lib/python3.14/site-packages/numpy-2.4.6.dist-info/licenses/numpy/fft/pocketfft) by extension 'ros'
[-1781200949160513024.000s] Level 1:colcon.colcon_core.package_identification:_identify(depthai_env/lib/python3.14/site-packages/numpy-2.4.6.dist-info/licenses/numpy/fft/pocketfft) by extensions ['cmake', 'python']
[-1781200949160513024.000s] Level 1:colcon.colcon_core.package_identification:_identify(depthai_env/lib/python3.14/site-packages/numpy-2.4.6.dist-info/licenses/numpy/fft/pocketfft) by extension 'cmake'
[-1781200949160513024.000s] Level 1:colcon.colcon_core.package_identification:_identify(depthai_env/lib/python3.14/site-packages/numpy-2.4.6.dist-info/licenses/numpy/fft/pocketfft) by extension 'python'
[-1781200949160513024.000s] Level 1:colcon.colcon_core.package_identification:_identify(depthai_env/lib/python3.14/site-packages/numpy-2.4.6.dist-info/licenses/numpy/linalg) by extensions ['ignore', 'ignore_ament_install']
[-1781200949160513024.000s] Level 1:colcon.colcon_core.package_identification:_identify(depthai_env/lib/python3.14/site-packages/numpy-2.4.6.dist-info/licenses/numpy/linalg) by extension 'ignore'
[-1781200949160513024.000s] Level 1:colcon.colcon_core.package_identification:_identify(depthai_env/lib/python3.14/site-packages/numpy-2.4.6.dist-info/licenses/numpy/linalg) by extension 'ignore_ament_install'
[-1781200949160513024.000s] Level 1:colcon.colcon_core.package_identification:_identify(depthai_env/lib/python3.14/site-packages/numpy-2.4.6.dist-info/licenses/numpy/linalg) by extensions ['colcon_pkg']
[-1781200949160513024.000s] Level 1:colcon.colcon_core.package_identification:_identify(depthai_env/lib/python3.14/site-packages/numpy-2.4.6.dist-info/licenses/numpy/linalg) by extension 'colcon_pkg'
[-1781200949160513024.000s] Level 1:colcon.colcon_core.package_identification:_identify(depthai_env/lib/python3.14/site-packages/numpy-2.4.6.dist-info/licenses/numpy/linalg) by extensions ['colcon_meta']
[-1781200949160513024.000s] Level 1:colcon.colcon_core.package_identification:_identify(depthai_env/lib/python3.14/site-packages/numpy-2.4.6.dist-info/licenses/numpy/linalg) by extension 'colcon_meta'
[-1781200949160513024.000s] Level 1:colcon.colcon_core.package_identification:_identify(depthai_env/lib/python3.14/site-packages/numpy-2.4.6.dist-info/licenses/numpy/linalg) by extensions ['ros']
[-1781200949160513024.000s] Level 1:colcon.colcon_core.package_identification:_identify(depthai_env/lib/python3.14/site-packages/numpy-2.4.6.dist-info/licenses/numpy/linalg) by extension 'ros'
[-1781200949160513024.000s] Level 1:colcon.colcon_core.package_identification:_identify(depthai_env/lib/python3.14/site-packages/numpy-2.4.6.dist-info/licenses/numpy/linalg) by extensions ['cmake', 'python']
[-1781200949160513024.000s] Level 1:colcon.colcon_core.package_identification:_identify(depthai_env/lib/python3.14/site-packages/numpy-2.4.6.dist-info/licenses/numpy/linalg) by extension 'cmake'
[-1781200949160513024.000s] Level 1:colcon.colcon_core.package_identification:_identify(depthai_env/lib/python3.14/site-packages/numpy-2.4.6.dist-info/licenses/numpy/linalg) by extension 'python'
[-1781200949160513024.000s] Level 1:colcon.colcon_core.package_identification:_identify(depthai_env/lib/python3.14/site-packages/numpy-2.4.6.dist-info/licenses/numpy/linalg/lapack_lite) by extensions ['ignore', 'ignore_ament_install']
[-1781200949160513024.000s] Level 1:colcon.colcon_core.package_identification:_identify(depthai_env/lib/python3.14/site-packages/numpy-2.4.6.dist-info/licenses/numpy/linalg/lapack_lite) by extension 'ignore'
[-1781200949160513024.000s] Level 1:colcon.colcon_core.package_identification:_identify(depthai_env/lib/python3.14/site-packages/numpy-2.4.6.dist-info/licenses/numpy/linalg/lapack_lite) by extension 'ignore_ament_install'
[-1781200949160513024.000s] Level 1:colcon.colcon_core.package_identification:_identify(depthai_env/lib/python3.14/site-packages/numpy-2.4.6.dist-info/licenses/numpy/linalg/lapack_lite) by extensions ['colcon_pkg']
[-1781200949160513024.000s] Level 1:colcon.colcon_core.package_identification:_identify(depthai_env/lib/python3.14/site-packages/numpy-2.4.6.dist-info/licenses/numpy/linalg/lapack_lite) by extension 'colcon_pkg'
[-1781200949160513024.000s] Level 1:colcon.colcon_core.package_identification:_identify(depthai_env/lib/python3.14/site-packages/numpy-2.4.6.dist-info/licenses/numpy/linalg/lapack_lite) by extensions ['colcon_meta']
[-1781200949160513024.000s] Level 1:colcon.colcon_core.package_identification:_identify(depthai_env/lib/python3.14/site-packages/numpy-2.4.6.dist-info/licenses/numpy/linalg/lapack_lite) by extension 'colcon_meta'
[-1781200949160513024.000s] Level 1:colcon.colcon_core.package_identification:_identify(depthai_env/lib/python3.14/site-packages/numpy-2.4.6.dist-info/licenses/numpy/linalg/lapack_lite) by extensions ['ros']
[-1781200949160513024.000s] Level 1:colcon.colcon_core.package_identification:_identify(depthai_env/lib/python3.14/site-packages/numpy-2.4.6.dist-info/licenses/numpy/linalg/lapack_lite) by extension 'ros'
[-1781200949160513024.000s] Level 1:colcon.colcon_core.package_identification:_identify(depthai_env/lib/python3.14/site-packages/numpy-2.4.6.dist-info/licenses/numpy/linalg/lapack_lite) by extensions ['cmake', 'python']
[-1781200949160513024.000s] Level 1:colcon.colcon_core.package_identification:_identify(depthai_env/lib/python3.14/site-packages/numpy-2.4.6.dist-info/licenses/numpy/linalg/lapack_lite) by extension 'cmake'
[-1781200949160513024.000s] Level 1:colcon.colcon_core.package_identification:_identify(depthai_env/lib/python3.14/site-packages/numpy-2.4.6.dist-info/licenses/numpy/linalg/lapack_lite) by extension 'python'
[-1781200949160513024.000s] Level 1:colcon.colcon_core.package_identification:_identify(depthai_env/lib/python3.14/site-packages/numpy-2.4.6.dist-info/licenses/numpy/ma) by extensions ['ignore', 'ignore_ament_install']
[-1781200949160513024.000s] Level 1:colcon.colcon_core.package_identification:_identify(depthai_env/lib/python3.14/site-packages/numpy-2.4.6.dist-info/licenses/numpy/ma) by extension 'ignore'
[-1781200949160513024.000s] Level 1:colcon.colcon_core.package_identification:_identify(depthai_env/lib/python3.14/site-packages/numpy-2.4.6.dist-info/licenses/numpy/ma) by extension 'ignore_ament_install'
[-1781200949160513024.000s] Level 1:colcon.colcon_core.package_identification:_identify(depthai_env/lib/python3.14/site-packages/numpy-2.4.6.dist-info/licenses/numpy/ma) by extensions ['colcon_pkg']
[-1781200949160513024.000s] Level 1:colcon.colcon_core.package_identification:_identify(depthai_env/lib/python3.14/site-packages/numpy-2.4.6.dist-info/licenses/numpy/ma) by extension 'colcon_pkg'
[-1781200949160513024.000s] Level 1:colcon.colcon_core.package_identification:_identify(depthai_env/lib/python3.14/site-packages/numpy-2.4.6.dist-info/licenses/numpy/ma) by extensions ['colcon_meta']
[-1781200949160513024.000s] Level 1:colcon.colcon_core.package_identification:_identify(depthai_env/lib/python3.14/site-packages/numpy-2.4.6.dist-info/licenses/numpy/ma) by extension 'colcon_meta'
[-1781200949160513024.000s] Level 1:colcon.colcon_core.package_identification:_identify(depthai_env/lib/python3.14/site-packages/numpy-2.4.6.dist-info/licenses/numpy/ma) by extensions ['ros']
[-1781200949160513024.000s] Level 1:colcon.colcon_core.package_identification:_identify(depthai_env/lib/python3.14/site-packages/numpy-2.4.6.dist-info/licenses/numpy/ma) by extension 'ros'
[-1781200949160513024.000s] Level 1:colcon.colcon_core.package_identification:_identify(depthai_env/lib/python3.14/site-packages/numpy-2.4.6.dist-info/licenses/numpy/ma) by extensions ['cmake', 'python']
[-1781200949160513024.000s] Level 1:colcon.colcon_core.package_identification:_identify(depthai_env/lib/python3.14/site-packages/numpy-2.4.6.dist-info/licenses/numpy/ma) by extension 'cmake'
[-1781200949160513024.000s] Level 1:colcon.colcon_core.package_identification:_identify(depthai_env/lib/python3.14/site-packages/numpy-2.4.6.dist-info/licenses/numpy/ma) by extension 'python'
[-1781200949160513024.000s] Level 1:colcon.colcon_core.package_identification:_identify(depthai_env/lib/python3.14/site-packages/numpy-2.4.6.dist-info/licenses/numpy/random) by extensions ['ignore', 'ignore_ament_install']
[-1781200949160513024.000s] Level 1:colcon.colcon_core.package_identification:_identify(depthai_env/lib/python3.14/site-packages/numpy-2.4.6.dist-info/licenses/numpy/random) by extension 'ignore'
[-1781200949160513024.000s] Level 1:colcon.colcon_core.package_identification:_identify(depthai_env/lib/python3.14/site-packages/numpy-2.4.6.dist-info/licenses/numpy/random) by extension 'ignore_ament_install'
[-1781200949160513024.000s] Level 1:colcon.colcon_core.package_identification:_identify(depthai_env/lib/python3.14/site-packages/numpy-2.4.6.dist-info/licenses/numpy/random) by extensions ['colcon_pkg']
[-1781200949160513024.000s] Level 1:colcon.colcon_core.package_identification:_identify(depthai_env/lib/python3.14/site-packages/numpy-2.4.6.dist-info/licenses/numpy/random) by extension 'colcon_pkg'
[-1781200949160513024.000s] Level 1:colcon.colcon_core.package_identification:_identify(depthai_env/lib/python3.14/site-packages/numpy-2.4.6.dist-info/licenses/numpy/random) by extensions ['colcon_meta']
[-1781200949160513024.000s] Level 1:colcon.colcon_core.package_identification:_identify(depthai_env/lib/python3.14/site-packages/numpy-2.4.6.dist-info/licenses/numpy/random) by extension 'colcon_meta'
[-1781200949160513024.000s] Level 1:colcon.colcon_core.package_identification:_identify(depthai_env/lib/python3.14/site-packages/numpy-2.4.6.dist-info/licenses/numpy/random) by extensions ['ros']
[-1781200949160513024.000s] Level 1:colcon.colcon_core.package_identification:_identify(depthai_env/lib/python3.14/site-packages/numpy-2.4.6.dist-info/licenses/numpy/random) by extension 'ros'
[-1781200949160513024.000s] Level 1:colcon.colcon_core.package_identification:_identify(depthai_env/lib/python3.14/site-packages/numpy-2.4.6.dist-info/licenses/numpy/random) by extensions ['cmake', 'python']
[-1781200949160513024.000s] Level 1:colcon.colcon_core.package_identification:_identify(depthai_env/lib/python3.14/site-packages/numpy-2.4.6.dist-info/licenses/numpy/random) by extension 'cmake'
[-1781200949160513024.000s] Level 1:colcon.colcon_core.package_identification:_identify(depthai_env/lib/python3.14/site-packages/numpy-2.4.6.dist-info/licenses/numpy/random) by extension 'python'
[-1781200949160513024.000s] Level 1:colcon.colcon_core.package_identification:_identify(depthai_env/lib/python3.14/site-packages/numpy-2.4.6.dist-info/licenses/numpy/random/src) by extensions ['ignore', 'ignore_ament_install']
[-1781200949160513024.000s] Level 1:colcon.colcon_core.package_identification:_identify(depthai_env/lib/python3.14/site-packages/numpy-2.4.6.dist-info/licenses/numpy/random/src) by extension 'ignore'
[-1781200949160513024.000s] Level 1:colcon.colcon_core.package_identification:_identify(depthai_env/lib/python3.14/site-packages/numpy-2.4.6.dist-info/licenses/numpy/random/src) by extension 'ignore_ament_install'
[-1781200949160513024.000s] Level 1:colcon.colcon_core.package_identification:_identify(depthai_env/lib/python3.14/site-packages/numpy-2.4.6.dist-info/licenses/numpy/random/src) by extensions ['colcon_pkg']
[-1781200949160513024.000s] Level 1:colcon.colcon_core.package_identification:_identify(depthai_env/lib/python3.14/site-packages/numpy-2.4.6.dist-info/licenses/numpy/random/src) by extension 'colcon_pkg'
[-1781200949160513024.000s] Level 1:colcon.colcon_core.package_identification:_identify(depthai_env/lib/python3.14/site-packages/numpy-2.4.6.dist-info/licenses/numpy/random/src) by extensions ['colcon_meta']
[-1781200949160513024.000s] Level 1:colcon.colcon_core.package_identification:_identify(depthai_env/lib/python3.14/site-packages/numpy-2.4.6.dist-info/licenses/numpy/random/src) by extension 'colcon_meta'
[-1781200949160513024.000s] Level 1:colcon.colcon_core.package_identification:_identify(depthai_env/lib/python3.14/site-packages/numpy-2.4.6.dist-info/licenses/numpy/random/src) by extensions ['ros']
[-1781200949160513024.000s] Level 1:colcon.colcon_core.package_identification:_identify(depthai_env/lib/python3.14/site-packages/numpy-2.4.6.dist-info/licenses/numpy/random/src) by extension 'ros'
[-1781200949160513024.000s] Level 1:colcon.colcon_core.package_identification:_identify(depthai_env/lib/python3.14/site-packages/numpy-2.4.6.dist-info/licenses/numpy/random/src) by extensions ['cmake', 'python']
[-1781200949160513024.000s] Level 1:colcon.colcon_core.package_identification:_identify(depthai_env/lib/python3.14/site-packages/numpy-2.4.6.dist-info/licenses/numpy/random/src) by extension 'cmake'
[-1781200949160513024.000s] Level 1:colcon.colcon_core.package_identification:_identify(depthai_env/lib/python3.14/site-packages/numpy-2.4.6.dist-info/licenses/numpy/random/src) by extension 'python'
[-1781200949160513024.000s] Level 1:colcon.colcon_core.package_identification:_identify(depthai_env/lib/python3.14/site-packages/numpy-2.4.6.dist-info/licenses/numpy/random/src/distributions) by extensions ['ignore', 'ignore_ament_install']
[-1781200949160513024.000s] Level 1:colcon.colcon_core.package_identification:_identify(depthai_env/lib/python3.14/site-packages/numpy-2.4.6.dist-info/licenses/numpy/random/src/distributions) by extension 'ignore'
[-1781200949160513024.000s] Level 1:colcon.colcon_core.package_identification:_identify(depthai_env/lib/python3.14/site-packages/numpy-2.4.6.dist-info/licenses/numpy/random/src/distributions) by extension 'ignore_ament_install'
[-1781200949160513024.000s] Level 1:colcon.colcon_core.package_identification:_identify(depthai_env/lib/python3.14/site-packages/numpy-2.4.6.dist-info/licenses/numpy/random/src/distributions) by extensions ['colcon_pkg']
[-1781200949160513024.000s] Level 1:colcon.colcon_core.package_identification:_identify(depthai_env/lib/python3.14/site-packages/numpy-2.4.6.dist-info/licenses/numpy/random/src/distributions) by extension 'colcon_pkg'
[-1781200949160513024.000s] Level 1:colcon.colcon_core.package_identification:_identify(depthai_env/lib/python3.14/site-packages/numpy-2.4.6.dist-info/licenses/numpy/random/src/distributions) by extensions ['colcon_meta']
[-1781200949160513024.000s] Level 1:colcon.colcon_core.package_identification:_identify(depthai_env/lib/python3.14/site-packages/numpy-2.4.6.dist-info/licenses/numpy/random/src/distributions) by extension 'colcon_meta'
[-1781200949160513024.000s] Level 1:colcon.colcon_core.package_identification:_identify(depthai_env/lib/python3.14/site-packages/numpy-2.4.6.dist-info/licenses/numpy/random/src/distributions) by extensions ['ros']
[-1781200949160513024.000s] Level 1:colcon.colcon_core.package_identification:_identify(depthai_env/lib/python3.14/site-packages/numpy-2.4.6.dist-info/licenses/numpy/random/src/distributions) by extension 'ros'
[-1781200949160513024.000s] Level 1:colcon.colcon_core.package_identification:_identify(depthai_env/lib/python3.14/site-packages/numpy-2.4.6.dist-info/licenses/numpy/random/src/distributions) by extensions ['cmake', 'python']
[-1781200949160513024.000s] Level 1:colcon.colcon_core.package_identification:_identify(depthai_env/lib/python3.14/site-packages/numpy-2.4.6.dist-info/licenses/numpy/random/src/distributions) by extension 'cmake'
[-1781200949160513024.000s] Level 1:colcon.colcon_core.package_identification:_identify(depthai_env/lib/python3.14/site-packages/numpy-2.4.6.dist-info/licenses/numpy/random/src/distributions) by extension 'python'
[-1781200949160513024.000s] Level 1:colcon.colcon_core.package_identification:_identify(depthai_env/lib/python3.14/site-packages/numpy-2.4.6.dist-info/licenses/numpy/random/src/mt19937) by extensions ['ignore', 'ignore_ament_install']
[-1781200949160513024.000s] Level 1:colcon.colcon_core.package_identification:_identify(depthai_env/lib/python3.14/site-packages/numpy-2.4.6.dist-info/licenses/numpy/random/src/mt19937) by extension 'ignore'
[-1781200949160513024.000s] Level 1:colcon.colcon_core.package_identification:_identify(depthai_env/lib/python3.14/site-packages/numpy-2.4.6.dist-info/licenses/numpy/random/src/mt19937) by extension 'ignore_ament_install'
[-1781200949160513024.000s] Level 1:colcon.colcon_core.package_identification:_identify(depthai_env/lib/python3.14/site-packages/numpy-2.4.6.dist-info/licenses/numpy/random/src/mt19937) by extensions ['colcon_pkg']
[-1781200949160513024.000s] Level 1:colcon.colcon_core.package_identification:_identify(depthai_env/lib/python3.14/site-packages/numpy-2.4.6.dist-info/licenses/numpy/random/src/mt19937) by extension 'colcon_pkg'
[-1781200949160513024.000s] Level 1:colcon.colcon_core.package_identification:_identify(depthai_env/lib/python3.14/site-packages/numpy-2.4.6.dist-info/licenses/numpy/random/src/mt19937) by extensions ['colcon_meta']
[-1781200949160513024.000s] Level 1:colcon.colcon_core.package_identification:_identify(depthai_env/lib/python3.14/site-packages/numpy-2.4.6.dist-info/licenses/numpy/random/src/mt19937) by extension 'colcon_meta'
[-1781200949160513024.000s] Level 1:colcon.colcon_core.package_identification:_identify(depthai_env/lib/python3.14/site-packages/numpy-2.4.6.dist-info/licenses/numpy/random/src/mt19937) by extensions ['ros']
[-1781200949160513024.000s] Level 1:colcon.colcon_core.package_identification:_identify(depthai_env/lib/python3.14/site-packages/numpy-2.4.6.dist-info/licenses/numpy/random/src/mt19937) by extension 'ros'
[-1781200949160513024.000s] Level 1:colcon.colcon_core.package_identification:_identify(depthai_env/lib/python3.14/site-packages/numpy-2.4.6.dist-info/licenses/numpy/random/src/mt19937) by extensions ['cmake', 'python']
[-1781200949160513024.000s] Level 1:colcon.colcon_core.package_identification:_identify(depthai_env/lib/python3.14/site-packages/numpy-2.4.6.dist-info/licenses/numpy/random/src/mt19937) by extension 'cmake'
[-1781200949160513024.000s] Level 1:colcon.colcon_core.package_identification:_identify(depthai_env/lib/python3.14/site-packages/numpy-2.4.6.dist-info/licenses/numpy/random/src/mt19937) by extension 'python'
[-1781200949160513024.000s] Level 1:colcon.colcon_core.package_identification:_identify(depthai_env/lib/python3.14/site-packages/numpy-2.4.6.dist-info/licenses/numpy/random/src/pcg64) by extensions ['ignore', 'ignore_ament_install']
[-1781200949160513024.000s] Level 1:colcon.colcon_core.package_identification:_identify(depthai_env/lib/python3.14/site-packages/numpy-2.4.6.dist-info/licenses/numpy/random/src/pcg64) by extension 'ignore'
[-1781200949160513024.000s] Level 1:colcon.colcon_core.package_identification:_identify(depthai_env/lib/python3.14/site-packages/numpy-2.4.6.dist-info/licenses/numpy/random/src/pcg64) by extension 'ignore_ament_install'
[-1781200949160513024.000s] Level 1:colcon.colcon_core.package_identification:_identify(depthai_env/lib/python3.14/site-packages/numpy-2.4.6.dist-info/licenses/numpy/random/src/pcg64) by extensions ['colcon_pkg']
[-1781200949160513024.000s] Level 1:colcon.colcon_core.package_identification:_identify(depthai_env/lib/python3.14/site-packages/numpy-2.4.6.dist-info/licenses/numpy/random/src/pcg64) by extension 'colcon_pkg'
[-1781200949160513024.000s] Level 1:colcon.colcon_core.package_identification:_identify(depthai_env/lib/python3.14/site-packages/numpy-2.4.6.dist-info/licenses/numpy/random/src/pcg64) by extensions ['colcon_meta']
[-1781200949160513024.000s] Level 1:colcon.colcon_core.package_identification:_identify(depthai_env/lib/python3.14/site-packages/numpy-2.4.6.dist-info/licenses/numpy/random/src/pcg64) by extension 'colcon_meta'
[-1781200949160513024.000s] Level 1:colcon.colcon_core.package_identification:_identify(depthai_env/lib/python3.14/site-packages/numpy-2.4.6.dist-info/licenses/numpy/random/src/pcg64) by extensions ['ros']
[-1781200949160513024.000s] Level 1:colcon.colcon_core.package_identification:_identify(depthai_env/lib/python3.14/site-packages/numpy-2.4.6.dist-info/licenses/numpy/random/src/pcg64) by extension 'ros'
[-1781200949160513024.000s] Level 1:colcon.colcon_core.package_identification:_identify(depthai_env/lib/python3.14/site-packages/numpy-2.4.6.dist-info/licenses/numpy/random/src/pcg64) by extensions ['cmake', 'python']
[-1781200949160513024.000s] Level 1:colcon.colcon_core.package_identification:_identify(depthai_env/lib/python3.14/site-packages/numpy-2.4.6.dist-info/licenses/numpy/random/src/pcg64) by extension 'cmake'
[-1781200949160513024.000s] Level 1:colcon.colcon_core.package_identification:_identify(depthai_env/lib/python3.14/site-packages/numpy-2.4.6.dist-info/licenses/numpy/random/src/pcg64) by extension 'python'
[-1781200949160513024.000s] Level 1:colcon.colcon_core.package_identification:_identify(depthai_env/lib/python3.14/site-packages/numpy-2.4.6.dist-info/licenses/numpy/random/src/philox) by extensions ['ignore', 'ignore_ament_install']
[-1781200949160513024.000s] Level 1:colcon.colcon_core.package_identification:_identify(depthai_env/lib/python3.14/site-packages/numpy-2.4.6.dist-info/licenses/numpy/random/src/philox) by extension 'ignore'
[-1781200949160513024.000s] Level 1:colcon.colcon_core.package_identification:_identify(depthai_env/lib/python3.14/site-packages/numpy-2.4.6.dist-info/licenses/numpy/random/src/philox) by extension 'ignore_ament_install'
[-1781200949160513024.000s] Level 1:colcon.colcon_core.package_identification:_identify(depthai_env/lib/python3.14/site-packages/numpy-2.4.6.dist-info/licenses/numpy/random/src/philox) by extensions ['colcon_pkg']
[-1781200949160513024.000s] Level 1:colcon.colcon_core.package_identification:_identify(depthai_env/lib/python3.14/site-packages/numpy-2.4.6.dist-info/licenses/numpy/random/src/philox) by extension 'colcon_pkg'
[-1781200949160513024.000s] Level 1:colcon.colcon_core.package_identification:_identify(depthai_env/lib/python3.14/site-packages/numpy-2.4.6.dist-info/licenses/numpy/random/src/philox) by extensions ['colcon_meta']
[-1781200949160513024.000s] Level 1:colcon.colcon_core.package_identification:_identify(depthai_env/lib/python3.14/site-packages/numpy-2.4.6.dist-info/licenses/numpy/random/src/philox) by extension 'colcon_meta'
[-1781200949160513024.000s] Level 1:colcon.colcon_core.package_identification:_identify(depthai_env/lib/python3.14/site-packages/numpy-2.4.6.dist-info/licenses/numpy/random/src/philox) by extensions ['ros']
[-1781200949160513024.000s] Level 1:colcon.colcon_core.package_identification:_identify(depthai_env/lib/python3.14/site-packages/numpy-2.4.6.dist-info/licenses/numpy/random/src/philox) by extension 'ros'
[-1781200949160513024.000s] Level 1:colcon.colcon_core.package_identification:_identify(depthai_env/lib/python3.14/site-packages/numpy-2.4.6.dist-info/licenses/numpy/random/src/philox) by extensions ['cmake', 'python']
[-1781200949160513024.000s] Level 1:colcon.colcon_core.package_identification:_identify(depthai_env/lib/python3.14/site-packages/numpy-2.4.6.dist-info/licenses/numpy/random/src/philox) by extension 'cmake'
[-1781200949160513024.000s] Level 1:colcon.colcon_core.package_identification:_identify(depthai_env/lib/python3.14/site-packages/numpy-2.4.6.dist-info/licenses/numpy/random/src/philox) by extension 'python'
[-1781200949160513024.000s] Level 1:colcon.colcon_core.package_identification:_identify(depthai_env/lib/python3.14/site-packages/numpy-2.4.6.dist-info/licenses/numpy/random/src/sfc64) by extensions ['ignore', 'ignore_ament_install']
[-1781200949160513024.000s] Level 1:colcon.colcon_core.package_identification:_identify(depthai_env/lib/python3.14/site-packages/numpy-2.4.6.dist-info/licenses/numpy/random/src/sfc64) by extension 'ignore'
[-1781200949160513024.000s] Level 1:colcon.colcon_core.package_identification:_identify(depthai_env/lib/python3.14/site-packages/numpy-2.4.6.dist-info/licenses/numpy/random/src/sfc64) by extension 'ignore_ament_install'
[-1781200949160513024.000s] Level 1:colcon.colcon_core.package_identification:_identify(depthai_env/lib/python3.14/site-packages/numpy-2.4.6.dist-info/licenses/numpy/random/src/sfc64) by extensions ['colcon_pkg']
[-1781200949160513024.000s] Level 1:colcon.colcon_core.package_identification:_identify(depthai_env/lib/python3.14/site-packages/numpy-2.4.6.dist-info/licenses/numpy/random/src/sfc64) by extension 'colcon_pkg'
[-1781200949160513024.000s] Level 1:colcon.colcon_core.package_identification:_identify(depthai_env/lib/python3.14/site-packages/numpy-2.4.6.dist-info/licenses/numpy/random/src/sfc64) by extensions ['colcon_meta']
[-1781200949160513024.000s] Level 1:colcon.colcon_core.package_identification:_identify(depthai_env/lib/python3.14/site-packages/numpy-2.4.6.dist-info/licenses/numpy/random/src/sfc64) by extension 'colcon_meta'
[-1781200949160513024.000s] Level 1:colcon.colcon_core.package_identification:_identify(depthai_env/lib/python3.14/site-packages/numpy-2.4.6.dist-info/licenses/numpy/random/src/sfc64) by extensions ['ros']
[-1781200949160513024.000s] Level 1:colcon.colcon_core.package_identification:_identify(depthai_env/lib/python3.14/site-packages/numpy-2.4.6.dist-info/licenses/numpy/random/src/sfc64) by extension 'ros'
[-1781200949160513024.000s] Level 1:colcon.colcon_core.package_identification:_identify(depthai_env/lib/python3.14/site-packages/numpy-2.4.6.dist-info/licenses/numpy/random/src/sfc64) by extensions ['cmake', 'python']
[-1781200949160513024.000s] Level 1:colcon.colcon_core.package_identification:_identify(depthai_env/lib/python3.14/site-packages/numpy-2.4.6.dist-info/licenses/numpy/random/src/sfc64) by extension 'cmake'
[-1781200949160513024.000s] Level 1:colcon.colcon_core.package_identification:_identify(depthai_env/lib/python3.14/site-packages/numpy-2.4.6.dist-info/licenses/numpy/random/src/sfc64) by extension 'python'
[-1781200949160513024.000s] Level 1:colcon.colcon_core.package_identification:_identify(depthai_env/lib/python3.14/site-packages/numpy-2.4.6.dist-info/licenses/numpy/random/src/splitmix64) by extensions ['ignore', 'ignore_ament_install']
[-1781200949160513024.000s] Level 1:colcon.colcon_core.package_identification:_identify(depthai_env/lib/python3.14/site-packages/numpy-2.4.6.dist-info/licenses/numpy/random/src/splitmix64) by extension 'ignore'
[-1781200949160513024.000s] Level 1:colcon.colcon_core.package_identification:_identify(depthai_env/lib/python3.14/site-packages/numpy-2.4.6.dist-info/licenses/numpy/random/src/splitmix64) by extension 'ignore_ament_install'
[-1781200949160513024.000s] Level 1:colcon.colcon_core.package_identification:_identify(depthai_env/lib/python3.14/site-packages/numpy-2.4.6.dist-info/licenses/numpy/random/src/splitmix64) by extensions ['colcon_pkg']
[-1781200949160513024.000s] Level 1:colcon.colcon_core.package_identification:_identify(depthai_env/lib/python3.14/site-packages/numpy-2.4.6.dist-info/licenses/numpy/random/src/splitmix64) by extension 'colcon_pkg'
[-1781200949160513024.000s] Level 1:colcon.colcon_core.package_identification:_identify(depthai_env/lib/python3.14/site-packages/numpy-2.4.6.dist-info/licenses/numpy/random/src/splitmix64) by extensions ['colcon_meta']
[-1781200949160513024.000s] Level 1:colcon.colcon_core.package_identification:_identify(depthai_env/lib/python3.14/site-packages/numpy-2.4.6.dist-info/licenses/numpy/random/src/splitmix64) by extension 'colcon_meta'
[-1781200949160513024.000s] Level 1:colcon.colcon_core.package_identification:_identify(depthai_env/lib/python3.14/site-packages/numpy-2.4.6.dist-info/licenses/numpy/random/src/splitmix64) by extensions ['ros']
[-1781200949160513024.000s] Level 1:colcon.colcon_core.package_identification:_identify(depthai_env/lib/python3.14/site-packages/numpy-2.4.6.dist-info/licenses/numpy/random/src/splitmix64) by extension 'ros'
[-1781200949160513024.000s] Level 1:colcon.colcon_core.package_identification:_identify(depthai_env/lib/python3.14/site-packages/numpy-2.4.6.dist-info/licenses/numpy/random/src/splitmix64) by extensions ['cmake', 'python']
[-1781200949160513024.000s] Level 1:colcon.colcon_core.package_identification:_identify(depthai_env/lib/python3.14/site-packages/numpy-2.4.6.dist-info/licenses/numpy/random/src/splitmix64) by extension 'cmake'
[-1781200949160513024.000s] Level 1:colcon.colcon_core.package_identification:_identify(depthai_env/lib/python3.14/site-packages/numpy-2.4.6.dist-info/licenses/numpy/random/src/splitmix64) by extension 'python'
[-1781200949160513024.000s] Level 1:colcon.colcon_core.package_identification:_identify(depthai_env/lib/python3.14/site-packages/opencv_python-4.13.0.92.dist-info) by extensions ['ignore', 'ignore_ament_install']
[-1781200949160513024.000s] Level 1:colcon.colcon_core.package_identification:_identify(depthai_env/lib/python3.14/site-packages/opencv_python-4.13.0.92.dist-info) by extension 'ignore'
[-1781200949160513024.000s] Level 1:colcon.colcon_core.package_identification:_identify(depthai_env/lib/python3.14/site-packages/opencv_python-4.13.0.92.dist-info) by extension 'ignore_ament_install'
[-1781200949160513024.000s] Level 1:colcon.colcon_core.package_identification:_identify(depthai_env/lib/python3.14/site-packages/opencv_python-4.13.0.92.dist-info) by extensions ['colcon_pkg']
[-1781200949160513024.000s] Level 1:colcon.colcon_core.package_identification:_identify(depthai_env/lib/python3.14/site-packages/opencv_python-4.13.0.92.dist-info) by extension 'colcon_pkg'
[-1781200949160513024.000s] Level 1:colcon.colcon_core.package_identification:_identify(depthai_env/lib/python3.14/site-packages/opencv_python-4.13.0.92.dist-info) by extensions ['colcon_meta']
[-1781200949160513024.000s] Level 1:colcon.colcon_core.package_identification:_identify(depthai_env/lib/python3.14/site-packages/opencv_python-4.13.0.92.dist-info) by extension 'colcon_meta'
[-1781200949160513024.000s] Level 1:colcon.colcon_core.package_identification:_identify(depthai_env/lib/python3.14/site-packages/opencv_python-4.13.0.92.dist-info) by extensions ['ros']
[-1781200949160513024.000s] Level 1:colcon.colcon_core.package_identification:_identify(depthai_env/lib/python3.14/site-packages/opencv_python-4.13.0.92.dist-info) by extension 'ros'
[-1781200949160513024.000s] Level 1:colcon.colcon_core.package_identification:_identify(depthai_env/lib/python3.14/site-packages/opencv_python-4.13.0.92.dist-info) by extensions ['cmake', 'python']
[-1781200949160513024.000s] Level 1:colcon.colcon_core.package_identification:_identify(depthai_env/lib/python3.14/site-packages/opencv_python-4.13.0.92.dist-info) by extension 'cmake'
[-1781200949160513024.000s] Level 1:colcon.colcon_core.package_identification:_identify(depthai_env/lib/python3.14/site-packages/opencv_python-4.13.0.92.dist-info) by extension 'python'
[-1781200949160513024.000s] Level 1:colcon.colcon_core.package_identification:_identify(depthai_env/lib/python3.14/site-packages/palace.dylibs) by extensions ['ignore', 'ignore_ament_install']
[-1781200949160513024.000s] Level 1:colcon.colcon_core.package_identification:_identify(depthai_env/lib/python3.14/site-packages/palace.dylibs) by extension 'ignore'
[-1781200949160513024.000s] Level 1:colcon.colcon_core.package_identification:_identify(depthai_env/lib/python3.14/site-packages/palace.dylibs) by extension 'ignore_ament_install'
[-1781200949160513024.000s] Level 1:colcon.colcon_core.package_identification:_identify(depthai_env/lib/python3.14/site-packages/palace.dylibs) by extensions ['colcon_pkg']
[-1781200949160513024.000s] Level 1:colcon.colcon_core.package_identification:_identify(depthai_env/lib/python3.14/site-packages/palace.dylibs) by extension 'colcon_pkg'
[-1781200949160513024.000s] Level 1:colcon.colcon_core.package_identification:_identify(depthai_env/lib/python3.14/site-packages/palace.dylibs) by extensions ['colcon_meta']
[-1781200949160513024.000s] Level 1:colcon.colcon_core.package_identification:_identify(depthai_env/lib/python3.14/site-packages/palace.dylibs) by extension 'colcon_meta'
[-1781200949160513024.000s] Level 1:colcon.colcon_core.package_identification:_identify(depthai_env/lib/python3.14/site-packages/palace.dylibs) by extensions ['ros']
[-1781200949160513024.000s] Level 1:colcon.colcon_core.package_identification:_identify(depthai_env/lib/python3.14/site-packages/palace.dylibs) by extension 'ros'
[-1781200949160513024.000s] Level 1:colcon.colcon_core.package_identification:_identify(depthai_env/lib/python3.14/site-packages/palace.dylibs) by extensions ['cmake', 'python']
[-1781200949160513024.000s] Level 1:colcon.colcon_core.package_identification:_identify(depthai_env/lib/python3.14/site-packages/palace.dylibs) by extension 'cmake'
[-1781200949160513024.000s] Level 1:colcon.colcon_core.package_identification:_identify(depthai_env/lib/python3.14/site-packages/palace.dylibs) by extension 'python'
[-1781200949160513024.000s] Level 1:colcon.colcon_core.package_identification:_identify(depthai_env/lib/python3.14/site-packages/pip) by extensions ['ignore', 'ignore_ament_install']
[-1781200949160513024.000s] Level 1:colcon.colcon_core.package_identification:_identify(depthai_env/lib/python3.14/site-packages/pip) by extension 'ignore'
[-1781200949160513024.000s] Level 1:colcon.colcon_core.package_identification:_identify(depthai_env/lib/python3.14/site-packages/pip) by extension 'ignore_ament_install'
[-1781200949160513024.000s] Level 1:colcon.colcon_core.package_identification:_identify(depthai_env/lib/python3.14/site-packages/pip) by extensions ['colcon_pkg']
[-1781200949160513024.000s] Level 1:colcon.colcon_core.package_identification:_identify(depthai_env/lib/python3.14/site-packages/pip) by extension 'colcon_pkg'
[-1781200949160513024.000s] Level 1:colcon.colcon_core.package_identification:_identify(depthai_env/lib/python3.14/site-packages/pip) by extensions ['colcon_meta']
[-1781200949160513024.000s] Level 1:colcon.colcon_core.package_identification:_identify(depthai_env/lib/python3.14/site-packages/pip) by extension 'colcon_meta'
[-1781200949160513024.000s] Level 1:colcon.colcon_core.package_identification:_identify(depthai_env/lib/python3.14/site-packages/pip) by extensions ['ros']
[-1781200949160513024.000s] Level 1:colcon.colcon_core.package_identification:_identify(depthai_env/lib/python3.14/site-packages/pip) by extension 'ros'
[-1781200949160513024.000s] Level 1:colcon.colcon_core.package_identification:_identify(depthai_env/lib/python3.14/site-packages/pip) by extensions ['cmake', 'python']
[-1781200949160513024.000s] Level 1:colcon.colcon_core.package_identification:_identify(depthai_env/lib/python3.14/site-packages/pip) by extension 'cmake'
[-1781200949160513024.000s] Level 1:colcon.colcon_core.package_identification:_identify(depthai_env/lib/python3.14/site-packages/pip) by extension 'python'
[-1781200949160513024.000s] Level 1:colcon.colcon_core.package_identification:_identify(depthai_env/lib/python3.14/site-packages/pip/__pycache__) by extensions ['ignore', 'ignore_ament_install']
[-1781200949160513024.000s] Level 1:colcon.colcon_core.package_identification:_identify(depthai_env/lib/python3.14/site-packages/pip/__pycache__) by extension 'ignore'
[-1781200949160513024.000s] Level 1:colcon.colcon_core.package_identification:_identify(depthai_env/lib/python3.14/site-packages/pip/__pycache__) by extension 'ignore_ament_install'
[-1781200949160513024.000s] Level 1:colcon.colcon_core.package_identification:_identify(depthai_env/lib/python3.14/site-packages/pip/__pycache__) by extensions ['colcon_pkg']
[-1781200949160513024.000s] Level 1:colcon.colcon_core.package_identification:_identify(depthai_env/lib/python3.14/site-packages/pip/__pycache__) by extension 'colcon_pkg'
[-1781200949160513024.000s] Level 1:colcon.colcon_core.package_identification:_identify(depthai_env/lib/python3.14/site-packages/pip/__pycache__) by extensions ['colcon_meta']
[-1781200949160513024.000s] Level 1:colcon.colcon_core.package_identification:_identify(depthai_env/lib/python3.14/site-packages/pip/__pycache__) by extension 'colcon_meta'
[-1781200949160513024.000s] Level 1:colcon.colcon_core.package_identification:_identify(depthai_env/lib/python3.14/site-packages/pip/__pycache__) by extensions ['ros']
[-1781200949160513024.000s] Level 1:colcon.colcon_core.package_identification:_identify(depthai_env/lib/python3.14/site-packages/pip/__pycache__) by extension 'ros'
[-1781200949160513024.000s] Level 1:colcon.colcon_core.package_identification:_identify(depthai_env/lib/python3.14/site-packages/pip/__pycache__) by extensions ['cmake', 'python']
[-1781200949160513024.000s] Level 1:colcon.colcon_core.package_identification:_identify(depthai_env/lib/python3.14/site-packages/pip/__pycache__) by extension 'cmake'
[-1781200949160513024.000s] Level 1:colcon.colcon_core.package_identification:_identify(depthai_env/lib/python3.14/site-packages/pip/__pycache__) by extension 'python'
[-1781200949160513024.000s] Level 1:colcon.colcon_core.package_identification:_identify(depthai_env/lib/python3.14/site-packages/pip/_internal) by extensions ['ignore', 'ignore_ament_install']
[-1781200949160513024.000s] Level 1:colcon.colcon_core.package_identification:_identify(depthai_env/lib/python3.14/site-packages/pip/_internal) by extension 'ignore'
[-1781200949160513024.000s] Level 1:colcon.colcon_core.package_identification:_identify(depthai_env/lib/python3.14/site-packages/pip/_internal) by extension 'ignore_ament_install'
[-1781200949160513024.000s] Level 1:colcon.colcon_core.package_identification:_identify(depthai_env/lib/python3.14/site-packages/pip/_internal) by extensions ['colcon_pkg']
[-1781200949160513024.000s] Level 1:colcon.colcon_core.package_identification:_identify(depthai_env/lib/python3.14/site-packages/pip/_internal) by extension 'colcon_pkg'
[-1781200949160513024.000s] Level 1:colcon.colcon_core.package_identification:_identify(depthai_env/lib/python3.14/site-packages/pip/_internal) by extensions ['colcon_meta']
[-1781200949160513024.000s] Level 1:colcon.colcon_core.package_identification:_identify(depthai_env/lib/python3.14/site-packages/pip/_internal) by extension 'colcon_meta'
[-1781200949160513024.000s] Level 1:colcon.colcon_core.package_identification:_identify(depthai_env/lib/python3.14/site-packages/pip/_internal) by extensions ['ros']
[-1781200949160513024.000s] Level 1:colcon.colcon_core.package_identification:_identify(depthai_env/lib/python3.14/site-packages/pip/_internal) by extension 'ros'
[-1781200949160513024.000s] Level 1:colcon.colcon_core.package_identification:_identify(depthai_env/lib/python3.14/site-packages/pip/_internal) by extensions ['cmake', 'python']
[-1781200949160513024.000s] Level 1:colcon.colcon_core.package_identification:_identify(depthai_env/lib/python3.14/site-packages/pip/_internal) by extension 'cmake'
[-1781200949160513024.000s] Level 1:colcon.colcon_core.package_identification:_identify(depthai_env/lib/python3.14/site-packages/pip/_internal) by extension 'python'
[-1781200949160513024.000s] Level 1:colcon.colcon_core.package_identification:_identify(depthai_env/lib/python3.14/site-packages/pip/_internal/__pycache__) by extensions ['ignore', 'ignore_ament_install']
[-1781200949160513024.000s] Level 1:colcon.colcon_core.package_identification:_identify(depthai_env/lib/python3.14/site-packages/pip/_internal/__pycache__) by extension 'ignore'
[-1781200949160513024.000s] Level 1:colcon.colcon_core.package_identification:_identify(depthai_env/lib/python3.14/site-packages/pip/_internal/__pycache__) by extension 'ignore_ament_install'
[-1781200949160513024.000s] Level 1:colcon.colcon_core.package_identification:_identify(depthai_env/lib/python3.14/site-packages/pip/_internal/__pycache__) by extensions ['colcon_pkg']
[-1781200949160513024.000s] Level 1:colcon.colcon_core.package_identification:_identify(depthai_env/lib/python3.14/site-packages/pip/_internal/__pycache__) by extension 'colcon_pkg'
[-1781200949160513024.000s] Level 1:colcon.colcon_core.package_identification:_identify(depthai_env/lib/python3.14/site-packages/pip/_internal/__pycache__) by extensions ['colcon_meta']
[-1781200949160513024.000s] Level 1:colcon.colcon_core.package_identification:_identify(depthai_env/lib/python3.14/site-packages/pip/_internal/__pycache__) by extension 'colcon_meta'
[-1781200949160513024.000s] Level 1:colcon.colcon_core.package_identification:_identify(depthai_env/lib/python3.14/site-packages/pip/_internal/__pycache__) by extensions ['ros']
[-1781200949160513024.000s] Level 1:colcon.colcon_core.package_identification:_identify(depthai_env/lib/python3.14/site-packages/pip/_internal/__pycache__) by extension 'ros'
[-1781200949160513024.000s] Level 1:colcon.colcon_core.package_identification:_identify(depthai_env/lib/python3.14/site-packages/pip/_internal/__pycache__) by extensions ['cmake', 'python']
[-1781200949160513024.000s] Level 1:colcon.colcon_core.package_identification:_identify(depthai_env/lib/python3.14/site-packages/pip/_internal/__pycache__) by extension 'cmake'
[-1781200949160513024.000s] Level 1:colcon.colcon_core.package_identification:_identify(depthai_env/lib/python3.14/site-packages/pip/_internal/__pycache__) by extension 'python'
[-1781200949160513024.000s] Level 1:colcon.colcon_core.package_identification:_identify(depthai_env/lib/python3.14/site-packages/pip/_internal/cli) by extensions ['ignore', 'ignore_ament_install']
[-1781200949160513024.000s] Level 1:colcon.colcon_core.package_identification:_identify(depthai_env/lib/python3.14/site-packages/pip/_internal/cli) by extension 'ignore'
[-1781200949160513024.000s] Level 1:colcon.colcon_core.package_identification:_identify(depthai_env/lib/python3.14/site-packages/pip/_internal/cli) by extension 'ignore_ament_install'
[-1781200949160513024.000s] Level 1:colcon.colcon_core.package_identification:_identify(depthai_env/lib/python3.14/site-packages/pip/_internal/cli) by extensions ['colcon_pkg']
[-1781200949160513024.000s] Level 1:colcon.colcon_core.package_identification:_identify(depthai_env/lib/python3.14/site-packages/pip/_internal/cli) by extension 'colcon_pkg'
[-1781200949160513024.000s] Level 1:colcon.colcon_core.package_identification:_identify(depthai_env/lib/python3.14/site-packages/pip/_internal/cli) by extensions ['colcon_meta']
[-1781200949160513024.000s] Level 1:colcon.colcon_core.package_identification:_identify(depthai_env/lib/python3.14/site-packages/pip/_internal/cli) by extension 'colcon_meta'
[-1781200949160513024.000s] Level 1:colcon.colcon_core.package_identification:_identify(depthai_env/lib/python3.14/site-packages/pip/_internal/cli) by extensions ['ros']
[-1781200949160513024.000s] Level 1:colcon.colcon_core.package_identification:_identify(depthai_env/lib/python3.14/site-packages/pip/_internal/cli) by extension 'ros'
[-1781200949160513024.000s] Level 1:colcon.colcon_core.package_identification:_identify(depthai_env/lib/python3.14/site-packages/pip/_internal/cli) by extensions ['cmake', 'python']
[-1781200949160513024.000s] Level 1:colcon.colcon_core.package_identification:_identify(depthai_env/lib/python3.14/site-packages/pip/_internal/cli) by extension 'cmake'
[-1781200949160513024.000s] Level 1:colcon.colcon_core.package_identification:_identify(depthai_env/lib/python3.14/site-packages/pip/_internal/cli) by extension 'python'
[-1781200949160513024.000s] Level 1:colcon.colcon_core.package_identification:_identify(depthai_env/lib/python3.14/site-packages/pip/_internal/cli/__pycache__) by extensions ['ignore', 'ignore_ament_install']
[-1781200949160513024.000s] Level 1:colcon.colcon_core.package_identification:_identify(depthai_env/lib/python3.14/site-packages/pip/_internal/cli/__pycache__) by extension 'ignore'
[-1781200949160513024.000s] Level 1:colcon.colcon_core.package_identification:_identify(depthai_env/lib/python3.14/site-packages/pip/_internal/cli/__pycache__) by extension 'ignore_ament_install'
[-1781200949160513024.000s] Level 1:colcon.colcon_core.package_identification:_identify(depthai_env/lib/python3.14/site-packages/pip/_internal/cli/__pycache__) by extensions ['colcon_pkg']
[-1781200949160513024.000s] Level 1:colcon.colcon_core.package_identification:_identify(depthai_env/lib/python3.14/site-packages/pip/_internal/cli/__pycache__) by extension 'colcon_pkg'
[-1781200949160513024.000s] Level 1:colcon.colcon_core.package_identification:_identify(depthai_env/lib/python3.14/site-packages/pip/_internal/cli/__pycache__) by extensions ['colcon_meta']
[-1781200949160513024.000s] Level 1:colcon.colcon_core.package_identification:_identify(depthai_env/lib/python3.14/site-packages/pip/_internal/cli/__pycache__) by extension 'colcon_meta'
[-1781200949160513024.000s] Level 1:colcon.colcon_core.package_identification:_identify(depthai_env/lib/python3.14/site-packages/pip/_internal/cli/__pycache__) by extensions ['ros']
[-1781200949160513024.000s] Level 1:colcon.colcon_core.package_identification:_identify(depthai_env/lib/python3.14/site-packages/pip/_internal/cli/__pycache__) by extension 'ros'
[-1781200949160513024.000s] Level 1:colcon.colcon_core.package_identification:_identify(depthai_env/lib/python3.14/site-packages/pip/_internal/cli/__pycache__) by extensions ['cmake', 'python']
[-1781200949160513024.000s] Level 1:colcon.colcon_core.package_identification:_identify(depthai_env/lib/python3.14/site-packages/pip/_internal/cli/__pycache__) by extension 'cmake'
[-1781200949160513024.000s] Level 1:colcon.colcon_core.package_identification:_identify(depthai_env/lib/python3.14/site-packages/pip/_internal/cli/__pycache__) by extension 'python'
[-1781200949160513024.000s] Level 1:colcon.colcon_core.package_identification:_identify(depthai_env/lib/python3.14/site-packages/pip/_internal/commands) by extensions ['ignore', 'ignore_ament_install']
[-1781200949160513024.000s] Level 1:colcon.colcon_core.package_identification:_identify(depthai_env/lib/python3.14/site-packages/pip/_internal/commands) by extension 'ignore'
[-1781200949160513024.000s] Level 1:colcon.colcon_core.package_identification:_identify(depthai_env/lib/python3.14/site-packages/pip/_internal/commands) by extension 'ignore_ament_install'
[-1781200949160513024.000s] Level 1:colcon.colcon_core.package_identification:_identify(depthai_env/lib/python3.14/site-packages/pip/_internal/commands) by extensions ['colcon_pkg']
[-1781200949160513024.000s] Level 1:colcon.colcon_core.package_identification:_identify(depthai_env/lib/python3.14/site-packages/pip/_internal/commands) by extension 'colcon_pkg'
[-1781200949160513024.000s] Level 1:colcon.colcon_core.package_identification:_identify(depthai_env/lib/python3.14/site-packages/pip/_internal/commands) by extensions ['colcon_meta']
[-1781200949160513024.000s] Level 1:colcon.colcon_core.package_identification:_identify(depthai_env/lib/python3.14/site-packages/pip/_internal/commands) by extension 'colcon_meta'
[-1781200949160513024.000s] Level 1:colcon.colcon_core.package_identification:_identify(depthai_env/lib/python3.14/site-packages/pip/_internal/commands) by extensions ['ros']
[-1781200949160513024.000s] Level 1:colcon.colcon_core.package_identification:_identify(depthai_env/lib/python3.14/site-packages/pip/_internal/commands) by extension 'ros'
[-1781200949160513024.000s] Level 1:colcon.colcon_core.package_identification:_identify(depthai_env/lib/python3.14/site-packages/pip/_internal/commands) by extensions ['cmake', 'python']
[-1781200949160513024.000s] Level 1:colcon.colcon_core.package_identification:_identify(depthai_env/lib/python3.14/site-packages/pip/_internal/commands) by extension 'cmake'
[-1781200949160513024.000s] Level 1:colcon.colcon_core.package_identification:_identify(depthai_env/lib/python3.14/site-packages/pip/_internal/commands) by extension 'python'
[-1781200949160513024.000s] Level 1:colcon.colcon_core.package_identification:_identify(depthai_env/lib/python3.14/site-packages/pip/_internal/commands/__pycache__) by extensions ['ignore', 'ignore_ament_install']
[-1781200949160513024.000s] Level 1:colcon.colcon_core.package_identification:_identify(depthai_env/lib/python3.14/site-packages/pip/_internal/commands/__pycache__) by extension 'ignore'
[-1781200949160513024.000s] Level 1:colcon.colcon_core.package_identification:_identify(depthai_env/lib/python3.14/site-packages/pip/_internal/commands/__pycache__) by extension 'ignore_ament_install'
[-1781200949160513024.000s] Level 1:colcon.colcon_core.package_identification:_identify(depthai_env/lib/python3.14/site-packages/pip/_internal/commands/__pycache__) by extensions ['colcon_pkg']
[-1781200949160513024.000s] Level 1:colcon.colcon_core.package_identification:_identify(depthai_env/lib/python3.14/site-packages/pip/_internal/commands/__pycache__) by extension 'colcon_pkg'
[-1781200949160513024.000s] Level 1:colcon.colcon_core.package_identification:_identify(depthai_env/lib/python3.14/site-packages/pip/_internal/commands/__pycache__) by extensions ['colcon_meta']
[-1781200949160513024.000s] Level 1:colcon.colcon_core.package_identification:_identify(depthai_env/lib/python3.14/site-packages/pip/_internal/commands/__pycache__) by extension 'colcon_meta'
[-1781200949160513024.000s] Level 1:colcon.colcon_core.package_identification:_identify(depthai_env/lib/python3.14/site-packages/pip/_internal/commands/__pycache__) by extensions ['ros']
[-1781200949160513024.000s] Level 1:colcon.colcon_core.package_identification:_identify(depthai_env/lib/python3.14/site-packages/pip/_internal/commands/__pycache__) by extension 'ros'
[-1781200949160513024.000s] Level 1:colcon.colcon_core.package_identification:_identify(depthai_env/lib/python3.14/site-packages/pip/_internal/commands/__pycache__) by extensions ['cmake', 'python']
[-1781200949160513024.000s] Level 1:colcon.colcon_core.package_identification:_identify(depthai_env/lib/python3.14/site-packages/pip/_internal/commands/__pycache__) by extension 'cmake'
[-1781200949160513024.000s] Level 1:colcon.colcon_core.package_identification:_identify(depthai_env/lib/python3.14/site-packages/pip/_internal/commands/__pycache__) by extension 'python'
[-1781200949160513024.000s] Level 1:colcon.colcon_core.package_identification:_identify(depthai_env/lib/python3.14/site-packages/pip/_internal/distributions) by extensions ['ignore', 'ignore_ament_install']
[-1781200949160513024.000s] Level 1:colcon.colcon_core.package_identification:_identify(depthai_env/lib/python3.14/site-packages/pip/_internal/distributions) by extension 'ignore'
[-1781200949160513024.000s] Level 1:colcon.colcon_core.package_identification:_identify(depthai_env/lib/python3.14/site-packages/pip/_internal/distributions) by extension 'ignore_ament_install'
[-1781200949160513024.000s] Level 1:colcon.colcon_core.package_identification:_identify(depthai_env/lib/python3.14/site-packages/pip/_internal/distributions) by extensions ['colcon_pkg']
[-1781200949160513024.000s] Level 1:colcon.colcon_core.package_identification:_identify(depthai_env/lib/python3.14/site-packages/pip/_internal/distributions) by extension 'colcon_pkg'
[-1781200949160513024.000s] Level 1:colcon.colcon_core.package_identification:_identify(depthai_env/lib/python3.14/site-packages/pip/_internal/distributions) by extensions ['colcon_meta']
[-1781200949160513024.000s] Level 1:colcon.colcon_core.package_identification:_identify(depthai_env/lib/python3.14/site-packages/pip/_internal/distributions) by extension 'colcon_meta'
[-1781200949160513024.000s] Level 1:colcon.colcon_core.package_identification:_identify(depthai_env/lib/python3.14/site-packages/pip/_internal/distributions) by extensions ['ros']
[-1781200949160513024.000s] Level 1:colcon.colcon_core.package_identification:_identify(depthai_env/lib/python3.14/site-packages/pip/_internal/distributions) by extension 'ros'
[-1781200949160513024.000s] Level 1:colcon.colcon_core.package_identification:_identify(depthai_env/lib/python3.14/site-packages/pip/_internal/distributions) by extensions ['cmake', 'python']
[-1781200949160513024.000s] Level 1:colcon.colcon_core.package_identification:_identify(depthai_env/lib/python3.14/site-packages/pip/_internal/distributions) by extension 'cmake'
[-1781200949160513024.000s] Level 1:colcon.colcon_core.package_identification:_identify(depthai_env/lib/python3.14/site-packages/pip/_internal/distributions) by extension 'python'
[-1781200949160513024.000s] Level 1:colcon.colcon_core.package_identification:_identify(depthai_env/lib/python3.14/site-packages/pip/_internal/distributions/__pycache__) by extensions ['ignore', 'ignore_ament_install']
[-1781200949160513024.000s] Level 1:colcon.colcon_core.package_identification:_identify(depthai_env/lib/python3.14/site-packages/pip/_internal/distributions/__pycache__) by extension 'ignore'
[-1781200949160513024.000s] Level 1:colcon.colcon_core.package_identification:_identify(depthai_env/lib/python3.14/site-packages/pip/_internal/distributions/__pycache__) by extension 'ignore_ament_install'
[-1781200949160513024.000s] Level 1:colcon.colcon_core.package_identification:_identify(depthai_env/lib/python3.14/site-packages/pip/_internal/distributions/__pycache__) by extensions ['colcon_pkg']
[-1781200949160513024.000s] Level 1:colcon.colcon_core.package_identification:_identify(depthai_env/lib/python3.14/site-packages/pip/_internal/distributions/__pycache__) by extension 'colcon_pkg'
[-1781200949160513024.000s] Level 1:colcon.colcon_core.package_identification:_identify(depthai_env/lib/python3.14/site-packages/pip/_internal/distributions/__pycache__) by extensions ['colcon_meta']
[-1781200949160513024.000s] Level 1:colcon.colcon_core.package_identification:_identify(depthai_env/lib/python3.14/site-packages/pip/_internal/distributions/__pycache__) by extension 'colcon_meta'
[-1781200949160513024.000s] Level 1:colcon.colcon_core.package_identification:_identify(depthai_env/lib/python3.14/site-packages/pip/_internal/distributions/__pycache__) by extensions ['ros']
[-1781200949160513024.000s] Level 1:colcon.colcon_core.package_identification:_identify(depthai_env/lib/python3.14/site-packages/pip/_internal/distributions/__pycache__) by extension 'ros'
[-1781200949160513024.000s] Level 1:colcon.colcon_core.package_identification:_identify(depthai_env/lib/python3.14/site-packages/pip/_internal/distributions/__pycache__) by extensions ['cmake', 'python']
[-1781200949160513024.000s] Level 1:colcon.colcon_core.package_identification:_identify(depthai_env/lib/python3.14/site-packages/pip/_internal/distributions/__pycache__) by extension 'cmake'
[-1781200949160513024.000s] Level 1:colcon.colcon_core.package_identification:_identify(depthai_env/lib/python3.14/site-packages/pip/_internal/distributions/__pycache__) by extension 'python'
[-1781200949160513024.000s] Level 1:colcon.colcon_core.package_identification:_identify(depthai_env/lib/python3.14/site-packages/pip/_internal/index) by extensions ['ignore', 'ignore_ament_install']
[-1781200949160513024.000s] Level 1:colcon.colcon_core.package_identification:_identify(depthai_env/lib/python3.14/site-packages/pip/_internal/index) by extension 'ignore'
[-1781200949160513024.000s] Level 1:colcon.colcon_core.package_identification:_identify(depthai_env/lib/python3.14/site-packages/pip/_internal/index) by extension 'ignore_ament_install'
[-1781200949160513024.000s] Level 1:colcon.colcon_core.package_identification:_identify(depthai_env/lib/python3.14/site-packages/pip/_internal/index) by extensions ['colcon_pkg']
[-1781200949160513024.000s] Level 1:colcon.colcon_core.package_identification:_identify(depthai_env/lib/python3.14/site-packages/pip/_internal/index) by extension 'colcon_pkg'
[-1781200949160513024.000s] Level 1:colcon.colcon_core.package_identification:_identify(depthai_env/lib/python3.14/site-packages/pip/_internal/index) by extensions ['colcon_meta']
[-1781200949160513024.000s] Level 1:colcon.colcon_core.package_identification:_identify(depthai_env/lib/python3.14/site-packages/pip/_internal/index) by extension 'colcon_meta'
[-1781200949160513024.000s] Level 1:colcon.colcon_core.package_identification:_identify(depthai_env/lib/python3.14/site-packages/pip/_internal/index) by extensions ['ros']
[-1781200949160513024.000s] Level 1:colcon.colcon_core.package_identification:_identify(depthai_env/lib/python3.14/site-packages/pip/_internal/index) by extension 'ros'
[-1781200949160513024.000s] Level 1:colcon.colcon_core.package_identification:_identify(depthai_env/lib/python3.14/site-packages/pip/_internal/index) by extensions ['cmake', 'python']
[-1781200949160513024.000s] Level 1:colcon.colcon_core.package_identification:_identify(depthai_env/lib/python3.14/site-packages/pip/_internal/index) by extension 'cmake'
[-1781200949160513024.000s] Level 1:colcon.colcon_core.package_identification:_identify(depthai_env/lib/python3.14/site-packages/pip/_internal/index) by extension 'python'
[-1781200949160513024.000s] Level 1:colcon.colcon_core.package_identification:_identify(depthai_env/lib/python3.14/site-packages/pip/_internal/index/__pycache__) by extensions ['ignore', 'ignore_ament_install']
[-1781200949160513024.000s] Level 1:colcon.colcon_core.package_identification:_identify(depthai_env/lib/python3.14/site-packages/pip/_internal/index/__pycache__) by extension 'ignore'
[-1781200949160513024.000s] Level 1:colcon.colcon_core.package_identification:_identify(depthai_env/lib/python3.14/site-packages/pip/_internal/index/__pycache__) by extension 'ignore_ament_install'
[-1781200949160513024.000s] Level 1:colcon.colcon_core.package_identification:_identify(depthai_env/lib/python3.14/site-packages/pip/_internal/index/__pycache__) by extensions ['colcon_pkg']
[-1781200949160513024.000s] Level 1:colcon.colcon_core.package_identification:_identify(depthai_env/lib/python3.14/site-packages/pip/_internal/index/__pycache__) by extension 'colcon_pkg'
[-1781200949160513024.000s] Level 1:colcon.colcon_core.package_identification:_identify(depthai_env/lib/python3.14/site-packages/pip/_internal/index/__pycache__) by extensions ['colcon_meta']
[-1781200949160513024.000s] Level 1:colcon.colcon_core.package_identification:_identify(depthai_env/lib/python3.14/site-packages/pip/_internal/index/__pycache__) by extension 'colcon_meta'
[-1781200949160513024.000s] Level 1:colcon.colcon_core.package_identification:_identify(depthai_env/lib/python3.14/site-packages/pip/_internal/index/__pycache__) by extensions ['ros']
[-1781200949160513024.000s] Level 1:colcon.colcon_core.package_identification:_identify(depthai_env/lib/python3.14/site-packages/pip/_internal/index/__pycache__) by extension 'ros'
[-1781200949160513024.000s] Level 1:colcon.colcon_core.package_identification:_identify(depthai_env/lib/python3.14/site-packages/pip/_internal/index/__pycache__) by extensions ['cmake', 'python']
[-1781200949160513024.000s] Level 1:colcon.colcon_core.package_identification:_identify(depthai_env/lib/python3.14/site-packages/pip/_internal/index/__pycache__) by extension 'cmake'
[-1781200949160513024.000s] Level 1:colcon.colcon_core.package_identification:_identify(depthai_env/lib/python3.14/site-packages/pip/_internal/index/__pycache__) by extension 'python'
[-1781200949160513024.000s] Level 1:colcon.colcon_core.package_identification:_identify(depthai_env/lib/python3.14/site-packages/pip/_internal/locations) by extensions ['ignore', 'ignore_ament_install']
[-1781200949160513024.000s] Level 1:colcon.colcon_core.package_identification:_identify(depthai_env/lib/python3.14/site-packages/pip/_internal/locations) by extension 'ignore'
[-1781200949160513024.000s] Level 1:colcon.colcon_core.package_identification:_identify(depthai_env/lib/python3.14/site-packages/pip/_internal/locations) by extension 'ignore_ament_install'
[-1781200949160513024.000s] Level 1:colcon.colcon_core.package_identification:_identify(depthai_env/lib/python3.14/site-packages/pip/_internal/locations) by extensions ['colcon_pkg']
[-1781200949160513024.000s] Level 1:colcon.colcon_core.package_identification:_identify(depthai_env/lib/python3.14/site-packages/pip/_internal/locations) by extension 'colcon_pkg'
[-1781200949160513024.000s] Level 1:colcon.colcon_core.package_identification:_identify(depthai_env/lib/python3.14/site-packages/pip/_internal/locations) by extensions ['colcon_meta']
[-1781200949160513024.000s] Level 1:colcon.colcon_core.package_identification:_identify(depthai_env/lib/python3.14/site-packages/pip/_internal/locations) by extension 'colcon_meta'
[-1781200949160513024.000s] Level 1:colcon.colcon_core.package_identification:_identify(depthai_env/lib/python3.14/site-packages/pip/_internal/locations) by extensions ['ros']
[-1781200949160513024.000s] Level 1:colcon.colcon_core.package_identification:_identify(depthai_env/lib/python3.14/site-packages/pip/_internal/locations) by extension 'ros'
[-1781200949160513024.000s] Level 1:colcon.colcon_core.package_identification:_identify(depthai_env/lib/python3.14/site-packages/pip/_internal/locations) by extensions ['cmake', 'python']
[-1781200949160513024.000s] Level 1:colcon.colcon_core.package_identification:_identify(depthai_env/lib/python3.14/site-packages/pip/_internal/locations) by extension 'cmake'
[-1781200949160513024.000s] Level 1:colcon.colcon_core.package_identification:_identify(depthai_env/lib/python3.14/site-packages/pip/_internal/locations) by extension 'python'
[-1781200949160513024.000s] Level 1:colcon.colcon_core.package_identification:_identify(depthai_env/lib/python3.14/site-packages/pip/_internal/locations/__pycache__) by extensions ['ignore', 'ignore_ament_install']
[-1781200949160513024.000s] Level 1:colcon.colcon_core.package_identification:_identify(depthai_env/lib/python3.14/site-packages/pip/_internal/locations/__pycache__) by extension 'ignore'
[-1781200949160513024.000s] Level 1:colcon.colcon_core.package_identification:_identify(depthai_env/lib/python3.14/site-packages/pip/_internal/locations/__pycache__) by extension 'ignore_ament_install'
[-1781200949160513024.000s] Level 1:colcon.colcon_core.package_identification:_identify(depthai_env/lib/python3.14/site-packages/pip/_internal/locations/__pycache__) by extensions ['colcon_pkg']
[-1781200949160513024.000s] Level 1:colcon.colcon_core.package_identification:_identify(depthai_env/lib/python3.14/site-packages/pip/_internal/locations/__pycache__) by extension 'colcon_pkg'
[-1781200949160513024.000s] Level 1:colcon.colcon_core.package_identification:_identify(depthai_env/lib/python3.14/site-packages/pip/_internal/locations/__pycache__) by extensions ['colcon_meta']
[-1781200949160513024.000s] Level 1:colcon.colcon_core.package_identification:_identify(depthai_env/lib/python3.14/site-packages/pip/_internal/locations/__pycache__) by extension 'colcon_meta'
[-1781200949160513024.000s] Level 1:colcon.colcon_core.package_identification:_identify(depthai_env/lib/python3.14/site-packages/pip/_internal/locations/__pycache__) by extensions ['ros']
[-1781200949160513024.000s] Level 1:colcon.colcon_core.package_identification:_identify(depthai_env/lib/python3.14/site-packages/pip/_internal/locations/__pycache__) by extension 'ros'
[-1781200949160513024.000s] Level 1:colcon.colcon_core.package_identification:_identify(depthai_env/lib/python3.14/site-packages/pip/_internal/locations/__pycache__) by extensions ['cmake', 'python']
[-1781200949160513024.000s] Level 1:colcon.colcon_core.package_identification:_identify(depthai_env/lib/python3.14/site-packages/pip/_internal/locations/__pycache__) by extension 'cmake'
[-1781200949160513024.000s] Level 1:colcon.colcon_core.package_identification:_identify(depthai_env/lib/python3.14/site-packages/pip/_internal/locations/__pycache__) by extension 'python'
[-1781200949160513024.000s] Level 1:colcon.colcon_core.package_identification:_identify(depthai_env/lib/python3.14/site-packages/pip/_internal/metadata) by extensions ['ignore', 'ignore_ament_install']
[-1781200949160513024.000s] Level 1:colcon.colcon_core.package_identification:_identify(depthai_env/lib/python3.14/site-packages/pip/_internal/metadata) by extension 'ignore'
[-1781200949160513024.000s] Level 1:colcon.colcon_core.package_identification:_identify(depthai_env/lib/python3.14/site-packages/pip/_internal/metadata) by extension 'ignore_ament_install'
[-1781200949160513024.000s] Level 1:colcon.colcon_core.package_identification:_identify(depthai_env/lib/python3.14/site-packages/pip/_internal/metadata) by extensions ['colcon_pkg']
[-1781200949160513024.000s] Level 1:colcon.colcon_core.package_identification:_identify(depthai_env/lib/python3.14/site-packages/pip/_internal/metadata) by extension 'colcon_pkg'
[-1781200949160513024.000s] Level 1:colcon.colcon_core.package_identification:_identify(depthai_env/lib/python3.14/site-packages/pip/_internal/metadata) by extensions ['colcon_meta']
[-1781200949160513024.000s] Level 1:colcon.colcon_core.package_identification:_identify(depthai_env/lib/python3.14/site-packages/pip/_internal/metadata) by extension 'colcon_meta'
[-1781200949160513024.000s] Level 1:colcon.colcon_core.package_identification:_identify(depthai_env/lib/python3.14/site-packages/pip/_internal/metadata) by extensions ['ros']
[-1781200949160513024.000s] Level 1:colcon.colcon_core.package_identification:_identify(depthai_env/lib/python3.14/site-packages/pip/_internal/metadata) by extension 'ros'
[-1781200949160513024.000s] Level 1:colcon.colcon_core.package_identification:_identify(depthai_env/lib/python3.14/site-packages/pip/_internal/metadata) by extensions ['cmake', 'python']
[-1781200949160513024.000s] Level 1:colcon.colcon_core.package_identification:_identify(depthai_env/lib/python3.14/site-packages/pip/_internal/metadata) by extension 'cmake'
[-1781200949160513024.000s] Level 1:colcon.colcon_core.package_identification:_identify(depthai_env/lib/python3.14/site-packages/pip/_internal/metadata) by extension 'python'
[-1781200949160513024.000s] Level 1:colcon.colcon_core.package_identification:_identify(depthai_env/lib/python3.14/site-packages/pip/_internal/metadata/__pycache__) by extensions ['ignore', 'ignore_ament_install']
[-1781200949160513024.000s] Level 1:colcon.colcon_core.package_identification:_identify(depthai_env/lib/python3.14/site-packages/pip/_internal/metadata/__pycache__) by extension 'ignore'
[-1781200949160513024.000s] Level 1:colcon.colcon_core.package_identification:_identify(depthai_env/lib/python3.14/site-packages/pip/_internal/metadata/__pycache__) by extension 'ignore_ament_install'
[-1781200949160513024.000s] Level 1:colcon.colcon_core.package_identification:_identify(depthai_env/lib/python3.14/site-packages/pip/_internal/metadata/__pycache__) by extensions ['colcon_pkg']
[-1781200949160513024.000s] Level 1:colcon.colcon_core.package_identification:_identify(depthai_env/lib/python3.14/site-packages/pip/_internal/metadata/__pycache__) by extension 'colcon_pkg'
[-1781200949160513024.000s] Level 1:colcon.colcon_core.package_identification:_identify(depthai_env/lib/python3.14/site-packages/pip/_internal/metadata/__pycache__) by extensions ['colcon_meta']
[-1781200949160513024.000s] Level 1:colcon.colcon_core.package_identification:_identify(depthai_env/lib/python3.14/site-packages/pip/_internal/metadata/__pycache__) by extension 'colcon_meta'
[-1781200949160513024.000s] Level 1:colcon.colcon_core.package_identification:_identify(depthai_env/lib/python3.14/site-packages/pip/_internal/metadata/__pycache__) by extensions ['ros']
[-1781200949160513024.000s] Level 1:colcon.colcon_core.package_identification:_identify(depthai_env/lib/python3.14/site-packages/pip/_internal/metadata/__pycache__) by extension 'ros'
[-1781200949160513024.000s] Level 1:colcon.colcon_core.package_identification:_identify(depthai_env/lib/python3.14/site-packages/pip/_internal/metadata/__pycache__) by extensions ['cmake', 'python']
[-1781200949160513024.000s] Level 1:colcon.colcon_core.package_identification:_identify(depthai_env/lib/python3.14/site-packages/pip/_internal/metadata/__pycache__) by extension 'cmake'
[-1781200949160513024.000s] Level 1:colcon.colcon_core.package_identification:_identify(depthai_env/lib/python3.14/site-packages/pip/_internal/metadata/__pycache__) by extension 'python'
[-1781200949160513024.000s] Level 1:colcon.colcon_core.package_identification:_identify(depthai_env/lib/python3.14/site-packages/pip/_internal/metadata/importlib) by extensions ['ignore', 'ignore_ament_install']
[-1781200949160513024.000s] Level 1:colcon.colcon_core.package_identification:_identify(depthai_env/lib/python3.14/site-packages/pip/_internal/metadata/importlib) by extension 'ignore'
[-1781200949160513024.000s] Level 1:colcon.colcon_core.package_identification:_identify(depthai_env/lib/python3.14/site-packages/pip/_internal/metadata/importlib) by extension 'ignore_ament_install'
[-1781200949160513024.000s] Level 1:colcon.colcon_core.package_identification:_identify(depthai_env/lib/python3.14/site-packages/pip/_internal/metadata/importlib) by extensions ['colcon_pkg']
[-1781200949160513024.000s] Level 1:colcon.colcon_core.package_identification:_identify(depthai_env/lib/python3.14/site-packages/pip/_internal/metadata/importlib) by extension 'colcon_pkg'
[-1781200949160513024.000s] Level 1:colcon.colcon_core.package_identification:_identify(depthai_env/lib/python3.14/site-packages/pip/_internal/metadata/importlib) by extensions ['colcon_meta']
[-1781200949160513024.000s] Level 1:colcon.colcon_core.package_identification:_identify(depthai_env/lib/python3.14/site-packages/pip/_internal/metadata/importlib) by extension 'colcon_meta'
[-1781200949160513024.000s] Level 1:colcon.colcon_core.package_identification:_identify(depthai_env/lib/python3.14/site-packages/pip/_internal/metadata/importlib) by extensions ['ros']
[-1781200949160513024.000s] Level 1:colcon.colcon_core.package_identification:_identify(depthai_env/lib/python3.14/site-packages/pip/_internal/metadata/importlib) by extension 'ros'
[-1781200949160513024.000s] Level 1:colcon.colcon_core.package_identification:_identify(depthai_env/lib/python3.14/site-packages/pip/_internal/metadata/importlib) by extensions ['cmake', 'python']
[-1781200949160513024.000s] Level 1:colcon.colcon_core.package_identification:_identify(depthai_env/lib/python3.14/site-packages/pip/_internal/metadata/importlib) by extension 'cmake'
[-1781200949160513024.000s] Level 1:colcon.colcon_core.package_identification:_identify(depthai_env/lib/python3.14/site-packages/pip/_internal/metadata/importlib) by extension 'python'
[-1781200949160513024.000s] Level 1:colcon.colcon_core.package_identification:_identify(depthai_env/lib/python3.14/site-packages/pip/_internal/metadata/importlib/__pycache__) by extensions ['ignore', 'ignore_ament_install']
[-1781200949160513024.000s] Level 1:colcon.colcon_core.package_identification:_identify(depthai_env/lib/python3.14/site-packages/pip/_internal/metadata/importlib/__pycache__) by extension 'ignore'
[-1781200949160513024.000s] Level 1:colcon.colcon_core.package_identification:_identify(depthai_env/lib/python3.14/site-packages/pip/_internal/metadata/importlib/__pycache__) by extension 'ignore_ament_install'
[-1781200949160513024.000s] Level 1:colcon.colcon_core.package_identification:_identify(depthai_env/lib/python3.14/site-packages/pip/_internal/metadata/importlib/__pycache__) by extensions ['colcon_pkg']
[-1781200949160513024.000s] Level 1:colcon.colcon_core.package_identification:_identify(depthai_env/lib/python3.14/site-packages/pip/_internal/metadata/importlib/__pycache__) by extension 'colcon_pkg'
[-1781200949160513024.000s] Level 1:colcon.colcon_core.package_identification:_identify(depthai_env/lib/python3.14/site-packages/pip/_internal/metadata/importlib/__pycache__) by extensions ['colcon_meta']
[-1781200949160513024.000s] Level 1:colcon.colcon_core.package_identification:_identify(depthai_env/lib/python3.14/site-packages/pip/_internal/metadata/importlib/__pycache__) by extension 'colcon_meta'
[-1781200949160513024.000s] Level 1:colcon.colcon_core.package_identification:_identify(depthai_env/lib/python3.14/site-packages/pip/_internal/metadata/importlib/__pycache__) by extensions ['ros']
[-1781200949160513024.000s] Level 1:colcon.colcon_core.package_identification:_identify(depthai_env/lib/python3.14/site-packages/pip/_internal/metadata/importlib/__pycache__) by extension 'ros'
[-1781200949160513024.000s] Level 1:colcon.colcon_core.package_identification:_identify(depthai_env/lib/python3.14/site-packages/pip/_internal/metadata/importlib/__pycache__) by extensions ['cmake', 'python']
[-1781200949160513024.000s] Level 1:colcon.colcon_core.package_identification:_identify(depthai_env/lib/python3.14/site-packages/pip/_internal/metadata/importlib/__pycache__) by extension 'cmake'
[-1781200949160513024.000s] Level 1:colcon.colcon_core.package_identification:_identify(depthai_env/lib/python3.14/site-packages/pip/_internal/metadata/importlib/__pycache__) by extension 'python'
[-1781200949160513024.000s] Level 1:colcon.colcon_core.package_identification:_identify(depthai_env/lib/python3.14/site-packages/pip/_internal/models) by extensions ['ignore', 'ignore_ament_install']
[-1781200949160513024.000s] Level 1:colcon.colcon_core.package_identification:_identify(depthai_env/lib/python3.14/site-packages/pip/_internal/models) by extension 'ignore'
[-1781200949160513024.000s] Level 1:colcon.colcon_core.package_identification:_identify(depthai_env/lib/python3.14/site-packages/pip/_internal/models) by extension 'ignore_ament_install'
[-1781200949160513024.000s] Level 1:colcon.colcon_core.package_identification:_identify(depthai_env/lib/python3.14/site-packages/pip/_internal/models) by extensions ['colcon_pkg']
[-1781200949160513024.000s] Level 1:colcon.colcon_core.package_identification:_identify(depthai_env/lib/python3.14/site-packages/pip/_internal/models) by extension 'colcon_pkg'
[-1781200949160513024.000s] Level 1:colcon.colcon_core.package_identification:_identify(depthai_env/lib/python3.14/site-packages/pip/_internal/models) by extensions ['colcon_meta']
[-1781200949160513024.000s] Level 1:colcon.colcon_core.package_identification:_identify(depthai_env/lib/python3.14/site-packages/pip/_internal/models) by extension 'colcon_meta'
[-1781200949160513024.000s] Level 1:colcon.colcon_core.package_identification:_identify(depthai_env/lib/python3.14/site-packages/pip/_internal/models) by extensions ['ros']
[-1781200949160513024.000s] Level 1:colcon.colcon_core.package_identification:_identify(depthai_env/lib/python3.14/site-packages/pip/_internal/models) by extension 'ros'
[-1781200949160513024.000s] Level 1:colcon.colcon_core.package_identification:_identify(depthai_env/lib/python3.14/site-packages/pip/_internal/models) by extensions ['cmake', 'python']
[-1781200949160513024.000s] Level 1:colcon.colcon_core.package_identification:_identify(depthai_env/lib/python3.14/site-packages/pip/_internal/models) by extension 'cmake'
[-1781200949160513024.000s] Level 1:colcon.colcon_core.package_identification:_identify(depthai_env/lib/python3.14/site-packages/pip/_internal/models) by extension 'python'
[-1781200949160513024.000s] Level 1:colcon.colcon_core.package_identification:_identify(depthai_env/lib/python3.14/site-packages/pip/_internal/models/__pycache__) by extensions ['ignore', 'ignore_ament_install']
[-1781200949160513024.000s] Level 1:colcon.colcon_core.package_identification:_identify(depthai_env/lib/python3.14/site-packages/pip/_internal/models/__pycache__) by extension 'ignore'
[-1781200949160513024.000s] Level 1:colcon.colcon_core.package_identification:_identify(depthai_env/lib/python3.14/site-packages/pip/_internal/models/__pycache__) by extension 'ignore_ament_install'
[-1781200949160513024.000s] Level 1:colcon.colcon_core.package_identification:_identify(depthai_env/lib/python3.14/site-packages/pip/_internal/models/__pycache__) by extensions ['colcon_pkg']
[-1781200949160513024.000s] Level 1:colcon.colcon_core.package_identification:_identify(depthai_env/lib/python3.14/site-packages/pip/_internal/models/__pycache__) by extension 'colcon_pkg'
[-1781200949160513024.000s] Level 1:colcon.colcon_core.package_identification:_identify(depthai_env/lib/python3.14/site-packages/pip/_internal/models/__pycache__) by extensions ['colcon_meta']
[-1781200949160513024.000s] Level 1:colcon.colcon_core.package_identification:_identify(depthai_env/lib/python3.14/site-packages/pip/_internal/models/__pycache__) by extension 'colcon_meta'
[-1781200949160513024.000s] Level 1:colcon.colcon_core.package_identification:_identify(depthai_env/lib/python3.14/site-packages/pip/_internal/models/__pycache__) by extensions ['ros']
[-1781200949160513024.000s] Level 1:colcon.colcon_core.package_identification:_identify(depthai_env/lib/python3.14/site-packages/pip/_internal/models/__pycache__) by extension 'ros'
[-1781200949160513024.000s] Level 1:colcon.colcon_core.package_identification:_identify(depthai_env/lib/python3.14/site-packages/pip/_internal/models/__pycache__) by extensions ['cmake', 'python']
[-1781200949160513024.000s] Level 1:colcon.colcon_core.package_identification:_identify(depthai_env/lib/python3.14/site-packages/pip/_internal/models/__pycache__) by extension 'cmake'
[-1781200949160513024.000s] Level 1:colcon.colcon_core.package_identification:_identify(depthai_env/lib/python3.14/site-packages/pip/_internal/models/__pycache__) by extension 'python'
[-1781200949160513024.000s] Level 1:colcon.colcon_core.package_identification:_identify(depthai_env/lib/python3.14/site-packages/pip/_internal/network) by extensions ['ignore', 'ignore_ament_install']
[-1781200949160513024.000s] Level 1:colcon.colcon_core.package_identification:_identify(depthai_env/lib/python3.14/site-packages/pip/_internal/network) by extension 'ignore'
[-1781200949160513024.000s] Level 1:colcon.colcon_core.package_identification:_identify(depthai_env/lib/python3.14/site-packages/pip/_internal/network) by extension 'ignore_ament_install'
[-1781200949160513024.000s] Level 1:colcon.colcon_core.package_identification:_identify(depthai_env/lib/python3.14/site-packages/pip/_internal/network) by extensions ['colcon_pkg']
[-1781200949160513024.000s] Level 1:colcon.colcon_core.package_identification:_identify(depthai_env/lib/python3.14/site-packages/pip/_internal/network) by extension 'colcon_pkg'
[-1781200949160513024.000s] Level 1:colcon.colcon_core.package_identification:_identify(depthai_env/lib/python3.14/site-packages/pip/_internal/network) by extensions ['colcon_meta']
[-1781200949160513024.000s] Level 1:colcon.colcon_core.package_identification:_identify(depthai_env/lib/python3.14/site-packages/pip/_internal/network) by extension 'colcon_meta'
[-1781200949160513024.000s] Level 1:colcon.colcon_core.package_identification:_identify(depthai_env/lib/python3.14/site-packages/pip/_internal/network) by extensions ['ros']
[-1781200949160513024.000s] Level 1:colcon.colcon_core.package_identification:_identify(depthai_env/lib/python3.14/site-packages/pip/_internal/network) by extension 'ros'
[-1781200949160513024.000s] Level 1:colcon.colcon_core.package_identification:_identify(depthai_env/lib/python3.14/site-packages/pip/_internal/network) by extensions ['cmake', 'python']
[-1781200949160513024.000s] Level 1:colcon.colcon_core.package_identification:_identify(depthai_env/lib/python3.14/site-packages/pip/_internal/network) by extension 'cmake'
[-1781200949160513024.000s] Level 1:colcon.colcon_core.package_identification:_identify(depthai_env/lib/python3.14/site-packages/pip/_internal/network) by extension 'python'
[-1781200949160513024.000s] Level 1:colcon.colcon_core.package_identification:_identify(depthai_env/lib/python3.14/site-packages/pip/_internal/network/__pycache__) by extensions ['ignore', 'ignore_ament_install']
[-1781200949160513024.000s] Level 1:colcon.colcon_core.package_identification:_identify(depthai_env/lib/python3.14/site-packages/pip/_internal/network/__pycache__) by extension 'ignore'
[-1781200949160513024.000s] Level 1:colcon.colcon_core.package_identification:_identify(depthai_env/lib/python3.14/site-packages/pip/_internal/network/__pycache__) by extension 'ignore_ament_install'
[-1781200949160513024.000s] Level 1:colcon.colcon_core.package_identification:_identify(depthai_env/lib/python3.14/site-packages/pip/_internal/network/__pycache__) by extensions ['colcon_pkg']
[-1781200949160513024.000s] Level 1:colcon.colcon_core.package_identification:_identify(depthai_env/lib/python3.14/site-packages/pip/_internal/network/__pycache__) by extension 'colcon_pkg'
[-1781200949160513024.000s] Level 1:colcon.colcon_core.package_identification:_identify(depthai_env/lib/python3.14/site-packages/pip/_internal/network/__pycache__) by extensions ['colcon_meta']
[-1781200949160513024.000s] Level 1:colcon.colcon_core.package_identification:_identify(depthai_env/lib/python3.14/site-packages/pip/_internal/network/__pycache__) by extension 'colcon_meta'
[-1781200949160513024.000s] Level 1:colcon.colcon_core.package_identification:_identify(depthai_env/lib/python3.14/site-packages/pip/_internal/network/__pycache__) by extensions ['ros']
[-1781200949160513024.000s] Level 1:colcon.colcon_core.package_identification:_identify(depthai_env/lib/python3.14/site-packages/pip/_internal/network/__pycache__) by extension 'ros'
[-1781200949160513024.000s] Level 1:colcon.colcon_core.package_identification:_identify(depthai_env/lib/python3.14/site-packages/pip/_internal/network/__pycache__) by extensions ['cmake', 'python']
[-1781200949160513024.000s] Level 1:colcon.colcon_core.package_identification:_identify(depthai_env/lib/python3.14/site-packages/pip/_internal/network/__pycache__) by extension 'cmake'
[-1781200949160513024.000s] Level 1:colcon.colcon_core.package_identification:_identify(depthai_env/lib/python3.14/site-packages/pip/_internal/network/__pycache__) by extension 'python'
[-1781200949160513024.000s] Level 1:colcon.colcon_core.package_identification:_identify(depthai_env/lib/python3.14/site-packages/pip/_internal/operations) by extensions ['ignore', 'ignore_ament_install']
[-1781200949160513024.000s] Level 1:colcon.colcon_core.package_identification:_identify(depthai_env/lib/python3.14/site-packages/pip/_internal/operations) by extension 'ignore'
[-1781200949160513024.000s] Level 1:colcon.colcon_core.package_identification:_identify(depthai_env/lib/python3.14/site-packages/pip/_internal/operations) by extension 'ignore_ament_install'
[-1781200949160513024.000s] Level 1:colcon.colcon_core.package_identification:_identify(depthai_env/lib/python3.14/site-packages/pip/_internal/operations) by extensions ['colcon_pkg']
[-1781200949160513024.000s] Level 1:colcon.colcon_core.package_identification:_identify(depthai_env/lib/python3.14/site-packages/pip/_internal/operations) by extension 'colcon_pkg'
[-1781200949160513024.000s] Level 1:colcon.colcon_core.package_identification:_identify(depthai_env/lib/python3.14/site-packages/pip/_internal/operations) by extensions ['colcon_meta']
[-1781200949160513024.000s] Level 1:colcon.colcon_core.package_identification:_identify(depthai_env/lib/python3.14/site-packages/pip/_internal/operations) by extension 'colcon_meta'
[-1781200949160513024.000s] Level 1:colcon.colcon_core.package_identification:_identify(depthai_env/lib/python3.14/site-packages/pip/_internal/operations) by extensions ['ros']
[-1781200949160513024.000s] Level 1:colcon.colcon_core.package_identification:_identify(depthai_env/lib/python3.14/site-packages/pip/_internal/operations) by extension 'ros'
[-1781200949160513024.000s] Level 1:colcon.colcon_core.package_identification:_identify(depthai_env/lib/python3.14/site-packages/pip/_internal/operations) by extensions ['cmake', 'python']
[-1781200949160513024.000s] Level 1:colcon.colcon_core.package_identification:_identify(depthai_env/lib/python3.14/site-packages/pip/_internal/operations) by extension 'cmake'
[-1781200949160513024.000s] Level 1:colcon.colcon_core.package_identification:_identify(depthai_env/lib/python3.14/site-packages/pip/_internal/operations) by extension 'python'
[-1781200949160513024.000s] Level 1:colcon.colcon_core.package_identification:_identify(depthai_env/lib/python3.14/site-packages/pip/_internal/operations/__pycache__) by extensions ['ignore', 'ignore_ament_install']
[-1781200949160513024.000s] Level 1:colcon.colcon_core.package_identification:_identify(depthai_env/lib/python3.14/site-packages/pip/_internal/operations/__pycache__) by extension 'ignore'
[-1781200949160513024.000s] Level 1:colcon.colcon_core.package_identification:_identify(depthai_env/lib/python3.14/site-packages/pip/_internal/operations/__pycache__) by extension 'ignore_ament_install'
[-1781200949160513024.000s] Level 1:colcon.colcon_core.package_identification:_identify(depthai_env/lib/python3.14/site-packages/pip/_internal/operations/__pycache__) by extensions ['colcon_pkg']
[-1781200949160513024.000s] Level 1:colcon.colcon_core.package_identification:_identify(depthai_env/lib/python3.14/site-packages/pip/_internal/operations/__pycache__) by extension 'colcon_pkg'
[-1781200949160513024.000s] Level 1:colcon.colcon_core.package_identification:_identify(depthai_env/lib/python3.14/site-packages/pip/_internal/operations/__pycache__) by extensions ['colcon_meta']
[-1781200949160513024.000s] Level 1:colcon.colcon_core.package_identification:_identify(depthai_env/lib/python3.14/site-packages/pip/_internal/operations/__pycache__) by extension 'colcon_meta'
[-1781200949160513024.000s] Level 1:colcon.colcon_core.package_identification:_identify(depthai_env/lib/python3.14/site-packages/pip/_internal/operations/__pycache__) by extensions ['ros']
[-1781200949160513024.000s] Level 1:colcon.colcon_core.package_identification:_identify(depthai_env/lib/python3.14/site-packages/pip/_internal/operations/__pycache__) by extension 'ros'
[-1781200949160513024.000s] Level 1:colcon.colcon_core.package_identification:_identify(depthai_env/lib/python3.14/site-packages/pip/_internal/operations/__pycache__) by extensions ['cmake', 'python']
[-1781200949160513024.000s] Level 1:colcon.colcon_core.package_identification:_identify(depthai_env/lib/python3.14/site-packages/pip/_internal/operations/__pycache__) by extension 'cmake'
[-1781200949160513024.000s] Level 1:colcon.colcon_core.package_identification:_identify(depthai_env/lib/python3.14/site-packages/pip/_internal/operations/__pycache__) by extension 'python'
[-1781200949160513024.000s] Level 1:colcon.colcon_core.package_identification:_identify(depthai_env/lib/python3.14/site-packages/pip/_internal/operations/build) by extensions ['ignore', 'ignore_ament_install']
[-1781200949160513024.000s] Level 1:colcon.colcon_core.package_identification:_identify(depthai_env/lib/python3.14/site-packages/pip/_internal/operations/build) by extension 'ignore'
[-1781200949160513024.000s] Level 1:colcon.colcon_core.package_identification:_identify(depthai_env/lib/python3.14/site-packages/pip/_internal/operations/build) by extension 'ignore_ament_install'
[-1781200949160513024.000s] Level 1:colcon.colcon_core.package_identification:_identify(depthai_env/lib/python3.14/site-packages/pip/_internal/operations/build) by extensions ['colcon_pkg']
[-1781200949160513024.000s] Level 1:colcon.colcon_core.package_identification:_identify(depthai_env/lib/python3.14/site-packages/pip/_internal/operations/build) by extension 'colcon_pkg'
[-1781200949160513024.000s] Level 1:colcon.colcon_core.package_identification:_identify(depthai_env/lib/python3.14/site-packages/pip/_internal/operations/build) by extensions ['colcon_meta']
[-1781200949160513024.000s] Level 1:colcon.colcon_core.package_identification:_identify(depthai_env/lib/python3.14/site-packages/pip/_internal/operations/build) by extension 'colcon_meta'
[-1781200949160513024.000s] Level 1:colcon.colcon_core.package_identification:_identify(depthai_env/lib/python3.14/site-packages/pip/_internal/operations/build) by extensions ['ros']
[-1781200949160513024.000s] Level 1:colcon.colcon_core.package_identification:_identify(depthai_env/lib/python3.14/site-packages/pip/_internal/operations/build) by extension 'ros'
[-1781200949160513024.000s] Level 1:colcon.colcon_core.package_identification:_identify(depthai_env/lib/python3.14/site-packages/pip/_internal/operations/build) by extensions ['cmake', 'python']
[-1781200949160513024.000s] Level 1:colcon.colcon_core.package_identification:_identify(depthai_env/lib/python3.14/site-packages/pip/_internal/operations/build) by extension 'cmake'
[-1781200949160513024.000s] Level 1:colcon.colcon_core.package_identification:_identify(depthai_env/lib/python3.14/site-packages/pip/_internal/operations/build) by extension 'python'
[-1781200949160513024.000s] Level 1:colcon.colcon_core.package_identification:_identify(depthai_env/lib/python3.14/site-packages/pip/_internal/operations/build/__pycache__) by extensions ['ignore', 'ignore_ament_install']
[-1781200949160513024.000s] Level 1:colcon.colcon_core.package_identification:_identify(depthai_env/lib/python3.14/site-packages/pip/_internal/operations/build/__pycache__) by extension 'ignore'
[-1781200949160513024.000s] Level 1:colcon.colcon_core.package_identification:_identify(depthai_env/lib/python3.14/site-packages/pip/_internal/operations/build/__pycache__) by extension 'ignore_ament_install'
[-1781200949160513024.000s] Level 1:colcon.colcon_core.package_identification:_identify(depthai_env/lib/python3.14/site-packages/pip/_internal/operations/build/__pycache__) by extensions ['colcon_pkg']
[-1781200949160513024.000s] Level 1:colcon.colcon_core.package_identification:_identify(depthai_env/lib/python3.14/site-packages/pip/_internal/operations/build/__pycache__) by extension 'colcon_pkg'
[-1781200949160513024.000s] Level 1:colcon.colcon_core.package_identification:_identify(depthai_env/lib/python3.14/site-packages/pip/_internal/operations/build/__pycache__) by extensions ['colcon_meta']
[-1781200949160513024.000s] Level 1:colcon.colcon_core.package_identification:_identify(depthai_env/lib/python3.14/site-packages/pip/_internal/operations/build/__pycache__) by extension 'colcon_meta'
[-1781200949160513024.000s] Level 1:colcon.colcon_core.package_identification:_identify(depthai_env/lib/python3.14/site-packages/pip/_internal/operations/build/__pycache__) by extensions ['ros']
[-1781200949160513024.000s] Level 1:colcon.colcon_core.package_identification:_identify(depthai_env/lib/python3.14/site-packages/pip/_internal/operations/build/__pycache__) by extension 'ros'
[-1781200949160513024.000s] Level 1:colcon.colcon_core.package_identification:_identify(depthai_env/lib/python3.14/site-packages/pip/_internal/operations/build/__pycache__) by extensions ['cmake', 'python']
[-1781200949160513024.000s] Level 1:colcon.colcon_core.package_identification:_identify(depthai_env/lib/python3.14/site-packages/pip/_internal/operations/build/__pycache__) by extension 'cmake'
[-1781200949160513024.000s] Level 1:colcon.colcon_core.package_identification:_identify(depthai_env/lib/python3.14/site-packages/pip/_internal/operations/build/__pycache__) by extension 'python'
[-1781200949160513024.000s] Level 1:colcon.colcon_core.package_identification:_identify(depthai_env/lib/python3.14/site-packages/pip/_internal/operations/install) by extensions ['ignore', 'ignore_ament_install']
[-1781200949160513024.000s] Level 1:colcon.colcon_core.package_identification:_identify(depthai_env/lib/python3.14/site-packages/pip/_internal/operations/install) by extension 'ignore'
[-1781200949160513024.000s] Level 1:colcon.colcon_core.package_identification:_identify(depthai_env/lib/python3.14/site-packages/pip/_internal/operations/install) by extension 'ignore_ament_install'
[-1781200949160513024.000s] Level 1:colcon.colcon_core.package_identification:_identify(depthai_env/lib/python3.14/site-packages/pip/_internal/operations/install) by extensions ['colcon_pkg']
[-1781200949160513024.000s] Level 1:colcon.colcon_core.package_identification:_identify(depthai_env/lib/python3.14/site-packages/pip/_internal/operations/install) by extension 'colcon_pkg'
[-1781200949160513024.000s] Level 1:colcon.colcon_core.package_identification:_identify(depthai_env/lib/python3.14/site-packages/pip/_internal/operations/install) by extensions ['colcon_meta']
[-1781200949160513024.000s] Level 1:colcon.colcon_core.package_identification:_identify(depthai_env/lib/python3.14/site-packages/pip/_internal/operations/install) by extension 'colcon_meta'
[-1781200949160513024.000s] Level 1:colcon.colcon_core.package_identification:_identify(depthai_env/lib/python3.14/site-packages/pip/_internal/operations/install) by extensions ['ros']
[-1781200949160513024.000s] Level 1:colcon.colcon_core.package_identification:_identify(depthai_env/lib/python3.14/site-packages/pip/_internal/operations/install) by extension 'ros'
[-1781200949160513024.000s] Level 1:colcon.colcon_core.package_identification:_identify(depthai_env/lib/python3.14/site-packages/pip/_internal/operations/install) by extensions ['cmake', 'python']
[-1781200949160513024.000s] Level 1:colcon.colcon_core.package_identification:_identify(depthai_env/lib/python3.14/site-packages/pip/_internal/operations/install) by extension 'cmake'
[-1781200949160513024.000s] Level 1:colcon.colcon_core.package_identification:_identify(depthai_env/lib/python3.14/site-packages/pip/_internal/operations/install) by extension 'python'
[-1781200949160513024.000s] Level 1:colcon.colcon_core.package_identification:_identify(depthai_env/lib/python3.14/site-packages/pip/_internal/operations/install/__pycache__) by extensions ['ignore', 'ignore_ament_install']
[-1781200949160513024.000s] Level 1:colcon.colcon_core.package_identification:_identify(depthai_env/lib/python3.14/site-packages/pip/_internal/operations/install/__pycache__) by extension 'ignore'
[-1781200949160513024.000s] Level 1:colcon.colcon_core.package_identification:_identify(depthai_env/lib/python3.14/site-packages/pip/_internal/operations/install/__pycache__) by extension 'ignore_ament_install'
[-1781200949160513024.000s] Level 1:colcon.colcon_core.package_identification:_identify(depthai_env/lib/python3.14/site-packages/pip/_internal/operations/install/__pycache__) by extensions ['colcon_pkg']
[-1781200949160513024.000s] Level 1:colcon.colcon_core.package_identification:_identify(depthai_env/lib/python3.14/site-packages/pip/_internal/operations/install/__pycache__) by extension 'colcon_pkg'
[-1781200949160513024.000s] Level 1:colcon.colcon_core.package_identification:_identify(depthai_env/lib/python3.14/site-packages/pip/_internal/operations/install/__pycache__) by extensions ['colcon_meta']
[-1781200949160513024.000s] Level 1:colcon.colcon_core.package_identification:_identify(depthai_env/lib/python3.14/site-packages/pip/_internal/operations/install/__pycache__) by extension 'colcon_meta'
[-1781200949160513024.000s] Level 1:colcon.colcon_core.package_identification:_identify(depthai_env/lib/python3.14/site-packages/pip/_internal/operations/install/__pycache__) by extensions ['ros']
[-1781200949160513024.000s] Level 1:colcon.colcon_core.package_identification:_identify(depthai_env/lib/python3.14/site-packages/pip/_internal/operations/install/__pycache__) by extension 'ros'
[-1781200949160513024.000s] Level 1:colcon.colcon_core.package_identification:_identify(depthai_env/lib/python3.14/site-packages/pip/_internal/operations/install/__pycache__) by extensions ['cmake', 'python']
[-1781200949160513024.000s] Level 1:colcon.colcon_core.package_identification:_identify(depthai_env/lib/python3.14/site-packages/pip/_internal/operations/install/__pycache__) by extension 'cmake'
[-1781200949160513024.000s] Level 1:colcon.colcon_core.package_identification:_identify(depthai_env/lib/python3.14/site-packages/pip/_internal/operations/install/__pycache__) by extension 'python'
[-1781200949160513024.000s] Level 1:colcon.colcon_core.package_identification:_identify(depthai_env/lib/python3.14/site-packages/pip/_internal/req) by extensions ['ignore', 'ignore_ament_install']
[-1781200949160513024.000s] Level 1:colcon.colcon_core.package_identification:_identify(depthai_env/lib/python3.14/site-packages/pip/_internal/req) by extension 'ignore'
[-1781200949160513024.000s] Level 1:colcon.colcon_core.package_identification:_identify(depthai_env/lib/python3.14/site-packages/pip/_internal/req) by extension 'ignore_ament_install'
[-1781200949160513024.000s] Level 1:colcon.colcon_core.package_identification:_identify(depthai_env/lib/python3.14/site-packages/pip/_internal/req) by extensions ['colcon_pkg']
[-1781200949160513024.000s] Level 1:colcon.colcon_core.package_identification:_identify(depthai_env/lib/python3.14/site-packages/pip/_internal/req) by extension 'colcon_pkg'
[-1781200949160513024.000s] Level 1:colcon.colcon_core.package_identification:_identify(depthai_env/lib/python3.14/site-packages/pip/_internal/req) by extensions ['colcon_meta']
[-1781200949160513024.000s] Level 1:colcon.colcon_core.package_identification:_identify(depthai_env/lib/python3.14/site-packages/pip/_internal/req) by extension 'colcon_meta'
[-1781200949160513024.000s] Level 1:colcon.colcon_core.package_identification:_identify(depthai_env/lib/python3.14/site-packages/pip/_internal/req) by extensions ['ros']
[-1781200949160513024.000s] Level 1:colcon.colcon_core.package_identification:_identify(depthai_env/lib/python3.14/site-packages/pip/_internal/req) by extension 'ros'
[-1781200949160513024.000s] Level 1:colcon.colcon_core.package_identification:_identify(depthai_env/lib/python3.14/site-packages/pip/_internal/req) by extensions ['cmake', 'python']
[-1781200949160513024.000s] Level 1:colcon.colcon_core.package_identification:_identify(depthai_env/lib/python3.14/site-packages/pip/_internal/req) by extension 'cmake'
[-1781200949160513024.000s] Level 1:colcon.colcon_core.package_identification:_identify(depthai_env/lib/python3.14/site-packages/pip/_internal/req) by extension 'python'
[-1781200949160513024.000s] Level 1:colcon.colcon_core.package_identification:_identify(depthai_env/lib/python3.14/site-packages/pip/_internal/req/__pycache__) by extensions ['ignore', 'ignore_ament_install']
[-1781200949160513024.000s] Level 1:colcon.colcon_core.package_identification:_identify(depthai_env/lib/python3.14/site-packages/pip/_internal/req/__pycache__) by extension 'ignore'
[-1781200949160513024.000s] Level 1:colcon.colcon_core.package_identification:_identify(depthai_env/lib/python3.14/site-packages/pip/_internal/req/__pycache__) by extension 'ignore_ament_install'
[-1781200949160513024.000s] Level 1:colcon.colcon_core.package_identification:_identify(depthai_env/lib/python3.14/site-packages/pip/_internal/req/__pycache__) by extensions ['colcon_pkg']
[-1781200949160513024.000s] Level 1:colcon.colcon_core.package_identification:_identify(depthai_env/lib/python3.14/site-packages/pip/_internal/req/__pycache__) by extension 'colcon_pkg'
[-1781200949160513024.000s] Level 1:colcon.colcon_core.package_identification:_identify(depthai_env/lib/python3.14/site-packages/pip/_internal/req/__pycache__) by extensions ['colcon_meta']
[-1781200949160513024.000s] Level 1:colcon.colcon_core.package_identification:_identify(depthai_env/lib/python3.14/site-packages/pip/_internal/req/__pycache__) by extension 'colcon_meta'
[-1781200949160513024.000s] Level 1:colcon.colcon_core.package_identification:_identify(depthai_env/lib/python3.14/site-packages/pip/_internal/req/__pycache__) by extensions ['ros']
[-1781200949160513024.000s] Level 1:colcon.colcon_core.package_identification:_identify(depthai_env/lib/python3.14/site-packages/pip/_internal/req/__pycache__) by extension 'ros'
[-1781200949160513024.000s] Level 1:colcon.colcon_core.package_identification:_identify(depthai_env/lib/python3.14/site-packages/pip/_internal/req/__pycache__) by extensions ['cmake', 'python']
[-1781200949160513024.000s] Level 1:colcon.colcon_core.package_identification:_identify(depthai_env/lib/python3.14/site-packages/pip/_internal/req/__pycache__) by extension 'cmake'
[-1781200949160513024.000s] Level 1:colcon.colcon_core.package_identification:_identify(depthai_env/lib/python3.14/site-packages/pip/_internal/req/__pycache__) by extension 'python'
[-1781200949160513024.000s] Level 1:colcon.colcon_core.package_identification:_identify(depthai_env/lib/python3.14/site-packages/pip/_internal/resolution) by extensions ['ignore', 'ignore_ament_install']
[-1781200949160513024.000s] Level 1:colcon.colcon_core.package_identification:_identify(depthai_env/lib/python3.14/site-packages/pip/_internal/resolution) by extension 'ignore'
[-1781200949160513024.000s] Level 1:colcon.colcon_core.package_identification:_identify(depthai_env/lib/python3.14/site-packages/pip/_internal/resolution) by extension 'ignore_ament_install'
[-1781200949160513024.000s] Level 1:colcon.colcon_core.package_identification:_identify(depthai_env/lib/python3.14/site-packages/pip/_internal/resolution) by extensions ['colcon_pkg']
[-1781200949160513024.000s] Level 1:colcon.colcon_core.package_identification:_identify(depthai_env/lib/python3.14/site-packages/pip/_internal/resolution) by extension 'colcon_pkg'
[-1781200949160513024.000s] Level 1:colcon.colcon_core.package_identification:_identify(depthai_env/lib/python3.14/site-packages/pip/_internal/resolution) by extensions ['colcon_meta']
[-1781200949160513024.000s] Level 1:colcon.colcon_core.package_identification:_identify(depthai_env/lib/python3.14/site-packages/pip/_internal/resolution) by extension 'colcon_meta'
[-1781200949160513024.000s] Level 1:colcon.colcon_core.package_identification:_identify(depthai_env/lib/python3.14/site-packages/pip/_internal/resolution) by extensions ['ros']
[-1781200949160513024.000s] Level 1:colcon.colcon_core.package_identification:_identify(depthai_env/lib/python3.14/site-packages/pip/_internal/resolution) by extension 'ros'
[-1781200949160513024.000s] Level 1:colcon.colcon_core.package_identification:_identify(depthai_env/lib/python3.14/site-packages/pip/_internal/resolution) by extensions ['cmake', 'python']
[-1781200949160513024.000s] Level 1:colcon.colcon_core.package_identification:_identify(depthai_env/lib/python3.14/site-packages/pip/_internal/resolution) by extension 'cmake'
[-1781200949160513024.000s] Level 1:colcon.colcon_core.package_identification:_identify(depthai_env/lib/python3.14/site-packages/pip/_internal/resolution) by extension 'python'
[-1781200949160513024.000s] Level 1:colcon.colcon_core.package_identification:_identify(depthai_env/lib/python3.14/site-packages/pip/_internal/resolution/__pycache__) by extensions ['ignore', 'ignore_ament_install']
[-1781200949160513024.000s] Level 1:colcon.colcon_core.package_identification:_identify(depthai_env/lib/python3.14/site-packages/pip/_internal/resolution/__pycache__) by extension 'ignore'
[-1781200949160513024.000s] Level 1:colcon.colcon_core.package_identification:_identify(depthai_env/lib/python3.14/site-packages/pip/_internal/resolution/__pycache__) by extension 'ignore_ament_install'
[-1781200949160513024.000s] Level 1:colcon.colcon_core.package_identification:_identify(depthai_env/lib/python3.14/site-packages/pip/_internal/resolution/__pycache__) by extensions ['colcon_pkg']
[-1781200949160513024.000s] Level 1:colcon.colcon_core.package_identification:_identify(depthai_env/lib/python3.14/site-packages/pip/_internal/resolution/__pycache__) by extension 'colcon_pkg'
[-1781200949160513024.000s] Level 1:colcon.colcon_core.package_identification:_identify(depthai_env/lib/python3.14/site-packages/pip/_internal/resolution/__pycache__) by extensions ['colcon_meta']
[-1781200949160513024.000s] Level 1:colcon.colcon_core.package_identification:_identify(depthai_env/lib/python3.14/site-packages/pip/_internal/resolution/__pycache__) by extension 'colcon_meta'
[-1781200949160513024.000s] Level 1:colcon.colcon_core.package_identification:_identify(depthai_env/lib/python3.14/site-packages/pip/_internal/resolution/__pycache__) by extensions ['ros']
[-1781200949160513024.000s] Level 1:colcon.colcon_core.package_identification:_identify(depthai_env/lib/python3.14/site-packages/pip/_internal/resolution/__pycache__) by extension 'ros'
[-1781200949160513024.000s] Level 1:colcon.colcon_core.package_identification:_identify(depthai_env/lib/python3.14/site-packages/pip/_internal/resolution/__pycache__) by extensions ['cmake', 'python']
[-1781200949160513024.000s] Level 1:colcon.colcon_core.package_identification:_identify(depthai_env/lib/python3.14/site-packages/pip/_internal/resolution/__pycache__) by extension 'cmake'
[-1781200949160513024.000s] Level 1:colcon.colcon_core.package_identification:_identify(depthai_env/lib/python3.14/site-packages/pip/_internal/resolution/__pycache__) by extension 'python'
[-1781200949160513024.000s] Level 1:colcon.colcon_core.package_identification:_identify(depthai_env/lib/python3.14/site-packages/pip/_internal/resolution/legacy) by extensions ['ignore', 'ignore_ament_install']
[-1781200949160513024.000s] Level 1:colcon.colcon_core.package_identification:_identify(depthai_env/lib/python3.14/site-packages/pip/_internal/resolution/legacy) by extension 'ignore'
[-1781200949160513024.000s] Level 1:colcon.colcon_core.package_identification:_identify(depthai_env/lib/python3.14/site-packages/pip/_internal/resolution/legacy) by extension 'ignore_ament_install'
[-1781200949160513024.000s] Level 1:colcon.colcon_core.package_identification:_identify(depthai_env/lib/python3.14/site-packages/pip/_internal/resolution/legacy) by extensions ['colcon_pkg']
[-1781200949160513024.000s] Level 1:colcon.colcon_core.package_identification:_identify(depthai_env/lib/python3.14/site-packages/pip/_internal/resolution/legacy) by extension 'colcon_pkg'
[-1781200949160513024.000s] Level 1:colcon.colcon_core.package_identification:_identify(depthai_env/lib/python3.14/site-packages/pip/_internal/resolution/legacy) by extensions ['colcon_meta']
[-1781200949160513024.000s] Level 1:colcon.colcon_core.package_identification:_identify(depthai_env/lib/python3.14/site-packages/pip/_internal/resolution/legacy) by extension 'colcon_meta'
[-1781200949160513024.000s] Level 1:colcon.colcon_core.package_identification:_identify(depthai_env/lib/python3.14/site-packages/pip/_internal/resolution/legacy) by extensions ['ros']
[-1781200949160513024.000s] Level 1:colcon.colcon_core.package_identification:_identify(depthai_env/lib/python3.14/site-packages/pip/_internal/resolution/legacy) by extension 'ros'
[-1781200949160513024.000s] Level 1:colcon.colcon_core.package_identification:_identify(depthai_env/lib/python3.14/site-packages/pip/_internal/resolution/legacy) by extensions ['cmake', 'python']
[-1781200949160513024.000s] Level 1:colcon.colcon_core.package_identification:_identify(depthai_env/lib/python3.14/site-packages/pip/_internal/resolution/legacy) by extension 'cmake'
[-1781200949160513024.000s] Level 1:colcon.colcon_core.package_identification:_identify(depthai_env/lib/python3.14/site-packages/pip/_internal/resolution/legacy) by extension 'python'
[-1781200949160513024.000s] Level 1:colcon.colcon_core.package_identification:_identify(depthai_env/lib/python3.14/site-packages/pip/_internal/resolution/legacy/__pycache__) by extensions ['ignore', 'ignore_ament_install']
[-1781200949160513024.000s] Level 1:colcon.colcon_core.package_identification:_identify(depthai_env/lib/python3.14/site-packages/pip/_internal/resolution/legacy/__pycache__) by extension 'ignore'
[-1781200949160513024.000s] Level 1:colcon.colcon_core.package_identification:_identify(depthai_env/lib/python3.14/site-packages/pip/_internal/resolution/legacy/__pycache__) by extension 'ignore_ament_install'
[-1781200949160513024.000s] Level 1:colcon.colcon_core.package_identification:_identify(depthai_env/lib/python3.14/site-packages/pip/_internal/resolution/legacy/__pycache__) by extensions ['colcon_pkg']
[-1781200949160513024.000s] Level 1:colcon.colcon_core.package_identification:_identify(depthai_env/lib/python3.14/site-packages/pip/_internal/resolution/legacy/__pycache__) by extension 'colcon_pkg'
[-1781200949160513024.000s] Level 1:colcon.colcon_core.package_identification:_identify(depthai_env/lib/python3.14/site-packages/pip/_internal/resolution/legacy/__pycache__) by extensions ['colcon_meta']
[-1781200949160513024.000s] Level 1:colcon.colcon_core.package_identification:_identify(depthai_env/lib/python3.14/site-packages/pip/_internal/resolution/legacy/__pycache__) by extension 'colcon_meta'
[-1781200949160513024.000s] Level 1:colcon.colcon_core.package_identification:_identify(depthai_env/lib/python3.14/site-packages/pip/_internal/resolution/legacy/__pycache__) by extensions ['ros']
[-1781200949160513024.000s] Level 1:colcon.colcon_core.package_identification:_identify(depthai_env/lib/python3.14/site-packages/pip/_internal/resolution/legacy/__pycache__) by extension 'ros'
[-1781200949160513024.000s] Level 1:colcon.colcon_core.package_identification:_identify(depthai_env/lib/python3.14/site-packages/pip/_internal/resolution/legacy/__pycache__) by extensions ['cmake', 'python']
[-1781200949160513024.000s] Level 1:colcon.colcon_core.package_identification:_identify(depthai_env/lib/python3.14/site-packages/pip/_internal/resolution/legacy/__pycache__) by extension 'cmake'
[-1781200949160513024.000s] Level 1:colcon.colcon_core.package_identification:_identify(depthai_env/lib/python3.14/site-packages/pip/_internal/resolution/legacy/__pycache__) by extension 'python'
[-1781200949160513024.000s] Level 1:colcon.colcon_core.package_identification:_identify(depthai_env/lib/python3.14/site-packages/pip/_internal/resolution/resolvelib) by extensions ['ignore', 'ignore_ament_install']
[-1781200949160513024.000s] Level 1:colcon.colcon_core.package_identification:_identify(depthai_env/lib/python3.14/site-packages/pip/_internal/resolution/resolvelib) by extension 'ignore'
[-1781200949160513024.000s] Level 1:colcon.colcon_core.package_identification:_identify(depthai_env/lib/python3.14/site-packages/pip/_internal/resolution/resolvelib) by extension 'ignore_ament_install'
[-1781200949160513024.000s] Level 1:colcon.colcon_core.package_identification:_identify(depthai_env/lib/python3.14/site-packages/pip/_internal/resolution/resolvelib) by extensions ['colcon_pkg']
[-1781200949160513024.000s] Level 1:colcon.colcon_core.package_identification:_identify(depthai_env/lib/python3.14/site-packages/pip/_internal/resolution/resolvelib) by extension 'colcon_pkg'
[-1781200949160513024.000s] Level 1:colcon.colcon_core.package_identification:_identify(depthai_env/lib/python3.14/site-packages/pip/_internal/resolution/resolvelib) by extensions ['colcon_meta']
[-1781200949160513024.000s] Level 1:colcon.colcon_core.package_identification:_identify(depthai_env/lib/python3.14/site-packages/pip/_internal/resolution/resolvelib) by extension 'colcon_meta'
[-1781200949160513024.000s] Level 1:colcon.colcon_core.package_identification:_identify(depthai_env/lib/python3.14/site-packages/pip/_internal/resolution/resolvelib) by extensions ['ros']
[-1781200949160513024.000s] Level 1:colcon.colcon_core.package_identification:_identify(depthai_env/lib/python3.14/site-packages/pip/_internal/resolution/resolvelib) by extension 'ros'
[-1781200949160513024.000s] Level 1:colcon.colcon_core.package_identification:_identify(depthai_env/lib/python3.14/site-packages/pip/_internal/resolution/resolvelib) by extensions ['cmake', 'python']
[-1781200949160513024.000s] Level 1:colcon.colcon_core.package_identification:_identify(depthai_env/lib/python3.14/site-packages/pip/_internal/resolution/resolvelib) by extension 'cmake'
[-1781200949160513024.000s] Level 1:colcon.colcon_core.package_identification:_identify(depthai_env/lib/python3.14/site-packages/pip/_internal/resolution/resolvelib) by extension 'python'
[-1781200949160513024.000s] Level 1:colcon.colcon_core.package_identification:_identify(depthai_env/lib/python3.14/site-packages/pip/_internal/resolution/resolvelib/__pycache__) by extensions ['ignore', 'ignore_ament_install']
[-1781200949160513024.000s] Level 1:colcon.colcon_core.package_identification:_identify(depthai_env/lib/python3.14/site-packages/pip/_internal/resolution/resolvelib/__pycache__) by extension 'ignore'
[-1781200949160513024.000s] Level 1:colcon.colcon_core.package_identification:_identify(depthai_env/lib/python3.14/site-packages/pip/_internal/resolution/resolvelib/__pycache__) by extension 'ignore_ament_install'
[-1781200949160513024.000s] Level 1:colcon.colcon_core.package_identification:_identify(depthai_env/lib/python3.14/site-packages/pip/_internal/resolution/resolvelib/__pycache__) by extensions ['colcon_pkg']
[-1781200949160513024.000s] Level 1:colcon.colcon_core.package_identification:_identify(depthai_env/lib/python3.14/site-packages/pip/_internal/resolution/resolvelib/__pycache__) by extension 'colcon_pkg'
[-1781200949160513024.000s] Level 1:colcon.colcon_core.package_identification:_identify(depthai_env/lib/python3.14/site-packages/pip/_internal/resolution/resolvelib/__pycache__) by extensions ['colcon_meta']
[-1781200949160513024.000s] Level 1:colcon.colcon_core.package_identification:_identify(depthai_env/lib/python3.14/site-packages/pip/_internal/resolution/resolvelib/__pycache__) by extension 'colcon_meta'
[-1781200949160513024.000s] Level 1:colcon.colcon_core.package_identification:_identify(depthai_env/lib/python3.14/site-packages/pip/_internal/resolution/resolvelib/__pycache__) by extensions ['ros']
[-1781200949160513024.000s] Level 1:colcon.colcon_core.package_identification:_identify(depthai_env/lib/python3.14/site-packages/pip/_internal/resolution/resolvelib/__pycache__) by extension 'ros'
[-1781200949160513024.000s] Level 1:colcon.colcon_core.package_identification:_identify(depthai_env/lib/python3.14/site-packages/pip/_internal/resolution/resolvelib/__pycache__) by extensions ['cmake', 'python']
[-1781200949160513024.000s] Level 1:colcon.colcon_core.package_identification:_identify(depthai_env/lib/python3.14/site-packages/pip/_internal/resolution/resolvelib/__pycache__) by extension 'cmake'
[-1781200949160513024.000s] Level 1:colcon.colcon_core.package_identification:_identify(depthai_env/lib/python3.14/site-packages/pip/_internal/resolution/resolvelib/__pycache__) by extension 'python'
[-1781200949160513024.000s] Level 1:colcon.colcon_core.package_identification:_identify(depthai_env/lib/python3.14/site-packages/pip/_internal/utils) by extensions ['ignore', 'ignore_ament_install']
[-1781200949160513024.000s] Level 1:colcon.colcon_core.package_identification:_identify(depthai_env/lib/python3.14/site-packages/pip/_internal/utils) by extension 'ignore'
[-1781200949160513024.000s] Level 1:colcon.colcon_core.package_identification:_identify(depthai_env/lib/python3.14/site-packages/pip/_internal/utils) by extension 'ignore_ament_install'
[-1781200949160513024.000s] Level 1:colcon.colcon_core.package_identification:_identify(depthai_env/lib/python3.14/site-packages/pip/_internal/utils) by extensions ['colcon_pkg']
[-1781200949160513024.000s] Level 1:colcon.colcon_core.package_identification:_identify(depthai_env/lib/python3.14/site-packages/pip/_internal/utils) by extension 'colcon_pkg'
[-1781200949160513024.000s] Level 1:colcon.colcon_core.package_identification:_identify(depthai_env/lib/python3.14/site-packages/pip/_internal/utils) by extensions ['colcon_meta']
[-1781200949160513024.000s] Level 1:colcon.colcon_core.package_identification:_identify(depthai_env/lib/python3.14/site-packages/pip/_internal/utils) by extension 'colcon_meta'
[-1781200949160513024.000s] Level 1:colcon.colcon_core.package_identification:_identify(depthai_env/lib/python3.14/site-packages/pip/_internal/utils) by extensions ['ros']
[-1781200949160513024.000s] Level 1:colcon.colcon_core.package_identification:_identify(depthai_env/lib/python3.14/site-packages/pip/_internal/utils) by extension 'ros'
[-1781200949160513024.000s] Level 1:colcon.colcon_core.package_identification:_identify(depthai_env/lib/python3.14/site-packages/pip/_internal/utils) by extensions ['cmake', 'python']
[-1781200949160513024.000s] Level 1:colcon.colcon_core.package_identification:_identify(depthai_env/lib/python3.14/site-packages/pip/_internal/utils) by extension 'cmake'
[-1781200949160513024.000s] Level 1:colcon.colcon_core.package_identification:_identify(depthai_env/lib/python3.14/site-packages/pip/_internal/utils) by extension 'python'
[-1781200949160513024.000s] Level 1:colcon.colcon_core.package_identification:_identify(depthai_env/lib/python3.14/site-packages/pip/_internal/utils/__pycache__) by extensions ['ignore', 'ignore_ament_install']
[-1781200949160513024.000s] Level 1:colcon.colcon_core.package_identification:_identify(depthai_env/lib/python3.14/site-packages/pip/_internal/utils/__pycache__) by extension 'ignore'
[-1781200949160513024.000s] Level 1:colcon.colcon_core.package_identification:_identify(depthai_env/lib/python3.14/site-packages/pip/_internal/utils/__pycache__) by extension 'ignore_ament_install'
[-1781200949160513024.000s] Level 1:colcon.colcon_core.package_identification:_identify(depthai_env/lib/python3.14/site-packages/pip/_internal/utils/__pycache__) by extensions ['colcon_pkg']
[-1781200949160513024.000s] Level 1:colcon.colcon_core.package_identification:_identify(depthai_env/lib/python3.14/site-packages/pip/_internal/utils/__pycache__) by extension 'colcon_pkg'
[-1781200949160513024.000s] Level 1:colcon.colcon_core.package_identification:_identify(depthai_env/lib/python3.14/site-packages/pip/_internal/utils/__pycache__) by extensions ['colcon_meta']
[-1781200949160513024.000s] Level 1:colcon.colcon_core.package_identification:_identify(depthai_env/lib/python3.14/site-packages/pip/_internal/utils/__pycache__) by extension 'colcon_meta'
[-1781200949160513024.000s] Level 1:colcon.colcon_core.package_identification:_identify(depthai_env/lib/python3.14/site-packages/pip/_internal/utils/__pycache__) by extensions ['ros']
[-1781200949160513024.000s] Level 1:colcon.colcon_core.package_identification:_identify(depthai_env/lib/python3.14/site-packages/pip/_internal/utils/__pycache__) by extension 'ros'
[-1781200949160513024.000s] Level 1:colcon.colcon_core.package_identification:_identify(depthai_env/lib/python3.14/site-packages/pip/_internal/utils/__pycache__) by extensions ['cmake', 'python']
[-1781200949160513024.000s] Level 1:colcon.colcon_core.package_identification:_identify(depthai_env/lib/python3.14/site-packages/pip/_internal/utils/__pycache__) by extension 'cmake'
[-1781200949160513024.000s] Level 1:colcon.colcon_core.package_identification:_identify(depthai_env/lib/python3.14/site-packages/pip/_internal/utils/__pycache__) by extension 'python'
[-1781200949160513024.000s] Level 1:colcon.colcon_core.package_identification:_identify(depthai_env/lib/python3.14/site-packages/pip/_internal/vcs) by extensions ['ignore', 'ignore_ament_install']
[-1781200949160513024.000s] Level 1:colcon.colcon_core.package_identification:_identify(depthai_env/lib/python3.14/site-packages/pip/_internal/vcs) by extension 'ignore'
[-1781200949160513024.000s] Level 1:colcon.colcon_core.package_identification:_identify(depthai_env/lib/python3.14/site-packages/pip/_internal/vcs) by extension 'ignore_ament_install'
[-1781200949160513024.000s] Level 1:colcon.colcon_core.package_identification:_identify(depthai_env/lib/python3.14/site-packages/pip/_internal/vcs) by extensions ['colcon_pkg']
[-1781200949160513024.000s] Level 1:colcon.colcon_core.package_identification:_identify(depthai_env/lib/python3.14/site-packages/pip/_internal/vcs) by extension 'colcon_pkg'
[-1781200949160513024.000s] Level 1:colcon.colcon_core.package_identification:_identify(depthai_env/lib/python3.14/site-packages/pip/_internal/vcs) by extensions ['colcon_meta']
[-1781200949160513024.000s] Level 1:colcon.colcon_core.package_identification:_identify(depthai_env/lib/python3.14/site-packages/pip/_internal/vcs) by extension 'colcon_meta'
[-1781200949160513024.000s] Level 1:colcon.colcon_core.package_identification:_identify(depthai_env/lib/python3.14/site-packages/pip/_internal/vcs) by extensions ['ros']
[-1781200949160513024.000s] Level 1:colcon.colcon_core.package_identification:_identify(depthai_env/lib/python3.14/site-packages/pip/_internal/vcs) by extension 'ros'
[-1781200949160513024.000s] Level 1:colcon.colcon_core.package_identification:_identify(depthai_env/lib/python3.14/site-packages/pip/_internal/vcs) by extensions ['cmake', 'python']
[-1781200949160513024.000s] Level 1:colcon.colcon_core.package_identification:_identify(depthai_env/lib/python3.14/site-packages/pip/_internal/vcs) by extension 'cmake'
[-1781200949160513024.000s] Level 1:colcon.colcon_core.package_identification:_identify(depthai_env/lib/python3.14/site-packages/pip/_internal/vcs) by extension 'python'
[-1781200949160513024.000s] Level 1:colcon.colcon_core.package_identification:_identify(depthai_env/lib/python3.14/site-packages/pip/_internal/vcs/__pycache__) by extensions ['ignore', 'ignore_ament_install']
[-1781200949160513024.000s] Level 1:colcon.colcon_core.package_identification:_identify(depthai_env/lib/python3.14/site-packages/pip/_internal/vcs/__pycache__) by extension 'ignore'
[-1781200949160513024.000s] Level 1:colcon.colcon_core.package_identification:_identify(depthai_env/lib/python3.14/site-packages/pip/_internal/vcs/__pycache__) by extension 'ignore_ament_install'
[-1781200949160513024.000s] Level 1:colcon.colcon_core.package_identification:_identify(depthai_env/lib/python3.14/site-packages/pip/_internal/vcs/__pycache__) by extensions ['colcon_pkg']
[-1781200949160513024.000s] Level 1:colcon.colcon_core.package_identification:_identify(depthai_env/lib/python3.14/site-packages/pip/_internal/vcs/__pycache__) by extension 'colcon_pkg'
[-1781200949160513024.000s] Level 1:colcon.colcon_core.package_identification:_identify(depthai_env/lib/python3.14/site-packages/pip/_internal/vcs/__pycache__) by extensions ['colcon_meta']
[-1781200949160513024.000s] Level 1:colcon.colcon_core.package_identification:_identify(depthai_env/lib/python3.14/site-packages/pip/_internal/vcs/__pycache__) by extension 'colcon_meta'
[-1781200949160513024.000s] Level 1:colcon.colcon_core.package_identification:_identify(depthai_env/lib/python3.14/site-packages/pip/_internal/vcs/__pycache__) by extensions ['ros']
[-1781200949160513024.000s] Level 1:colcon.colcon_core.package_identification:_identify(depthai_env/lib/python3.14/site-packages/pip/_internal/vcs/__pycache__) by extension 'ros'
[-1781200949160513024.000s] Level 1:colcon.colcon_core.package_identification:_identify(depthai_env/lib/python3.14/site-packages/pip/_internal/vcs/__pycache__) by extensions ['cmake', 'python']
[-1781200949160513024.000s] Level 1:colcon.colcon_core.package_identification:_identify(depthai_env/lib/python3.14/site-packages/pip/_internal/vcs/__pycache__) by extension 'cmake'
[-1781200949160513024.000s] Level 1:colcon.colcon_core.package_identification:_identify(depthai_env/lib/python3.14/site-packages/pip/_internal/vcs/__pycache__) by extension 'python'
[-1781200949160513024.000s] Level 1:colcon.colcon_core.package_identification:_identify(depthai_env/lib/python3.14/site-packages/pip/_vendor) by extensions ['ignore', 'ignore_ament_install']
[-1781200949160513024.000s] Level 1:colcon.colcon_core.package_identification:_identify(depthai_env/lib/python3.14/site-packages/pip/_vendor) by extension 'ignore'
[-1781200949160513024.000s] Level 1:colcon.colcon_core.package_identification:_identify(depthai_env/lib/python3.14/site-packages/pip/_vendor) by extension 'ignore_ament_install'
[-1781200949160513024.000s] Level 1:colcon.colcon_core.package_identification:_identify(depthai_env/lib/python3.14/site-packages/pip/_vendor) by extensions ['colcon_pkg']
[-1781200949160513024.000s] Level 1:colcon.colcon_core.package_identification:_identify(depthai_env/lib/python3.14/site-packages/pip/_vendor) by extension 'colcon_pkg'
[-1781200949160513024.000s] Level 1:colcon.colcon_core.package_identification:_identify(depthai_env/lib/python3.14/site-packages/pip/_vendor) by extensions ['colcon_meta']
[-1781200949160513024.000s] Level 1:colcon.colcon_core.package_identification:_identify(depthai_env/lib/python3.14/site-packages/pip/_vendor) by extension 'colcon_meta'
[-1781200949160513024.000s] Level 1:colcon.colcon_core.package_identification:_identify(depthai_env/lib/python3.14/site-packages/pip/_vendor) by extensions ['ros']
[-1781200949160513024.000s] Level 1:colcon.colcon_core.package_identification:_identify(depthai_env/lib/python3.14/site-packages/pip/_vendor) by extension 'ros'
[-1781200949160513024.000s] Level 1:colcon.colcon_core.package_identification:_identify(depthai_env/lib/python3.14/site-packages/pip/_vendor) by extensions ['cmake', 'python']
[-1781200949160513024.000s] Level 1:colcon.colcon_core.package_identification:_identify(depthai_env/lib/python3.14/site-packages/pip/_vendor) by extension 'cmake'
[-1781200949160513024.000s] Level 1:colcon.colcon_core.package_identification:_identify(depthai_env/lib/python3.14/site-packages/pip/_vendor) by extension 'python'
[-1781200949160513024.000s] Level 1:colcon.colcon_core.package_identification:_identify(depthai_env/lib/python3.14/site-packages/pip/_vendor/__pycache__) by extensions ['ignore', 'ignore_ament_install']
[-1781200949160513024.000s] Level 1:colcon.colcon_core.package_identification:_identify(depthai_env/lib/python3.14/site-packages/pip/_vendor/__pycache__) by extension 'ignore'
[-1781200949160513024.000s] Level 1:colcon.colcon_core.package_identification:_identify(depthai_env/lib/python3.14/site-packages/pip/_vendor/__pycache__) by extension 'ignore_ament_install'
[-1781200949160513024.000s] Level 1:colcon.colcon_core.package_identification:_identify(depthai_env/lib/python3.14/site-packages/pip/_vendor/__pycache__) by extensions ['colcon_pkg']
[-1781200949160513024.000s] Level 1:colcon.colcon_core.package_identification:_identify(depthai_env/lib/python3.14/site-packages/pip/_vendor/__pycache__) by extension 'colcon_pkg'
[-1781200949160513024.000s] Level 1:colcon.colcon_core.package_identification:_identify(depthai_env/lib/python3.14/site-packages/pip/_vendor/__pycache__) by extensions ['colcon_meta']
[-1781200949160513024.000s] Level 1:colcon.colcon_core.package_identification:_identify(depthai_env/lib/python3.14/site-packages/pip/_vendor/__pycache__) by extension 'colcon_meta'
[-1781200949160513024.000s] Level 1:colcon.colcon_core.package_identification:_identify(depthai_env/lib/python3.14/site-packages/pip/_vendor/__pycache__) by extensions ['ros']
[-1781200949160513024.000s] Level 1:colcon.colcon_core.package_identification:_identify(depthai_env/lib/python3.14/site-packages/pip/_vendor/__pycache__) by extension 'ros'
[-1781200949160513024.000s] Level 1:colcon.colcon_core.package_identification:_identify(depthai_env/lib/python3.14/site-packages/pip/_vendor/__pycache__) by extensions ['cmake', 'python']
[-1781200949160513024.000s] Level 1:colcon.colcon_core.package_identification:_identify(depthai_env/lib/python3.14/site-packages/pip/_vendor/__pycache__) by extension 'cmake'
[-1781200949160513024.000s] Level 1:colcon.colcon_core.package_identification:_identify(depthai_env/lib/python3.14/site-packages/pip/_vendor/__pycache__) by extension 'python'
[-1781200949160513024.000s] Level 1:colcon.colcon_core.package_identification:_identify(depthai_env/lib/python3.14/site-packages/pip/_vendor/cachecontrol) by extensions ['ignore', 'ignore_ament_install']
[-1781200949160513024.000s] Level 1:colcon.colcon_core.package_identification:_identify(depthai_env/lib/python3.14/site-packages/pip/_vendor/cachecontrol) by extension 'ignore'
[-1781200949160513024.000s] Level 1:colcon.colcon_core.package_identification:_identify(depthai_env/lib/python3.14/site-packages/pip/_vendor/cachecontrol) by extension 'ignore_ament_install'
[-1781200949160513024.000s] Level 1:colcon.colcon_core.package_identification:_identify(depthai_env/lib/python3.14/site-packages/pip/_vendor/cachecontrol) by extensions ['colcon_pkg']
[-1781200949160513024.000s] Level 1:colcon.colcon_core.package_identification:_identify(depthai_env/lib/python3.14/site-packages/pip/_vendor/cachecontrol) by extension 'colcon_pkg'
[-1781200949160513024.000s] Level 1:colcon.colcon_core.package_identification:_identify(depthai_env/lib/python3.14/site-packages/pip/_vendor/cachecontrol) by extensions ['colcon_meta']
[-1781200949160513024.000s] Level 1:colcon.colcon_core.package_identification:_identify(depthai_env/lib/python3.14/site-packages/pip/_vendor/cachecontrol) by extension 'colcon_meta'
[-1781200949160513024.000s] Level 1:colcon.colcon_core.package_identification:_identify(depthai_env/lib/python3.14/site-packages/pip/_vendor/cachecontrol) by extensions ['ros']
[-1781200949160513024.000s] Level 1:colcon.colcon_core.package_identification:_identify(depthai_env/lib/python3.14/site-packages/pip/_vendor/cachecontrol) by extension 'ros'
[-1781200949160513024.000s] Level 1:colcon.colcon_core.package_identification:_identify(depthai_env/lib/python3.14/site-packages/pip/_vendor/cachecontrol) by extensions ['cmake', 'python']
[-1781200949160513024.000s] Level 1:colcon.colcon_core.package_identification:_identify(depthai_env/lib/python3.14/site-packages/pip/_vendor/cachecontrol) by extension 'cmake'
[-1781200949160513024.000s] Level 1:colcon.colcon_core.package_identification:_identify(depthai_env/lib/python3.14/site-packages/pip/_vendor/cachecontrol) by extension 'python'
[-1781200949160513024.000s] Level 1:colcon.colcon_core.package_identification:_identify(depthai_env/lib/python3.14/site-packages/pip/_vendor/cachecontrol/__pycache__) by extensions ['ignore', 'ignore_ament_install']
[-1781200949160513024.000s] Level 1:colcon.colcon_core.package_identification:_identify(depthai_env/lib/python3.14/site-packages/pip/_vendor/cachecontrol/__pycache__) by extension 'ignore'
[-1781200949160513024.000s] Level 1:colcon.colcon_core.package_identification:_identify(depthai_env/lib/python3.14/site-packages/pip/_vendor/cachecontrol/__pycache__) by extension 'ignore_ament_install'
[-1781200949160513024.000s] Level 1:colcon.colcon_core.package_identification:_identify(depthai_env/lib/python3.14/site-packages/pip/_vendor/cachecontrol/__pycache__) by extensions ['colcon_pkg']
[-1781200949160513024.000s] Level 1:colcon.colcon_core.package_identification:_identify(depthai_env/lib/python3.14/site-packages/pip/_vendor/cachecontrol/__pycache__) by extension 'colcon_pkg'
[-1781200949160513024.000s] Level 1:colcon.colcon_core.package_identification:_identify(depthai_env/lib/python3.14/site-packages/pip/_vendor/cachecontrol/__pycache__) by extensions ['colcon_meta']
[-1781200949160513024.000s] Level 1:colcon.colcon_core.package_identification:_identify(depthai_env/lib/python3.14/site-packages/pip/_vendor/cachecontrol/__pycache__) by extension 'colcon_meta'
[-1781200949160513024.000s] Level 1:colcon.colcon_core.package_identification:_identify(depthai_env/lib/python3.14/site-packages/pip/_vendor/cachecontrol/__pycache__) by extensions ['ros']
[-1781200949160513024.000s] Level 1:colcon.colcon_core.package_identification:_identify(depthai_env/lib/python3.14/site-packages/pip/_vendor/cachecontrol/__pycache__) by extension 'ros'
[-1781200949160513024.000s] Level 1:colcon.colcon_core.package_identification:_identify(depthai_env/lib/python3.14/site-packages/pip/_vendor/cachecontrol/__pycache__) by extensions ['cmake', 'python']
[-1781200949160513024.000s] Level 1:colcon.colcon_core.package_identification:_identify(depthai_env/lib/python3.14/site-packages/pip/_vendor/cachecontrol/__pycache__) by extension 'cmake'
[-1781200949160513024.000s] Level 1:colcon.colcon_core.package_identification:_identify(depthai_env/lib/python3.14/site-packages/pip/_vendor/cachecontrol/__pycache__) by extension 'python'
[-1781200949160513024.000s] Level 1:colcon.colcon_core.package_identification:_identify(depthai_env/lib/python3.14/site-packages/pip/_vendor/cachecontrol/caches) by extensions ['ignore', 'ignore_ament_install']
[-1781200949160513024.000s] Level 1:colcon.colcon_core.package_identification:_identify(depthai_env/lib/python3.14/site-packages/pip/_vendor/cachecontrol/caches) by extension 'ignore'
[-1781200949160513024.000s] Level 1:colcon.colcon_core.package_identification:_identify(depthai_env/lib/python3.14/site-packages/pip/_vendor/cachecontrol/caches) by extension 'ignore_ament_install'
[-1781200949160513024.000s] Level 1:colcon.colcon_core.package_identification:_identify(depthai_env/lib/python3.14/site-packages/pip/_vendor/cachecontrol/caches) by extensions ['colcon_pkg']
[-1781200949160513024.000s] Level 1:colcon.colcon_core.package_identification:_identify(depthai_env/lib/python3.14/site-packages/pip/_vendor/cachecontrol/caches) by extension 'colcon_pkg'
[-1781200949160513024.000s] Level 1:colcon.colcon_core.package_identification:_identify(depthai_env/lib/python3.14/site-packages/pip/_vendor/cachecontrol/caches) by extensions ['colcon_meta']
[-1781200949160513024.000s] Level 1:colcon.colcon_core.package_identification:_identify(depthai_env/lib/python3.14/site-packages/pip/_vendor/cachecontrol/caches) by extension 'colcon_meta'
[-1781200949160513024.000s] Level 1:colcon.colcon_core.package_identification:_identify(depthai_env/lib/python3.14/site-packages/pip/_vendor/cachecontrol/caches) by extensions ['ros']
[-1781200949160513024.000s] Level 1:colcon.colcon_core.package_identification:_identify(depthai_env/lib/python3.14/site-packages/pip/_vendor/cachecontrol/caches) by extension 'ros'
[-1781200949160513024.000s] Level 1:colcon.colcon_core.package_identification:_identify(depthai_env/lib/python3.14/site-packages/pip/_vendor/cachecontrol/caches) by extensions ['cmake', 'python']
[-1781200949160513024.000s] Level 1:colcon.colcon_core.package_identification:_identify(depthai_env/lib/python3.14/site-packages/pip/_vendor/cachecontrol/caches) by extension 'cmake'
[-1781200949160513024.000s] Level 1:colcon.colcon_core.package_identification:_identify(depthai_env/lib/python3.14/site-packages/pip/_vendor/cachecontrol/caches) by extension 'python'
[-1781200949160513024.000s] Level 1:colcon.colcon_core.package_identification:_identify(depthai_env/lib/python3.14/site-packages/pip/_vendor/cachecontrol/caches/__pycache__) by extensions ['ignore', 'ignore_ament_install']
[-1781200949160513024.000s] Level 1:colcon.colcon_core.package_identification:_identify(depthai_env/lib/python3.14/site-packages/pip/_vendor/cachecontrol/caches/__pycache__) by extension 'ignore'
[-1781200949160513024.000s] Level 1:colcon.colcon_core.package_identification:_identify(depthai_env/lib/python3.14/site-packages/pip/_vendor/cachecontrol/caches/__pycache__) by extension 'ignore_ament_install'
[-1781200949160513024.000s] Level 1:colcon.colcon_core.package_identification:_identify(depthai_env/lib/python3.14/site-packages/pip/_vendor/cachecontrol/caches/__pycache__) by extensions ['colcon_pkg']
[-1781200949160513024.000s] Level 1:colcon.colcon_core.package_identification:_identify(depthai_env/lib/python3.14/site-packages/pip/_vendor/cachecontrol/caches/__pycache__) by extension 'colcon_pkg'
[-1781200949160513024.000s] Level 1:colcon.colcon_core.package_identification:_identify(depthai_env/lib/python3.14/site-packages/pip/_vendor/cachecontrol/caches/__pycache__) by extensions ['colcon_meta']
[-1781200949160513024.000s] Level 1:colcon.colcon_core.package_identification:_identify(depthai_env/lib/python3.14/site-packages/pip/_vendor/cachecontrol/caches/__pycache__) by extension 'colcon_meta'
[-1781200949160513024.000s] Level 1:colcon.colcon_core.package_identification:_identify(depthai_env/lib/python3.14/site-packages/pip/_vendor/cachecontrol/caches/__pycache__) by extensions ['ros']
[-1781200949160513024.000s] Level 1:colcon.colcon_core.package_identification:_identify(depthai_env/lib/python3.14/site-packages/pip/_vendor/cachecontrol/caches/__pycache__) by extension 'ros'
[-1781200949160513024.000s] Level 1:colcon.colcon_core.package_identification:_identify(depthai_env/lib/python3.14/site-packages/pip/_vendor/cachecontrol/caches/__pycache__) by extensions ['cmake', 'python']
[-1781200949160513024.000s] Level 1:colcon.colcon_core.package_identification:_identify(depthai_env/lib/python3.14/site-packages/pip/_vendor/cachecontrol/caches/__pycache__) by extension 'cmake'
[-1781200949160513024.000s] Level 1:colcon.colcon_core.package_identification:_identify(depthai_env/lib/python3.14/site-packages/pip/_vendor/cachecontrol/caches/__pycache__) by extension 'python'
[-1781200949160513024.000s] Level 1:colcon.colcon_core.package_identification:_identify(depthai_env/lib/python3.14/site-packages/pip/_vendor/certifi) by extensions ['ignore', 'ignore_ament_install']
[-1781200949160513024.000s] Level 1:colcon.colcon_core.package_identification:_identify(depthai_env/lib/python3.14/site-packages/pip/_vendor/certifi) by extension 'ignore'
[-1781200949160513024.000s] Level 1:colcon.colcon_core.package_identification:_identify(depthai_env/lib/python3.14/site-packages/pip/_vendor/certifi) by extension 'ignore_ament_install'
[-1781200949160513024.000s] Level 1:colcon.colcon_core.package_identification:_identify(depthai_env/lib/python3.14/site-packages/pip/_vendor/certifi) by extensions ['colcon_pkg']
[-1781200949160513024.000s] Level 1:colcon.colcon_core.package_identification:_identify(depthai_env/lib/python3.14/site-packages/pip/_vendor/certifi) by extension 'colcon_pkg'
[-1781200949160513024.000s] Level 1:colcon.colcon_core.package_identification:_identify(depthai_env/lib/python3.14/site-packages/pip/_vendor/certifi) by extensions ['colcon_meta']
[-1781200949160513024.000s] Level 1:colcon.colcon_core.package_identification:_identify(depthai_env/lib/python3.14/site-packages/pip/_vendor/certifi) by extension 'colcon_meta'
[-1781200949160513024.000s] Level 1:colcon.colcon_core.package_identification:_identify(depthai_env/lib/python3.14/site-packages/pip/_vendor/certifi) by extensions ['ros']
[-1781200949160513024.000s] Level 1:colcon.colcon_core.package_identification:_identify(depthai_env/lib/python3.14/site-packages/pip/_vendor/certifi) by extension 'ros'
[-1781200949160513024.000s] Level 1:colcon.colcon_core.package_identification:_identify(depthai_env/lib/python3.14/site-packages/pip/_vendor/certifi) by extensions ['cmake', 'python']
[-1781200949160513024.000s] Level 1:colcon.colcon_core.package_identification:_identify(depthai_env/lib/python3.14/site-packages/pip/_vendor/certifi) by extension 'cmake'
[-1781200949160513024.000s] Level 1:colcon.colcon_core.package_identification:_identify(depthai_env/lib/python3.14/site-packages/pip/_vendor/certifi) by extension 'python'
[-1781200949160513024.000s] Level 1:colcon.colcon_core.package_identification:_identify(depthai_env/lib/python3.14/site-packages/pip/_vendor/certifi/__pycache__) by extensions ['ignore', 'ignore_ament_install']
[-1781200949160513024.000s] Level 1:colcon.colcon_core.package_identification:_identify(depthai_env/lib/python3.14/site-packages/pip/_vendor/certifi/__pycache__) by extension 'ignore'
[-1781200949160513024.000s] Level 1:colcon.colcon_core.package_identification:_identify(depthai_env/lib/python3.14/site-packages/pip/_vendor/certifi/__pycache__) by extension 'ignore_ament_install'
[-1781200949160513024.000s] Level 1:colcon.colcon_core.package_identification:_identify(depthai_env/lib/python3.14/site-packages/pip/_vendor/certifi/__pycache__) by extensions ['colcon_pkg']
[-1781200949160513024.000s] Level 1:colcon.colcon_core.package_identification:_identify(depthai_env/lib/python3.14/site-packages/pip/_vendor/certifi/__pycache__) by extension 'colcon_pkg'
[-1781200949160513024.000s] Level 1:colcon.colcon_core.package_identification:_identify(depthai_env/lib/python3.14/site-packages/pip/_vendor/certifi/__pycache__) by extensions ['colcon_meta']
[-1781200949160513024.000s] Level 1:colcon.colcon_core.package_identification:_identify(depthai_env/lib/python3.14/site-packages/pip/_vendor/certifi/__pycache__) by extension 'colcon_meta'
[-1781200949160513024.000s] Level 1:colcon.colcon_core.package_identification:_identify(depthai_env/lib/python3.14/site-packages/pip/_vendor/certifi/__pycache__) by extensions ['ros']
[-1781200949160513024.000s] Level 1:colcon.colcon_core.package_identification:_identify(depthai_env/lib/python3.14/site-packages/pip/_vendor/certifi/__pycache__) by extension 'ros'
[-1781200949160513024.000s] Level 1:colcon.colcon_core.package_identification:_identify(depthai_env/lib/python3.14/site-packages/pip/_vendor/certifi/__pycache__) by extensions ['cmake', 'python']
[-1781200949160513024.000s] Level 1:colcon.colcon_core.package_identification:_identify(depthai_env/lib/python3.14/site-packages/pip/_vendor/certifi/__pycache__) by extension 'cmake'
[-1781200949160513024.000s] Level 1:colcon.colcon_core.package_identification:_identify(depthai_env/lib/python3.14/site-packages/pip/_vendor/certifi/__pycache__) by extension 'python'
[-1781200949160513024.000s] Level 1:colcon.colcon_core.package_identification:_identify(depthai_env/lib/python3.14/site-packages/pip/_vendor/distlib) by extensions ['ignore', 'ignore_ament_install']
[-1781200949160513024.000s] Level 1:colcon.colcon_core.package_identification:_identify(depthai_env/lib/python3.14/site-packages/pip/_vendor/distlib) by extension 'ignore'
[-1781200949160513024.000s] Level 1:colcon.colcon_core.package_identification:_identify(depthai_env/lib/python3.14/site-packages/pip/_vendor/distlib) by extension 'ignore_ament_install'
[-1781200949160513024.000s] Level 1:colcon.colcon_core.package_identification:_identify(depthai_env/lib/python3.14/site-packages/pip/_vendor/distlib) by extensions ['colcon_pkg']
[-1781200949160513024.000s] Level 1:colcon.colcon_core.package_identification:_identify(depthai_env/lib/python3.14/site-packages/pip/_vendor/distlib) by extension 'colcon_pkg'
[-1781200949160513024.000s] Level 1:colcon.colcon_core.package_identification:_identify(depthai_env/lib/python3.14/site-packages/pip/_vendor/distlib) by extensions ['colcon_meta']
[-1781200949160513024.000s] Level 1:colcon.colcon_core.package_identification:_identify(depthai_env/lib/python3.14/site-packages/pip/_vendor/distlib) by extension 'colcon_meta'
[-1781200949160513024.000s] Level 1:colcon.colcon_core.package_identification:_identify(depthai_env/lib/python3.14/site-packages/pip/_vendor/distlib) by extensions ['ros']
[-1781200949160513024.000s] Level 1:colcon.colcon_core.package_identification:_identify(depthai_env/lib/python3.14/site-packages/pip/_vendor/distlib) by extension 'ros'
[-1781200949160513024.000s] Level 1:colcon.colcon_core.package_identification:_identify(depthai_env/lib/python3.14/site-packages/pip/_vendor/distlib) by extensions ['cmake', 'python']
[-1781200949160513024.000s] Level 1:colcon.colcon_core.package_identification:_identify(depthai_env/lib/python3.14/site-packages/pip/_vendor/distlib) by extension 'cmake'
[-1781200949160513024.000s] Level 1:colcon.colcon_core.package_identification:_identify(depthai_env/lib/python3.14/site-packages/pip/_vendor/distlib) by extension 'python'
[-1781200949160513024.000s] Level 1:colcon.colcon_core.package_identification:_identify(depthai_env/lib/python3.14/site-packages/pip/_vendor/distlib/__pycache__) by extensions ['ignore', 'ignore_ament_install']
[-1781200949160513024.000s] Level 1:colcon.colcon_core.package_identification:_identify(depthai_env/lib/python3.14/site-packages/pip/_vendor/distlib/__pycache__) by extension 'ignore'
[-1781200949160513024.000s] Level 1:colcon.colcon_core.package_identification:_identify(depthai_env/lib/python3.14/site-packages/pip/_vendor/distlib/__pycache__) by extension 'ignore_ament_install'
[-1781200949160513024.000s] Level 1:colcon.colcon_core.package_identification:_identify(depthai_env/lib/python3.14/site-packages/pip/_vendor/distlib/__pycache__) by extensions ['colcon_pkg']
[-1781200949160513024.000s] Level 1:colcon.colcon_core.package_identification:_identify(depthai_env/lib/python3.14/site-packages/pip/_vendor/distlib/__pycache__) by extension 'colcon_pkg'
[-1781200949160513024.000s] Level 1:colcon.colcon_core.package_identification:_identify(depthai_env/lib/python3.14/site-packages/pip/_vendor/distlib/__pycache__) by extensions ['colcon_meta']
[-1781200949160513024.000s] Level 1:colcon.colcon_core.package_identification:_identify(depthai_env/lib/python3.14/site-packages/pip/_vendor/distlib/__pycache__) by extension 'colcon_meta'
[-1781200949160513024.000s] Level 1:colcon.colcon_core.package_identification:_identify(depthai_env/lib/python3.14/site-packages/pip/_vendor/distlib/__pycache__) by extensions ['ros']
[-1781200949160513024.000s] Level 1:colcon.colcon_core.package_identification:_identify(depthai_env/lib/python3.14/site-packages/pip/_vendor/distlib/__pycache__) by extension 'ros'
[-1781200949160513024.000s] Level 1:colcon.colcon_core.package_identification:_identify(depthai_env/lib/python3.14/site-packages/pip/_vendor/distlib/__pycache__) by extensions ['cmake', 'python']
[-1781200949160513024.000s] Level 1:colcon.colcon_core.package_identification:_identify(depthai_env/lib/python3.14/site-packages/pip/_vendor/distlib/__pycache__) by extension 'cmake'
[-1781200949160513024.000s] Level 1:colcon.colcon_core.package_identification:_identify(depthai_env/lib/python3.14/site-packages/pip/_vendor/distlib/__pycache__) by extension 'python'
[-1781200949160513024.000s] Level 1:colcon.colcon_core.package_identification:_identify(depthai_env/lib/python3.14/site-packages/pip/_vendor/distro) by extensions ['ignore', 'ignore_ament_install']
[-1781200949160513024.000s] Level 1:colcon.colcon_core.package_identification:_identify(depthai_env/lib/python3.14/site-packages/pip/_vendor/distro) by extension 'ignore'
[-1781200949160513024.000s] Level 1:colcon.colcon_core.package_identification:_identify(depthai_env/lib/python3.14/site-packages/pip/_vendor/distro) by extension 'ignore_ament_install'
[-1781200949160513024.000s] Level 1:colcon.colcon_core.package_identification:_identify(depthai_env/lib/python3.14/site-packages/pip/_vendor/distro) by extensions ['colcon_pkg']
[-1781200949160513024.000s] Level 1:colcon.colcon_core.package_identification:_identify(depthai_env/lib/python3.14/site-packages/pip/_vendor/distro) by extension 'colcon_pkg'
[-1781200949160513024.000s] Level 1:colcon.colcon_core.package_identification:_identify(depthai_env/lib/python3.14/site-packages/pip/_vendor/distro) by extensions ['colcon_meta']
[-1781200949160513024.000s] Level 1:colcon.colcon_core.package_identification:_identify(depthai_env/lib/python3.14/site-packages/pip/_vendor/distro) by extension 'colcon_meta'
[-1781200949160513024.000s] Level 1:colcon.colcon_core.package_identification:_identify(depthai_env/lib/python3.14/site-packages/pip/_vendor/distro) by extensions ['ros']
[-1781200949160513024.000s] Level 1:colcon.colcon_core.package_identification:_identify(depthai_env/lib/python3.14/site-packages/pip/_vendor/distro) by extension 'ros'
[-1781200949160513024.000s] Level 1:colcon.colcon_core.package_identification:_identify(depthai_env/lib/python3.14/site-packages/pip/_vendor/distro) by extensions ['cmake', 'python']
[-1781200949160513024.000s] Level 1:colcon.colcon_core.package_identification:_identify(depthai_env/lib/python3.14/site-packages/pip/_vendor/distro) by extension 'cmake'
[-1781200949160513024.000s] Level 1:colcon.colcon_core.package_identification:_identify(depthai_env/lib/python3.14/site-packages/pip/_vendor/distro) by extension 'python'
[-1781200949160513024.000s] Level 1:colcon.colcon_core.package_identification:_identify(depthai_env/lib/python3.14/site-packages/pip/_vendor/distro/__pycache__) by extensions ['ignore', 'ignore_ament_install']
[-1781200949160513024.000s] Level 1:colcon.colcon_core.package_identification:_identify(depthai_env/lib/python3.14/site-packages/pip/_vendor/distro/__pycache__) by extension 'ignore'
[-1781200949160513024.000s] Level 1:colcon.colcon_core.package_identification:_identify(depthai_env/lib/python3.14/site-packages/pip/_vendor/distro/__pycache__) by extension 'ignore_ament_install'
[-1781200949160513024.000s] Level 1:colcon.colcon_core.package_identification:_identify(depthai_env/lib/python3.14/site-packages/pip/_vendor/distro/__pycache__) by extensions ['colcon_pkg']
[-1781200949160513024.000s] Level 1:colcon.colcon_core.package_identification:_identify(depthai_env/lib/python3.14/site-packages/pip/_vendor/distro/__pycache__) by extension 'colcon_pkg'
[-1781200949160513024.000s] Level 1:colcon.colcon_core.package_identification:_identify(depthai_env/lib/python3.14/site-packages/pip/_vendor/distro/__pycache__) by extensions ['colcon_meta']
[-1781200949160513024.000s] Level 1:colcon.colcon_core.package_identification:_identify(depthai_env/lib/python3.14/site-packages/pip/_vendor/distro/__pycache__) by extension 'colcon_meta'
[-1781200949160513024.000s] Level 1:colcon.colcon_core.package_identification:_identify(depthai_env/lib/python3.14/site-packages/pip/_vendor/distro/__pycache__) by extensions ['ros']
[-1781200949160513024.000s] Level 1:colcon.colcon_core.package_identification:_identify(depthai_env/lib/python3.14/site-packages/pip/_vendor/distro/__pycache__) by extension 'ros'
[-1781200949160513024.000s] Level 1:colcon.colcon_core.package_identification:_identify(depthai_env/lib/python3.14/site-packages/pip/_vendor/distro/__pycache__) by extensions ['cmake', 'python']
[-1781200949160513024.000s] Level 1:colcon.colcon_core.package_identification:_identify(depthai_env/lib/python3.14/site-packages/pip/_vendor/distro/__pycache__) by extension 'cmake'
[-1781200949160513024.000s] Level 1:colcon.colcon_core.package_identification:_identify(depthai_env/lib/python3.14/site-packages/pip/_vendor/distro/__pycache__) by extension 'python'
[-1781200949160513024.000s] Level 1:colcon.colcon_core.package_identification:_identify(depthai_env/lib/python3.14/site-packages/pip/_vendor/idna) by extensions ['ignore', 'ignore_ament_install']
[-1781200949160513024.000s] Level 1:colcon.colcon_core.package_identification:_identify(depthai_env/lib/python3.14/site-packages/pip/_vendor/idna) by extension 'ignore'
[-1781200949160513024.000s] Level 1:colcon.colcon_core.package_identification:_identify(depthai_env/lib/python3.14/site-packages/pip/_vendor/idna) by extension 'ignore_ament_install'
[-1781200949160513024.000s] Level 1:colcon.colcon_core.package_identification:_identify(depthai_env/lib/python3.14/site-packages/pip/_vendor/idna) by extensions ['colcon_pkg']
[-1781200949160513024.000s] Level 1:colcon.colcon_core.package_identification:_identify(depthai_env/lib/python3.14/site-packages/pip/_vendor/idna) by extension 'colcon_pkg'
[-1781200949160513024.000s] Level 1:colcon.colcon_core.package_identification:_identify(depthai_env/lib/python3.14/site-packages/pip/_vendor/idna) by extensions ['colcon_meta']
[-1781200949160513024.000s] Level 1:colcon.colcon_core.package_identification:_identify(depthai_env/lib/python3.14/site-packages/pip/_vendor/idna) by extension 'colcon_meta'
[-1781200949160513024.000s] Level 1:colcon.colcon_core.package_identification:_identify(depthai_env/lib/python3.14/site-packages/pip/_vendor/idna) by extensions ['ros']
[-1781200949160513024.000s] Level 1:colcon.colcon_core.package_identification:_identify(depthai_env/lib/python3.14/site-packages/pip/_vendor/idna) by extension 'ros'
[-1781200949160513024.000s] Level 1:colcon.colcon_core.package_identification:_identify(depthai_env/lib/python3.14/site-packages/pip/_vendor/idna) by extensions ['cmake', 'python']
[-1781200949160513024.000s] Level 1:colcon.colcon_core.package_identification:_identify(depthai_env/lib/python3.14/site-packages/pip/_vendor/idna) by extension 'cmake'
[-1781200949160513024.000s] Level 1:colcon.colcon_core.package_identification:_identify(depthai_env/lib/python3.14/site-packages/pip/_vendor/idna) by extension 'python'
[-1781200949160513024.000s] Level 1:colcon.colcon_core.package_identification:_identify(depthai_env/lib/python3.14/site-packages/pip/_vendor/idna/__pycache__) by extensions ['ignore', 'ignore_ament_install']
[-1781200949160513024.000s] Level 1:colcon.colcon_core.package_identification:_identify(depthai_env/lib/python3.14/site-packages/pip/_vendor/idna/__pycache__) by extension 'ignore'
[-1781200949160513024.000s] Level 1:colcon.colcon_core.package_identification:_identify(depthai_env/lib/python3.14/site-packages/pip/_vendor/idna/__pycache__) by extension 'ignore_ament_install'
[-1781200949160513024.000s] Level 1:colcon.colcon_core.package_identification:_identify(depthai_env/lib/python3.14/site-packages/pip/_vendor/idna/__pycache__) by extensions ['colcon_pkg']
[-1781200949160513024.000s] Level 1:colcon.colcon_core.package_identification:_identify(depthai_env/lib/python3.14/site-packages/pip/_vendor/idna/__pycache__) by extension 'colcon_pkg'
[-1781200949160513024.000s] Level 1:colcon.colcon_core.package_identification:_identify(depthai_env/lib/python3.14/site-packages/pip/_vendor/idna/__pycache__) by extensions ['colcon_meta']
[-1781200949160513024.000s] Level 1:colcon.colcon_core.package_identification:_identify(depthai_env/lib/python3.14/site-packages/pip/_vendor/idna/__pycache__) by extension 'colcon_meta'
[-1781200949160513024.000s] Level 1:colcon.colcon_core.package_identification:_identify(depthai_env/lib/python3.14/site-packages/pip/_vendor/idna/__pycache__) by extensions ['ros']
[-1781200949160513024.000s] Level 1:colcon.colcon_core.package_identification:_identify(depthai_env/lib/python3.14/site-packages/pip/_vendor/idna/__pycache__) by extension 'ros'
[-1781200949160513024.000s] Level 1:colcon.colcon_core.package_identification:_identify(depthai_env/lib/python3.14/site-packages/pip/_vendor/idna/__pycache__) by extensions ['cmake', 'python']
[-1781200949160513024.000s] Level 1:colcon.colcon_core.package_identification:_identify(depthai_env/lib/python3.14/site-packages/pip/_vendor/idna/__pycache__) by extension 'cmake'
[-1781200949160513024.000s] Level 1:colcon.colcon_core.package_identification:_identify(depthai_env/lib/python3.14/site-packages/pip/_vendor/idna/__pycache__) by extension 'python'
[-1781200949160513024.000s] Level 1:colcon.colcon_core.package_identification:_identify(depthai_env/lib/python3.14/site-packages/pip/_vendor/msgpack) by extensions ['ignore', 'ignore_ament_install']
[-1781200949160513024.000s] Level 1:colcon.colcon_core.package_identification:_identify(depthai_env/lib/python3.14/site-packages/pip/_vendor/msgpack) by extension 'ignore'
[-1781200949160513024.000s] Level 1:colcon.colcon_core.package_identification:_identify(depthai_env/lib/python3.14/site-packages/pip/_vendor/msgpack) by extension 'ignore_ament_install'
[-1781200949160513024.000s] Level 1:colcon.colcon_core.package_identification:_identify(depthai_env/lib/python3.14/site-packages/pip/_vendor/msgpack) by extensions ['colcon_pkg']
[-1781200949160513024.000s] Level 1:colcon.colcon_core.package_identification:_identify(depthai_env/lib/python3.14/site-packages/pip/_vendor/msgpack) by extension 'colcon_pkg'
[-1781200949160513024.000s] Level 1:colcon.colcon_core.package_identification:_identify(depthai_env/lib/python3.14/site-packages/pip/_vendor/msgpack) by extensions ['colcon_meta']
[-1781200949160513024.000s] Level 1:colcon.colcon_core.package_identification:_identify(depthai_env/lib/python3.14/site-packages/pip/_vendor/msgpack) by extension 'colcon_meta'
[-1781200949160513024.000s] Level 1:colcon.colcon_core.package_identification:_identify(depthai_env/lib/python3.14/site-packages/pip/_vendor/msgpack) by extensions ['ros']
[-1781200949160513024.000s] Level 1:colcon.colcon_core.package_identification:_identify(depthai_env/lib/python3.14/site-packages/pip/_vendor/msgpack) by extension 'ros'
[-1781200949160513024.000s] Level 1:colcon.colcon_core.package_identification:_identify(depthai_env/lib/python3.14/site-packages/pip/_vendor/msgpack) by extensions ['cmake', 'python']
[-1781200949160513024.000s] Level 1:colcon.colcon_core.package_identification:_identify(depthai_env/lib/python3.14/site-packages/pip/_vendor/msgpack) by extension 'cmake'
[-1781200949160513024.000s] Level 1:colcon.colcon_core.package_identification:_identify(depthai_env/lib/python3.14/site-packages/pip/_vendor/msgpack) by extension 'python'
[-1781200949160513024.000s] Level 1:colcon.colcon_core.package_identification:_identify(depthai_env/lib/python3.14/site-packages/pip/_vendor/msgpack/__pycache__) by extensions ['ignore', 'ignore_ament_install']
[-1781200949160513024.000s] Level 1:colcon.colcon_core.package_identification:_identify(depthai_env/lib/python3.14/site-packages/pip/_vendor/msgpack/__pycache__) by extension 'ignore'
[-1781200949160513024.000s] Level 1:colcon.colcon_core.package_identification:_identify(depthai_env/lib/python3.14/site-packages/pip/_vendor/msgpack/__pycache__) by extension 'ignore_ament_install'
[-1781200949160513024.000s] Level 1:colcon.colcon_core.package_identification:_identify(depthai_env/lib/python3.14/site-packages/pip/_vendor/msgpack/__pycache__) by extensions ['colcon_pkg']
[-1781200949160513024.000s] Level 1:colcon.colcon_core.package_identification:_identify(depthai_env/lib/python3.14/site-packages/pip/_vendor/msgpack/__pycache__) by extension 'colcon_pkg'
[-1781200949160513024.000s] Level 1:colcon.colcon_core.package_identification:_identify(depthai_env/lib/python3.14/site-packages/pip/_vendor/msgpack/__pycache__) by extensions ['colcon_meta']
[-1781200949160513024.000s] Level 1:colcon.colcon_core.package_identification:_identify(depthai_env/lib/python3.14/site-packages/pip/_vendor/msgpack/__pycache__) by extension 'colcon_meta'
[-1781200949160513024.000s] Level 1:colcon.colcon_core.package_identification:_identify(depthai_env/lib/python3.14/site-packages/pip/_vendor/msgpack/__pycache__) by extensions ['ros']
[-1781200949160513024.000s] Level 1:colcon.colcon_core.package_identification:_identify(depthai_env/lib/python3.14/site-packages/pip/_vendor/msgpack/__pycache__) by extension 'ros'
[-1781200949160513024.000s] Level 1:colcon.colcon_core.package_identification:_identify(depthai_env/lib/python3.14/site-packages/pip/_vendor/msgpack/__pycache__) by extensions ['cmake', 'python']
[-1781200949160513024.000s] Level 1:colcon.colcon_core.package_identification:_identify(depthai_env/lib/python3.14/site-packages/pip/_vendor/msgpack/__pycache__) by extension 'cmake'
[-1781200949160513024.000s] Level 1:colcon.colcon_core.package_identification:_identify(depthai_env/lib/python3.14/site-packages/pip/_vendor/msgpack/__pycache__) by extension 'python'
[-1781200949160513024.000s] Level 1:colcon.colcon_core.package_identification:_identify(depthai_env/lib/python3.14/site-packages/pip/_vendor/packaging) by extensions ['ignore', 'ignore_ament_install']
[-1781200949160513024.000s] Level 1:colcon.colcon_core.package_identification:_identify(depthai_env/lib/python3.14/site-packages/pip/_vendor/packaging) by extension 'ignore'
[-1781200949160513024.000s] Level 1:colcon.colcon_core.package_identification:_identify(depthai_env/lib/python3.14/site-packages/pip/_vendor/packaging) by extension 'ignore_ament_install'
[-1781200949160513024.000s] Level 1:colcon.colcon_core.package_identification:_identify(depthai_env/lib/python3.14/site-packages/pip/_vendor/packaging) by extensions ['colcon_pkg']
[-1781200949160513024.000s] Level 1:colcon.colcon_core.package_identification:_identify(depthai_env/lib/python3.14/site-packages/pip/_vendor/packaging) by extension 'colcon_pkg'
[-1781200949160513024.000s] Level 1:colcon.colcon_core.package_identification:_identify(depthai_env/lib/python3.14/site-packages/pip/_vendor/packaging) by extensions ['colcon_meta']
[-1781200949160513024.000s] Level 1:colcon.colcon_core.package_identification:_identify(depthai_env/lib/python3.14/site-packages/pip/_vendor/packaging) by extension 'colcon_meta'
[-1781200949160513024.000s] Level 1:colcon.colcon_core.package_identification:_identify(depthai_env/lib/python3.14/site-packages/pip/_vendor/packaging) by extensions ['ros']
[-1781200949160513024.000s] Level 1:colcon.colcon_core.package_identification:_identify(depthai_env/lib/python3.14/site-packages/pip/_vendor/packaging) by extension 'ros'
[-1781200949160513024.000s] Level 1:colcon.colcon_core.package_identification:_identify(depthai_env/lib/python3.14/site-packages/pip/_vendor/packaging) by extensions ['cmake', 'python']
[-1781200949160513024.000s] Level 1:colcon.colcon_core.package_identification:_identify(depthai_env/lib/python3.14/site-packages/pip/_vendor/packaging) by extension 'cmake'
[-1781200949160513024.000s] Level 1:colcon.colcon_core.package_identification:_identify(depthai_env/lib/python3.14/site-packages/pip/_vendor/packaging) by extension 'python'
[-1781200949160513024.000s] Level 1:colcon.colcon_core.package_identification:_identify(depthai_env/lib/python3.14/site-packages/pip/_vendor/packaging/__pycache__) by extensions ['ignore', 'ignore_ament_install']
[-1781200949160513024.000s] Level 1:colcon.colcon_core.package_identification:_identify(depthai_env/lib/python3.14/site-packages/pip/_vendor/packaging/__pycache__) by extension 'ignore'
[-1781200949160513024.000s] Level 1:colcon.colcon_core.package_identification:_identify(depthai_env/lib/python3.14/site-packages/pip/_vendor/packaging/__pycache__) by extension 'ignore_ament_install'
[-1781200949160513024.000s] Level 1:colcon.colcon_core.package_identification:_identify(depthai_env/lib/python3.14/site-packages/pip/_vendor/packaging/__pycache__) by extensions ['colcon_pkg']
[-1781200949160513024.000s] Level 1:colcon.colcon_core.package_identification:_identify(depthai_env/lib/python3.14/site-packages/pip/_vendor/packaging/__pycache__) by extension 'colcon_pkg'
[-1781200949160513024.000s] Level 1:colcon.colcon_core.package_identification:_identify(depthai_env/lib/python3.14/site-packages/pip/_vendor/packaging/__pycache__) by extensions ['colcon_meta']
[-1781200949160513024.000s] Level 1:colcon.colcon_core.package_identification:_identify(depthai_env/lib/python3.14/site-packages/pip/_vendor/packaging/__pycache__) by extension 'colcon_meta'
[-1781200949160513024.000s] Level 1:colcon.colcon_core.package_identification:_identify(depthai_env/lib/python3.14/site-packages/pip/_vendor/packaging/__pycache__) by extensions ['ros']
[-1781200949160513024.000s] Level 1:colcon.colcon_core.package_identification:_identify(depthai_env/lib/python3.14/site-packages/pip/_vendor/packaging/__pycache__) by extension 'ros'
[-1781200949160513024.000s] Level 1:colcon.colcon_core.package_identification:_identify(depthai_env/lib/python3.14/site-packages/pip/_vendor/packaging/__pycache__) by extensions ['cmake', 'python']
[-1781200949160513024.000s] Level 1:colcon.colcon_core.package_identification:_identify(depthai_env/lib/python3.14/site-packages/pip/_vendor/packaging/__pycache__) by extension 'cmake'
[-1781200949160513024.000s] Level 1:colcon.colcon_core.package_identification:_identify(depthai_env/lib/python3.14/site-packages/pip/_vendor/packaging/__pycache__) by extension 'python'
[-1781200949160513024.000s] Level 1:colcon.colcon_core.package_identification:_identify(depthai_env/lib/python3.14/site-packages/pip/_vendor/packaging/licenses) by extensions ['ignore', 'ignore_ament_install']
[-1781200949160513024.000s] Level 1:colcon.colcon_core.package_identification:_identify(depthai_env/lib/python3.14/site-packages/pip/_vendor/packaging/licenses) by extension 'ignore'
[-1781200949160513024.000s] Level 1:colcon.colcon_core.package_identification:_identify(depthai_env/lib/python3.14/site-packages/pip/_vendor/packaging/licenses) by extension 'ignore_ament_install'
[-1781200949160513024.000s] Level 1:colcon.colcon_core.package_identification:_identify(depthai_env/lib/python3.14/site-packages/pip/_vendor/packaging/licenses) by extensions ['colcon_pkg']
[-1781200949160513024.000s] Level 1:colcon.colcon_core.package_identification:_identify(depthai_env/lib/python3.14/site-packages/pip/_vendor/packaging/licenses) by extension 'colcon_pkg'
[-1781200949160513024.000s] Level 1:colcon.colcon_core.package_identification:_identify(depthai_env/lib/python3.14/site-packages/pip/_vendor/packaging/licenses) by extensions ['colcon_meta']
[-1781200949160513024.000s] Level 1:colcon.colcon_core.package_identification:_identify(depthai_env/lib/python3.14/site-packages/pip/_vendor/packaging/licenses) by extension 'colcon_meta'
[-1781200949160513024.000s] Level 1:colcon.colcon_core.package_identification:_identify(depthai_env/lib/python3.14/site-packages/pip/_vendor/packaging/licenses) by extensions ['ros']
[-1781200949160513024.000s] Level 1:colcon.colcon_core.package_identification:_identify(depthai_env/lib/python3.14/site-packages/pip/_vendor/packaging/licenses) by extension 'ros'
[-1781200949160513024.000s] Level 1:colcon.colcon_core.package_identification:_identify(depthai_env/lib/python3.14/site-packages/pip/_vendor/packaging/licenses) by extensions ['cmake', 'python']
[-1781200949160513024.000s] Level 1:colcon.colcon_core.package_identification:_identify(depthai_env/lib/python3.14/site-packages/pip/_vendor/packaging/licenses) by extension 'cmake'
[-1781200949160513024.000s] Level 1:colcon.colcon_core.package_identification:_identify(depthai_env/lib/python3.14/site-packages/pip/_vendor/packaging/licenses) by extension 'python'
[-1781200949160513024.000s] Level 1:colcon.colcon_core.package_identification:_identify(depthai_env/lib/python3.14/site-packages/pip/_vendor/packaging/licenses/__pycache__) by extensions ['ignore', 'ignore_ament_install']
[-1781200949160513024.000s] Level 1:colcon.colcon_core.package_identification:_identify(depthai_env/lib/python3.14/site-packages/pip/_vendor/packaging/licenses/__pycache__) by extension 'ignore'
[-1781200949160513024.000s] Level 1:colcon.colcon_core.package_identification:_identify(depthai_env/lib/python3.14/site-packages/pip/_vendor/packaging/licenses/__pycache__) by extension 'ignore_ament_install'
[-1781200949160513024.000s] Level 1:colcon.colcon_core.package_identification:_identify(depthai_env/lib/python3.14/site-packages/pip/_vendor/packaging/licenses/__pycache__) by extensions ['colcon_pkg']
[-1781200949160513024.000s] Level 1:colcon.colcon_core.package_identification:_identify(depthai_env/lib/python3.14/site-packages/pip/_vendor/packaging/licenses/__pycache__) by extension 'colcon_pkg'
[-1781200949160513024.000s] Level 1:colcon.colcon_core.package_identification:_identify(depthai_env/lib/python3.14/site-packages/pip/_vendor/packaging/licenses/__pycache__) by extensions ['colcon_meta']
[-1781200949160513024.000s] Level 1:colcon.colcon_core.package_identification:_identify(depthai_env/lib/python3.14/site-packages/pip/_vendor/packaging/licenses/__pycache__) by extension 'colcon_meta'
[-1781200949160513024.000s] Level 1:colcon.colcon_core.package_identification:_identify(depthai_env/lib/python3.14/site-packages/pip/_vendor/packaging/licenses/__pycache__) by extensions ['ros']
[-1781200949160513024.000s] Level 1:colcon.colcon_core.package_identification:_identify(depthai_env/lib/python3.14/site-packages/pip/_vendor/packaging/licenses/__pycache__) by extension 'ros'
[-1781200949160513024.000s] Level 1:colcon.colcon_core.package_identification:_identify(depthai_env/lib/python3.14/site-packages/pip/_vendor/packaging/licenses/__pycache__) by extensions ['cmake', 'python']
[-1781200949160513024.000s] Level 1:colcon.colcon_core.package_identification:_identify(depthai_env/lib/python3.14/site-packages/pip/_vendor/packaging/licenses/__pycache__) by extension 'cmake'
[-1781200949160513024.000s] Level 1:colcon.colcon_core.package_identification:_identify(depthai_env/lib/python3.14/site-packages/pip/_vendor/packaging/licenses/__pycache__) by extension 'python'
[-1781200949160513024.000s] Level 1:colcon.colcon_core.package_identification:_identify(depthai_env/lib/python3.14/site-packages/pip/_vendor/pkg_resources) by extensions ['ignore', 'ignore_ament_install']
[-1781200949160513024.000s] Level 1:colcon.colcon_core.package_identification:_identify(depthai_env/lib/python3.14/site-packages/pip/_vendor/pkg_resources) by extension 'ignore'
[-1781200949160513024.000s] Level 1:colcon.colcon_core.package_identification:_identify(depthai_env/lib/python3.14/site-packages/pip/_vendor/pkg_resources) by extension 'ignore_ament_install'
[-1781200949160513024.000s] Level 1:colcon.colcon_core.package_identification:_identify(depthai_env/lib/python3.14/site-packages/pip/_vendor/pkg_resources) by extensions ['colcon_pkg']
[-1781200949160513024.000s] Level 1:colcon.colcon_core.package_identification:_identify(depthai_env/lib/python3.14/site-packages/pip/_vendor/pkg_resources) by extension 'colcon_pkg'
[-1781200949160513024.000s] Level 1:colcon.colcon_core.package_identification:_identify(depthai_env/lib/python3.14/site-packages/pip/_vendor/pkg_resources) by extensions ['colcon_meta']
[-1781200949160513024.000s] Level 1:colcon.colcon_core.package_identification:_identify(depthai_env/lib/python3.14/site-packages/pip/_vendor/pkg_resources) by extension 'colcon_meta'
[-1781200949160513024.000s] Level 1:colcon.colcon_core.package_identification:_identify(depthai_env/lib/python3.14/site-packages/pip/_vendor/pkg_resources) by extensions ['ros']
[-1781200949160513024.000s] Level 1:colcon.colcon_core.package_identification:_identify(depthai_env/lib/python3.14/site-packages/pip/_vendor/pkg_resources) by extension 'ros'
[-1781200949160513024.000s] Level 1:colcon.colcon_core.package_identification:_identify(depthai_env/lib/python3.14/site-packages/pip/_vendor/pkg_resources) by extensions ['cmake', 'python']
[-1781200949160513024.000s] Level 1:colcon.colcon_core.package_identification:_identify(depthai_env/lib/python3.14/site-packages/pip/_vendor/pkg_resources) by extension 'cmake'
[-1781200949160513024.000s] Level 1:colcon.colcon_core.package_identification:_identify(depthai_env/lib/python3.14/site-packages/pip/_vendor/pkg_resources) by extension 'python'
[-1781200949160513024.000s] Level 1:colcon.colcon_core.package_identification:_identify(depthai_env/lib/python3.14/site-packages/pip/_vendor/pkg_resources/__pycache__) by extensions ['ignore', 'ignore_ament_install']
[-1781200949160513024.000s] Level 1:colcon.colcon_core.package_identification:_identify(depthai_env/lib/python3.14/site-packages/pip/_vendor/pkg_resources/__pycache__) by extension 'ignore'
[-1781200949160513024.000s] Level 1:colcon.colcon_core.package_identification:_identify(depthai_env/lib/python3.14/site-packages/pip/_vendor/pkg_resources/__pycache__) by extension 'ignore_ament_install'
[-1781200949160513024.000s] Level 1:colcon.colcon_core.package_identification:_identify(depthai_env/lib/python3.14/site-packages/pip/_vendor/pkg_resources/__pycache__) by extensions ['colcon_pkg']
[-1781200949160513024.000s] Level 1:colcon.colcon_core.package_identification:_identify(depthai_env/lib/python3.14/site-packages/pip/_vendor/pkg_resources/__pycache__) by extension 'colcon_pkg'
[-1781200949160513024.000s] Level 1:colcon.colcon_core.package_identification:_identify(depthai_env/lib/python3.14/site-packages/pip/_vendor/pkg_resources/__pycache__) by extensions ['colcon_meta']
[-1781200949160513024.000s] Level 1:colcon.colcon_core.package_identification:_identify(depthai_env/lib/python3.14/site-packages/pip/_vendor/pkg_resources/__pycache__) by extension 'colcon_meta'
[-1781200949160513024.000s] Level 1:colcon.colcon_core.package_identification:_identify(depthai_env/lib/python3.14/site-packages/pip/_vendor/pkg_resources/__pycache__) by extensions ['ros']
[-1781200949160513024.000s] Level 1:colcon.colcon_core.package_identification:_identify(depthai_env/lib/python3.14/site-packages/pip/_vendor/pkg_resources/__pycache__) by extension 'ros'
[-1781200949160513024.000s] Level 1:colcon.colcon_core.package_identification:_identify(depthai_env/lib/python3.14/site-packages/pip/_vendor/pkg_resources/__pycache__) by extensions ['cmake', 'python']
[-1781200949160513024.000s] Level 1:colcon.colcon_core.package_identification:_identify(depthai_env/lib/python3.14/site-packages/pip/_vendor/pkg_resources/__pycache__) by extension 'cmake'
[-1781200949160513024.000s] Level 1:colcon.colcon_core.package_identification:_identify(depthai_env/lib/python3.14/site-packages/pip/_vendor/pkg_resources/__pycache__) by extension 'python'
[-1781200949160513024.000s] Level 1:colcon.colcon_core.package_identification:_identify(depthai_env/lib/python3.14/site-packages/pip/_vendor/platformdirs) by extensions ['ignore', 'ignore_ament_install']
[-1781200949160513024.000s] Level 1:colcon.colcon_core.package_identification:_identify(depthai_env/lib/python3.14/site-packages/pip/_vendor/platformdirs) by extension 'ignore'
[-1781200949160513024.000s] Level 1:colcon.colcon_core.package_identification:_identify(depthai_env/lib/python3.14/site-packages/pip/_vendor/platformdirs) by extension 'ignore_ament_install'
[-1781200949160513024.000s] Level 1:colcon.colcon_core.package_identification:_identify(depthai_env/lib/python3.14/site-packages/pip/_vendor/platformdirs) by extensions ['colcon_pkg']
[-1781200949160513024.000s] Level 1:colcon.colcon_core.package_identification:_identify(depthai_env/lib/python3.14/site-packages/pip/_vendor/platformdirs) by extension 'colcon_pkg'
[-1781200949160513024.000s] Level 1:colcon.colcon_core.package_identification:_identify(depthai_env/lib/python3.14/site-packages/pip/_vendor/platformdirs) by extensions ['colcon_meta']
[-1781200949160513024.000s] Level 1:colcon.colcon_core.package_identification:_identify(depthai_env/lib/python3.14/site-packages/pip/_vendor/platformdirs) by extension 'colcon_meta'
[-1781200949160513024.000s] Level 1:colcon.colcon_core.package_identification:_identify(depthai_env/lib/python3.14/site-packages/pip/_vendor/platformdirs) by extensions ['ros']
[-1781200949160513024.000s] Level 1:colcon.colcon_core.package_identification:_identify(depthai_env/lib/python3.14/site-packages/pip/_vendor/platformdirs) by extension 'ros'
[-1781200949160513024.000s] Level 1:colcon.colcon_core.package_identification:_identify(depthai_env/lib/python3.14/site-packages/pip/_vendor/platformdirs) by extensions ['cmake', 'python']
[-1781200949160513024.000s] Level 1:colcon.colcon_core.package_identification:_identify(depthai_env/lib/python3.14/site-packages/pip/_vendor/platformdirs) by extension 'cmake'
[-1781200949160513024.000s] Level 1:colcon.colcon_core.package_identification:_identify(depthai_env/lib/python3.14/site-packages/pip/_vendor/platformdirs) by extension 'python'
[-1781200949160513024.000s] Level 1:colcon.colcon_core.package_identification:_identify(depthai_env/lib/python3.14/site-packages/pip/_vendor/platformdirs/__pycache__) by extensions ['ignore', 'ignore_ament_install']
[-1781200949160513024.000s] Level 1:colcon.colcon_core.package_identification:_identify(depthai_env/lib/python3.14/site-packages/pip/_vendor/platformdirs/__pycache__) by extension 'ignore'
[-1781200949160513024.000s] Level 1:colcon.colcon_core.package_identification:_identify(depthai_env/lib/python3.14/site-packages/pip/_vendor/platformdirs/__pycache__) by extension 'ignore_ament_install'
[-1781200949160513024.000s] Level 1:colcon.colcon_core.package_identification:_identify(depthai_env/lib/python3.14/site-packages/pip/_vendor/platformdirs/__pycache__) by extensions ['colcon_pkg']
[-1781200949160513024.000s] Level 1:colcon.colcon_core.package_identification:_identify(depthai_env/lib/python3.14/site-packages/pip/_vendor/platformdirs/__pycache__) by extension 'colcon_pkg'
[-1781200949160513024.000s] Level 1:colcon.colcon_core.package_identification:_identify(depthai_env/lib/python3.14/site-packages/pip/_vendor/platformdirs/__pycache__) by extensions ['colcon_meta']
[-1781200949160513024.000s] Level 1:colcon.colcon_core.package_identification:_identify(depthai_env/lib/python3.14/site-packages/pip/_vendor/platformdirs/__pycache__) by extension 'colcon_meta'
[-1781200949160513024.000s] Level 1:colcon.colcon_core.package_identification:_identify(depthai_env/lib/python3.14/site-packages/pip/_vendor/platformdirs/__pycache__) by extensions ['ros']
[-1781200949160513024.000s] Level 1:colcon.colcon_core.package_identification:_identify(depthai_env/lib/python3.14/site-packages/pip/_vendor/platformdirs/__pycache__) by extension 'ros'
[-1781200949160513024.000s] Level 1:colcon.colcon_core.package_identification:_identify(depthai_env/lib/python3.14/site-packages/pip/_vendor/platformdirs/__pycache__) by extensions ['cmake', 'python']
[-1781200949160513024.000s] Level 1:colcon.colcon_core.package_identification:_identify(depthai_env/lib/python3.14/site-packages/pip/_vendor/platformdirs/__pycache__) by extension 'cmake'
[-1781200949160513024.000s] Level 1:colcon.colcon_core.package_identification:_identify(depthai_env/lib/python3.14/site-packages/pip/_vendor/platformdirs/__pycache__) by extension 'python'
[-1781200949160513024.000s] Level 1:colcon.colcon_core.package_identification:_identify(depthai_env/lib/python3.14/site-packages/pip/_vendor/pygments) by extensions ['ignore', 'ignore_ament_install']
[-1781200949160513024.000s] Level 1:colcon.colcon_core.package_identification:_identify(depthai_env/lib/python3.14/site-packages/pip/_vendor/pygments) by extension 'ignore'
[-1781200949160513024.000s] Level 1:colcon.colcon_core.package_identification:_identify(depthai_env/lib/python3.14/site-packages/pip/_vendor/pygments) by extension 'ignore_ament_install'
[-1781200949160513024.000s] Level 1:colcon.colcon_core.package_identification:_identify(depthai_env/lib/python3.14/site-packages/pip/_vendor/pygments) by extensions ['colcon_pkg']
[-1781200949160513024.000s] Level 1:colcon.colcon_core.package_identification:_identify(depthai_env/lib/python3.14/site-packages/pip/_vendor/pygments) by extension 'colcon_pkg'
[-1781200949160513024.000s] Level 1:colcon.colcon_core.package_identification:_identify(depthai_env/lib/python3.14/site-packages/pip/_vendor/pygments) by extensions ['colcon_meta']
[-1781200949160513024.000s] Level 1:colcon.colcon_core.package_identification:_identify(depthai_env/lib/python3.14/site-packages/pip/_vendor/pygments) by extension 'colcon_meta'
[-1781200949160513024.000s] Level 1:colcon.colcon_core.package_identification:_identify(depthai_env/lib/python3.14/site-packages/pip/_vendor/pygments) by extensions ['ros']
[-1781200949160513024.000s] Level 1:colcon.colcon_core.package_identification:_identify(depthai_env/lib/python3.14/site-packages/pip/_vendor/pygments) by extension 'ros'
[-1781200949160513024.000s] Level 1:colcon.colcon_core.package_identification:_identify(depthai_env/lib/python3.14/site-packages/pip/_vendor/pygments) by extensions ['cmake', 'python']
[-1781200949160513024.000s] Level 1:colcon.colcon_core.package_identification:_identify(depthai_env/lib/python3.14/site-packages/pip/_vendor/pygments) by extension 'cmake'
[-1781200949160513024.000s] Level 1:colcon.colcon_core.package_identification:_identify(depthai_env/lib/python3.14/site-packages/pip/_vendor/pygments) by extension 'python'
[-1781200949160513024.000s] Level 1:colcon.colcon_core.package_identification:_identify(depthai_env/lib/python3.14/site-packages/pip/_vendor/pygments/__pycache__) by extensions ['ignore', 'ignore_ament_install']
[-1781200949160513024.000s] Level 1:colcon.colcon_core.package_identification:_identify(depthai_env/lib/python3.14/site-packages/pip/_vendor/pygments/__pycache__) by extension 'ignore'
[-1781200949160513024.000s] Level 1:colcon.colcon_core.package_identification:_identify(depthai_env/lib/python3.14/site-packages/pip/_vendor/pygments/__pycache__) by extension 'ignore_ament_install'
[-1781200949160513024.000s] Level 1:colcon.colcon_core.package_identification:_identify(depthai_env/lib/python3.14/site-packages/pip/_vendor/pygments/__pycache__) by extensions ['colcon_pkg']
[-1781200949160513024.000s] Level 1:colcon.colcon_core.package_identification:_identify(depthai_env/lib/python3.14/site-packages/pip/_vendor/pygments/__pycache__) by extension 'colcon_pkg'
[-1781200949160513024.000s] Level 1:colcon.colcon_core.package_identification:_identify(depthai_env/lib/python3.14/site-packages/pip/_vendor/pygments/__pycache__) by extensions ['colcon_meta']
[-1781200949160513024.000s] Level 1:colcon.colcon_core.package_identification:_identify(depthai_env/lib/python3.14/site-packages/pip/_vendor/pygments/__pycache__) by extension 'colcon_meta'
[-1781200949160513024.000s] Level 1:colcon.colcon_core.package_identification:_identify(depthai_env/lib/python3.14/site-packages/pip/_vendor/pygments/__pycache__) by extensions ['ros']
[-1781200949160513024.000s] Level 1:colcon.colcon_core.package_identification:_identify(depthai_env/lib/python3.14/site-packages/pip/_vendor/pygments/__pycache__) by extension 'ros'
[-1781200949160513024.000s] Level 1:colcon.colcon_core.package_identification:_identify(depthai_env/lib/python3.14/site-packages/pip/_vendor/pygments/__pycache__) by extensions ['cmake', 'python']
[-1781200949160513024.000s] Level 1:colcon.colcon_core.package_identification:_identify(depthai_env/lib/python3.14/site-packages/pip/_vendor/pygments/__pycache__) by extension 'cmake'
[-1781200949160513024.000s] Level 1:colcon.colcon_core.package_identification:_identify(depthai_env/lib/python3.14/site-packages/pip/_vendor/pygments/__pycache__) by extension 'python'
[-1781200949160513024.000s] Level 1:colcon.colcon_core.package_identification:_identify(depthai_env/lib/python3.14/site-packages/pip/_vendor/pygments/filters) by extensions ['ignore', 'ignore_ament_install']
[-1781200949160513024.000s] Level 1:colcon.colcon_core.package_identification:_identify(depthai_env/lib/python3.14/site-packages/pip/_vendor/pygments/filters) by extension 'ignore'
[-1781200949160513024.000s] Level 1:colcon.colcon_core.package_identification:_identify(depthai_env/lib/python3.14/site-packages/pip/_vendor/pygments/filters) by extension 'ignore_ament_install'
[-1781200949160513024.000s] Level 1:colcon.colcon_core.package_identification:_identify(depthai_env/lib/python3.14/site-packages/pip/_vendor/pygments/filters) by extensions ['colcon_pkg']
[-1781200949160513024.000s] Level 1:colcon.colcon_core.package_identification:_identify(depthai_env/lib/python3.14/site-packages/pip/_vendor/pygments/filters) by extension 'colcon_pkg'
[-1781200949160513024.000s] Level 1:colcon.colcon_core.package_identification:_identify(depthai_env/lib/python3.14/site-packages/pip/_vendor/pygments/filters) by extensions ['colcon_meta']
[-1781200949160513024.000s] Level 1:colcon.colcon_core.package_identification:_identify(depthai_env/lib/python3.14/site-packages/pip/_vendor/pygments/filters) by extension 'colcon_meta'
[-1781200949160513024.000s] Level 1:colcon.colcon_core.package_identification:_identify(depthai_env/lib/python3.14/site-packages/pip/_vendor/pygments/filters) by extensions ['ros']
[-1781200949160513024.000s] Level 1:colcon.colcon_core.package_identification:_identify(depthai_env/lib/python3.14/site-packages/pip/_vendor/pygments/filters) by extension 'ros'
[-1781200949160513024.000s] Level 1:colcon.colcon_core.package_identification:_identify(depthai_env/lib/python3.14/site-packages/pip/_vendor/pygments/filters) by extensions ['cmake', 'python']
[-1781200949160513024.000s] Level 1:colcon.colcon_core.package_identification:_identify(depthai_env/lib/python3.14/site-packages/pip/_vendor/pygments/filters) by extension 'cmake'
[-1781200949160513024.000s] Level 1:colcon.colcon_core.package_identification:_identify(depthai_env/lib/python3.14/site-packages/pip/_vendor/pygments/filters) by extension 'python'
[-1781200949160513024.000s] Level 1:colcon.colcon_core.package_identification:_identify(depthai_env/lib/python3.14/site-packages/pip/_vendor/pygments/filters/__pycache__) by extensions ['ignore', 'ignore_ament_install']
[-1781200949160513024.000s] Level 1:colcon.colcon_core.package_identification:_identify(depthai_env/lib/python3.14/site-packages/pip/_vendor/pygments/filters/__pycache__) by extension 'ignore'
[-1781200949160513024.000s] Level 1:colcon.colcon_core.package_identification:_identify(depthai_env/lib/python3.14/site-packages/pip/_vendor/pygments/filters/__pycache__) by extension 'ignore_ament_install'
[-1781200949160513024.000s] Level 1:colcon.colcon_core.package_identification:_identify(depthai_env/lib/python3.14/site-packages/pip/_vendor/pygments/filters/__pycache__) by extensions ['colcon_pkg']
[-1781200949160513024.000s] Level 1:colcon.colcon_core.package_identification:_identify(depthai_env/lib/python3.14/site-packages/pip/_vendor/pygments/filters/__pycache__) by extension 'colcon_pkg'
[-1781200949160513024.000s] Level 1:colcon.colcon_core.package_identification:_identify(depthai_env/lib/python3.14/site-packages/pip/_vendor/pygments/filters/__pycache__) by extensions ['colcon_meta']
[-1781200949160513024.000s] Level 1:colcon.colcon_core.package_identification:_identify(depthai_env/lib/python3.14/site-packages/pip/_vendor/pygments/filters/__pycache__) by extension 'colcon_meta'
[-1781200949160513024.000s] Level 1:colcon.colcon_core.package_identification:_identify(depthai_env/lib/python3.14/site-packages/pip/_vendor/pygments/filters/__pycache__) by extensions ['ros']
[-1781200949160513024.000s] Level 1:colcon.colcon_core.package_identification:_identify(depthai_env/lib/python3.14/site-packages/pip/_vendor/pygments/filters/__pycache__) by extension 'ros'
[-1781200949160513024.000s] Level 1:colcon.colcon_core.package_identification:_identify(depthai_env/lib/python3.14/site-packages/pip/_vendor/pygments/filters/__pycache__) by extensions ['cmake', 'python']
[-1781200949160513024.000s] Level 1:colcon.colcon_core.package_identification:_identify(depthai_env/lib/python3.14/site-packages/pip/_vendor/pygments/filters/__pycache__) by extension 'cmake'
[-1781200949160513024.000s] Level 1:colcon.colcon_core.package_identification:_identify(depthai_env/lib/python3.14/site-packages/pip/_vendor/pygments/filters/__pycache__) by extension 'python'
[-1781200949160513024.000s] Level 1:colcon.colcon_core.package_identification:_identify(depthai_env/lib/python3.14/site-packages/pip/_vendor/pygments/formatters) by extensions ['ignore', 'ignore_ament_install']
[-1781200949160513024.000s] Level 1:colcon.colcon_core.package_identification:_identify(depthai_env/lib/python3.14/site-packages/pip/_vendor/pygments/formatters) by extension 'ignore'
[-1781200949160513024.000s] Level 1:colcon.colcon_core.package_identification:_identify(depthai_env/lib/python3.14/site-packages/pip/_vendor/pygments/formatters) by extension 'ignore_ament_install'
[-1781200949160513024.000s] Level 1:colcon.colcon_core.package_identification:_identify(depthai_env/lib/python3.14/site-packages/pip/_vendor/pygments/formatters) by extensions ['colcon_pkg']
[-1781200949160513024.000s] Level 1:colcon.colcon_core.package_identification:_identify(depthai_env/lib/python3.14/site-packages/pip/_vendor/pygments/formatters) by extension 'colcon_pkg'
[-1781200949160513024.000s] Level 1:colcon.colcon_core.package_identification:_identify(depthai_env/lib/python3.14/site-packages/pip/_vendor/pygments/formatters) by extensions ['colcon_meta']
[-1781200949160513024.000s] Level 1:colcon.colcon_core.package_identification:_identify(depthai_env/lib/python3.14/site-packages/pip/_vendor/pygments/formatters) by extension 'colcon_meta'
[-1781200949160513024.000s] Level 1:colcon.colcon_core.package_identification:_identify(depthai_env/lib/python3.14/site-packages/pip/_vendor/pygments/formatters) by extensions ['ros']
[-1781200949160513024.000s] Level 1:colcon.colcon_core.package_identification:_identify(depthai_env/lib/python3.14/site-packages/pip/_vendor/pygments/formatters) by extension 'ros'
[-1781200949160513024.000s] Level 1:colcon.colcon_core.package_identification:_identify(depthai_env/lib/python3.14/site-packages/pip/_vendor/pygments/formatters) by extensions ['cmake', 'python']
[-1781200949160513024.000s] Level 1:colcon.colcon_core.package_identification:_identify(depthai_env/lib/python3.14/site-packages/pip/_vendor/pygments/formatters) by extension 'cmake'
[-1781200949160513024.000s] Level 1:colcon.colcon_core.package_identification:_identify(depthai_env/lib/python3.14/site-packages/pip/_vendor/pygments/formatters) by extension 'python'
[-1781200949160513024.000s] Level 1:colcon.colcon_core.package_identification:_identify(depthai_env/lib/python3.14/site-packages/pip/_vendor/pygments/formatters/__pycache__) by extensions ['ignore', 'ignore_ament_install']
[-1781200949160513024.000s] Level 1:colcon.colcon_core.package_identification:_identify(depthai_env/lib/python3.14/site-packages/pip/_vendor/pygments/formatters/__pycache__) by extension 'ignore'
[-1781200949160513024.000s] Level 1:colcon.colcon_core.package_identification:_identify(depthai_env/lib/python3.14/site-packages/pip/_vendor/pygments/formatters/__pycache__) by extension 'ignore_ament_install'
[-1781200949160513024.000s] Level 1:colcon.colcon_core.package_identification:_identify(depthai_env/lib/python3.14/site-packages/pip/_vendor/pygments/formatters/__pycache__) by extensions ['colcon_pkg']
[-1781200949160513024.000s] Level 1:colcon.colcon_core.package_identification:_identify(depthai_env/lib/python3.14/site-packages/pip/_vendor/pygments/formatters/__pycache__) by extension 'colcon_pkg'
[-1781200949160513024.000s] Level 1:colcon.colcon_core.package_identification:_identify(depthai_env/lib/python3.14/site-packages/pip/_vendor/pygments/formatters/__pycache__) by extensions ['colcon_meta']
[-1781200949160513024.000s] Level 1:colcon.colcon_core.package_identification:_identify(depthai_env/lib/python3.14/site-packages/pip/_vendor/pygments/formatters/__pycache__) by extension 'colcon_meta'
[-1781200949160513024.000s] Level 1:colcon.colcon_core.package_identification:_identify(depthai_env/lib/python3.14/site-packages/pip/_vendor/pygments/formatters/__pycache__) by extensions ['ros']
[-1781200949160513024.000s] Level 1:colcon.colcon_core.package_identification:_identify(depthai_env/lib/python3.14/site-packages/pip/_vendor/pygments/formatters/__pycache__) by extension 'ros'
[-1781200949160513024.000s] Level 1:colcon.colcon_core.package_identification:_identify(depthai_env/lib/python3.14/site-packages/pip/_vendor/pygments/formatters/__pycache__) by extensions ['cmake', 'python']
[-1781200949160513024.000s] Level 1:colcon.colcon_core.package_identification:_identify(depthai_env/lib/python3.14/site-packages/pip/_vendor/pygments/formatters/__pycache__) by extension 'cmake'
[-1781200949160513024.000s] Level 1:colcon.colcon_core.package_identification:_identify(depthai_env/lib/python3.14/site-packages/pip/_vendor/pygments/formatters/__pycache__) by extension 'python'
[-1781200949160513024.000s] Level 1:colcon.colcon_core.package_identification:_identify(depthai_env/lib/python3.14/site-packages/pip/_vendor/pygments/lexers) by extensions ['ignore', 'ignore_ament_install']
[-1781200949160513024.000s] Level 1:colcon.colcon_core.package_identification:_identify(depthai_env/lib/python3.14/site-packages/pip/_vendor/pygments/lexers) by extension 'ignore'
[-1781200949160513024.000s] Level 1:colcon.colcon_core.package_identification:_identify(depthai_env/lib/python3.14/site-packages/pip/_vendor/pygments/lexers) by extension 'ignore_ament_install'
[-1781200949160513024.000s] Level 1:colcon.colcon_core.package_identification:_identify(depthai_env/lib/python3.14/site-packages/pip/_vendor/pygments/lexers) by extensions ['colcon_pkg']
[-1781200949160513024.000s] Level 1:colcon.colcon_core.package_identification:_identify(depthai_env/lib/python3.14/site-packages/pip/_vendor/pygments/lexers) by extension 'colcon_pkg'
[-1781200949160513024.000s] Level 1:colcon.colcon_core.package_identification:_identify(depthai_env/lib/python3.14/site-packages/pip/_vendor/pygments/lexers) by extensions ['colcon_meta']
[-1781200949160513024.000s] Level 1:colcon.colcon_core.package_identification:_identify(depthai_env/lib/python3.14/site-packages/pip/_vendor/pygments/lexers) by extension 'colcon_meta'
[-1781200949160513024.000s] Level 1:colcon.colcon_core.package_identification:_identify(depthai_env/lib/python3.14/site-packages/pip/_vendor/pygments/lexers) by extensions ['ros']
[-1781200949160513024.000s] Level 1:colcon.colcon_core.package_identification:_identify(depthai_env/lib/python3.14/site-packages/pip/_vendor/pygments/lexers) by extension 'ros'
[-1781200949160513024.000s] Level 1:colcon.colcon_core.package_identification:_identify(depthai_env/lib/python3.14/site-packages/pip/_vendor/pygments/lexers) by extensions ['cmake', 'python']
[-1781200949160513024.000s] Level 1:colcon.colcon_core.package_identification:_identify(depthai_env/lib/python3.14/site-packages/pip/_vendor/pygments/lexers) by extension 'cmake'
[-1781200949160513024.000s] Level 1:colcon.colcon_core.package_identification:_identify(depthai_env/lib/python3.14/site-packages/pip/_vendor/pygments/lexers) by extension 'python'
[-1781200949160513024.000s] Level 1:colcon.colcon_core.package_identification:_identify(depthai_env/lib/python3.14/site-packages/pip/_vendor/pygments/lexers/__pycache__) by extensions ['ignore', 'ignore_ament_install']
[-1781200949160513024.000s] Level 1:colcon.colcon_core.package_identification:_identify(depthai_env/lib/python3.14/site-packages/pip/_vendor/pygments/lexers/__pycache__) by extension 'ignore'
[-1781200949160513024.000s] Level 1:colcon.colcon_core.package_identification:_identify(depthai_env/lib/python3.14/site-packages/pip/_vendor/pygments/lexers/__pycache__) by extension 'ignore_ament_install'
[-1781200949160513024.000s] Level 1:colcon.colcon_core.package_identification:_identify(depthai_env/lib/python3.14/site-packages/pip/_vendor/pygments/lexers/__pycache__) by extensions ['colcon_pkg']
[-1781200949160513024.000s] Level 1:colcon.colcon_core.package_identification:_identify(depthai_env/lib/python3.14/site-packages/pip/_vendor/pygments/lexers/__pycache__) by extension 'colcon_pkg'
[-1781200949160513024.000s] Level 1:colcon.colcon_core.package_identification:_identify(depthai_env/lib/python3.14/site-packages/pip/_vendor/pygments/lexers/__pycache__) by extensions ['colcon_meta']
[-1781200949160513024.000s] Level 1:colcon.colcon_core.package_identification:_identify(depthai_env/lib/python3.14/site-packages/pip/_vendor/pygments/lexers/__pycache__) by extension 'colcon_meta'
[-1781200949160513024.000s] Level 1:colcon.colcon_core.package_identification:_identify(depthai_env/lib/python3.14/site-packages/pip/_vendor/pygments/lexers/__pycache__) by extensions ['ros']
[-1781200949160513024.000s] Level 1:colcon.colcon_core.package_identification:_identify(depthai_env/lib/python3.14/site-packages/pip/_vendor/pygments/lexers/__pycache__) by extension 'ros'
[-1781200949160513024.000s] Level 1:colcon.colcon_core.package_identification:_identify(depthai_env/lib/python3.14/site-packages/pip/_vendor/pygments/lexers/__pycache__) by extensions ['cmake', 'python']
[-1781200949160513024.000s] Level 1:colcon.colcon_core.package_identification:_identify(depthai_env/lib/python3.14/site-packages/pip/_vendor/pygments/lexers/__pycache__) by extension 'cmake'
[-1781200949160513024.000s] Level 1:colcon.colcon_core.package_identification:_identify(depthai_env/lib/python3.14/site-packages/pip/_vendor/pygments/lexers/__pycache__) by extension 'python'
[-1781200949160513024.000s] Level 1:colcon.colcon_core.package_identification:_identify(depthai_env/lib/python3.14/site-packages/pip/_vendor/pygments/styles) by extensions ['ignore', 'ignore_ament_install']
[-1781200949160513024.000s] Level 1:colcon.colcon_core.package_identification:_identify(depthai_env/lib/python3.14/site-packages/pip/_vendor/pygments/styles) by extension 'ignore'
[-1781200949160513024.000s] Level 1:colcon.colcon_core.package_identification:_identify(depthai_env/lib/python3.14/site-packages/pip/_vendor/pygments/styles) by extension 'ignore_ament_install'
[-1781200949160513024.000s] Level 1:colcon.colcon_core.package_identification:_identify(depthai_env/lib/python3.14/site-packages/pip/_vendor/pygments/styles) by extensions ['colcon_pkg']
[-1781200949160513024.000s] Level 1:colcon.colcon_core.package_identification:_identify(depthai_env/lib/python3.14/site-packages/pip/_vendor/pygments/styles) by extension 'colcon_pkg'
[-1781200949160513024.000s] Level 1:colcon.colcon_core.package_identification:_identify(depthai_env/lib/python3.14/site-packages/pip/_vendor/pygments/styles) by extensions ['colcon_meta']
[-1781200949160513024.000s] Level 1:colcon.colcon_core.package_identification:_identify(depthai_env/lib/python3.14/site-packages/pip/_vendor/pygments/styles) by extension 'colcon_meta'
[-1781200949160513024.000s] Level 1:colcon.colcon_core.package_identification:_identify(depthai_env/lib/python3.14/site-packages/pip/_vendor/pygments/styles) by extensions ['ros']
[-1781200949160513024.000s] Level 1:colcon.colcon_core.package_identification:_identify(depthai_env/lib/python3.14/site-packages/pip/_vendor/pygments/styles) by extension 'ros'
[-1781200949160513024.000s] Level 1:colcon.colcon_core.package_identification:_identify(depthai_env/lib/python3.14/site-packages/pip/_vendor/pygments/styles) by extensions ['cmake', 'python']
[-1781200949160513024.000s] Level 1:colcon.colcon_core.package_identification:_identify(depthai_env/lib/python3.14/site-packages/pip/_vendor/pygments/styles) by extension 'cmake'
[-1781200949160513024.000s] Level 1:colcon.colcon_core.package_identification:_identify(depthai_env/lib/python3.14/site-packages/pip/_vendor/pygments/styles) by extension 'python'
[-1781200949160513024.000s] Level 1:colcon.colcon_core.package_identification:_identify(depthai_env/lib/python3.14/site-packages/pip/_vendor/pygments/styles/__pycache__) by extensions ['ignore', 'ignore_ament_install']
[-1781200949160513024.000s] Level 1:colcon.colcon_core.package_identification:_identify(depthai_env/lib/python3.14/site-packages/pip/_vendor/pygments/styles/__pycache__) by extension 'ignore'
[-1781200949160513024.000s] Level 1:colcon.colcon_core.package_identification:_identify(depthai_env/lib/python3.14/site-packages/pip/_vendor/pygments/styles/__pycache__) by extension 'ignore_ament_install'
[-1781200949160513024.000s] Level 1:colcon.colcon_core.package_identification:_identify(depthai_env/lib/python3.14/site-packages/pip/_vendor/pygments/styles/__pycache__) by extensions ['colcon_pkg']
[-1781200949160513024.000s] Level 1:colcon.colcon_core.package_identification:_identify(depthai_env/lib/python3.14/site-packages/pip/_vendor/pygments/styles/__pycache__) by extension 'colcon_pkg'
[-1781200949160513024.000s] Level 1:colcon.colcon_core.package_identification:_identify(depthai_env/lib/python3.14/site-packages/pip/_vendor/pygments/styles/__pycache__) by extensions ['colcon_meta']
[-1781200949160513024.000s] Level 1:colcon.colcon_core.package_identification:_identify(depthai_env/lib/python3.14/site-packages/pip/_vendor/pygments/styles/__pycache__) by extension 'colcon_meta'
[-1781200949160513024.000s] Level 1:colcon.colcon_core.package_identification:_identify(depthai_env/lib/python3.14/site-packages/pip/_vendor/pygments/styles/__pycache__) by extensions ['ros']
[-1781200949160513024.000s] Level 1:colcon.colcon_core.package_identification:_identify(depthai_env/lib/python3.14/site-packages/pip/_vendor/pygments/styles/__pycache__) by extension 'ros'
[-1781200949160513024.000s] Level 1:colcon.colcon_core.package_identification:_identify(depthai_env/lib/python3.14/site-packages/pip/_vendor/pygments/styles/__pycache__) by extensions ['cmake', 'python']
[-1781200949160513024.000s] Level 1:colcon.colcon_core.package_identification:_identify(depthai_env/lib/python3.14/site-packages/pip/_vendor/pygments/styles/__pycache__) by extension 'cmake'
[-1781200949160513024.000s] Level 1:colcon.colcon_core.package_identification:_identify(depthai_env/lib/python3.14/site-packages/pip/_vendor/pygments/styles/__pycache__) by extension 'python'
[-1781200949160513024.000s] Level 1:colcon.colcon_core.package_identification:_identify(depthai_env/lib/python3.14/site-packages/pip/_vendor/pyproject_hooks) by extensions ['ignore', 'ignore_ament_install']
[-1781200949160513024.000s] Level 1:colcon.colcon_core.package_identification:_identify(depthai_env/lib/python3.14/site-packages/pip/_vendor/pyproject_hooks) by extension 'ignore'
[-1781200949160513024.000s] Level 1:colcon.colcon_core.package_identification:_identify(depthai_env/lib/python3.14/site-packages/pip/_vendor/pyproject_hooks) by extension 'ignore_ament_install'
[-1781200949160513024.000s] Level 1:colcon.colcon_core.package_identification:_identify(depthai_env/lib/python3.14/site-packages/pip/_vendor/pyproject_hooks) by extensions ['colcon_pkg']
[-1781200949160513024.000s] Level 1:colcon.colcon_core.package_identification:_identify(depthai_env/lib/python3.14/site-packages/pip/_vendor/pyproject_hooks) by extension 'colcon_pkg'
[-1781200949160513024.000s] Level 1:colcon.colcon_core.package_identification:_identify(depthai_env/lib/python3.14/site-packages/pip/_vendor/pyproject_hooks) by extensions ['colcon_meta']
[-1781200949160513024.000s] Level 1:colcon.colcon_core.package_identification:_identify(depthai_env/lib/python3.14/site-packages/pip/_vendor/pyproject_hooks) by extension 'colcon_meta'
[-1781200949160513024.000s] Level 1:colcon.colcon_core.package_identification:_identify(depthai_env/lib/python3.14/site-packages/pip/_vendor/pyproject_hooks) by extensions ['ros']
[-1781200949160513024.000s] Level 1:colcon.colcon_core.package_identification:_identify(depthai_env/lib/python3.14/site-packages/pip/_vendor/pyproject_hooks) by extension 'ros'
[-1781200949160513024.000s] Level 1:colcon.colcon_core.package_identification:_identify(depthai_env/lib/python3.14/site-packages/pip/_vendor/pyproject_hooks) by extensions ['cmake', 'python']
[-1781200949160513024.000s] Level 1:colcon.colcon_core.package_identification:_identify(depthai_env/lib/python3.14/site-packages/pip/_vendor/pyproject_hooks) by extension 'cmake'
[-1781200949160513024.000s] Level 1:colcon.colcon_core.package_identification:_identify(depthai_env/lib/python3.14/site-packages/pip/_vendor/pyproject_hooks) by extension 'python'
[-1781200949160513024.000s] Level 1:colcon.colcon_core.package_identification:_identify(depthai_env/lib/python3.14/site-packages/pip/_vendor/pyproject_hooks/__pycache__) by extensions ['ignore', 'ignore_ament_install']
[-1781200949160513024.000s] Level 1:colcon.colcon_core.package_identification:_identify(depthai_env/lib/python3.14/site-packages/pip/_vendor/pyproject_hooks/__pycache__) by extension 'ignore'
[-1781200949160513024.000s] Level 1:colcon.colcon_core.package_identification:_identify(depthai_env/lib/python3.14/site-packages/pip/_vendor/pyproject_hooks/__pycache__) by extension 'ignore_ament_install'
[-1781200949160513024.000s] Level 1:colcon.colcon_core.package_identification:_identify(depthai_env/lib/python3.14/site-packages/pip/_vendor/pyproject_hooks/__pycache__) by extensions ['colcon_pkg']
[-1781200949160513024.000s] Level 1:colcon.colcon_core.package_identification:_identify(depthai_env/lib/python3.14/site-packages/pip/_vendor/pyproject_hooks/__pycache__) by extension 'colcon_pkg'
[-1781200949160513024.000s] Level 1:colcon.colcon_core.package_identification:_identify(depthai_env/lib/python3.14/site-packages/pip/_vendor/pyproject_hooks/__pycache__) by extensions ['colcon_meta']
[-1781200949160513024.000s] Level 1:colcon.colcon_core.package_identification:_identify(depthai_env/lib/python3.14/site-packages/pip/_vendor/pyproject_hooks/__pycache__) by extension 'colcon_meta'
[-1781200949160513024.000s] Level 1:colcon.colcon_core.package_identification:_identify(depthai_env/lib/python3.14/site-packages/pip/_vendor/pyproject_hooks/__pycache__) by extensions ['ros']
[-1781200949160513024.000s] Level 1:colcon.colcon_core.package_identification:_identify(depthai_env/lib/python3.14/site-packages/pip/_vendor/pyproject_hooks/__pycache__) by extension 'ros'
[-1781200949160513024.000s] Level 1:colcon.colcon_core.package_identification:_identify(depthai_env/lib/python3.14/site-packages/pip/_vendor/pyproject_hooks/__pycache__) by extensions ['cmake', 'python']
[-1781200949160513024.000s] Level 1:colcon.colcon_core.package_identification:_identify(depthai_env/lib/python3.14/site-packages/pip/_vendor/pyproject_hooks/__pycache__) by extension 'cmake'
[-1781200949160513024.000s] Level 1:colcon.colcon_core.package_identification:_identify(depthai_env/lib/python3.14/site-packages/pip/_vendor/pyproject_hooks/__pycache__) by extension 'python'
[-1781200949160513024.000s] Level 1:colcon.colcon_core.package_identification:_identify(depthai_env/lib/python3.14/site-packages/pip/_vendor/pyproject_hooks/_in_process) by extensions ['ignore', 'ignore_ament_install']
[-1781200949160513024.000s] Level 1:colcon.colcon_core.package_identification:_identify(depthai_env/lib/python3.14/site-packages/pip/_vendor/pyproject_hooks/_in_process) by extension 'ignore'
[-1781200949160513024.000s] Level 1:colcon.colcon_core.package_identification:_identify(depthai_env/lib/python3.14/site-packages/pip/_vendor/pyproject_hooks/_in_process) by extension 'ignore_ament_install'
[-1781200949160513024.000s] Level 1:colcon.colcon_core.package_identification:_identify(depthai_env/lib/python3.14/site-packages/pip/_vendor/pyproject_hooks/_in_process) by extensions ['colcon_pkg']
[-1781200949160513024.000s] Level 1:colcon.colcon_core.package_identification:_identify(depthai_env/lib/python3.14/site-packages/pip/_vendor/pyproject_hooks/_in_process) by extension 'colcon_pkg'
[-1781200949160513024.000s] Level 1:colcon.colcon_core.package_identification:_identify(depthai_env/lib/python3.14/site-packages/pip/_vendor/pyproject_hooks/_in_process) by extensions ['colcon_meta']
[-1781200949160513024.000s] Level 1:colcon.colcon_core.package_identification:_identify(depthai_env/lib/python3.14/site-packages/pip/_vendor/pyproject_hooks/_in_process) by extension 'colcon_meta'
[-1781200949160513024.000s] Level 1:colcon.colcon_core.package_identification:_identify(depthai_env/lib/python3.14/site-packages/pip/_vendor/pyproject_hooks/_in_process) by extensions ['ros']
[-1781200949160513024.000s] Level 1:colcon.colcon_core.package_identification:_identify(depthai_env/lib/python3.14/site-packages/pip/_vendor/pyproject_hooks/_in_process) by extension 'ros'
[-1781200949160513024.000s] Level 1:colcon.colcon_core.package_identification:_identify(depthai_env/lib/python3.14/site-packages/pip/_vendor/pyproject_hooks/_in_process) by extensions ['cmake', 'python']
[-1781200949160513024.000s] Level 1:colcon.colcon_core.package_identification:_identify(depthai_env/lib/python3.14/site-packages/pip/_vendor/pyproject_hooks/_in_process) by extension 'cmake'
[-1781200949160513024.000s] Level 1:colcon.colcon_core.package_identification:_identify(depthai_env/lib/python3.14/site-packages/pip/_vendor/pyproject_hooks/_in_process) by extension 'python'
[-1781200949160513024.000s] Level 1:colcon.colcon_core.package_identification:_identify(depthai_env/lib/python3.14/site-packages/pip/_vendor/pyproject_hooks/_in_process/__pycache__) by extensions ['ignore', 'ignore_ament_install']
[-1781200949160513024.000s] Level 1:colcon.colcon_core.package_identification:_identify(depthai_env/lib/python3.14/site-packages/pip/_vendor/pyproject_hooks/_in_process/__pycache__) by extension 'ignore'
[-1781200949160513024.000s] Level 1:colcon.colcon_core.package_identification:_identify(depthai_env/lib/python3.14/site-packages/pip/_vendor/pyproject_hooks/_in_process/__pycache__) by extension 'ignore_ament_install'
[-1781200949160513024.000s] Level 1:colcon.colcon_core.package_identification:_identify(depthai_env/lib/python3.14/site-packages/pip/_vendor/pyproject_hooks/_in_process/__pycache__) by extensions ['colcon_pkg']
[-1781200949160513024.000s] Level 1:colcon.colcon_core.package_identification:_identify(depthai_env/lib/python3.14/site-packages/pip/_vendor/pyproject_hooks/_in_process/__pycache__) by extension 'colcon_pkg'
[-1781200949160513024.000s] Level 1:colcon.colcon_core.package_identification:_identify(depthai_env/lib/python3.14/site-packages/pip/_vendor/pyproject_hooks/_in_process/__pycache__) by extensions ['colcon_meta']
[-1781200949160513024.000s] Level 1:colcon.colcon_core.package_identification:_identify(depthai_env/lib/python3.14/site-packages/pip/_vendor/pyproject_hooks/_in_process/__pycache__) by extension 'colcon_meta'
[-1781200949160513024.000s] Level 1:colcon.colcon_core.package_identification:_identify(depthai_env/lib/python3.14/site-packages/pip/_vendor/pyproject_hooks/_in_process/__pycache__) by extensions ['ros']
[-1781200949160513024.000s] Level 1:colcon.colcon_core.package_identification:_identify(depthai_env/lib/python3.14/site-packages/pip/_vendor/pyproject_hooks/_in_process/__pycache__) by extension 'ros'
[-1781200949160513024.000s] Level 1:colcon.colcon_core.package_identification:_identify(depthai_env/lib/python3.14/site-packages/pip/_vendor/pyproject_hooks/_in_process/__pycache__) by extensions ['cmake', 'python']
[-1781200949160513024.000s] Level 1:colcon.colcon_core.package_identification:_identify(depthai_env/lib/python3.14/site-packages/pip/_vendor/pyproject_hooks/_in_process/__pycache__) by extension 'cmake'
[-1781200949160513024.000s] Level 1:colcon.colcon_core.package_identification:_identify(depthai_env/lib/python3.14/site-packages/pip/_vendor/pyproject_hooks/_in_process/__pycache__) by extension 'python'
[-1781200949160513024.000s] Level 1:colcon.colcon_core.package_identification:_identify(depthai_env/lib/python3.14/site-packages/pip/_vendor/requests) by extensions ['ignore', 'ignore_ament_install']
[-1781200949160513024.000s] Level 1:colcon.colcon_core.package_identification:_identify(depthai_env/lib/python3.14/site-packages/pip/_vendor/requests) by extension 'ignore'
[-1781200949160513024.000s] Level 1:colcon.colcon_core.package_identification:_identify(depthai_env/lib/python3.14/site-packages/pip/_vendor/requests) by extension 'ignore_ament_install'
[-1781200949160513024.000s] Level 1:colcon.colcon_core.package_identification:_identify(depthai_env/lib/python3.14/site-packages/pip/_vendor/requests) by extensions ['colcon_pkg']
[-1781200949160513024.000s] Level 1:colcon.colcon_core.package_identification:_identify(depthai_env/lib/python3.14/site-packages/pip/_vendor/requests) by extension 'colcon_pkg'
[-1781200949160513024.000s] Level 1:colcon.colcon_core.package_identification:_identify(depthai_env/lib/python3.14/site-packages/pip/_vendor/requests) by extensions ['colcon_meta']
[-1781200949160513024.000s] Level 1:colcon.colcon_core.package_identification:_identify(depthai_env/lib/python3.14/site-packages/pip/_vendor/requests) by extension 'colcon_meta'
[-1781200949160513024.000s] Level 1:colcon.colcon_core.package_identification:_identify(depthai_env/lib/python3.14/site-packages/pip/_vendor/requests) by extensions ['ros']
[-1781200949160513024.000s] Level 1:colcon.colcon_core.package_identification:_identify(depthai_env/lib/python3.14/site-packages/pip/_vendor/requests) by extension 'ros'
[-1781200949160513024.000s] Level 1:colcon.colcon_core.package_identification:_identify(depthai_env/lib/python3.14/site-packages/pip/_vendor/requests) by extensions ['cmake', 'python']
[-1781200949160513024.000s] Level 1:colcon.colcon_core.package_identification:_identify(depthai_env/lib/python3.14/site-packages/pip/_vendor/requests) by extension 'cmake'
[-1781200949160513024.000s] Level 1:colcon.colcon_core.package_identification:_identify(depthai_env/lib/python3.14/site-packages/pip/_vendor/requests) by extension 'python'
[-1781200949160513024.000s] Level 1:colcon.colcon_core.package_identification:_identify(depthai_env/lib/python3.14/site-packages/pip/_vendor/requests/__pycache__) by extensions ['ignore', 'ignore_ament_install']
[-1781200949160513024.000s] Level 1:colcon.colcon_core.package_identification:_identify(depthai_env/lib/python3.14/site-packages/pip/_vendor/requests/__pycache__) by extension 'ignore'
[-1781200949160513024.000s] Level 1:colcon.colcon_core.package_identification:_identify(depthai_env/lib/python3.14/site-packages/pip/_vendor/requests/__pycache__) by extension 'ignore_ament_install'
[-1781200949160513024.000s] Level 1:colcon.colcon_core.package_identification:_identify(depthai_env/lib/python3.14/site-packages/pip/_vendor/requests/__pycache__) by extensions ['colcon_pkg']
[-1781200949160513024.000s] Level 1:colcon.colcon_core.package_identification:_identify(depthai_env/lib/python3.14/site-packages/pip/_vendor/requests/__pycache__) by extension 'colcon_pkg'
[-1781200949160513024.000s] Level 1:colcon.colcon_core.package_identification:_identify(depthai_env/lib/python3.14/site-packages/pip/_vendor/requests/__pycache__) by extensions ['colcon_meta']
[-1781200949160513024.000s] Level 1:colcon.colcon_core.package_identification:_identify(depthai_env/lib/python3.14/site-packages/pip/_vendor/requests/__pycache__) by extension 'colcon_meta'
[-1781200949160513024.000s] Level 1:colcon.colcon_core.package_identification:_identify(depthai_env/lib/python3.14/site-packages/pip/_vendor/requests/__pycache__) by extensions ['ros']
[-1781200949160513024.000s] Level 1:colcon.colcon_core.package_identification:_identify(depthai_env/lib/python3.14/site-packages/pip/_vendor/requests/__pycache__) by extension 'ros'
[-1781200949160513024.000s] Level 1:colcon.colcon_core.package_identification:_identify(depthai_env/lib/python3.14/site-packages/pip/_vendor/requests/__pycache__) by extensions ['cmake', 'python']
[-1781200949160513024.000s] Level 1:colcon.colcon_core.package_identification:_identify(depthai_env/lib/python3.14/site-packages/pip/_vendor/requests/__pycache__) by extension 'cmake'
[-1781200949160513024.000s] Level 1:colcon.colcon_core.package_identification:_identify(depthai_env/lib/python3.14/site-packages/pip/_vendor/requests/__pycache__) by extension 'python'
[-1781200949160513024.000s] Level 1:colcon.colcon_core.package_identification:_identify(depthai_env/lib/python3.14/site-packages/pip/_vendor/resolvelib) by extensions ['ignore', 'ignore_ament_install']
[-1781200949160513024.000s] Level 1:colcon.colcon_core.package_identification:_identify(depthai_env/lib/python3.14/site-packages/pip/_vendor/resolvelib) by extension 'ignore'
[-1781200949160513024.000s] Level 1:colcon.colcon_core.package_identification:_identify(depthai_env/lib/python3.14/site-packages/pip/_vendor/resolvelib) by extension 'ignore_ament_install'
[-1781200949160513024.000s] Level 1:colcon.colcon_core.package_identification:_identify(depthai_env/lib/python3.14/site-packages/pip/_vendor/resolvelib) by extensions ['colcon_pkg']
[-1781200949160513024.000s] Level 1:colcon.colcon_core.package_identification:_identify(depthai_env/lib/python3.14/site-packages/pip/_vendor/resolvelib) by extension 'colcon_pkg'
[-1781200949160513024.000s] Level 1:colcon.colcon_core.package_identification:_identify(depthai_env/lib/python3.14/site-packages/pip/_vendor/resolvelib) by extensions ['colcon_meta']
[-1781200949160513024.000s] Level 1:colcon.colcon_core.package_identification:_identify(depthai_env/lib/python3.14/site-packages/pip/_vendor/resolvelib) by extension 'colcon_meta'
[-1781200949160513024.000s] Level 1:colcon.colcon_core.package_identification:_identify(depthai_env/lib/python3.14/site-packages/pip/_vendor/resolvelib) by extensions ['ros']
[-1781200949160513024.000s] Level 1:colcon.colcon_core.package_identification:_identify(depthai_env/lib/python3.14/site-packages/pip/_vendor/resolvelib) by extension 'ros'
[-1781200949160513024.000s] Level 1:colcon.colcon_core.package_identification:_identify(depthai_env/lib/python3.14/site-packages/pip/_vendor/resolvelib) by extensions ['cmake', 'python']
[-1781200949160513024.000s] Level 1:colcon.colcon_core.package_identification:_identify(depthai_env/lib/python3.14/site-packages/pip/_vendor/resolvelib) by extension 'cmake'
[-1781200949160513024.000s] Level 1:colcon.colcon_core.package_identification:_identify(depthai_env/lib/python3.14/site-packages/pip/_vendor/resolvelib) by extension 'python'
[-1781200949160513024.000s] Level 1:colcon.colcon_core.package_identification:_identify(depthai_env/lib/python3.14/site-packages/pip/_vendor/resolvelib/__pycache__) by extensions ['ignore', 'ignore_ament_install']
[-1781200949160513024.000s] Level 1:colcon.colcon_core.package_identification:_identify(depthai_env/lib/python3.14/site-packages/pip/_vendor/resolvelib/__pycache__) by extension 'ignore'
[-1781200949160513024.000s] Level 1:colcon.colcon_core.package_identification:_identify(depthai_env/lib/python3.14/site-packages/pip/_vendor/resolvelib/__pycache__) by extension 'ignore_ament_install'
[-1781200949160513024.000s] Level 1:colcon.colcon_core.package_identification:_identify(depthai_env/lib/python3.14/site-packages/pip/_vendor/resolvelib/__pycache__) by extensions ['colcon_pkg']
[-1781200949160513024.000s] Level 1:colcon.colcon_core.package_identification:_identify(depthai_env/lib/python3.14/site-packages/pip/_vendor/resolvelib/__pycache__) by extension 'colcon_pkg'
[-1781200949160513024.000s] Level 1:colcon.colcon_core.package_identification:_identify(depthai_env/lib/python3.14/site-packages/pip/_vendor/resolvelib/__pycache__) by extensions ['colcon_meta']
[-1781200949160513024.000s] Level 1:colcon.colcon_core.package_identification:_identify(depthai_env/lib/python3.14/site-packages/pip/_vendor/resolvelib/__pycache__) by extension 'colcon_meta'
[-1781200949160513024.000s] Level 1:colcon.colcon_core.package_identification:_identify(depthai_env/lib/python3.14/site-packages/pip/_vendor/resolvelib/__pycache__) by extensions ['ros']
[-1781200949160513024.000s] Level 1:colcon.colcon_core.package_identification:_identify(depthai_env/lib/python3.14/site-packages/pip/_vendor/resolvelib/__pycache__) by extension 'ros'
[-1781200949160513024.000s] Level 1:colcon.colcon_core.package_identification:_identify(depthai_env/lib/python3.14/site-packages/pip/_vendor/resolvelib/__pycache__) by extensions ['cmake', 'python']
[-1781200949160513024.000s] Level 1:colcon.colcon_core.package_identification:_identify(depthai_env/lib/python3.14/site-packages/pip/_vendor/resolvelib/__pycache__) by extension 'cmake'
[-1781200949160513024.000s] Level 1:colcon.colcon_core.package_identification:_identify(depthai_env/lib/python3.14/site-packages/pip/_vendor/resolvelib/__pycache__) by extension 'python'
[-1781200949160513024.000s] Level 1:colcon.colcon_core.package_identification:_identify(depthai_env/lib/python3.14/site-packages/pip/_vendor/resolvelib/resolvers) by extensions ['ignore', 'ignore_ament_install']
[-1781200949160513024.000s] Level 1:colcon.colcon_core.package_identification:_identify(depthai_env/lib/python3.14/site-packages/pip/_vendor/resolvelib/resolvers) by extension 'ignore'
[-1781200949160513024.000s] Level 1:colcon.colcon_core.package_identification:_identify(depthai_env/lib/python3.14/site-packages/pip/_vendor/resolvelib/resolvers) by extension 'ignore_ament_install'
[-1781200949160513024.000s] Level 1:colcon.colcon_core.package_identification:_identify(depthai_env/lib/python3.14/site-packages/pip/_vendor/resolvelib/resolvers) by extensions ['colcon_pkg']
[-1781200949160513024.000s] Level 1:colcon.colcon_core.package_identification:_identify(depthai_env/lib/python3.14/site-packages/pip/_vendor/resolvelib/resolvers) by extension 'colcon_pkg'
[-1781200949160513024.000s] Level 1:colcon.colcon_core.package_identification:_identify(depthai_env/lib/python3.14/site-packages/pip/_vendor/resolvelib/resolvers) by extensions ['colcon_meta']
[-1781200949160513024.000s] Level 1:colcon.colcon_core.package_identification:_identify(depthai_env/lib/python3.14/site-packages/pip/_vendor/resolvelib/resolvers) by extension 'colcon_meta'
[-1781200949160513024.000s] Level 1:colcon.colcon_core.package_identification:_identify(depthai_env/lib/python3.14/site-packages/pip/_vendor/resolvelib/resolvers) by extensions ['ros']
[-1781200949160513024.000s] Level 1:colcon.colcon_core.package_identification:_identify(depthai_env/lib/python3.14/site-packages/pip/_vendor/resolvelib/resolvers) by extension 'ros'
[-1781200949160513024.000s] Level 1:colcon.colcon_core.package_identification:_identify(depthai_env/lib/python3.14/site-packages/pip/_vendor/resolvelib/resolvers) by extensions ['cmake', 'python']
[-1781200949160513024.000s] Level 1:colcon.colcon_core.package_identification:_identify(depthai_env/lib/python3.14/site-packages/pip/_vendor/resolvelib/resolvers) by extension 'cmake'
[-1781200949160513024.000s] Level 1:colcon.colcon_core.package_identification:_identify(depthai_env/lib/python3.14/site-packages/pip/_vendor/resolvelib/resolvers) by extension 'python'
[-1781200949160513024.000s] Level 1:colcon.colcon_core.package_identification:_identify(depthai_env/lib/python3.14/site-packages/pip/_vendor/resolvelib/resolvers/__pycache__) by extensions ['ignore', 'ignore_ament_install']
[-1781200949160513024.000s] Level 1:colcon.colcon_core.package_identification:_identify(depthai_env/lib/python3.14/site-packages/pip/_vendor/resolvelib/resolvers/__pycache__) by extension 'ignore'
[-1781200949160513024.000s] Level 1:colcon.colcon_core.package_identification:_identify(depthai_env/lib/python3.14/site-packages/pip/_vendor/resolvelib/resolvers/__pycache__) by extension 'ignore_ament_install'
[-1781200949160513024.000s] Level 1:colcon.colcon_core.package_identification:_identify(depthai_env/lib/python3.14/site-packages/pip/_vendor/resolvelib/resolvers/__pycache__) by extensions ['colcon_pkg']
[-1781200949160513024.000s] Level 1:colcon.colcon_core.package_identification:_identify(depthai_env/lib/python3.14/site-packages/pip/_vendor/resolvelib/resolvers/__pycache__) by extension 'colcon_pkg'
[-1781200949160513024.000s] Level 1:colcon.colcon_core.package_identification:_identify(depthai_env/lib/python3.14/site-packages/pip/_vendor/resolvelib/resolvers/__pycache__) by extensions ['colcon_meta']
[-1781200949160513024.000s] Level 1:colcon.colcon_core.package_identification:_identify(depthai_env/lib/python3.14/site-packages/pip/_vendor/resolvelib/resolvers/__pycache__) by extension 'colcon_meta'
[-1781200949160513024.000s] Level 1:colcon.colcon_core.package_identification:_identify(depthai_env/lib/python3.14/site-packages/pip/_vendor/resolvelib/resolvers/__pycache__) by extensions ['ros']
[-1781200949160513024.000s] Level 1:colcon.colcon_core.package_identification:_identify(depthai_env/lib/python3.14/site-packages/pip/_vendor/resolvelib/resolvers/__pycache__) by extension 'ros'
[-1781200949160513024.000s] Level 1:colcon.colcon_core.package_identification:_identify(depthai_env/lib/python3.14/site-packages/pip/_vendor/resolvelib/resolvers/__pycache__) by extensions ['cmake', 'python']
[-1781200949160513024.000s] Level 1:colcon.colcon_core.package_identification:_identify(depthai_env/lib/python3.14/site-packages/pip/_vendor/resolvelib/resolvers/__pycache__) by extension 'cmake'
[-1781200949160513024.000s] Level 1:colcon.colcon_core.package_identification:_identify(depthai_env/lib/python3.14/site-packages/pip/_vendor/resolvelib/resolvers/__pycache__) by extension 'python'
[-1781200949160513024.000s] Level 1:colcon.colcon_core.package_identification:_identify(depthai_env/lib/python3.14/site-packages/pip/_vendor/rich) by extensions ['ignore', 'ignore_ament_install']
[-1781200949160513024.000s] Level 1:colcon.colcon_core.package_identification:_identify(depthai_env/lib/python3.14/site-packages/pip/_vendor/rich) by extension 'ignore'
[-1781200949160513024.000s] Level 1:colcon.colcon_core.package_identification:_identify(depthai_env/lib/python3.14/site-packages/pip/_vendor/rich) by extension 'ignore_ament_install'
[-1781200949160513024.000s] Level 1:colcon.colcon_core.package_identification:_identify(depthai_env/lib/python3.14/site-packages/pip/_vendor/rich) by extensions ['colcon_pkg']
[-1781200949160513024.000s] Level 1:colcon.colcon_core.package_identification:_identify(depthai_env/lib/python3.14/site-packages/pip/_vendor/rich) by extension 'colcon_pkg'
[-1781200949160513024.000s] Level 1:colcon.colcon_core.package_identification:_identify(depthai_env/lib/python3.14/site-packages/pip/_vendor/rich) by extensions ['colcon_meta']
[-1781200949160513024.000s] Level 1:colcon.colcon_core.package_identification:_identify(depthai_env/lib/python3.14/site-packages/pip/_vendor/rich) by extension 'colcon_meta'
[-1781200949160513024.000s] Level 1:colcon.colcon_core.package_identification:_identify(depthai_env/lib/python3.14/site-packages/pip/_vendor/rich) by extensions ['ros']
[-1781200949160513024.000s] Level 1:colcon.colcon_core.package_identification:_identify(depthai_env/lib/python3.14/site-packages/pip/_vendor/rich) by extension 'ros'
[-1781200949160513024.000s] Level 1:colcon.colcon_core.package_identification:_identify(depthai_env/lib/python3.14/site-packages/pip/_vendor/rich) by extensions ['cmake', 'python']
[-1781200949160513024.000s] Level 1:colcon.colcon_core.package_identification:_identify(depthai_env/lib/python3.14/site-packages/pip/_vendor/rich) by extension 'cmake'
[-1781200949160513024.000s] Level 1:colcon.colcon_core.package_identification:_identify(depthai_env/lib/python3.14/site-packages/pip/_vendor/rich) by extension 'python'
[-1781200949160513024.000s] Level 1:colcon.colcon_core.package_identification:_identify(depthai_env/lib/python3.14/site-packages/pip/_vendor/rich/__pycache__) by extensions ['ignore', 'ignore_ament_install']
[-1781200949160513024.000s] Level 1:colcon.colcon_core.package_identification:_identify(depthai_env/lib/python3.14/site-packages/pip/_vendor/rich/__pycache__) by extension 'ignore'
[-1781200949160513024.000s] Level 1:colcon.colcon_core.package_identification:_identify(depthai_env/lib/python3.14/site-packages/pip/_vendor/rich/__pycache__) by extension 'ignore_ament_install'
[-1781200949160513024.000s] Level 1:colcon.colcon_core.package_identification:_identify(depthai_env/lib/python3.14/site-packages/pip/_vendor/rich/__pycache__) by extensions ['colcon_pkg']
[-1781200949160513024.000s] Level 1:colcon.colcon_core.package_identification:_identify(depthai_env/lib/python3.14/site-packages/pip/_vendor/rich/__pycache__) by extension 'colcon_pkg'
[-1781200949160513024.000s] Level 1:colcon.colcon_core.package_identification:_identify(depthai_env/lib/python3.14/site-packages/pip/_vendor/rich/__pycache__) by extensions ['colcon_meta']
[-1781200949160513024.000s] Level 1:colcon.colcon_core.package_identification:_identify(depthai_env/lib/python3.14/site-packages/pip/_vendor/rich/__pycache__) by extension 'colcon_meta'
[-1781200949160513024.000s] Level 1:colcon.colcon_core.package_identification:_identify(depthai_env/lib/python3.14/site-packages/pip/_vendor/rich/__pycache__) by extensions ['ros']
[-1781200949160513024.000s] Level 1:colcon.colcon_core.package_identification:_identify(depthai_env/lib/python3.14/site-packages/pip/_vendor/rich/__pycache__) by extension 'ros'
[-1781200949160513024.000s] Level 1:colcon.colcon_core.package_identification:_identify(depthai_env/lib/python3.14/site-packages/pip/_vendor/rich/__pycache__) by extensions ['cmake', 'python']
[-1781200949160513024.000s] Level 1:colcon.colcon_core.package_identification:_identify(depthai_env/lib/python3.14/site-packages/pip/_vendor/rich/__pycache__) by extension 'cmake'
[-1781200949160513024.000s] Level 1:colcon.colcon_core.package_identification:_identify(depthai_env/lib/python3.14/site-packages/pip/_vendor/rich/__pycache__) by extension 'python'
[-1781200949160513024.000s] Level 1:colcon.colcon_core.package_identification:_identify(depthai_env/lib/python3.14/site-packages/pip/_vendor/tomli) by extensions ['ignore', 'ignore_ament_install']
[-1781200949160513024.000s] Level 1:colcon.colcon_core.package_identification:_identify(depthai_env/lib/python3.14/site-packages/pip/_vendor/tomli) by extension 'ignore'
[-1781200949160513024.000s] Level 1:colcon.colcon_core.package_identification:_identify(depthai_env/lib/python3.14/site-packages/pip/_vendor/tomli) by extension 'ignore_ament_install'
[-1781200949160513024.000s] Level 1:colcon.colcon_core.package_identification:_identify(depthai_env/lib/python3.14/site-packages/pip/_vendor/tomli) by extensions ['colcon_pkg']
[-1781200949160513024.000s] Level 1:colcon.colcon_core.package_identification:_identify(depthai_env/lib/python3.14/site-packages/pip/_vendor/tomli) by extension 'colcon_pkg'
[-1781200949160513024.000s] Level 1:colcon.colcon_core.package_identification:_identify(depthai_env/lib/python3.14/site-packages/pip/_vendor/tomli) by extensions ['colcon_meta']
[-1781200949160513024.000s] Level 1:colcon.colcon_core.package_identification:_identify(depthai_env/lib/python3.14/site-packages/pip/_vendor/tomli) by extension 'colcon_meta'
[-1781200949160513024.000s] Level 1:colcon.colcon_core.package_identification:_identify(depthai_env/lib/python3.14/site-packages/pip/_vendor/tomli) by extensions ['ros']
[-1781200949160513024.000s] Level 1:colcon.colcon_core.package_identification:_identify(depthai_env/lib/python3.14/site-packages/pip/_vendor/tomli) by extension 'ros'
[-1781200949160513024.000s] Level 1:colcon.colcon_core.package_identification:_identify(depthai_env/lib/python3.14/site-packages/pip/_vendor/tomli) by extensions ['cmake', 'python']
[-1781200949160513024.000s] Level 1:colcon.colcon_core.package_identification:_identify(depthai_env/lib/python3.14/site-packages/pip/_vendor/tomli) by extension 'cmake'
[-1781200949160513024.000s] Level 1:colcon.colcon_core.package_identification:_identify(depthai_env/lib/python3.14/site-packages/pip/_vendor/tomli) by extension 'python'
[-1781200949160513024.000s] Level 1:colcon.colcon_core.package_identification:_identify(depthai_env/lib/python3.14/site-packages/pip/_vendor/tomli/__pycache__) by extensions ['ignore', 'ignore_ament_install']
[-1781200949160513024.000s] Level 1:colcon.colcon_core.package_identification:_identify(depthai_env/lib/python3.14/site-packages/pip/_vendor/tomli/__pycache__) by extension 'ignore'
[-1781200949160513024.000s] Level 1:colcon.colcon_core.package_identification:_identify(depthai_env/lib/python3.14/site-packages/pip/_vendor/tomli/__pycache__) by extension 'ignore_ament_install'
[-1781200949160513024.000s] Level 1:colcon.colcon_core.package_identification:_identify(depthai_env/lib/python3.14/site-packages/pip/_vendor/tomli/__pycache__) by extensions ['colcon_pkg']
[-1781200949160513024.000s] Level 1:colcon.colcon_core.package_identification:_identify(depthai_env/lib/python3.14/site-packages/pip/_vendor/tomli/__pycache__) by extension 'colcon_pkg'
[-1781200949160513024.000s] Level 1:colcon.colcon_core.package_identification:_identify(depthai_env/lib/python3.14/site-packages/pip/_vendor/tomli/__pycache__) by extensions ['colcon_meta']
[-1781200949160513024.000s] Level 1:colcon.colcon_core.package_identification:_identify(depthai_env/lib/python3.14/site-packages/pip/_vendor/tomli/__pycache__) by extension 'colcon_meta'
[-1781200949160513024.000s] Level 1:colcon.colcon_core.package_identification:_identify(depthai_env/lib/python3.14/site-packages/pip/_vendor/tomli/__pycache__) by extensions ['ros']
[-1781200949160513024.000s] Level 1:colcon.colcon_core.package_identification:_identify(depthai_env/lib/python3.14/site-packages/pip/_vendor/tomli/__pycache__) by extension 'ros'
[-1781200949160513024.000s] Level 1:colcon.colcon_core.package_identification:_identify(depthai_env/lib/python3.14/site-packages/pip/_vendor/tomli/__pycache__) by extensions ['cmake', 'python']
[-1781200949160513024.000s] Level 1:colcon.colcon_core.package_identification:_identify(depthai_env/lib/python3.14/site-packages/pip/_vendor/tomli/__pycache__) by extension 'cmake'
[-1781200949160513024.000s] Level 1:colcon.colcon_core.package_identification:_identify(depthai_env/lib/python3.14/site-packages/pip/_vendor/tomli/__pycache__) by extension 'python'
[-1781200949160513024.000s] Level 1:colcon.colcon_core.package_identification:_identify(depthai_env/lib/python3.14/site-packages/pip/_vendor/tomli_w) by extensions ['ignore', 'ignore_ament_install']
[-1781200949160513024.000s] Level 1:colcon.colcon_core.package_identification:_identify(depthai_env/lib/python3.14/site-packages/pip/_vendor/tomli_w) by extension 'ignore'
[-1781200949160513024.000s] Level 1:colcon.colcon_core.package_identification:_identify(depthai_env/lib/python3.14/site-packages/pip/_vendor/tomli_w) by extension 'ignore_ament_install'
[-1781200949160513024.000s] Level 1:colcon.colcon_core.package_identification:_identify(depthai_env/lib/python3.14/site-packages/pip/_vendor/tomli_w) by extensions ['colcon_pkg']
[-1781200949160513024.000s] Level 1:colcon.colcon_core.package_identification:_identify(depthai_env/lib/python3.14/site-packages/pip/_vendor/tomli_w) by extension 'colcon_pkg'
[-1781200949160513024.000s] Level 1:colcon.colcon_core.package_identification:_identify(depthai_env/lib/python3.14/site-packages/pip/_vendor/tomli_w) by extensions ['colcon_meta']
[-1781200949160513024.000s] Level 1:colcon.colcon_core.package_identification:_identify(depthai_env/lib/python3.14/site-packages/pip/_vendor/tomli_w) by extension 'colcon_meta'
[-1781200949160513024.000s] Level 1:colcon.colcon_core.package_identification:_identify(depthai_env/lib/python3.14/site-packages/pip/_vendor/tomli_w) by extensions ['ros']
[-1781200949160513024.000s] Level 1:colcon.colcon_core.package_identification:_identify(depthai_env/lib/python3.14/site-packages/pip/_vendor/tomli_w) by extension 'ros'
[-1781200949160513024.000s] Level 1:colcon.colcon_core.package_identification:_identify(depthai_env/lib/python3.14/site-packages/pip/_vendor/tomli_w) by extensions ['cmake', 'python']
[-1781200949160513024.000s] Level 1:colcon.colcon_core.package_identification:_identify(depthai_env/lib/python3.14/site-packages/pip/_vendor/tomli_w) by extension 'cmake'
[-1781200949160513024.000s] Level 1:colcon.colcon_core.package_identification:_identify(depthai_env/lib/python3.14/site-packages/pip/_vendor/tomli_w) by extension 'python'
[-1781200949160513024.000s] Level 1:colcon.colcon_core.package_identification:_identify(depthai_env/lib/python3.14/site-packages/pip/_vendor/tomli_w/__pycache__) by extensions ['ignore', 'ignore_ament_install']
[-1781200949160513024.000s] Level 1:colcon.colcon_core.package_identification:_identify(depthai_env/lib/python3.14/site-packages/pip/_vendor/tomli_w/__pycache__) by extension 'ignore'
[-1781200949160513024.000s] Level 1:colcon.colcon_core.package_identification:_identify(depthai_env/lib/python3.14/site-packages/pip/_vendor/tomli_w/__pycache__) by extension 'ignore_ament_install'
[-1781200949160513024.000s] Level 1:colcon.colcon_core.package_identification:_identify(depthai_env/lib/python3.14/site-packages/pip/_vendor/tomli_w/__pycache__) by extensions ['colcon_pkg']
[-1781200949160513024.000s] Level 1:colcon.colcon_core.package_identification:_identify(depthai_env/lib/python3.14/site-packages/pip/_vendor/tomli_w/__pycache__) by extension 'colcon_pkg'
[-1781200949160513024.000s] Level 1:colcon.colcon_core.package_identification:_identify(depthai_env/lib/python3.14/site-packages/pip/_vendor/tomli_w/__pycache__) by extensions ['colcon_meta']
[-1781200949160513024.000s] Level 1:colcon.colcon_core.package_identification:_identify(depthai_env/lib/python3.14/site-packages/pip/_vendor/tomli_w/__pycache__) by extension 'colcon_meta'
[-1781200949160513024.000s] Level 1:colcon.colcon_core.package_identification:_identify(depthai_env/lib/python3.14/site-packages/pip/_vendor/tomli_w/__pycache__) by extensions ['ros']
[-1781200949160513024.000s] Level 1:colcon.colcon_core.package_identification:_identify(depthai_env/lib/python3.14/site-packages/pip/_vendor/tomli_w/__pycache__) by extension 'ros'
[-1781200949160513024.000s] Level 1:colcon.colcon_core.package_identification:_identify(depthai_env/lib/python3.14/site-packages/pip/_vendor/tomli_w/__pycache__) by extensions ['cmake', 'python']
[-1781200949160513024.000s] Level 1:colcon.colcon_core.package_identification:_identify(depthai_env/lib/python3.14/site-packages/pip/_vendor/tomli_w/__pycache__) by extension 'cmake'
[-1781200949160513024.000s] Level 1:colcon.colcon_core.package_identification:_identify(depthai_env/lib/python3.14/site-packages/pip/_vendor/tomli_w/__pycache__) by extension 'python'
[-1781200949160513024.000s] Level 1:colcon.colcon_core.package_identification:_identify(depthai_env/lib/python3.14/site-packages/pip/_vendor/truststore) by extensions ['ignore', 'ignore_ament_install']
[-1781200949160513024.000s] Level 1:colcon.colcon_core.package_identification:_identify(depthai_env/lib/python3.14/site-packages/pip/_vendor/truststore) by extension 'ignore'
[-1781200949160513024.000s] Level 1:colcon.colcon_core.package_identification:_identify(depthai_env/lib/python3.14/site-packages/pip/_vendor/truststore) by extension 'ignore_ament_install'
[-1781200949160513024.000s] Level 1:colcon.colcon_core.package_identification:_identify(depthai_env/lib/python3.14/site-packages/pip/_vendor/truststore) by extensions ['colcon_pkg']
[-1781200949160513024.000s] Level 1:colcon.colcon_core.package_identification:_identify(depthai_env/lib/python3.14/site-packages/pip/_vendor/truststore) by extension 'colcon_pkg'
[-1781200949160513024.000s] Level 1:colcon.colcon_core.package_identification:_identify(depthai_env/lib/python3.14/site-packages/pip/_vendor/truststore) by extensions ['colcon_meta']
[-1781200949160513024.000s] Level 1:colcon.colcon_core.package_identification:_identify(depthai_env/lib/python3.14/site-packages/pip/_vendor/truststore) by extension 'colcon_meta'
[-1781200949160513024.000s] Level 1:colcon.colcon_core.package_identification:_identify(depthai_env/lib/python3.14/site-packages/pip/_vendor/truststore) by extensions ['ros']
[-1781200949160513024.000s] Level 1:colcon.colcon_core.package_identification:_identify(depthai_env/lib/python3.14/site-packages/pip/_vendor/truststore) by extension 'ros'
[-1781200949160513024.000s] Level 1:colcon.colcon_core.package_identification:_identify(depthai_env/lib/python3.14/site-packages/pip/_vendor/truststore) by extensions ['cmake', 'python']
[-1781200949160513024.000s] Level 1:colcon.colcon_core.package_identification:_identify(depthai_env/lib/python3.14/site-packages/pip/_vendor/truststore) by extension 'cmake'
[-1781200949160513024.000s] Level 1:colcon.colcon_core.package_identification:_identify(depthai_env/lib/python3.14/site-packages/pip/_vendor/truststore) by extension 'python'
[-1781200949160513024.000s] Level 1:colcon.colcon_core.package_identification:_identify(depthai_env/lib/python3.14/site-packages/pip/_vendor/truststore/__pycache__) by extensions ['ignore', 'ignore_ament_install']
[-1781200949160513024.000s] Level 1:colcon.colcon_core.package_identification:_identify(depthai_env/lib/python3.14/site-packages/pip/_vendor/truststore/__pycache__) by extension 'ignore'
[-1781200949160513024.000s] Level 1:colcon.colcon_core.package_identification:_identify(depthai_env/lib/python3.14/site-packages/pip/_vendor/truststore/__pycache__) by extension 'ignore_ament_install'
[-1781200949160513024.000s] Level 1:colcon.colcon_core.package_identification:_identify(depthai_env/lib/python3.14/site-packages/pip/_vendor/truststore/__pycache__) by extensions ['colcon_pkg']
[-1781200949160513024.000s] Level 1:colcon.colcon_core.package_identification:_identify(depthai_env/lib/python3.14/site-packages/pip/_vendor/truststore/__pycache__) by extension 'colcon_pkg'
[-1781200949160513024.000s] Level 1:colcon.colcon_core.package_identification:_identify(depthai_env/lib/python3.14/site-packages/pip/_vendor/truststore/__pycache__) by extensions ['colcon_meta']
[-1781200949160513024.000s] Level 1:colcon.colcon_core.package_identification:_identify(depthai_env/lib/python3.14/site-packages/pip/_vendor/truststore/__pycache__) by extension 'colcon_meta'
[-1781200949160513024.000s] Level 1:colcon.colcon_core.package_identification:_identify(depthai_env/lib/python3.14/site-packages/pip/_vendor/truststore/__pycache__) by extensions ['ros']
[-1781200949160513024.000s] Level 1:colcon.colcon_core.package_identification:_identify(depthai_env/lib/python3.14/site-packages/pip/_vendor/truststore/__pycache__) by extension 'ros'
[-1781200949160513024.000s] Level 1:colcon.colcon_core.package_identification:_identify(depthai_env/lib/python3.14/site-packages/pip/_vendor/truststore/__pycache__) by extensions ['cmake', 'python']
[-1781200949160513024.000s] Level 1:colcon.colcon_core.package_identification:_identify(depthai_env/lib/python3.14/site-packages/pip/_vendor/truststore/__pycache__) by extension 'cmake'
[-1781200949160513024.000s] Level 1:colcon.colcon_core.package_identification:_identify(depthai_env/lib/python3.14/site-packages/pip/_vendor/truststore/__pycache__) by extension 'python'
[-1781200949160513024.000s] Level 1:colcon.colcon_core.package_identification:_identify(depthai_env/lib/python3.14/site-packages/pip/_vendor/urllib3) by extensions ['ignore', 'ignore_ament_install']
[-1781200949160513024.000s] Level 1:colcon.colcon_core.package_identification:_identify(depthai_env/lib/python3.14/site-packages/pip/_vendor/urllib3) by extension 'ignore'
[-1781200949160513024.000s] Level 1:colcon.colcon_core.package_identification:_identify(depthai_env/lib/python3.14/site-packages/pip/_vendor/urllib3) by extension 'ignore_ament_install'
[-1781200949160513024.000s] Level 1:colcon.colcon_core.package_identification:_identify(depthai_env/lib/python3.14/site-packages/pip/_vendor/urllib3) by extensions ['colcon_pkg']
[-1781200949160513024.000s] Level 1:colcon.colcon_core.package_identification:_identify(depthai_env/lib/python3.14/site-packages/pip/_vendor/urllib3) by extension 'colcon_pkg'
[-1781200949160513024.000s] Level 1:colcon.colcon_core.package_identification:_identify(depthai_env/lib/python3.14/site-packages/pip/_vendor/urllib3) by extensions ['colcon_meta']
[-1781200949160513024.000s] Level 1:colcon.colcon_core.package_identification:_identify(depthai_env/lib/python3.14/site-packages/pip/_vendor/urllib3) by extension 'colcon_meta'
[-1781200949160513024.000s] Level 1:colcon.colcon_core.package_identification:_identify(depthai_env/lib/python3.14/site-packages/pip/_vendor/urllib3) by extensions ['ros']
[-1781200949160513024.000s] Level 1:colcon.colcon_core.package_identification:_identify(depthai_env/lib/python3.14/site-packages/pip/_vendor/urllib3) by extension 'ros'
[-1781200949160513024.000s] Level 1:colcon.colcon_core.package_identification:_identify(depthai_env/lib/python3.14/site-packages/pip/_vendor/urllib3) by extensions ['cmake', 'python']
[-1781200949160513024.000s] Level 1:colcon.colcon_core.package_identification:_identify(depthai_env/lib/python3.14/site-packages/pip/_vendor/urllib3) by extension 'cmake'
[-1781200949160513024.000s] Level 1:colcon.colcon_core.package_identification:_identify(depthai_env/lib/python3.14/site-packages/pip/_vendor/urllib3) by extension 'python'
[-1781200949160513024.000s] Level 1:colcon.colcon_core.package_identification:_identify(depthai_env/lib/python3.14/site-packages/pip/_vendor/urllib3/__pycache__) by extensions ['ignore', 'ignore_ament_install']
[-1781200949160513024.000s] Level 1:colcon.colcon_core.package_identification:_identify(depthai_env/lib/python3.14/site-packages/pip/_vendor/urllib3/__pycache__) by extension 'ignore'
[-1781200949160513024.000s] Level 1:colcon.colcon_core.package_identification:_identify(depthai_env/lib/python3.14/site-packages/pip/_vendor/urllib3/__pycache__) by extension 'ignore_ament_install'
[-1781200949160513024.000s] Level 1:colcon.colcon_core.package_identification:_identify(depthai_env/lib/python3.14/site-packages/pip/_vendor/urllib3/__pycache__) by extensions ['colcon_pkg']
[-1781200949160513024.000s] Level 1:colcon.colcon_core.package_identification:_identify(depthai_env/lib/python3.14/site-packages/pip/_vendor/urllib3/__pycache__) by extension 'colcon_pkg'
[-1781200949160513024.000s] Level 1:colcon.colcon_core.package_identification:_identify(depthai_env/lib/python3.14/site-packages/pip/_vendor/urllib3/__pycache__) by extensions ['colcon_meta']
[-1781200949160513024.000s] Level 1:colcon.colcon_core.package_identification:_identify(depthai_env/lib/python3.14/site-packages/pip/_vendor/urllib3/__pycache__) by extension 'colcon_meta'
[-1781200949160513024.000s] Level 1:colcon.colcon_core.package_identification:_identify(depthai_env/lib/python3.14/site-packages/pip/_vendor/urllib3/__pycache__) by extensions ['ros']
[-1781200949160513024.000s] Level 1:colcon.colcon_core.package_identification:_identify(depthai_env/lib/python3.14/site-packages/pip/_vendor/urllib3/__pycache__) by extension 'ros'
[-1781200949160513024.000s] Level 1:colcon.colcon_core.package_identification:_identify(depthai_env/lib/python3.14/site-packages/pip/_vendor/urllib3/__pycache__) by extensions ['cmake', 'python']
[-1781200949160513024.000s] Level 1:colcon.colcon_core.package_identification:_identify(depthai_env/lib/python3.14/site-packages/pip/_vendor/urllib3/__pycache__) by extension 'cmake'
[-1781200949160513024.000s] Level 1:colcon.colcon_core.package_identification:_identify(depthai_env/lib/python3.14/site-packages/pip/_vendor/urllib3/__pycache__) by extension 'python'
[-1781200949160513024.000s] Level 1:colcon.colcon_core.package_identification:_identify(depthai_env/lib/python3.14/site-packages/pip/_vendor/urllib3/contrib) by extensions ['ignore', 'ignore_ament_install']
[-1781200949160513024.000s] Level 1:colcon.colcon_core.package_identification:_identify(depthai_env/lib/python3.14/site-packages/pip/_vendor/urllib3/contrib) by extension 'ignore'
[-1781200949160513024.000s] Level 1:colcon.colcon_core.package_identification:_identify(depthai_env/lib/python3.14/site-packages/pip/_vendor/urllib3/contrib) by extension 'ignore_ament_install'
[-1781200949160513024.000s] Level 1:colcon.colcon_core.package_identification:_identify(depthai_env/lib/python3.14/site-packages/pip/_vendor/urllib3/contrib) by extensions ['colcon_pkg']
[-1781200949160513024.000s] Level 1:colcon.colcon_core.package_identification:_identify(depthai_env/lib/python3.14/site-packages/pip/_vendor/urllib3/contrib) by extension 'colcon_pkg'
[-1781200949160513024.000s] Level 1:colcon.colcon_core.package_identification:_identify(depthai_env/lib/python3.14/site-packages/pip/_vendor/urllib3/contrib) by extensions ['colcon_meta']
[-1781200949160513024.000s] Level 1:colcon.colcon_core.package_identification:_identify(depthai_env/lib/python3.14/site-packages/pip/_vendor/urllib3/contrib) by extension 'colcon_meta'
[-1781200949160513024.000s] Level 1:colcon.colcon_core.package_identification:_identify(depthai_env/lib/python3.14/site-packages/pip/_vendor/urllib3/contrib) by extensions ['ros']
[-1781200949160513024.000s] Level 1:colcon.colcon_core.package_identification:_identify(depthai_env/lib/python3.14/site-packages/pip/_vendor/urllib3/contrib) by extension 'ros'
[-1781200949160513024.000s] Level 1:colcon.colcon_core.package_identification:_identify(depthai_env/lib/python3.14/site-packages/pip/_vendor/urllib3/contrib) by extensions ['cmake', 'python']
[-1781200949160513024.000s] Level 1:colcon.colcon_core.package_identification:_identify(depthai_env/lib/python3.14/site-packages/pip/_vendor/urllib3/contrib) by extension 'cmake'
[-1781200949160513024.000s] Level 1:colcon.colcon_core.package_identification:_identify(depthai_env/lib/python3.14/site-packages/pip/_vendor/urllib3/contrib) by extension 'python'
[-1781200949160513024.000s] Level 1:colcon.colcon_core.package_identification:_identify(depthai_env/lib/python3.14/site-packages/pip/_vendor/urllib3/contrib/__pycache__) by extensions ['ignore', 'ignore_ament_install']
[-1781200949160513024.000s] Level 1:colcon.colcon_core.package_identification:_identify(depthai_env/lib/python3.14/site-packages/pip/_vendor/urllib3/contrib/__pycache__) by extension 'ignore'
[-1781200949160513024.000s] Level 1:colcon.colcon_core.package_identification:_identify(depthai_env/lib/python3.14/site-packages/pip/_vendor/urllib3/contrib/__pycache__) by extension 'ignore_ament_install'
[-1781200949160513024.000s] Level 1:colcon.colcon_core.package_identification:_identify(depthai_env/lib/python3.14/site-packages/pip/_vendor/urllib3/contrib/__pycache__) by extensions ['colcon_pkg']
[-1781200949160513024.000s] Level 1:colcon.colcon_core.package_identification:_identify(depthai_env/lib/python3.14/site-packages/pip/_vendor/urllib3/contrib/__pycache__) by extension 'colcon_pkg'
[-1781200949160513024.000s] Level 1:colcon.colcon_core.package_identification:_identify(depthai_env/lib/python3.14/site-packages/pip/_vendor/urllib3/contrib/__pycache__) by extensions ['colcon_meta']
[-1781200949160513024.000s] Level 1:colcon.colcon_core.package_identification:_identify(depthai_env/lib/python3.14/site-packages/pip/_vendor/urllib3/contrib/__pycache__) by extension 'colcon_meta'
[-1781200949160513024.000s] Level 1:colcon.colcon_core.package_identification:_identify(depthai_env/lib/python3.14/site-packages/pip/_vendor/urllib3/contrib/__pycache__) by extensions ['ros']
[-1781200949160513024.000s] Level 1:colcon.colcon_core.package_identification:_identify(depthai_env/lib/python3.14/site-packages/pip/_vendor/urllib3/contrib/__pycache__) by extension 'ros'
[-1781200949160513024.000s] Level 1:colcon.colcon_core.package_identification:_identify(depthai_env/lib/python3.14/site-packages/pip/_vendor/urllib3/contrib/__pycache__) by extensions ['cmake', 'python']
[-1781200949160513024.000s] Level 1:colcon.colcon_core.package_identification:_identify(depthai_env/lib/python3.14/site-packages/pip/_vendor/urllib3/contrib/__pycache__) by extension 'cmake'
[-1781200949160513024.000s] Level 1:colcon.colcon_core.package_identification:_identify(depthai_env/lib/python3.14/site-packages/pip/_vendor/urllib3/contrib/__pycache__) by extension 'python'
[-1781200949160513024.000s] Level 1:colcon.colcon_core.package_identification:_identify(depthai_env/lib/python3.14/site-packages/pip/_vendor/urllib3/contrib/emscripten) by extensions ['ignore', 'ignore_ament_install']
[-1781200949160513024.000s] Level 1:colcon.colcon_core.package_identification:_identify(depthai_env/lib/python3.14/site-packages/pip/_vendor/urllib3/contrib/emscripten) by extension 'ignore'
[-1781200949160513024.000s] Level 1:colcon.colcon_core.package_identification:_identify(depthai_env/lib/python3.14/site-packages/pip/_vendor/urllib3/contrib/emscripten) by extension 'ignore_ament_install'
[-1781200949160513024.000s] Level 1:colcon.colcon_core.package_identification:_identify(depthai_env/lib/python3.14/site-packages/pip/_vendor/urllib3/contrib/emscripten) by extensions ['colcon_pkg']
[-1781200949160513024.000s] Level 1:colcon.colcon_core.package_identification:_identify(depthai_env/lib/python3.14/site-packages/pip/_vendor/urllib3/contrib/emscripten) by extension 'colcon_pkg'
[-1781200949160513024.000s] Level 1:colcon.colcon_core.package_identification:_identify(depthai_env/lib/python3.14/site-packages/pip/_vendor/urllib3/contrib/emscripten) by extensions ['colcon_meta']
[-1781200949160513024.000s] Level 1:colcon.colcon_core.package_identification:_identify(depthai_env/lib/python3.14/site-packages/pip/_vendor/urllib3/contrib/emscripten) by extension 'colcon_meta'
[-1781200949160513024.000s] Level 1:colcon.colcon_core.package_identification:_identify(depthai_env/lib/python3.14/site-packages/pip/_vendor/urllib3/contrib/emscripten) by extensions ['ros']
[-1781200949160513024.000s] Level 1:colcon.colcon_core.package_identification:_identify(depthai_env/lib/python3.14/site-packages/pip/_vendor/urllib3/contrib/emscripten) by extension 'ros'
[-1781200949160513024.000s] Level 1:colcon.colcon_core.package_identification:_identify(depthai_env/lib/python3.14/site-packages/pip/_vendor/urllib3/contrib/emscripten) by extensions ['cmake', 'python']
[-1781200949160513024.000s] Level 1:colcon.colcon_core.package_identification:_identify(depthai_env/lib/python3.14/site-packages/pip/_vendor/urllib3/contrib/emscripten) by extension 'cmake'
[-1781200949160513024.000s] Level 1:colcon.colcon_core.package_identification:_identify(depthai_env/lib/python3.14/site-packages/pip/_vendor/urllib3/contrib/emscripten) by extension 'python'
[-1781200949160513024.000s] Level 1:colcon.colcon_core.package_identification:_identify(depthai_env/lib/python3.14/site-packages/pip/_vendor/urllib3/contrib/emscripten/__pycache__) by extensions ['ignore', 'ignore_ament_install']
[-1781200949160513024.000s] Level 1:colcon.colcon_core.package_identification:_identify(depthai_env/lib/python3.14/site-packages/pip/_vendor/urllib3/contrib/emscripten/__pycache__) by extension 'ignore'
[-1781200949160513024.000s] Level 1:colcon.colcon_core.package_identification:_identify(depthai_env/lib/python3.14/site-packages/pip/_vendor/urllib3/contrib/emscripten/__pycache__) by extension 'ignore_ament_install'
[-1781200949160513024.000s] Level 1:colcon.colcon_core.package_identification:_identify(depthai_env/lib/python3.14/site-packages/pip/_vendor/urllib3/contrib/emscripten/__pycache__) by extensions ['colcon_pkg']
[-1781200949160513024.000s] Level 1:colcon.colcon_core.package_identification:_identify(depthai_env/lib/python3.14/site-packages/pip/_vendor/urllib3/contrib/emscripten/__pycache__) by extension 'colcon_pkg'
[-1781200949160513024.000s] Level 1:colcon.colcon_core.package_identification:_identify(depthai_env/lib/python3.14/site-packages/pip/_vendor/urllib3/contrib/emscripten/__pycache__) by extensions ['colcon_meta']
[-1781200949160513024.000s] Level 1:colcon.colcon_core.package_identification:_identify(depthai_env/lib/python3.14/site-packages/pip/_vendor/urllib3/contrib/emscripten/__pycache__) by extension 'colcon_meta'
[-1781200949160513024.000s] Level 1:colcon.colcon_core.package_identification:_identify(depthai_env/lib/python3.14/site-packages/pip/_vendor/urllib3/contrib/emscripten/__pycache__) by extensions ['ros']
[-1781200949160513024.000s] Level 1:colcon.colcon_core.package_identification:_identify(depthai_env/lib/python3.14/site-packages/pip/_vendor/urllib3/contrib/emscripten/__pycache__) by extension 'ros'
[-1781200949160513024.000s] Level 1:colcon.colcon_core.package_identification:_identify(depthai_env/lib/python3.14/site-packages/pip/_vendor/urllib3/contrib/emscripten/__pycache__) by extensions ['cmake', 'python']
[-1781200949160513024.000s] Level 1:colcon.colcon_core.package_identification:_identify(depthai_env/lib/python3.14/site-packages/pip/_vendor/urllib3/contrib/emscripten/__pycache__) by extension 'cmake'
[-1781200949160513024.000s] Level 1:colcon.colcon_core.package_identification:_identify(depthai_env/lib/python3.14/site-packages/pip/_vendor/urllib3/contrib/emscripten/__pycache__) by extension 'python'
[-1781200949160513024.000s] Level 1:colcon.colcon_core.package_identification:_identify(depthai_env/lib/python3.14/site-packages/pip/_vendor/urllib3/http2) by extensions ['ignore', 'ignore_ament_install']
[-1781200949160513024.000s] Level 1:colcon.colcon_core.package_identification:_identify(depthai_env/lib/python3.14/site-packages/pip/_vendor/urllib3/http2) by extension 'ignore'
[-1781200949160513024.000s] Level 1:colcon.colcon_core.package_identification:_identify(depthai_env/lib/python3.14/site-packages/pip/_vendor/urllib3/http2) by extension 'ignore_ament_install'
[-1781200949160513024.000s] Level 1:colcon.colcon_core.package_identification:_identify(depthai_env/lib/python3.14/site-packages/pip/_vendor/urllib3/http2) by extensions ['colcon_pkg']
[-1781200949160513024.000s] Level 1:colcon.colcon_core.package_identification:_identify(depthai_env/lib/python3.14/site-packages/pip/_vendor/urllib3/http2) by extension 'colcon_pkg'
[-1781200949160513024.000s] Level 1:colcon.colcon_core.package_identification:_identify(depthai_env/lib/python3.14/site-packages/pip/_vendor/urllib3/http2) by extensions ['colcon_meta']
[-1781200949160513024.000s] Level 1:colcon.colcon_core.package_identification:_identify(depthai_env/lib/python3.14/site-packages/pip/_vendor/urllib3/http2) by extension 'colcon_meta'
[-1781200949160513024.000s] Level 1:colcon.colcon_core.package_identification:_identify(depthai_env/lib/python3.14/site-packages/pip/_vendor/urllib3/http2) by extensions ['ros']
[-1781200949160513024.000s] Level 1:colcon.colcon_core.package_identification:_identify(depthai_env/lib/python3.14/site-packages/pip/_vendor/urllib3/http2) by extension 'ros'
[-1781200949160513024.000s] Level 1:colcon.colcon_core.package_identification:_identify(depthai_env/lib/python3.14/site-packages/pip/_vendor/urllib3/http2) by extensions ['cmake', 'python']
[-1781200949160513024.000s] Level 1:colcon.colcon_core.package_identification:_identify(depthai_env/lib/python3.14/site-packages/pip/_vendor/urllib3/http2) by extension 'cmake'
[-1781200949160513024.000s] Level 1:colcon.colcon_core.package_identification:_identify(depthai_env/lib/python3.14/site-packages/pip/_vendor/urllib3/http2) by extension 'python'
[-1781200949160513024.000s] Level 1:colcon.colcon_core.package_identification:_identify(depthai_env/lib/python3.14/site-packages/pip/_vendor/urllib3/http2/__pycache__) by extensions ['ignore', 'ignore_ament_install']
[-1781200949160513024.000s] Level 1:colcon.colcon_core.package_identification:_identify(depthai_env/lib/python3.14/site-packages/pip/_vendor/urllib3/http2/__pycache__) by extension 'ignore'
[-1781200949160513024.000s] Level 1:colcon.colcon_core.package_identification:_identify(depthai_env/lib/python3.14/site-packages/pip/_vendor/urllib3/http2/__pycache__) by extension 'ignore_ament_install'
[-1781200949160513024.000s] Level 1:colcon.colcon_core.package_identification:_identify(depthai_env/lib/python3.14/site-packages/pip/_vendor/urllib3/http2/__pycache__) by extensions ['colcon_pkg']
[-1781200949160513024.000s] Level 1:colcon.colcon_core.package_identification:_identify(depthai_env/lib/python3.14/site-packages/pip/_vendor/urllib3/http2/__pycache__) by extension 'colcon_pkg'
[-1781200949160513024.000s] Level 1:colcon.colcon_core.package_identification:_identify(depthai_env/lib/python3.14/site-packages/pip/_vendor/urllib3/http2/__pycache__) by extensions ['colcon_meta']
[-1781200949160513024.000s] Level 1:colcon.colcon_core.package_identification:_identify(depthai_env/lib/python3.14/site-packages/pip/_vendor/urllib3/http2/__pycache__) by extension 'colcon_meta'
[-1781200949160513024.000s] Level 1:colcon.colcon_core.package_identification:_identify(depthai_env/lib/python3.14/site-packages/pip/_vendor/urllib3/http2/__pycache__) by extensions ['ros']
[-1781200949160513024.000s] Level 1:colcon.colcon_core.package_identification:_identify(depthai_env/lib/python3.14/site-packages/pip/_vendor/urllib3/http2/__pycache__) by extension 'ros'
[-1781200949160513024.000s] Level 1:colcon.colcon_core.package_identification:_identify(depthai_env/lib/python3.14/site-packages/pip/_vendor/urllib3/http2/__pycache__) by extensions ['cmake', 'python']
[-1781200949160513024.000s] Level 1:colcon.colcon_core.package_identification:_identify(depthai_env/lib/python3.14/site-packages/pip/_vendor/urllib3/http2/__pycache__) by extension 'cmake'
[-1781200949160513024.000s] Level 1:colcon.colcon_core.package_identification:_identify(depthai_env/lib/python3.14/site-packages/pip/_vendor/urllib3/http2/__pycache__) by extension 'python'
[-1781200949160513024.000s] Level 1:colcon.colcon_core.package_identification:_identify(depthai_env/lib/python3.14/site-packages/pip/_vendor/urllib3/util) by extensions ['ignore', 'ignore_ament_install']
[-1781200949160513024.000s] Level 1:colcon.colcon_core.package_identification:_identify(depthai_env/lib/python3.14/site-packages/pip/_vendor/urllib3/util) by extension 'ignore'
[-1781200949160513024.000s] Level 1:colcon.colcon_core.package_identification:_identify(depthai_env/lib/python3.14/site-packages/pip/_vendor/urllib3/util) by extension 'ignore_ament_install'
[-1781200949160513024.000s] Level 1:colcon.colcon_core.package_identification:_identify(depthai_env/lib/python3.14/site-packages/pip/_vendor/urllib3/util) by extensions ['colcon_pkg']
[-1781200949160513024.000s] Level 1:colcon.colcon_core.package_identification:_identify(depthai_env/lib/python3.14/site-packages/pip/_vendor/urllib3/util) by extension 'colcon_pkg'
[-1781200949160513024.000s] Level 1:colcon.colcon_core.package_identification:_identify(depthai_env/lib/python3.14/site-packages/pip/_vendor/urllib3/util) by extensions ['colcon_meta']
[-1781200949160513024.000s] Level 1:colcon.colcon_core.package_identification:_identify(depthai_env/lib/python3.14/site-packages/pip/_vendor/urllib3/util) by extension 'colcon_meta'
[-1781200949160513024.000s] Level 1:colcon.colcon_core.package_identification:_identify(depthai_env/lib/python3.14/site-packages/pip/_vendor/urllib3/util) by extensions ['ros']
[-1781200949160513024.000s] Level 1:colcon.colcon_core.package_identification:_identify(depthai_env/lib/python3.14/site-packages/pip/_vendor/urllib3/util) by extension 'ros'
[-1781200949160513024.000s] Level 1:colcon.colcon_core.package_identification:_identify(depthai_env/lib/python3.14/site-packages/pip/_vendor/urllib3/util) by extensions ['cmake', 'python']
[-1781200949160513024.000s] Level 1:colcon.colcon_core.package_identification:_identify(depthai_env/lib/python3.14/site-packages/pip/_vendor/urllib3/util) by extension 'cmake'
[-1781200949160513024.000s] Level 1:colcon.colcon_core.package_identification:_identify(depthai_env/lib/python3.14/site-packages/pip/_vendor/urllib3/util) by extension 'python'
[-1781200949160513024.000s] Level 1:colcon.colcon_core.package_identification:_identify(depthai_env/lib/python3.14/site-packages/pip/_vendor/urllib3/util/__pycache__) by extensions ['ignore', 'ignore_ament_install']
[-1781200949160513024.000s] Level 1:colcon.colcon_core.package_identification:_identify(depthai_env/lib/python3.14/site-packages/pip/_vendor/urllib3/util/__pycache__) by extension 'ignore'
[-1781200949160513024.000s] Level 1:colcon.colcon_core.package_identification:_identify(depthai_env/lib/python3.14/site-packages/pip/_vendor/urllib3/util/__pycache__) by extension 'ignore_ament_install'
[-1781200949160513024.000s] Level 1:colcon.colcon_core.package_identification:_identify(depthai_env/lib/python3.14/site-packages/pip/_vendor/urllib3/util/__pycache__) by extensions ['colcon_pkg']
[-1781200949160513024.000s] Level 1:colcon.colcon_core.package_identification:_identify(depthai_env/lib/python3.14/site-packages/pip/_vendor/urllib3/util/__pycache__) by extension 'colcon_pkg'
[-1781200949160513024.000s] Level 1:colcon.colcon_core.package_identification:_identify(depthai_env/lib/python3.14/site-packages/pip/_vendor/urllib3/util/__pycache__) by extensions ['colcon_meta']
[-1781200949160513024.000s] Level 1:colcon.colcon_core.package_identification:_identify(depthai_env/lib/python3.14/site-packages/pip/_vendor/urllib3/util/__pycache__) by extension 'colcon_meta'
[-1781200949160513024.000s] Level 1:colcon.colcon_core.package_identification:_identify(depthai_env/lib/python3.14/site-packages/pip/_vendor/urllib3/util/__pycache__) by extensions ['ros']
[-1781200949160513024.000s] Level 1:colcon.colcon_core.package_identification:_identify(depthai_env/lib/python3.14/site-packages/pip/_vendor/urllib3/util/__pycache__) by extension 'ros'
[-1781200949160513024.000s] Level 1:colcon.colcon_core.package_identification:_identify(depthai_env/lib/python3.14/site-packages/pip/_vendor/urllib3/util/__pycache__) by extensions ['cmake', 'python']
[-1781200949160513024.000s] Level 1:colcon.colcon_core.package_identification:_identify(depthai_env/lib/python3.14/site-packages/pip/_vendor/urllib3/util/__pycache__) by extension 'cmake'
[-1781200949160513024.000s] Level 1:colcon.colcon_core.package_identification:_identify(depthai_env/lib/python3.14/site-packages/pip/_vendor/urllib3/util/__pycache__) by extension 'python'
[-1781200949160513024.000s] Level 1:colcon.colcon_core.package_identification:_identify(depthai_env/lib/python3.14/site-packages/pip-26.1.1.dist-info) by extensions ['ignore', 'ignore_ament_install']
[-1781200949160513024.000s] Level 1:colcon.colcon_core.package_identification:_identify(depthai_env/lib/python3.14/site-packages/pip-26.1.1.dist-info) by extension 'ignore'
[-1781200949160513024.000s] Level 1:colcon.colcon_core.package_identification:_identify(depthai_env/lib/python3.14/site-packages/pip-26.1.1.dist-info) by extension 'ignore_ament_install'
[-1781200949160513024.000s] Level 1:colcon.colcon_core.package_identification:_identify(depthai_env/lib/python3.14/site-packages/pip-26.1.1.dist-info) by extensions ['colcon_pkg']
[-1781200949160513024.000s] Level 1:colcon.colcon_core.package_identification:_identify(depthai_env/lib/python3.14/site-packages/pip-26.1.1.dist-info) by extension 'colcon_pkg'
[-1781200949160513024.000s] Level 1:colcon.colcon_core.package_identification:_identify(depthai_env/lib/python3.14/site-packages/pip-26.1.1.dist-info) by extensions ['colcon_meta']
[-1781200949160513024.000s] Level 1:colcon.colcon_core.package_identification:_identify(depthai_env/lib/python3.14/site-packages/pip-26.1.1.dist-info) by extension 'colcon_meta'
[-1781200949160513024.000s] Level 1:colcon.colcon_core.package_identification:_identify(depthai_env/lib/python3.14/site-packages/pip-26.1.1.dist-info) by extensions ['ros']
[-1781200949160513024.000s] Level 1:colcon.colcon_core.package_identification:_identify(depthai_env/lib/python3.14/site-packages/pip-26.1.1.dist-info) by extension 'ros'
[-1781200949160513024.000s] Level 1:colcon.colcon_core.package_identification:_identify(depthai_env/lib/python3.14/site-packages/pip-26.1.1.dist-info) by extensions ['cmake', 'python']
[-1781200949160513024.000s] Level 1:colcon.colcon_core.package_identification:_identify(depthai_env/lib/python3.14/site-packages/pip-26.1.1.dist-info) by extension 'cmake'
[-1781200949160513024.000s] Level 1:colcon.colcon_core.package_identification:_identify(depthai_env/lib/python3.14/site-packages/pip-26.1.1.dist-info) by extension 'python'
[-1781200949160513024.000s] Level 1:colcon.colcon_core.package_identification:_identify(depthai_env/lib/python3.14/site-packages/pip-26.1.1.dist-info/licenses) by extensions ['ignore', 'ignore_ament_install']
[-1781200949160513024.000s] Level 1:colcon.colcon_core.package_identification:_identify(depthai_env/lib/python3.14/site-packages/pip-26.1.1.dist-info/licenses) by extension 'ignore'
[-1781200949160513024.000s] Level 1:colcon.colcon_core.package_identification:_identify(depthai_env/lib/python3.14/site-packages/pip-26.1.1.dist-info/licenses) by extension 'ignore_ament_install'
[-1781200949160513024.000s] Level 1:colcon.colcon_core.package_identification:_identify(depthai_env/lib/python3.14/site-packages/pip-26.1.1.dist-info/licenses) by extensions ['colcon_pkg']
[-1781200949160513024.000s] Level 1:colcon.colcon_core.package_identification:_identify(depthai_env/lib/python3.14/site-packages/pip-26.1.1.dist-info/licenses) by extension 'colcon_pkg'
[-1781200949160513024.000s] Level 1:colcon.colcon_core.package_identification:_identify(depthai_env/lib/python3.14/site-packages/pip-26.1.1.dist-info/licenses) by extensions ['colcon_meta']
[-1781200949160513024.000s] Level 1:colcon.colcon_core.package_identification:_identify(depthai_env/lib/python3.14/site-packages/pip-26.1.1.dist-info/licenses) by extension 'colcon_meta'
[-1781200949160513024.000s] Level 1:colcon.colcon_core.package_identification:_identify(depthai_env/lib/python3.14/site-packages/pip-26.1.1.dist-info/licenses) by extensions ['ros']
[-1781200949160513024.000s] Level 1:colcon.colcon_core.package_identification:_identify(depthai_env/lib/python3.14/site-packages/pip-26.1.1.dist-info/licenses) by extension 'ros'
[-1781200949160513024.000s] Level 1:colcon.colcon_core.package_identification:_identify(depthai_env/lib/python3.14/site-packages/pip-26.1.1.dist-info/licenses) by extensions ['cmake', 'python']
[-1781200949160513024.000s] Level 1:colcon.colcon_core.package_identification:_identify(depthai_env/lib/python3.14/site-packages/pip-26.1.1.dist-info/licenses) by extension 'cmake'
[-1781200949160513024.000s] Level 1:colcon.colcon_core.package_identification:_identify(depthai_env/lib/python3.14/site-packages/pip-26.1.1.dist-info/licenses) by extension 'python'
[-1781200949160513024.000s] Level 1:colcon.colcon_core.package_identification:_identify(depthai_env/lib/python3.14/site-packages/pip-26.1.1.dist-info/licenses/src) by extensions ['ignore', 'ignore_ament_install']
[-1781200949160513024.000s] Level 1:colcon.colcon_core.package_identification:_identify(depthai_env/lib/python3.14/site-packages/pip-26.1.1.dist-info/licenses/src) by extension 'ignore'
[-1781200949160513024.000s] Level 1:colcon.colcon_core.package_identification:_identify(depthai_env/lib/python3.14/site-packages/pip-26.1.1.dist-info/licenses/src) by extension 'ignore_ament_install'
[-1781200949160513024.000s] Level 1:colcon.colcon_core.package_identification:_identify(depthai_env/lib/python3.14/site-packages/pip-26.1.1.dist-info/licenses/src) by extensions ['colcon_pkg']
[-1781200949160513024.000s] Level 1:colcon.colcon_core.package_identification:_identify(depthai_env/lib/python3.14/site-packages/pip-26.1.1.dist-info/licenses/src) by extension 'colcon_pkg'
[-1781200949160513024.000s] Level 1:colcon.colcon_core.package_identification:_identify(depthai_env/lib/python3.14/site-packages/pip-26.1.1.dist-info/licenses/src) by extensions ['colcon_meta']
[-1781200949160513024.000s] Level 1:colcon.colcon_core.package_identification:_identify(depthai_env/lib/python3.14/site-packages/pip-26.1.1.dist-info/licenses/src) by extension 'colcon_meta'
[-1781200949160513024.000s] Level 1:colcon.colcon_core.package_identification:_identify(depthai_env/lib/python3.14/site-packages/pip-26.1.1.dist-info/licenses/src) by extensions ['ros']
[-1781200949160513024.000s] Level 1:colcon.colcon_core.package_identification:_identify(depthai_env/lib/python3.14/site-packages/pip-26.1.1.dist-info/licenses/src) by extension 'ros'
[-1781200949160513024.000s] Level 1:colcon.colcon_core.package_identification:_identify(depthai_env/lib/python3.14/site-packages/pip-26.1.1.dist-info/licenses/src) by extensions ['cmake', 'python']
[-1781200949160513024.000s] Level 1:colcon.colcon_core.package_identification:_identify(depthai_env/lib/python3.14/site-packages/pip-26.1.1.dist-info/licenses/src) by extension 'cmake'
[-1781200949160513024.000s] Level 1:colcon.colcon_core.package_identification:_identify(depthai_env/lib/python3.14/site-packages/pip-26.1.1.dist-info/licenses/src) by extension 'python'
[-1781200949160513024.000s] Level 1:colcon.colcon_core.package_identification:_identify(depthai_env/lib/python3.14/site-packages/pip-26.1.1.dist-info/licenses/src/pip) by extensions ['ignore', 'ignore_ament_install']
[-1781200949160513024.000s] Level 1:colcon.colcon_core.package_identification:_identify(depthai_env/lib/python3.14/site-packages/pip-26.1.1.dist-info/licenses/src/pip) by extension 'ignore'
[-1781200949160513024.000s] Level 1:colcon.colcon_core.package_identification:_identify(depthai_env/lib/python3.14/site-packages/pip-26.1.1.dist-info/licenses/src/pip) by extension 'ignore_ament_install'
[-1781200949160513024.000s] Level 1:colcon.colcon_core.package_identification:_identify(depthai_env/lib/python3.14/site-packages/pip-26.1.1.dist-info/licenses/src/pip) by extensions ['colcon_pkg']
[-1781200949160513024.000s] Level 1:colcon.colcon_core.package_identification:_identify(depthai_env/lib/python3.14/site-packages/pip-26.1.1.dist-info/licenses/src/pip) by extension 'colcon_pkg'
[-1781200949160513024.000s] Level 1:colcon.colcon_core.package_identification:_identify(depthai_env/lib/python3.14/site-packages/pip-26.1.1.dist-info/licenses/src/pip) by extensions ['colcon_meta']
[-1781200949160513024.000s] Level 1:colcon.colcon_core.package_identification:_identify(depthai_env/lib/python3.14/site-packages/pip-26.1.1.dist-info/licenses/src/pip) by extension 'colcon_meta'
[-1781200949160513024.000s] Level 1:colcon.colcon_core.package_identification:_identify(depthai_env/lib/python3.14/site-packages/pip-26.1.1.dist-info/licenses/src/pip) by extensions ['ros']
[-1781200949160513024.000s] Level 1:colcon.colcon_core.package_identification:_identify(depthai_env/lib/python3.14/site-packages/pip-26.1.1.dist-info/licenses/src/pip) by extension 'ros'
[-1781200949160513024.000s] Level 1:colcon.colcon_core.package_identification:_identify(depthai_env/lib/python3.14/site-packages/pip-26.1.1.dist-info/licenses/src/pip) by extensions ['cmake', 'python']
[-1781200949160513024.000s] Level 1:colcon.colcon_core.package_identification:_identify(depthai_env/lib/python3.14/site-packages/pip-26.1.1.dist-info/licenses/src/pip) by extension 'cmake'
[-1781200949160513024.000s] Level 1:colcon.colcon_core.package_identification:_identify(depthai_env/lib/python3.14/site-packages/pip-26.1.1.dist-info/licenses/src/pip) by extension 'python'
[-1781200949160513024.000s] Level 1:colcon.colcon_core.package_identification:_identify(depthai_env/lib/python3.14/site-packages/pip-26.1.1.dist-info/licenses/src/pip/_vendor) by extensions ['ignore', 'ignore_ament_install']
[-1781200949160513024.000s] Level 1:colcon.colcon_core.package_identification:_identify(depthai_env/lib/python3.14/site-packages/pip-26.1.1.dist-info/licenses/src/pip/_vendor) by extension 'ignore'
[-1781200949160513024.000s] Level 1:colcon.colcon_core.package_identification:_identify(depthai_env/lib/python3.14/site-packages/pip-26.1.1.dist-info/licenses/src/pip/_vendor) by extension 'ignore_ament_install'
[-1781200949160513024.000s] Level 1:colcon.colcon_core.package_identification:_identify(depthai_env/lib/python3.14/site-packages/pip-26.1.1.dist-info/licenses/src/pip/_vendor) by extensions ['colcon_pkg']
[-1781200949160513024.000s] Level 1:colcon.colcon_core.package_identification:_identify(depthai_env/lib/python3.14/site-packages/pip-26.1.1.dist-info/licenses/src/pip/_vendor) by extension 'colcon_pkg'
[-1781200949160513024.000s] Level 1:colcon.colcon_core.package_identification:_identify(depthai_env/lib/python3.14/site-packages/pip-26.1.1.dist-info/licenses/src/pip/_vendor) by extensions ['colcon_meta']
[-1781200949160513024.000s] Level 1:colcon.colcon_core.package_identification:_identify(depthai_env/lib/python3.14/site-packages/pip-26.1.1.dist-info/licenses/src/pip/_vendor) by extension 'colcon_meta'
[-1781200949160513024.000s] Level 1:colcon.colcon_core.package_identification:_identify(depthai_env/lib/python3.14/site-packages/pip-26.1.1.dist-info/licenses/src/pip/_vendor) by extensions ['ros']
[-1781200949160513024.000s] Level 1:colcon.colcon_core.package_identification:_identify(depthai_env/lib/python3.14/site-packages/pip-26.1.1.dist-info/licenses/src/pip/_vendor) by extension 'ros'
[-1781200949160513024.000s] Level 1:colcon.colcon_core.package_identification:_identify(depthai_env/lib/python3.14/site-packages/pip-26.1.1.dist-info/licenses/src/pip/_vendor) by extensions ['cmake', 'python']
[-1781200949160513024.000s] Level 1:colcon.colcon_core.package_identification:_identify(depthai_env/lib/python3.14/site-packages/pip-26.1.1.dist-info/licenses/src/pip/_vendor) by extension 'cmake'
[-1781200949160513024.000s] Level 1:colcon.colcon_core.package_identification:_identify(depthai_env/lib/python3.14/site-packages/pip-26.1.1.dist-info/licenses/src/pip/_vendor) by extension 'python'
[-1781200949160513024.000s] Level 1:colcon.colcon_core.package_identification:_identify(depthai_env/lib/python3.14/site-packages/pip-26.1.1.dist-info/licenses/src/pip/_vendor/cachecontrol) by extensions ['ignore', 'ignore_ament_install']
[-1781200949160513024.000s] Level 1:colcon.colcon_core.package_identification:_identify(depthai_env/lib/python3.14/site-packages/pip-26.1.1.dist-info/licenses/src/pip/_vendor/cachecontrol) by extension 'ignore'
[-1781200949160513024.000s] Level 1:colcon.colcon_core.package_identification:_identify(depthai_env/lib/python3.14/site-packages/pip-26.1.1.dist-info/licenses/src/pip/_vendor/cachecontrol) by extension 'ignore_ament_install'
[-1781200949160513024.000s] Level 1:colcon.colcon_core.package_identification:_identify(depthai_env/lib/python3.14/site-packages/pip-26.1.1.dist-info/licenses/src/pip/_vendor/cachecontrol) by extensions ['colcon_pkg']
[-1781200949160513024.000s] Level 1:colcon.colcon_core.package_identification:_identify(depthai_env/lib/python3.14/site-packages/pip-26.1.1.dist-info/licenses/src/pip/_vendor/cachecontrol) by extension 'colcon_pkg'
[-1781200949160513024.000s] Level 1:colcon.colcon_core.package_identification:_identify(depthai_env/lib/python3.14/site-packages/pip-26.1.1.dist-info/licenses/src/pip/_vendor/cachecontrol) by extensions ['colcon_meta']
[-1781200949160513024.000s] Level 1:colcon.colcon_core.package_identification:_identify(depthai_env/lib/python3.14/site-packages/pip-26.1.1.dist-info/licenses/src/pip/_vendor/cachecontrol) by extension 'colcon_meta'
[-1781200949160513024.000s] Level 1:colcon.colcon_core.package_identification:_identify(depthai_env/lib/python3.14/site-packages/pip-26.1.1.dist-info/licenses/src/pip/_vendor/cachecontrol) by extensions ['ros']
[-1781200949160513024.000s] Level 1:colcon.colcon_core.package_identification:_identify(depthai_env/lib/python3.14/site-packages/pip-26.1.1.dist-info/licenses/src/pip/_vendor/cachecontrol) by extension 'ros'
[-1781200949160513024.000s] Level 1:colcon.colcon_core.package_identification:_identify(depthai_env/lib/python3.14/site-packages/pip-26.1.1.dist-info/licenses/src/pip/_vendor/cachecontrol) by extensions ['cmake', 'python']
[-1781200949160513024.000s] Level 1:colcon.colcon_core.package_identification:_identify(depthai_env/lib/python3.14/site-packages/pip-26.1.1.dist-info/licenses/src/pip/_vendor/cachecontrol) by extension 'cmake'
[-1781200949160513024.000s] Level 1:colcon.colcon_core.package_identification:_identify(depthai_env/lib/python3.14/site-packages/pip-26.1.1.dist-info/licenses/src/pip/_vendor/cachecontrol) by extension 'python'
[-1781200949160513024.000s] Level 1:colcon.colcon_core.package_identification:_identify(depthai_env/lib/python3.14/site-packages/pip-26.1.1.dist-info/licenses/src/pip/_vendor/certifi) by extensions ['ignore', 'ignore_ament_install']
[-1781200949160513024.000s] Level 1:colcon.colcon_core.package_identification:_identify(depthai_env/lib/python3.14/site-packages/pip-26.1.1.dist-info/licenses/src/pip/_vendor/certifi) by extension 'ignore'
[-1781200949160513024.000s] Level 1:colcon.colcon_core.package_identification:_identify(depthai_env/lib/python3.14/site-packages/pip-26.1.1.dist-info/licenses/src/pip/_vendor/certifi) by extension 'ignore_ament_install'
[-1781200949160513024.000s] Level 1:colcon.colcon_core.package_identification:_identify(depthai_env/lib/python3.14/site-packages/pip-26.1.1.dist-info/licenses/src/pip/_vendor/certifi) by extensions ['colcon_pkg']
[-1781200949160513024.000s] Level 1:colcon.colcon_core.package_identification:_identify(depthai_env/lib/python3.14/site-packages/pip-26.1.1.dist-info/licenses/src/pip/_vendor/certifi) by extension 'colcon_pkg'
[-1781200949160513024.000s] Level 1:colcon.colcon_core.package_identification:_identify(depthai_env/lib/python3.14/site-packages/pip-26.1.1.dist-info/licenses/src/pip/_vendor/certifi) by extensions ['colcon_meta']
[-1781200949160513024.000s] Level 1:colcon.colcon_core.package_identification:_identify(depthai_env/lib/python3.14/site-packages/pip-26.1.1.dist-info/licenses/src/pip/_vendor/certifi) by extension 'colcon_meta'
[-1781200949160513024.000s] Level 1:colcon.colcon_core.package_identification:_identify(depthai_env/lib/python3.14/site-packages/pip-26.1.1.dist-info/licenses/src/pip/_vendor/certifi) by extensions ['ros']
[-1781200949160513024.000s] Level 1:colcon.colcon_core.package_identification:_identify(depthai_env/lib/python3.14/site-packages/pip-26.1.1.dist-info/licenses/src/pip/_vendor/certifi) by extension 'ros'
[-1781200949160513024.000s] Level 1:colcon.colcon_core.package_identification:_identify(depthai_env/lib/python3.14/site-packages/pip-26.1.1.dist-info/licenses/src/pip/_vendor/certifi) by extensions ['cmake', 'python']
[-1781200949160513024.000s] Level 1:colcon.colcon_core.package_identification:_identify(depthai_env/lib/python3.14/site-packages/pip-26.1.1.dist-info/licenses/src/pip/_vendor/certifi) by extension 'cmake'
[-1781200949160513024.000s] Level 1:colcon.colcon_core.package_identification:_identify(depthai_env/lib/python3.14/site-packages/pip-26.1.1.dist-info/licenses/src/pip/_vendor/certifi) by extension 'python'
[-1781200949160513024.000s] Level 1:colcon.colcon_core.package_identification:_identify(depthai_env/lib/python3.14/site-packages/pip-26.1.1.dist-info/licenses/src/pip/_vendor/distlib) by extensions ['ignore', 'ignore_ament_install']
[-1781200949160513024.000s] Level 1:colcon.colcon_core.package_identification:_identify(depthai_env/lib/python3.14/site-packages/pip-26.1.1.dist-info/licenses/src/pip/_vendor/distlib) by extension 'ignore'
[-1781200949160513024.000s] Level 1:colcon.colcon_core.package_identification:_identify(depthai_env/lib/python3.14/site-packages/pip-26.1.1.dist-info/licenses/src/pip/_vendor/distlib) by extension 'ignore_ament_install'
[-1781200949160513024.000s] Level 1:colcon.colcon_core.package_identification:_identify(depthai_env/lib/python3.14/site-packages/pip-26.1.1.dist-info/licenses/src/pip/_vendor/distlib) by extensions ['colcon_pkg']
[-1781200949160513024.000s] Level 1:colcon.colcon_core.package_identification:_identify(depthai_env/lib/python3.14/site-packages/pip-26.1.1.dist-info/licenses/src/pip/_vendor/distlib) by extension 'colcon_pkg'
[-1781200949160513024.000s] Level 1:colcon.colcon_core.package_identification:_identify(depthai_env/lib/python3.14/site-packages/pip-26.1.1.dist-info/licenses/src/pip/_vendor/distlib) by extensions ['colcon_meta']
[-1781200949160513024.000s] Level 1:colcon.colcon_core.package_identification:_identify(depthai_env/lib/python3.14/site-packages/pip-26.1.1.dist-info/licenses/src/pip/_vendor/distlib) by extension 'colcon_meta'
[-1781200949160513024.000s] Level 1:colcon.colcon_core.package_identification:_identify(depthai_env/lib/python3.14/site-packages/pip-26.1.1.dist-info/licenses/src/pip/_vendor/distlib) by extensions ['ros']
[-1781200949160513024.000s] Level 1:colcon.colcon_core.package_identification:_identify(depthai_env/lib/python3.14/site-packages/pip-26.1.1.dist-info/licenses/src/pip/_vendor/distlib) by extension 'ros'
[-1781200949160513024.000s] Level 1:colcon.colcon_core.package_identification:_identify(depthai_env/lib/python3.14/site-packages/pip-26.1.1.dist-info/licenses/src/pip/_vendor/distlib) by extensions ['cmake', 'python']
[-1781200949160513024.000s] Level 1:colcon.colcon_core.package_identification:_identify(depthai_env/lib/python3.14/site-packages/pip-26.1.1.dist-info/licenses/src/pip/_vendor/distlib) by extension 'cmake'
[-1781200949160513024.000s] Level 1:colcon.colcon_core.package_identification:_identify(depthai_env/lib/python3.14/site-packages/pip-26.1.1.dist-info/licenses/src/pip/_vendor/distlib) by extension 'python'
[-1781200949160513024.000s] Level 1:colcon.colcon_core.package_identification:_identify(depthai_env/lib/python3.14/site-packages/pip-26.1.1.dist-info/licenses/src/pip/_vendor/distro) by extensions ['ignore', 'ignore_ament_install']
[-1781200949160513024.000s] Level 1:colcon.colcon_core.package_identification:_identify(depthai_env/lib/python3.14/site-packages/pip-26.1.1.dist-info/licenses/src/pip/_vendor/distro) by extension 'ignore'
[-1781200949160513024.000s] Level 1:colcon.colcon_core.package_identification:_identify(depthai_env/lib/python3.14/site-packages/pip-26.1.1.dist-info/licenses/src/pip/_vendor/distro) by extension 'ignore_ament_install'
[-1781200949160513024.000s] Level 1:colcon.colcon_core.package_identification:_identify(depthai_env/lib/python3.14/site-packages/pip-26.1.1.dist-info/licenses/src/pip/_vendor/distro) by extensions ['colcon_pkg']
[-1781200949160513024.000s] Level 1:colcon.colcon_core.package_identification:_identify(depthai_env/lib/python3.14/site-packages/pip-26.1.1.dist-info/licenses/src/pip/_vendor/distro) by extension 'colcon_pkg'
[-1781200949160513024.000s] Level 1:colcon.colcon_core.package_identification:_identify(depthai_env/lib/python3.14/site-packages/pip-26.1.1.dist-info/licenses/src/pip/_vendor/distro) by extensions ['colcon_meta']
[-1781200949160513024.000s] Level 1:colcon.colcon_core.package_identification:_identify(depthai_env/lib/python3.14/site-packages/pip-26.1.1.dist-info/licenses/src/pip/_vendor/distro) by extension 'colcon_meta'
[-1781200949160513024.000s] Level 1:colcon.colcon_core.package_identification:_identify(depthai_env/lib/python3.14/site-packages/pip-26.1.1.dist-info/licenses/src/pip/_vendor/distro) by extensions ['ros']
[-1781200949160513024.000s] Level 1:colcon.colcon_core.package_identification:_identify(depthai_env/lib/python3.14/site-packages/pip-26.1.1.dist-info/licenses/src/pip/_vendor/distro) by extension 'ros'
[-1781200949160513024.000s] Level 1:colcon.colcon_core.package_identification:_identify(depthai_env/lib/python3.14/site-packages/pip-26.1.1.dist-info/licenses/src/pip/_vendor/distro) by extensions ['cmake', 'python']
[-1781200949160513024.000s] Level 1:colcon.colcon_core.package_identification:_identify(depthai_env/lib/python3.14/site-packages/pip-26.1.1.dist-info/licenses/src/pip/_vendor/distro) by extension 'cmake'
[-1781200949160513024.000s] Level 1:colcon.colcon_core.package_identification:_identify(depthai_env/lib/python3.14/site-packages/pip-26.1.1.dist-info/licenses/src/pip/_vendor/distro) by extension 'python'
[-1781200949160513024.000s] Level 1:colcon.colcon_core.package_identification:_identify(depthai_env/lib/python3.14/site-packages/pip-26.1.1.dist-info/licenses/src/pip/_vendor/idna) by extensions ['ignore', 'ignore_ament_install']
[-1781200949160513024.000s] Level 1:colcon.colcon_core.package_identification:_identify(depthai_env/lib/python3.14/site-packages/pip-26.1.1.dist-info/licenses/src/pip/_vendor/idna) by extension 'ignore'
[-1781200949160513024.000s] Level 1:colcon.colcon_core.package_identification:_identify(depthai_env/lib/python3.14/site-packages/pip-26.1.1.dist-info/licenses/src/pip/_vendor/idna) by extension 'ignore_ament_install'
[-1781200949160513024.000s] Level 1:colcon.colcon_core.package_identification:_identify(depthai_env/lib/python3.14/site-packages/pip-26.1.1.dist-info/licenses/src/pip/_vendor/idna) by extensions ['colcon_pkg']
[-1781200949160513024.000s] Level 1:colcon.colcon_core.package_identification:_identify(depthai_env/lib/python3.14/site-packages/pip-26.1.1.dist-info/licenses/src/pip/_vendor/idna) by extension 'colcon_pkg'
[-1781200949160513024.000s] Level 1:colcon.colcon_core.package_identification:_identify(depthai_env/lib/python3.14/site-packages/pip-26.1.1.dist-info/licenses/src/pip/_vendor/idna) by extensions ['colcon_meta']
[-1781200949160513024.000s] Level 1:colcon.colcon_core.package_identification:_identify(depthai_env/lib/python3.14/site-packages/pip-26.1.1.dist-info/licenses/src/pip/_vendor/idna) by extension 'colcon_meta'
[-1781200949160513024.000s] Level 1:colcon.colcon_core.package_identification:_identify(depthai_env/lib/python3.14/site-packages/pip-26.1.1.dist-info/licenses/src/pip/_vendor/idna) by extensions ['ros']
[-1781200949160513024.000s] Level 1:colcon.colcon_core.package_identification:_identify(depthai_env/lib/python3.14/site-packages/pip-26.1.1.dist-info/licenses/src/pip/_vendor/idna) by extension 'ros'
[-1781200949160513024.000s] Level 1:colcon.colcon_core.package_identification:_identify(depthai_env/lib/python3.14/site-packages/pip-26.1.1.dist-info/licenses/src/pip/_vendor/idna) by extensions ['cmake', 'python']
[-1781200949160513024.000s] Level 1:colcon.colcon_core.package_identification:_identify(depthai_env/lib/python3.14/site-packages/pip-26.1.1.dist-info/licenses/src/pip/_vendor/idna) by extension 'cmake'
[-1781200949160513024.000s] Level 1:colcon.colcon_core.package_identification:_identify(depthai_env/lib/python3.14/site-packages/pip-26.1.1.dist-info/licenses/src/pip/_vendor/idna) by extension 'python'
[-1781200949160513024.000s] Level 1:colcon.colcon_core.package_identification:_identify(depthai_env/lib/python3.14/site-packages/pip-26.1.1.dist-info/licenses/src/pip/_vendor/msgpack) by extensions ['ignore', 'ignore_ament_install']
[-1781200949160513024.000s] Level 1:colcon.colcon_core.package_identification:_identify(depthai_env/lib/python3.14/site-packages/pip-26.1.1.dist-info/licenses/src/pip/_vendor/msgpack) by extension 'ignore'
[-1781200949160513024.000s] Level 1:colcon.colcon_core.package_identification:_identify(depthai_env/lib/python3.14/site-packages/pip-26.1.1.dist-info/licenses/src/pip/_vendor/msgpack) by extension 'ignore_ament_install'
[-1781200949160513024.000s] Level 1:colcon.colcon_core.package_identification:_identify(depthai_env/lib/python3.14/site-packages/pip-26.1.1.dist-info/licenses/src/pip/_vendor/msgpack) by extensions ['colcon_pkg']
[-1781200949160513024.000s] Level 1:colcon.colcon_core.package_identification:_identify(depthai_env/lib/python3.14/site-packages/pip-26.1.1.dist-info/licenses/src/pip/_vendor/msgpack) by extension 'colcon_pkg'
[-1781200949160513024.000s] Level 1:colcon.colcon_core.package_identification:_identify(depthai_env/lib/python3.14/site-packages/pip-26.1.1.dist-info/licenses/src/pip/_vendor/msgpack) by extensions ['colcon_meta']
[-1781200949160513024.000s] Level 1:colcon.colcon_core.package_identification:_identify(depthai_env/lib/python3.14/site-packages/pip-26.1.1.dist-info/licenses/src/pip/_vendor/msgpack) by extension 'colcon_meta'
[-1781200949160513024.000s] Level 1:colcon.colcon_core.package_identification:_identify(depthai_env/lib/python3.14/site-packages/pip-26.1.1.dist-info/licenses/src/pip/_vendor/msgpack) by extensions ['ros']
[-1781200949160513024.000s] Level 1:colcon.colcon_core.package_identification:_identify(depthai_env/lib/python3.14/site-packages/pip-26.1.1.dist-info/licenses/src/pip/_vendor/msgpack) by extension 'ros'
[-1781200949160513024.000s] Level 1:colcon.colcon_core.package_identification:_identify(depthai_env/lib/python3.14/site-packages/pip-26.1.1.dist-info/licenses/src/pip/_vendor/msgpack) by extensions ['cmake', 'python']
[-1781200949160513024.000s] Level 1:colcon.colcon_core.package_identification:_identify(depthai_env/lib/python3.14/site-packages/pip-26.1.1.dist-info/licenses/src/pip/_vendor/msgpack) by extension 'cmake'
[-1781200949160513024.000s] Level 1:colcon.colcon_core.package_identification:_identify(depthai_env/lib/python3.14/site-packages/pip-26.1.1.dist-info/licenses/src/pip/_vendor/msgpack) by extension 'python'
[-1781200949160513024.000s] Level 1:colcon.colcon_core.package_identification:_identify(depthai_env/lib/python3.14/site-packages/pip-26.1.1.dist-info/licenses/src/pip/_vendor/packaging) by extensions ['ignore', 'ignore_ament_install']
[-1781200949160513024.000s] Level 1:colcon.colcon_core.package_identification:_identify(depthai_env/lib/python3.14/site-packages/pip-26.1.1.dist-info/licenses/src/pip/_vendor/packaging) by extension 'ignore'
[-1781200949160513024.000s] Level 1:colcon.colcon_core.package_identification:_identify(depthai_env/lib/python3.14/site-packages/pip-26.1.1.dist-info/licenses/src/pip/_vendor/packaging) by extension 'ignore_ament_install'
[-1781200949160513024.000s] Level 1:colcon.colcon_core.package_identification:_identify(depthai_env/lib/python3.14/site-packages/pip-26.1.1.dist-info/licenses/src/pip/_vendor/packaging) by extensions ['colcon_pkg']
[-1781200949160513024.000s] Level 1:colcon.colcon_core.package_identification:_identify(depthai_env/lib/python3.14/site-packages/pip-26.1.1.dist-info/licenses/src/pip/_vendor/packaging) by extension 'colcon_pkg'
[-1781200949160513024.000s] Level 1:colcon.colcon_core.package_identification:_identify(depthai_env/lib/python3.14/site-packages/pip-26.1.1.dist-info/licenses/src/pip/_vendor/packaging) by extensions ['colcon_meta']
[-1781200949160513024.000s] Level 1:colcon.colcon_core.package_identification:_identify(depthai_env/lib/python3.14/site-packages/pip-26.1.1.dist-info/licenses/src/pip/_vendor/packaging) by extension 'colcon_meta'
[-1781200949160513024.000s] Level 1:colcon.colcon_core.package_identification:_identify(depthai_env/lib/python3.14/site-packages/pip-26.1.1.dist-info/licenses/src/pip/_vendor/packaging) by extensions ['ros']
[-1781200949160513024.000s] Level 1:colcon.colcon_core.package_identification:_identify(depthai_env/lib/python3.14/site-packages/pip-26.1.1.dist-info/licenses/src/pip/_vendor/packaging) by extension 'ros'
[-1781200949160513024.000s] Level 1:colcon.colcon_core.package_identification:_identify(depthai_env/lib/python3.14/site-packages/pip-26.1.1.dist-info/licenses/src/pip/_vendor/packaging) by extensions ['cmake', 'python']
[-1781200949160513024.000s] Level 1:colcon.colcon_core.package_identification:_identify(depthai_env/lib/python3.14/site-packages/pip-26.1.1.dist-info/licenses/src/pip/_vendor/packaging) by extension 'cmake'
[-1781200949160513024.000s] Level 1:colcon.colcon_core.package_identification:_identify(depthai_env/lib/python3.14/site-packages/pip-26.1.1.dist-info/licenses/src/pip/_vendor/packaging) by extension 'python'
[-1781200949160513024.000s] Level 1:colcon.colcon_core.package_identification:_identify(depthai_env/lib/python3.14/site-packages/pip-26.1.1.dist-info/licenses/src/pip/_vendor/pkg_resources) by extensions ['ignore', 'ignore_ament_install']
[-1781200949160513024.000s] Level 1:colcon.colcon_core.package_identification:_identify(depthai_env/lib/python3.14/site-packages/pip-26.1.1.dist-info/licenses/src/pip/_vendor/pkg_resources) by extension 'ignore'
[-1781200949160513024.000s] Level 1:colcon.colcon_core.package_identification:_identify(depthai_env/lib/python3.14/site-packages/pip-26.1.1.dist-info/licenses/src/pip/_vendor/pkg_resources) by extension 'ignore_ament_install'
[-1781200949160513024.000s] Level 1:colcon.colcon_core.package_identification:_identify(depthai_env/lib/python3.14/site-packages/pip-26.1.1.dist-info/licenses/src/pip/_vendor/pkg_resources) by extensions ['colcon_pkg']
[-1781200949160513024.000s] Level 1:colcon.colcon_core.package_identification:_identify(depthai_env/lib/python3.14/site-packages/pip-26.1.1.dist-info/licenses/src/pip/_vendor/pkg_resources) by extension 'colcon_pkg'
[-1781200949160513024.000s] Level 1:colcon.colcon_core.package_identification:_identify(depthai_env/lib/python3.14/site-packages/pip-26.1.1.dist-info/licenses/src/pip/_vendor/pkg_resources) by extensions ['colcon_meta']
[-1781200949160513024.000s] Level 1:colcon.colcon_core.package_identification:_identify(depthai_env/lib/python3.14/site-packages/pip-26.1.1.dist-info/licenses/src/pip/_vendor/pkg_resources) by extension 'colcon_meta'
[-1781200949160513024.000s] Level 1:colcon.colcon_core.package_identification:_identify(depthai_env/lib/python3.14/site-packages/pip-26.1.1.dist-info/licenses/src/pip/_vendor/pkg_resources) by extensions ['ros']
[-1781200949160513024.000s] Level 1:colcon.colcon_core.package_identification:_identify(depthai_env/lib/python3.14/site-packages/pip-26.1.1.dist-info/licenses/src/pip/_vendor/pkg_resources) by extension 'ros'
[-1781200949160513024.000s] Level 1:colcon.colcon_core.package_identification:_identify(depthai_env/lib/python3.14/site-packages/pip-26.1.1.dist-info/licenses/src/pip/_vendor/pkg_resources) by extensions ['cmake', 'python']
[-1781200949160513024.000s] Level 1:colcon.colcon_core.package_identification:_identify(depthai_env/lib/python3.14/site-packages/pip-26.1.1.dist-info/licenses/src/pip/_vendor/pkg_resources) by extension 'cmake'
[-1781200949160513024.000s] Level 1:colcon.colcon_core.package_identification:_identify(depthai_env/lib/python3.14/site-packages/pip-26.1.1.dist-info/licenses/src/pip/_vendor/pkg_resources) by extension 'python'
[-1781200949160513024.000s] Level 1:colcon.colcon_core.package_identification:_identify(depthai_env/lib/python3.14/site-packages/pip-26.1.1.dist-info/licenses/src/pip/_vendor/platformdirs) by extensions ['ignore', 'ignore_ament_install']
[-1781200949160513024.000s] Level 1:colcon.colcon_core.package_identification:_identify(depthai_env/lib/python3.14/site-packages/pip-26.1.1.dist-info/licenses/src/pip/_vendor/platformdirs) by extension 'ignore'
[-1781200949160513024.000s] Level 1:colcon.colcon_core.package_identification:_identify(depthai_env/lib/python3.14/site-packages/pip-26.1.1.dist-info/licenses/src/pip/_vendor/platformdirs) by extension 'ignore_ament_install'
[-1781200949160513024.000s] Level 1:colcon.colcon_core.package_identification:_identify(depthai_env/lib/python3.14/site-packages/pip-26.1.1.dist-info/licenses/src/pip/_vendor/platformdirs) by extensions ['colcon_pkg']
[-1781200949160513024.000s] Level 1:colcon.colcon_core.package_identification:_identify(depthai_env/lib/python3.14/site-packages/pip-26.1.1.dist-info/licenses/src/pip/_vendor/platformdirs) by extension 'colcon_pkg'
[-1781200949160513024.000s] Level 1:colcon.colcon_core.package_identification:_identify(depthai_env/lib/python3.14/site-packages/pip-26.1.1.dist-info/licenses/src/pip/_vendor/platformdirs) by extensions ['colcon_meta']
[-1781200949160513024.000s] Level 1:colcon.colcon_core.package_identification:_identify(depthai_env/lib/python3.14/site-packages/pip-26.1.1.dist-info/licenses/src/pip/_vendor/platformdirs) by extension 'colcon_meta'
[-1781200949160513024.000s] Level 1:colcon.colcon_core.package_identification:_identify(depthai_env/lib/python3.14/site-packages/pip-26.1.1.dist-info/licenses/src/pip/_vendor/platformdirs) by extensions ['ros']
[-1781200949160513024.000s] Level 1:colcon.colcon_core.package_identification:_identify(depthai_env/lib/python3.14/site-packages/pip-26.1.1.dist-info/licenses/src/pip/_vendor/platformdirs) by extension 'ros'
[-1781200949160513024.000s] Level 1:colcon.colcon_core.package_identification:_identify(depthai_env/lib/python3.14/site-packages/pip-26.1.1.dist-info/licenses/src/pip/_vendor/platformdirs) by extensions ['cmake', 'python']
[-1781200949160513024.000s] Level 1:colcon.colcon_core.package_identification:_identify(depthai_env/lib/python3.14/site-packages/pip-26.1.1.dist-info/licenses/src/pip/_vendor/platformdirs) by extension 'cmake'
[-1781200949160513024.000s] Level 1:colcon.colcon_core.package_identification:_identify(depthai_env/lib/python3.14/site-packages/pip-26.1.1.dist-info/licenses/src/pip/_vendor/platformdirs) by extension 'python'
[-1781200949160513024.000s] Level 1:colcon.colcon_core.package_identification:_identify(depthai_env/lib/python3.14/site-packages/pip-26.1.1.dist-info/licenses/src/pip/_vendor/pygments) by extensions ['ignore', 'ignore_ament_install']
[-1781200949160513024.000s] Level 1:colcon.colcon_core.package_identification:_identify(depthai_env/lib/python3.14/site-packages/pip-26.1.1.dist-info/licenses/src/pip/_vendor/pygments) by extension 'ignore'
[-1781200949160513024.000s] Level 1:colcon.colcon_core.package_identification:_identify(depthai_env/lib/python3.14/site-packages/pip-26.1.1.dist-info/licenses/src/pip/_vendor/pygments) by extension 'ignore_ament_install'
[-1781200949160513024.000s] Level 1:colcon.colcon_core.package_identification:_identify(depthai_env/lib/python3.14/site-packages/pip-26.1.1.dist-info/licenses/src/pip/_vendor/pygments) by extensions ['colcon_pkg']
[-1781200949160513024.000s] Level 1:colcon.colcon_core.package_identification:_identify(depthai_env/lib/python3.14/site-packages/pip-26.1.1.dist-info/licenses/src/pip/_vendor/pygments) by extension 'colcon_pkg'
[-1781200949160513024.000s] Level 1:colcon.colcon_core.package_identification:_identify(depthai_env/lib/python3.14/site-packages/pip-26.1.1.dist-info/licenses/src/pip/_vendor/pygments) by extensions ['colcon_meta']
[-1781200949160513024.000s] Level 1:colcon.colcon_core.package_identification:_identify(depthai_env/lib/python3.14/site-packages/pip-26.1.1.dist-info/licenses/src/pip/_vendor/pygments) by extension 'colcon_meta'
[-1781200949160513024.000s] Level 1:colcon.colcon_core.package_identification:_identify(depthai_env/lib/python3.14/site-packages/pip-26.1.1.dist-info/licenses/src/pip/_vendor/pygments) by extensions ['ros']
[-1781200949160513024.000s] Level 1:colcon.colcon_core.package_identification:_identify(depthai_env/lib/python3.14/site-packages/pip-26.1.1.dist-info/licenses/src/pip/_vendor/pygments) by extension 'ros'
[-1781200949160513024.000s] Level 1:colcon.colcon_core.package_identification:_identify(depthai_env/lib/python3.14/site-packages/pip-26.1.1.dist-info/licenses/src/pip/_vendor/pygments) by extensions ['cmake', 'python']
[-1781200949160513024.000s] Level 1:colcon.colcon_core.package_identification:_identify(depthai_env/lib/python3.14/site-packages/pip-26.1.1.dist-info/licenses/src/pip/_vendor/pygments) by extension 'cmake'
[-1781200949160513024.000s] Level 1:colcon.colcon_core.package_identification:_identify(depthai_env/lib/python3.14/site-packages/pip-26.1.1.dist-info/licenses/src/pip/_vendor/pygments) by extension 'python'
[-1781200949160513024.000s] Level 1:colcon.colcon_core.package_identification:_identify(depthai_env/lib/python3.14/site-packages/pip-26.1.1.dist-info/licenses/src/pip/_vendor/pyproject_hooks) by extensions ['ignore', 'ignore_ament_install']
[-1781200949160513024.000s] Level 1:colcon.colcon_core.package_identification:_identify(depthai_env/lib/python3.14/site-packages/pip-26.1.1.dist-info/licenses/src/pip/_vendor/pyproject_hooks) by extension 'ignore'
[-1781200949160513024.000s] Level 1:colcon.colcon_core.package_identification:_identify(depthai_env/lib/python3.14/site-packages/pip-26.1.1.dist-info/licenses/src/pip/_vendor/pyproject_hooks) by extension 'ignore_ament_install'
[-1781200949160513024.000s] Level 1:colcon.colcon_core.package_identification:_identify(depthai_env/lib/python3.14/site-packages/pip-26.1.1.dist-info/licenses/src/pip/_vendor/pyproject_hooks) by extensions ['colcon_pkg']
[-1781200949160513024.000s] Level 1:colcon.colcon_core.package_identification:_identify(depthai_env/lib/python3.14/site-packages/pip-26.1.1.dist-info/licenses/src/pip/_vendor/pyproject_hooks) by extension 'colcon_pkg'
[-1781200949160513024.000s] Level 1:colcon.colcon_core.package_identification:_identify(depthai_env/lib/python3.14/site-packages/pip-26.1.1.dist-info/licenses/src/pip/_vendor/pyproject_hooks) by extensions ['colcon_meta']
[-1781200949160513024.000s] Level 1:colcon.colcon_core.package_identification:_identify(depthai_env/lib/python3.14/site-packages/pip-26.1.1.dist-info/licenses/src/pip/_vendor/pyproject_hooks) by extension 'colcon_meta'
[-1781200949160513024.000s] Level 1:colcon.colcon_core.package_identification:_identify(depthai_env/lib/python3.14/site-packages/pip-26.1.1.dist-info/licenses/src/pip/_vendor/pyproject_hooks) by extensions ['ros']
[-1781200949160513024.000s] Level 1:colcon.colcon_core.package_identification:_identify(depthai_env/lib/python3.14/site-packages/pip-26.1.1.dist-info/licenses/src/pip/_vendor/pyproject_hooks) by extension 'ros'
[-1781200949160513024.000s] Level 1:colcon.colcon_core.package_identification:_identify(depthai_env/lib/python3.14/site-packages/pip-26.1.1.dist-info/licenses/src/pip/_vendor/pyproject_hooks) by extensions ['cmake', 'python']
[-1781200949160513024.000s] Level 1:colcon.colcon_core.package_identification:_identify(depthai_env/lib/python3.14/site-packages/pip-26.1.1.dist-info/licenses/src/pip/_vendor/pyproject_hooks) by extension 'cmake'
[-1781200949160513024.000s] Level 1:colcon.colcon_core.package_identification:_identify(depthai_env/lib/python3.14/site-packages/pip-26.1.1.dist-info/licenses/src/pip/_vendor/pyproject_hooks) by extension 'python'
[-1781200949160513024.000s] Level 1:colcon.colcon_core.package_identification:_identify(depthai_env/lib/python3.14/site-packages/pip-26.1.1.dist-info/licenses/src/pip/_vendor/requests) by extensions ['ignore', 'ignore_ament_install']
[-1781200949160513024.000s] Level 1:colcon.colcon_core.package_identification:_identify(depthai_env/lib/python3.14/site-packages/pip-26.1.1.dist-info/licenses/src/pip/_vendor/requests) by extension 'ignore'
[-1781200949160513024.000s] Level 1:colcon.colcon_core.package_identification:_identify(depthai_env/lib/python3.14/site-packages/pip-26.1.1.dist-info/licenses/src/pip/_vendor/requests) by extension 'ignore_ament_install'
[-1781200949160513024.000s] Level 1:colcon.colcon_core.package_identification:_identify(depthai_env/lib/python3.14/site-packages/pip-26.1.1.dist-info/licenses/src/pip/_vendor/requests) by extensions ['colcon_pkg']
[-1781200949160513024.000s] Level 1:colcon.colcon_core.package_identification:_identify(depthai_env/lib/python3.14/site-packages/pip-26.1.1.dist-info/licenses/src/pip/_vendor/requests) by extension 'colcon_pkg'
[-1781200949160513024.000s] Level 1:colcon.colcon_core.package_identification:_identify(depthai_env/lib/python3.14/site-packages/pip-26.1.1.dist-info/licenses/src/pip/_vendor/requests) by extensions ['colcon_meta']
[-1781200949160513024.000s] Level 1:colcon.colcon_core.package_identification:_identify(depthai_env/lib/python3.14/site-packages/pip-26.1.1.dist-info/licenses/src/pip/_vendor/requests) by extension 'colcon_meta'
[-1781200949160513024.000s] Level 1:colcon.colcon_core.package_identification:_identify(depthai_env/lib/python3.14/site-packages/pip-26.1.1.dist-info/licenses/src/pip/_vendor/requests) by extensions ['ros']
[-1781200949160513024.000s] Level 1:colcon.colcon_core.package_identification:_identify(depthai_env/lib/python3.14/site-packages/pip-26.1.1.dist-info/licenses/src/pip/_vendor/requests) by extension 'ros'
[-1781200949160513024.000s] Level 1:colcon.colcon_core.package_identification:_identify(depthai_env/lib/python3.14/site-packages/pip-26.1.1.dist-info/licenses/src/pip/_vendor/requests) by extensions ['cmake', 'python']
[-1781200949160513024.000s] Level 1:colcon.colcon_core.package_identification:_identify(depthai_env/lib/python3.14/site-packages/pip-26.1.1.dist-info/licenses/src/pip/_vendor/requests) by extension 'cmake'
[-1781200949160513024.000s] Level 1:colcon.colcon_core.package_identification:_identify(depthai_env/lib/python3.14/site-packages/pip-26.1.1.dist-info/licenses/src/pip/_vendor/requests) by extension 'python'
[-1781200949160513024.000s] Level 1:colcon.colcon_core.package_identification:_identify(depthai_env/lib/python3.14/site-packages/pip-26.1.1.dist-info/licenses/src/pip/_vendor/resolvelib) by extensions ['ignore', 'ignore_ament_install']
[-1781200949160513024.000s] Level 1:colcon.colcon_core.package_identification:_identify(depthai_env/lib/python3.14/site-packages/pip-26.1.1.dist-info/licenses/src/pip/_vendor/resolvelib) by extension 'ignore'
[-1781200949160513024.000s] Level 1:colcon.colcon_core.package_identification:_identify(depthai_env/lib/python3.14/site-packages/pip-26.1.1.dist-info/licenses/src/pip/_vendor/resolvelib) by extension 'ignore_ament_install'
[-1781200949160513024.000s] Level 1:colcon.colcon_core.package_identification:_identify(depthai_env/lib/python3.14/site-packages/pip-26.1.1.dist-info/licenses/src/pip/_vendor/resolvelib) by extensions ['colcon_pkg']
[-1781200949160513024.000s] Level 1:colcon.colcon_core.package_identification:_identify(depthai_env/lib/python3.14/site-packages/pip-26.1.1.dist-info/licenses/src/pip/_vendor/resolvelib) by extension 'colcon_pkg'
[-1781200949160513024.000s] Level 1:colcon.colcon_core.package_identification:_identify(depthai_env/lib/python3.14/site-packages/pip-26.1.1.dist-info/licenses/src/pip/_vendor/resolvelib) by extensions ['colcon_meta']
[-1781200949160513024.000s] Level 1:colcon.colcon_core.package_identification:_identify(depthai_env/lib/python3.14/site-packages/pip-26.1.1.dist-info/licenses/src/pip/_vendor/resolvelib) by extension 'colcon_meta'
[-1781200949160513024.000s] Level 1:colcon.colcon_core.package_identification:_identify(depthai_env/lib/python3.14/site-packages/pip-26.1.1.dist-info/licenses/src/pip/_vendor/resolvelib) by extensions ['ros']
[-1781200949160513024.000s] Level 1:colcon.colcon_core.package_identification:_identify(depthai_env/lib/python3.14/site-packages/pip-26.1.1.dist-info/licenses/src/pip/_vendor/resolvelib) by extension 'ros'
[-1781200949160513024.000s] Level 1:colcon.colcon_core.package_identification:_identify(depthai_env/lib/python3.14/site-packages/pip-26.1.1.dist-info/licenses/src/pip/_vendor/resolvelib) by extensions ['cmake', 'python']
[-1781200949160513024.000s] Level 1:colcon.colcon_core.package_identification:_identify(depthai_env/lib/python3.14/site-packages/pip-26.1.1.dist-info/licenses/src/pip/_vendor/resolvelib) by extension 'cmake'
[-1781200949160513024.000s] Level 1:colcon.colcon_core.package_identification:_identify(depthai_env/lib/python3.14/site-packages/pip-26.1.1.dist-info/licenses/src/pip/_vendor/resolvelib) by extension 'python'
[-1781200949160513024.000s] Level 1:colcon.colcon_core.package_identification:_identify(depthai_env/lib/python3.14/site-packages/pip-26.1.1.dist-info/licenses/src/pip/_vendor/rich) by extensions ['ignore', 'ignore_ament_install']
[-1781200949160513024.000s] Level 1:colcon.colcon_core.package_identification:_identify(depthai_env/lib/python3.14/site-packages/pip-26.1.1.dist-info/licenses/src/pip/_vendor/rich) by extension 'ignore'
[-1781200949160513024.000s] Level 1:colcon.colcon_core.package_identification:_identify(depthai_env/lib/python3.14/site-packages/pip-26.1.1.dist-info/licenses/src/pip/_vendor/rich) by extension 'ignore_ament_install'
[-1781200949160513024.000s] Level 1:colcon.colcon_core.package_identification:_identify(depthai_env/lib/python3.14/site-packages/pip-26.1.1.dist-info/licenses/src/pip/_vendor/rich) by extensions ['colcon_pkg']
[-1781200949160513024.000s] Level 1:colcon.colcon_core.package_identification:_identify(depthai_env/lib/python3.14/site-packages/pip-26.1.1.dist-info/licenses/src/pip/_vendor/rich) by extension 'colcon_pkg'
[-1781200949160513024.000s] Level 1:colcon.colcon_core.package_identification:_identify(depthai_env/lib/python3.14/site-packages/pip-26.1.1.dist-info/licenses/src/pip/_vendor/rich) by extensions ['colcon_meta']
[-1781200949160513024.000s] Level 1:colcon.colcon_core.package_identification:_identify(depthai_env/lib/python3.14/site-packages/pip-26.1.1.dist-info/licenses/src/pip/_vendor/rich) by extension 'colcon_meta'
[-1781200949160513024.000s] Level 1:colcon.colcon_core.package_identification:_identify(depthai_env/lib/python3.14/site-packages/pip-26.1.1.dist-info/licenses/src/pip/_vendor/rich) by extensions ['ros']
[-1781200949160513024.000s] Level 1:colcon.colcon_core.package_identification:_identify(depthai_env/lib/python3.14/site-packages/pip-26.1.1.dist-info/licenses/src/pip/_vendor/rich) by extension 'ros'
[-1781200949160513024.000s] Level 1:colcon.colcon_core.package_identification:_identify(depthai_env/lib/python3.14/site-packages/pip-26.1.1.dist-info/licenses/src/pip/_vendor/rich) by extensions ['cmake', 'python']
[-1781200949160513024.000s] Level 1:colcon.colcon_core.package_identification:_identify(depthai_env/lib/python3.14/site-packages/pip-26.1.1.dist-info/licenses/src/pip/_vendor/rich) by extension 'cmake'
[-1781200949160513024.000s] Level 1:colcon.colcon_core.package_identification:_identify(depthai_env/lib/python3.14/site-packages/pip-26.1.1.dist-info/licenses/src/pip/_vendor/rich) by extension 'python'
[-1781200949160513024.000s] Level 1:colcon.colcon_core.package_identification:_identify(depthai_env/lib/python3.14/site-packages/pip-26.1.1.dist-info/licenses/src/pip/_vendor/tomli) by extensions ['ignore', 'ignore_ament_install']
[-1781200949160513024.000s] Level 1:colcon.colcon_core.package_identification:_identify(depthai_env/lib/python3.14/site-packages/pip-26.1.1.dist-info/licenses/src/pip/_vendor/tomli) by extension 'ignore'
[-1781200949160513024.000s] Level 1:colcon.colcon_core.package_identification:_identify(depthai_env/lib/python3.14/site-packages/pip-26.1.1.dist-info/licenses/src/pip/_vendor/tomli) by extension 'ignore_ament_install'
[-1781200949160513024.000s] Level 1:colcon.colcon_core.package_identification:_identify(depthai_env/lib/python3.14/site-packages/pip-26.1.1.dist-info/licenses/src/pip/_vendor/tomli) by extensions ['colcon_pkg']
[-1781200949160513024.000s] Level 1:colcon.colcon_core.package_identification:_identify(depthai_env/lib/python3.14/site-packages/pip-26.1.1.dist-info/licenses/src/pip/_vendor/tomli) by extension 'colcon_pkg'
[-1781200949160513024.000s] Level 1:colcon.colcon_core.package_identification:_identify(depthai_env/lib/python3.14/site-packages/pip-26.1.1.dist-info/licenses/src/pip/_vendor/tomli) by extensions ['colcon_meta']
[-1781200949160513024.000s] Level 1:colcon.colcon_core.package_identification:_identify(depthai_env/lib/python3.14/site-packages/pip-26.1.1.dist-info/licenses/src/pip/_vendor/tomli) by extension 'colcon_meta'
[-1781200949160513024.000s] Level 1:colcon.colcon_core.package_identification:_identify(depthai_env/lib/python3.14/site-packages/pip-26.1.1.dist-info/licenses/src/pip/_vendor/tomli) by extensions ['ros']
[-1781200949160513024.000s] Level 1:colcon.colcon_core.package_identification:_identify(depthai_env/lib/python3.14/site-packages/pip-26.1.1.dist-info/licenses/src/pip/_vendor/tomli) by extension 'ros'
[-1781200949160513024.000s] Level 1:colcon.colcon_core.package_identification:_identify(depthai_env/lib/python3.14/site-packages/pip-26.1.1.dist-info/licenses/src/pip/_vendor/tomli) by extensions ['cmake', 'python']
[-1781200949160513024.000s] Level 1:colcon.colcon_core.package_identification:_identify(depthai_env/lib/python3.14/site-packages/pip-26.1.1.dist-info/licenses/src/pip/_vendor/tomli) by extension 'cmake'
[-1781200949160513024.000s] Level 1:colcon.colcon_core.package_identification:_identify(depthai_env/lib/python3.14/site-packages/pip-26.1.1.dist-info/licenses/src/pip/_vendor/tomli) by extension 'python'
[-1781200949160513024.000s] Level 1:colcon.colcon_core.package_identification:_identify(depthai_env/lib/python3.14/site-packages/pip-26.1.1.dist-info/licenses/src/pip/_vendor/tomli_w) by extensions ['ignore', 'ignore_ament_install']
[-1781200949160513024.000s] Level 1:colcon.colcon_core.package_identification:_identify(depthai_env/lib/python3.14/site-packages/pip-26.1.1.dist-info/licenses/src/pip/_vendor/tomli_w) by extension 'ignore'
[-1781200949160513024.000s] Level 1:colcon.colcon_core.package_identification:_identify(depthai_env/lib/python3.14/site-packages/pip-26.1.1.dist-info/licenses/src/pip/_vendor/tomli_w) by extension 'ignore_ament_install'
[-1781200949160513024.000s] Level 1:colcon.colcon_core.package_identification:_identify(depthai_env/lib/python3.14/site-packages/pip-26.1.1.dist-info/licenses/src/pip/_vendor/tomli_w) by extensions ['colcon_pkg']
[-1781200949160513024.000s] Level 1:colcon.colcon_core.package_identification:_identify(depthai_env/lib/python3.14/site-packages/pip-26.1.1.dist-info/licenses/src/pip/_vendor/tomli_w) by extension 'colcon_pkg'
[-1781200949160513024.000s] Level 1:colcon.colcon_core.package_identification:_identify(depthai_env/lib/python3.14/site-packages/pip-26.1.1.dist-info/licenses/src/pip/_vendor/tomli_w) by extensions ['colcon_meta']
[-1781200949160513024.000s] Level 1:colcon.colcon_core.package_identification:_identify(depthai_env/lib/python3.14/site-packages/pip-26.1.1.dist-info/licenses/src/pip/_vendor/tomli_w) by extension 'colcon_meta'
[-1781200949160513024.000s] Level 1:colcon.colcon_core.package_identification:_identify(depthai_env/lib/python3.14/site-packages/pip-26.1.1.dist-info/licenses/src/pip/_vendor/tomli_w) by extensions ['ros']
[-1781200949160513024.000s] Level 1:colcon.colcon_core.package_identification:_identify(depthai_env/lib/python3.14/site-packages/pip-26.1.1.dist-info/licenses/src/pip/_vendor/tomli_w) by extension 'ros'
[-1781200949160513024.000s] Level 1:colcon.colcon_core.package_identification:_identify(depthai_env/lib/python3.14/site-packages/pip-26.1.1.dist-info/licenses/src/pip/_vendor/tomli_w) by extensions ['cmake', 'python']
[-1781200949160513024.000s] Level 1:colcon.colcon_core.package_identification:_identify(depthai_env/lib/python3.14/site-packages/pip-26.1.1.dist-info/licenses/src/pip/_vendor/tomli_w) by extension 'cmake'
[-1781200949160513024.000s] Level 1:colcon.colcon_core.package_identification:_identify(depthai_env/lib/python3.14/site-packages/pip-26.1.1.dist-info/licenses/src/pip/_vendor/tomli_w) by extension 'python'
[-1781200949160513024.000s] Level 1:colcon.colcon_core.package_identification:_identify(depthai_env/lib/python3.14/site-packages/pip-26.1.1.dist-info/licenses/src/pip/_vendor/truststore) by extensions ['ignore', 'ignore_ament_install']
[-1781200949160513024.000s] Level 1:colcon.colcon_core.package_identification:_identify(depthai_env/lib/python3.14/site-packages/pip-26.1.1.dist-info/licenses/src/pip/_vendor/truststore) by extension 'ignore'
[-1781200949160513024.000s] Level 1:colcon.colcon_core.package_identification:_identify(depthai_env/lib/python3.14/site-packages/pip-26.1.1.dist-info/licenses/src/pip/_vendor/truststore) by extension 'ignore_ament_install'
[-1781200949160513024.000s] Level 1:colcon.colcon_core.package_identification:_identify(depthai_env/lib/python3.14/site-packages/pip-26.1.1.dist-info/licenses/src/pip/_vendor/truststore) by extensions ['colcon_pkg']
[-1781200949160513024.000s] Level 1:colcon.colcon_core.package_identification:_identify(depthai_env/lib/python3.14/site-packages/pip-26.1.1.dist-info/licenses/src/pip/_vendor/truststore) by extension 'colcon_pkg'
[-1781200949160513024.000s] Level 1:colcon.colcon_core.package_identification:_identify(depthai_env/lib/python3.14/site-packages/pip-26.1.1.dist-info/licenses/src/pip/_vendor/truststore) by extensions ['colcon_meta']
[-1781200949160513024.000s] Level 1:colcon.colcon_core.package_identification:_identify(depthai_env/lib/python3.14/site-packages/pip-26.1.1.dist-info/licenses/src/pip/_vendor/truststore) by extension 'colcon_meta'
[-1781200949160513024.000s] Level 1:colcon.colcon_core.package_identification:_identify(depthai_env/lib/python3.14/site-packages/pip-26.1.1.dist-info/licenses/src/pip/_vendor/truststore) by extensions ['ros']
[-1781200949160513024.000s] Level 1:colcon.colcon_core.package_identification:_identify(depthai_env/lib/python3.14/site-packages/pip-26.1.1.dist-info/licenses/src/pip/_vendor/truststore) by extension 'ros'
[-1781200949160513024.000s] Level 1:colcon.colcon_core.package_identification:_identify(depthai_env/lib/python3.14/site-packages/pip-26.1.1.dist-info/licenses/src/pip/_vendor/truststore) by extensions ['cmake', 'python']
[-1781200949160513024.000s] Level 1:colcon.colcon_core.package_identification:_identify(depthai_env/lib/python3.14/site-packages/pip-26.1.1.dist-info/licenses/src/pip/_vendor/truststore) by extension 'cmake'
[-1781200949160513024.000s] Level 1:colcon.colcon_core.package_identification:_identify(depthai_env/lib/python3.14/site-packages/pip-26.1.1.dist-info/licenses/src/pip/_vendor/truststore) by extension 'python'
[-1781200949160513024.000s] Level 1:colcon.colcon_core.package_identification:_identify(depthai_env/lib/python3.14/site-packages/pip-26.1.1.dist-info/licenses/src/pip/_vendor/urllib3) by extensions ['ignore', 'ignore_ament_install']
[-1781200949160513024.000s] Level 1:colcon.colcon_core.package_identification:_identify(depthai_env/lib/python3.14/site-packages/pip-26.1.1.dist-info/licenses/src/pip/_vendor/urllib3) by extension 'ignore'
[-1781200949160513024.000s] Level 1:colcon.colcon_core.package_identification:_identify(depthai_env/lib/python3.14/site-packages/pip-26.1.1.dist-info/licenses/src/pip/_vendor/urllib3) by extension 'ignore_ament_install'
[-1781200949160513024.000s] Level 1:colcon.colcon_core.package_identification:_identify(depthai_env/lib/python3.14/site-packages/pip-26.1.1.dist-info/licenses/src/pip/_vendor/urllib3) by extensions ['colcon_pkg']
[-1781200949160513024.000s] Level 1:colcon.colcon_core.package_identification:_identify(depthai_env/lib/python3.14/site-packages/pip-26.1.1.dist-info/licenses/src/pip/_vendor/urllib3) by extension 'colcon_pkg'
[-1781200949160513024.000s] Level 1:colcon.colcon_core.package_identification:_identify(depthai_env/lib/python3.14/site-packages/pip-26.1.1.dist-info/licenses/src/pip/_vendor/urllib3) by extensions ['colcon_meta']
[-1781200949160513024.000s] Level 1:colcon.colcon_core.package_identification:_identify(depthai_env/lib/python3.14/site-packages/pip-26.1.1.dist-info/licenses/src/pip/_vendor/urllib3) by extension 'colcon_meta'
[-1781200949160513024.000s] Level 1:colcon.colcon_core.package_identification:_identify(depthai_env/lib/python3.14/site-packages/pip-26.1.1.dist-info/licenses/src/pip/_vendor/urllib3) by extensions ['ros']
[-1781200949160513024.000s] Level 1:colcon.colcon_core.package_identification:_identify(depthai_env/lib/python3.14/site-packages/pip-26.1.1.dist-info/licenses/src/pip/_vendor/urllib3) by extension 'ros'
[-1781200949160513024.000s] Level 1:colcon.colcon_core.package_identification:_identify(depthai_env/lib/python3.14/site-packages/pip-26.1.1.dist-info/licenses/src/pip/_vendor/urllib3) by extensions ['cmake', 'python']
[-1781200949160513024.000s] Level 1:colcon.colcon_core.package_identification:_identify(depthai_env/lib/python3.14/site-packages/pip-26.1.1.dist-info/licenses/src/pip/_vendor/urllib3) by extension 'cmake'
[-1781200949160513024.000s] Level 1:colcon.colcon_core.package_identification:_identify(depthai_env/lib/python3.14/site-packages/pip-26.1.1.dist-info/licenses/src/pip/_vendor/urllib3) by extension 'python'
[-1781200949160513024.000s] Level 1:colcon.colcon_core.package_identification:_identify(docker) by extensions ['ignore', 'ignore_ament_install']
[-1781200949160513024.000s] Level 1:colcon.colcon_core.package_identification:_identify(docker) by extension 'ignore'
[-1781200949160513024.000s] Level 1:colcon.colcon_core.package_identification:_identify(docker) by extension 'ignore_ament_install'
[-1781200949160513024.000s] Level 1:colcon.colcon_core.package_identification:_identify(docker) by extensions ['colcon_pkg']
[-1781200949160513024.000s] Level 1:colcon.colcon_core.package_identification:_identify(docker) by extension 'colcon_pkg'
[-1781200949160513024.000s] Level 1:colcon.colcon_core.package_identification:_identify(docker) by extensions ['colcon_meta']
[-1781200949160513024.000s] Level 1:colcon.colcon_core.package_identification:_identify(docker) by extension 'colcon_meta'
[-1781200949160513024.000s] Level 1:colcon.colcon_core.package_identification:_identify(docker) by extensions ['ros']
[-1781200949160513024.000s] Level 1:colcon.colcon_core.package_identification:_identify(docker) by extension 'ros'
[-1781200949160513024.000s] Level 1:colcon.colcon_core.package_identification:_identify(docker) by extensions ['cmake', 'python']
[-1781200949160513024.000s] Level 1:colcon.colcon_core.package_identification:_identify(docker) by extension 'cmake'
[-1781200949160513024.000s] Level 1:colcon.colcon_core.package_identification:_identify(docker) by extension 'python'
[-1781200949160513024.000s] Level 1:colcon.colcon_core.package_identification:_identify(docker/rtabmap) by extensions ['ignore', 'ignore_ament_install']
[-1781200949160513024.000s] Level 1:colcon.colcon_core.package_identification:_identify(docker/rtabmap) by extension 'ignore'
[-1781200949160513024.000s] Level 1:colcon.colcon_core.package_identification:_identify(docker/rtabmap) by extension 'ignore_ament_install'
[-1781200949160513024.000s] Level 1:colcon.colcon_core.package_identification:_identify(docker/rtabmap) by extensions ['colcon_pkg']
[-1781200949160513024.000s] Level 1:colcon.colcon_core.package_identification:_identify(docker/rtabmap) by extension 'colcon_pkg'
[-1781200949160513024.000s] Level 1:colcon.colcon_core.package_identification:_identify(docker/rtabmap) by extensions ['colcon_meta']
[-1781200949160513024.000s] Level 1:colcon.colcon_core.package_identification:_identify(docker/rtabmap) by extension 'colcon_meta'
[-1781200949160513024.000s] Level 1:colcon.colcon_core.package_identification:_identify(docker/rtabmap) by extensions ['ros']
[-1781200949160513024.000s] Level 1:colcon.colcon_core.package_identification:_identify(docker/rtabmap) by extension 'ros'
[-1781200949160513024.000s] Level 1:colcon.colcon_core.package_identification:_identify(docker/rtabmap) by extensions ['cmake', 'python']
[-1781200949160513024.000s] Level 1:colcon.colcon_core.package_identification:_identify(docker/rtabmap) by extension 'cmake'
[-1781200949160513024.000s] Level 1:colcon.colcon_core.package_identification:_identify(docker/rtabmap) by extension 'python'
[-1781200949160513024.000s] Level 1:colcon.colcon_core.package_identification:_identify(install) by extensions ['ignore', 'ignore_ament_install']
[-1781200949160513024.000s] Level 1:colcon.colcon_core.package_identification:_identify(install) by extension 'ignore'
[-1781200949160513024.000s] Level 1:colcon.colcon_core.package_identification:_identify(install) ignored
[-1781200949160513024.000s] Level 1:colcon.colcon_core.package_identification:_identify(log) by extensions ['ignore', 'ignore_ament_install']
[-1781200949160513024.000s] Level 1:colcon.colcon_core.package_identification:_identify(log) by extension 'ignore'
[-1781200949160513024.000s] Level 1:colcon.colcon_core.package_identification:_identify(log) ignored
[-1781200949160513024.000s] Level 1:colcon.colcon_core.package_identification:_identify(ros2_ws) by extensions ['ignore', 'ignore_ament_install']
[-1781200949160513024.000s] Level 1:colcon.colcon_core.package_identification:_identify(ros2_ws) by extension 'ignore'
[-1781200949160513024.000s] Level 1:colcon.colcon_core.package_identification:_identify(ros2_ws) by extension 'ignore_ament_install'
[-1781200949160513024.000s] Level 1:colcon.colcon_core.package_identification:_identify(ros2_ws) by extensions ['colcon_pkg']
[-1781200949160513024.000s] Level 1:colcon.colcon_core.package_identification:_identify(ros2_ws) by extension 'colcon_pkg'
[-1781200949160513024.000s] Level 1:colcon.colcon_core.package_identification:_identify(ros2_ws) by extensions ['colcon_meta']
[-1781200949160513024.000s] Level 1:colcon.colcon_core.package_identification:_identify(ros2_ws) by extension 'colcon_meta'
[-1781200949160513024.000s] Level 1:colcon.colcon_core.package_identification:_identify(ros2_ws) by extensions ['ros']
[-1781200949160513024.000s] Level 1:colcon.colcon_core.package_identification:_identify(ros2_ws) by extension 'ros'
[-1781200949160513024.000s] Level 1:colcon.colcon_core.package_identification:_identify(ros2_ws) by extensions ['cmake', 'python']
[-1781200949160513024.000s] Level 1:colcon.colcon_core.package_identification:_identify(ros2_ws) by extension 'cmake'
[-1781200949160513024.000s] Level 1:colcon.colcon_core.package_identification:_identify(ros2_ws) by extension 'python'
[-1781200949160513024.000s] Level 1:colcon.colcon_core.package_identification:_identify(ros2_ws/build) by extensions ['ignore', 'ignore_ament_install']
[-1781200949160513024.000s] Level 1:colcon.colcon_core.package_identification:_identify(ros2_ws/build) by extension 'ignore'
[-1781200949160513024.000s] Level 1:colcon.colcon_core.package_identification:_identify(ros2_ws/build) ignored
[-1781200949160513024.000s] Level 1:colcon.colcon_core.package_identification:_identify(ros2_ws/file_dump) by extensions ['ignore', 'ignore_ament_install']
[-1781200949160513024.000s] Level 1:colcon.colcon_core.package_identification:_identify(ros2_ws/file_dump) by extension 'ignore'
[-1781200949160513024.000s] Level 1:colcon.colcon_core.package_identification:_identify(ros2_ws/file_dump) by extension 'ignore_ament_install'
[-1781200949160513024.000s] Level 1:colcon.colcon_core.package_identification:_identify(ros2_ws/file_dump) by extensions ['colcon_pkg']
[-1781200949160513024.000s] Level 1:colcon.colcon_core.package_identification:_identify(ros2_ws/file_dump) by extension 'colcon_pkg'
[-1781200949160513024.000s] Level 1:colcon.colcon_core.package_identification:_identify(ros2_ws/file_dump) by extensions ['colcon_meta']
[-1781200949160513024.000s] Level 1:colcon.colcon_core.package_identification:_identify(ros2_ws/file_dump) by extension 'colcon_meta'
[-1781200949160513024.000s] Level 1:colcon.colcon_core.package_identification:_identify(ros2_ws/file_dump) by extensions ['ros']
[-1781200949160513024.000s] Level 1:colcon.colcon_core.package_identification:_identify(ros2_ws/file_dump) by extension 'ros'
[-1781200949160513024.000s] Level 1:colcon.colcon_core.package_identification:_identify(ros2_ws/file_dump) by extensions ['cmake', 'python']
[-1781200949160513024.000s] Level 1:colcon.colcon_core.package_identification:_identify(ros2_ws/file_dump) by extension 'cmake'
[-1781200949160513024.000s] Level 1:colcon.colcon_core.package_identification:_identify(ros2_ws/file_dump) by extension 'python'
[-1781200949160513024.000s] Level 1:colcon.colcon_core.package_identification:_identify(ros2_ws/frames_view) by extensions ['ignore', 'ignore_ament_install']
[-1781200949160513024.000s] Level 1:colcon.colcon_core.package_identification:_identify(ros2_ws/frames_view) by extension 'ignore'
[-1781200949160513024.000s] Level 1:colcon.colcon_core.package_identification:_identify(ros2_ws/frames_view) by extension 'ignore_ament_install'
[-1781200949160513024.000s] Level 1:colcon.colcon_core.package_identification:_identify(ros2_ws/frames_view) by extensions ['colcon_pkg']
[-1781200949160513024.000s] Level 1:colcon.colcon_core.package_identification:_identify(ros2_ws/frames_view) by extension 'colcon_pkg'
[-1781200949160513024.000s] Level 1:colcon.colcon_core.package_identification:_identify(ros2_ws/frames_view) by extensions ['colcon_meta']
[-1781200949160513024.000s] Level 1:colcon.colcon_core.package_identification:_identify(ros2_ws/frames_view) by extension 'colcon_meta'
[-1781200949160513024.000s] Level 1:colcon.colcon_core.package_identification:_identify(ros2_ws/frames_view) by extensions ['ros']
[-1781200949160513024.000s] Level 1:colcon.colcon_core.package_identification:_identify(ros2_ws/frames_view) by extension 'ros'
[-1781200949160513024.000s] Level 1:colcon.colcon_core.package_identification:_identify(ros2_ws/frames_view) by extensions ['cmake', 'python']
[-1781200949160513024.000s] Level 1:colcon.colcon_core.package_identification:_identify(ros2_ws/frames_view) by extension 'cmake'
[-1781200949160513024.000s] Level 1:colcon.colcon_core.package_identification:_identify(ros2_ws/frames_view) by extension 'python'
[-1781200949160513024.000s] Level 1:colcon.colcon_core.package_identification:_identify(ros2_ws/industrial_reconstruction) by extensions ['ignore', 'ignore_ament_install']
[-1781200949160513024.000s] Level 1:colcon.colcon_core.package_identification:_identify(ros2_ws/industrial_reconstruction) by extension 'ignore'
[-1781200949160513024.000s] Level 1:colcon.colcon_core.package_identification:_identify(ros2_ws/industrial_reconstruction) by extension 'ignore_ament_install'
[-1781200949160513024.000s] Level 1:colcon.colcon_core.package_identification:_identify(ros2_ws/industrial_reconstruction) by extensions ['colcon_pkg']
[-1781200949160513024.000s] Level 1:colcon.colcon_core.package_identification:_identify(ros2_ws/industrial_reconstruction) by extension 'colcon_pkg'
[-1781200949160513024.000s] Level 1:colcon.colcon_core.package_identification:_identify(ros2_ws/industrial_reconstruction) by extensions ['colcon_meta']
[-1781200949160513024.000s] Level 1:colcon.colcon_core.package_identification:_identify(ros2_ws/industrial_reconstruction) by extension 'colcon_meta'
[-1781200949160513024.000s] Level 1:colcon.colcon_core.package_identification:_identify(ros2_ws/industrial_reconstruction) by extensions ['ros']
[-1781200949160513024.000s] Level 1:colcon.colcon_core.package_identification:_identify(ros2_ws/industrial_reconstruction) by extension 'ros'
[-1781200949160513024.000s] Level 1:colcon.colcon_core.package_identification:_identify(ros2_ws/industrial_reconstruction) by extensions ['cmake', 'python']
[-1781200949160513024.000s] Level 1:colcon.colcon_core.package_identification:_identify(ros2_ws/industrial_reconstruction) by extension 'cmake'
[-1781200949160513024.000s] Level 1:colcon.colcon_core.package_identification:_identify(ros2_ws/industrial_reconstruction) by extension 'python'
[-1781200949160513024.000s] Level 1:colcon.colcon_core.package_identification:_identify(ros2_ws/install) by extensions ['ignore', 'ignore_ament_install']
[-1781200949160513024.000s] Level 1:colcon.colcon_core.package_identification:_identify(ros2_ws/install) by extension 'ignore'
[-1781200949160513024.000s] Level 1:colcon.colcon_core.package_identification:_identify(ros2_ws/install) ignored
[-1781200949160513024.000s] Level 1:colcon.colcon_core.package_identification:_identify(ros2_ws/log) by extensions ['ignore', 'ignore_ament_install']
[-1781200949160513024.000s] Level 1:colcon.colcon_core.package_identification:_identify(ros2_ws/log) by extension 'ignore'
[-1781200949160513024.000s] Level 1:colcon.colcon_core.package_identification:_identify(ros2_ws/log) ignored
[-1781200949160513024.000s] Level 1:colcon.colcon_core.package_identification:_identify(ros2_ws/meshes) by extensions ['ignore', 'ignore_ament_install']
[-1781200949160513024.000s] Level 1:colcon.colcon_core.package_identification:_identify(ros2_ws/meshes) by extension 'ignore'
[-1781200949160513024.000s] Level 1:colcon.colcon_core.package_identification:_identify(ros2_ws/meshes) by extension 'ignore_ament_install'
[-1781200949160513024.000s] Level 1:colcon.colcon_core.package_identification:_identify(ros2_ws/meshes) by extensions ['colcon_pkg']
[-1781200949160513024.000s] Level 1:colcon.colcon_core.package_identification:_identify(ros2_ws/meshes) by extension 'colcon_pkg'
[-1781200949160513024.000s] Level 1:colcon.colcon_core.package_identification:_identify(ros2_ws/meshes) by extensions ['colcon_meta']
[-1781200949160513024.000s] Level 1:colcon.colcon_core.package_identification:_identify(ros2_ws/meshes) by extension 'colcon_meta'
[-1781200949160513024.000s] Level 1:colcon.colcon_core.package_identification:_identify(ros2_ws/meshes) by extensions ['ros']
[-1781200949160513024.000s] Level 1:colcon.colcon_core.package_identification:_identify(ros2_ws/meshes) by extension 'ros'
[-1781200949160513024.000s] Level 1:colcon.colcon_core.package_identification:_identify(ros2_ws/meshes) by extensions ['cmake', 'python']
[-1781200949160513024.000s] Level 1:colcon.colcon_core.package_identification:_identify(ros2_ws/meshes) by extension 'cmake'
[-1781200949160513024.000s] Level 1:colcon.colcon_core.package_identification:_identify(ros2_ws/meshes) by extension 'python'
[-1781200949160513024.000s] Level 1:colcon.colcon_core.package_identification:_identify(ros2_ws/point_clouds) by extensions ['ignore', 'ignore_ament_install']
[-1781200949160513024.000s] Level 1:colcon.colcon_core.package_identification:_identify(ros2_ws/point_clouds) by extension 'ignore'
[-1781200949160513024.000s] Level 1:colcon.colcon_core.package_identification:_identify(ros2_ws/point_clouds) by extension 'ignore_ament_install'
[-1781200949160513024.000s] Level 1:colcon.colcon_core.package_identification:_identify(ros2_ws/point_clouds) by extensions ['colcon_pkg']
[-1781200949160513024.000s] Level 1:colcon.colcon_core.package_identification:_identify(ros2_ws/point_clouds) by extension 'colcon_pkg'
[-1781200949160513024.000s] Level 1:colcon.colcon_core.package_identification:_identify(ros2_ws/point_clouds) by extensions ['colcon_meta']
[-1781200949160513024.000s] Level 1:colcon.colcon_core.package_identification:_identify(ros2_ws/point_clouds) by extension 'colcon_meta'
[-1781200949160513024.000s] Level 1:colcon.colcon_core.package_identification:_identify(ros2_ws/point_clouds) by extensions ['ros']
[-1781200949160513024.000s] Level 1:colcon.colcon_core.package_identification:_identify(ros2_ws/point_clouds) by extension 'ros'
[-1781200949160513024.000s] Level 1:colcon.colcon_core.package_identification:_identify(ros2_ws/point_clouds) by extensions ['cmake', 'python']
[-1781200949160513024.000s] Level 1:colcon.colcon_core.package_identification:_identify(ros2_ws/point_clouds) by extension 'cmake'
[-1781200949160513024.000s] Level 1:colcon.colcon_core.package_identification:_identify(ros2_ws/point_clouds) by extension 'python'
[-1781200949160513024.000s] Level 1:colcon.colcon_core.package_identification:_identify(ros2_ws/src) by extensions ['ignore', 'ignore_ament_install']
[-1781200949160513024.000s] Level 1:colcon.colcon_core.package_identification:_identify(ros2_ws/src) by extension 'ignore'
[-1781200949160513024.000s] Level 1:colcon.colcon_core.package_identification:_identify(ros2_ws/src) by extension 'ignore_ament_install'
[-1781200949160513024.000s] Level 1:colcon.colcon_core.package_identification:_identify(ros2_ws/src) by extensions ['colcon_pkg']
[-1781200949160513024.000s] Level 1:colcon.colcon_core.package_identification:_identify(ros2_ws/src) by extension 'colcon_pkg'
[-1781200949160513024.000s] Level 1:colcon.colcon_core.package_identification:_identify(ros2_ws/src) by extensions ['colcon_meta']
[-1781200949160513024.000s] Level 1:colcon.colcon_core.package_identification:_identify(ros2_ws/src) by extension 'colcon_meta'
[-1781200949160513024.000s] Level 1:colcon.colcon_core.package_identification:_identify(ros2_ws/src) by extensions ['ros']
[-1781200949160513024.000s] Level 1:colcon.colcon_core.package_identification:_identify(ros2_ws/src) by extension 'ros'
[-1781200949160513024.000s] Level 1:colcon.colcon_core.package_identification:_identify(ros2_ws/src) by extensions ['cmake', 'python']
[-1781200949160513024.000s] Level 1:colcon.colcon_core.package_identification:_identify(ros2_ws/src) by extension 'cmake'
[-1781200949160513024.000s] Level 1:colcon.colcon_core.package_identification:_identify(ros2_ws/src) by extension 'python'
[-1781200949160513024.000s] Level 1:colcon.colcon_core.package_identification:_identify(ros2_ws/src/industrial_reconstruction) by extensions ['ignore', 'ignore_ament_install']
[-1781200949160513024.000s] Level 1:colcon.colcon_core.package_identification:_identify(ros2_ws/src/industrial_reconstruction) by extension 'ignore'
[-1781200949160513024.000s] Level 1:colcon.colcon_core.package_identification:_identify(ros2_ws/src/industrial_reconstruction) by extension 'ignore_ament_install'
[-1781200949160513024.000s] Level 1:colcon.colcon_core.package_identification:_identify(ros2_ws/src/industrial_reconstruction) by extensions ['colcon_pkg']
[-1781200949160513024.000s] Level 1:colcon.colcon_core.package_identification:_identify(ros2_ws/src/industrial_reconstruction) by extension 'colcon_pkg'
[-1781200949160513024.000s] Level 1:colcon.colcon_core.package_identification:_identify(ros2_ws/src/industrial_reconstruction) by extensions ['colcon_meta']
[-1781200949160513024.000s] Level 1:colcon.colcon_core.package_identification:_identify(ros2_ws/src/industrial_reconstruction) by extension 'colcon_meta'
[-1781200949160513024.000s] Level 1:colcon.colcon_core.package_identification:_identify(ros2_ws/src/industrial_reconstruction) by extensions ['ros']
[-1781200949160513024.000s] Level 1:colcon.colcon_core.package_identification:_identify(ros2_ws/src/industrial_reconstruction) by extension 'ros'
[-1781200949160513024.000s] Level 1:colcon.colcon_core.package_identification:_identify(ros2_ws/src/industrial_reconstruction) by extensions ['cmake', 'python']
[-1781200949160513024.000s] Level 1:colcon.colcon_core.package_identification:_identify(ros2_ws/src/industrial_reconstruction) by extension 'cmake'
[-1781200949160513024.000s] Level 1:colcon.colcon_core.package_identification:_identify(ros2_ws/src/industrial_reconstruction) by extension 'python'
[-1781200949160513024.000s] Level 1:colcon.colcon_core.package_identification:_identify(ros2_ws/src/industrial_reconstruction/industrial_reconstruction) by extensions ['ignore', 'ignore_ament_install']
[-1781200949160513024.000s] Level 1:colcon.colcon_core.package_identification:_identify(ros2_ws/src/industrial_reconstruction/industrial_reconstruction) by extension 'ignore'
[-1781200949160513024.000s] Level 1:colcon.colcon_core.package_identification:_identify(ros2_ws/src/industrial_reconstruction/industrial_reconstruction) by extension 'ignore_ament_install'
[-1781200949160513024.000s] Level 1:colcon.colcon_core.package_identification:_identify(ros2_ws/src/industrial_reconstruction/industrial_reconstruction) by extensions ['colcon_pkg']
[-1781200949160513024.000s] Level 1:colcon.colcon_core.package_identification:_identify(ros2_ws/src/industrial_reconstruction/industrial_reconstruction) by extension 'colcon_pkg'
[-1781200949160513024.000s] Level 1:colcon.colcon_core.package_identification:_identify(ros2_ws/src/industrial_reconstruction/industrial_reconstruction) by extensions ['colcon_meta']
[-1781200949160513024.000s] Level 1:colcon.colcon_core.package_identification:_identify(ros2_ws/src/industrial_reconstruction/industrial_reconstruction) by extension 'colcon_meta'
[-1781200949160513024.000s] Level 1:colcon.colcon_core.package_identification:_identify(ros2_ws/src/industrial_reconstruction/industrial_reconstruction) by extensions ['ros']
[-1781200949160513024.000s] Level 1:colcon.colcon_core.package_identification:_identify(ros2_ws/src/industrial_reconstruction/industrial_reconstruction) by extension 'ros'
[-1781200949160513024.000s] DEBUG:colcon.colcon_core.package_identification:Package 'ros2_ws/src/industrial_reconstruction/industrial_reconstruction' with type 'ros.ament_python' and name 'industrial_reconstruction'
[-1781200949160513024.000s] Level 1:colcon.colcon_core.package_identification:_identify(ros2_ws/src/industrial_reconstruction/industrial_reconstruction_msgs) by extensions ['ignore', 'ignore_ament_install']
[-1781200949160513024.000s] Level 1:colcon.colcon_core.package_identification:_identify(ros2_ws/src/industrial_reconstruction/industrial_reconstruction_msgs) by extension 'ignore'
[-1781200949160513024.000s] Level 1:colcon.colcon_core.package_identification:_identify(ros2_ws/src/industrial_reconstruction/industrial_reconstruction_msgs) by extension 'ignore_ament_install'
[-1781200949160513024.000s] Level 1:colcon.colcon_core.package_identification:_identify(ros2_ws/src/industrial_reconstruction/industrial_reconstruction_msgs) by extensions ['colcon_pkg']
[-1781200949160513024.000s] Level 1:colcon.colcon_core.package_identification:_identify(ros2_ws/src/industrial_reconstruction/industrial_reconstruction_msgs) by extension 'colcon_pkg'
[-1781200949160513024.000s] Level 1:colcon.colcon_core.package_identification:_identify(ros2_ws/src/industrial_reconstruction/industrial_reconstruction_msgs) by extensions ['colcon_meta']
[-1781200949160513024.000s] Level 1:colcon.colcon_core.package_identification:_identify(ros2_ws/src/industrial_reconstruction/industrial_reconstruction_msgs) by extension 'colcon_meta'
[-1781200949160513024.000s] Level 1:colcon.colcon_core.package_identification:_identify(ros2_ws/src/industrial_reconstruction/industrial_reconstruction_msgs) by extensions ['ros']
[-1781200949160513024.000s] Level 1:colcon.colcon_core.package_identification:_identify(ros2_ws/src/industrial_reconstruction/industrial_reconstruction_msgs) by extension 'ros'
[-1781200949160513024.000s] DEBUG:colcon.colcon_core.package_identification:Package 'ros2_ws/src/industrial_reconstruction/industrial_reconstruction_msgs' with type 'ros.ament_cmake' and name 'industrial_reconstruction_msgs'
[-1781200949160513024.000s] Level 1:colcon.colcon_core.package_identification:_identify(ros2_ws/src/industrial_reconstruction_config) by extensions ['ignore', 'ignore_ament_install']
[-1781200949160513024.000s] Level 1:colcon.colcon_core.package_identification:_identify(ros2_ws/src/industrial_reconstruction_config) by extension 'ignore'
[-1781200949160513024.000s] Level 1:colcon.colcon_core.package_identification:_identify(ros2_ws/src/industrial_reconstruction_config) by extension 'ignore_ament_install'
[-1781200949160513024.000s] Level 1:colcon.colcon_core.package_identification:_identify(ros2_ws/src/industrial_reconstruction_config) by extensions ['colcon_pkg']
[-1781200949160513024.000s] Level 1:colcon.colcon_core.package_identification:_identify(ros2_ws/src/industrial_reconstruction_config) by extension 'colcon_pkg'
[-1781200949160513024.000s] Level 1:colcon.colcon_core.package_identification:_identify(ros2_ws/src/industrial_reconstruction_config) by extensions ['colcon_meta']
[-1781200949160513024.000s] Level 1:colcon.colcon_core.package_identification:_identify(ros2_ws/src/industrial_reconstruction_config) by extension 'colcon_meta'
[-1781200949160513024.000s] Level 1:colcon.colcon_core.package_identification:_identify(ros2_ws/src/industrial_reconstruction_config) by extensions ['ros']
[-1781200949160513024.000s] Level 1:colcon.colcon_core.package_identification:_identify(ros2_ws/src/industrial_reconstruction_config) by extension 'ros'
[-1781200949160513024.000s] DEBUG:colcon.colcon_core.package_identification:Package 'ros2_ws/src/industrial_reconstruction_config' with type 'ros.ament_python' and name 'industrial_reconstruction_config'
[-1781200949160513024.000s] Level 1:colcon.colcon_core.package_identification:_identify(ros2_ws/src/rtabmap_config) by extensions ['ignore', 'ignore_ament_install']
[-1781200949160513024.000s] Level 1:colcon.colcon_core.package_identification:_identify(ros2_ws/src/rtabmap_config) by extension 'ignore'
[-1781200949160513024.000s] Level 1:colcon.colcon_core.package_identification:_identify(ros2_ws/src/rtabmap_config) by extension 'ignore_ament_install'
[-1781200949160513024.000s] Level 1:colcon.colcon_core.package_identification:_identify(ros2_ws/src/rtabmap_config) by extensions ['colcon_pkg']
[-1781200949160513024.000s] Level 1:colcon.colcon_core.package_identification:_identify(ros2_ws/src/rtabmap_config) by extension 'colcon_pkg'
[-1781200949160513024.000s] Level 1:colcon.colcon_core.package_identification:_identify(ros2_ws/src/rtabmap_config) by extensions ['colcon_meta']
[-1781200949160513024.000s] Level 1:colcon.colcon_core.package_identification:_identify(ros2_ws/src/rtabmap_config) by extension 'colcon_meta'
[-1781200949160513024.000s] Level 1:colcon.colcon_core.package_identification:_identify(ros2_ws/src/rtabmap_config) by extensions ['ros']
[-1781200949160513024.000s] Level 1:colcon.colcon_core.package_identification:_identify(ros2_ws/src/rtabmap_config) by extension 'ros'
[-1781200949160513024.000s] DEBUG:colcon.colcon_core.package_identification:Package 'ros2_ws/src/rtabmap_config' with type 'ros.ament_python' and name 'rtabmap_config'
[-1781200949160513024.000s] Level 1:colcon.colcon_core.package_discovery:discover_packages(recursive) using defaults
[-1781200949160513024.000s] Level 1:colcon.colcon_core.package_discovery:discover_packages(ignore) discover
[-1781200949160513024.000s] Level 1:colcon.colcon_core.package_discovery:discover_packages(ignore) using defaults
[-1781200949160513024.000s] Level 1:colcon.colcon_core.package_discovery:discover_packages(path) discover
[-1781200949160513024.000s] Level 1:colcon.colcon_core.package_discovery:discover_packages(path) using defaults
[-1781200949160513024.000s] ERROR:colcon.colcon_core.extension_point:Exception loading extension 'colcon_core.package_augmentation.ros_ament_python': No module named 'distutils'
Traceback (most recent call last):
  File "/Users/judithrodriguez/.pyenv/versions/3.14.5/lib/python3.14/site-packages/colcon_core/extension_point.py", line 168, in load_extension_points
    extension_type = load_extension_point(name, value, group)
  File "/Users/judithrodriguez/.pyenv/versions/3.14.5/lib/python3.14/site-packages/colcon_core/extension_point.py", line 208, in load_extension_point
    return EntryPoint(name, value, group).load()
           ~~~~~~~~~~~~~~~~~~~~~~~~~~~~~~~~~~~^^
  File "/Users/judithrodriguez/.pyenv/versions/3.14.5/lib/python3.14/importlib/metadata/__init__.py", line 179, in load
    module = import_module(match.group('module'))
  File "/Users/judithrodriguez/.pyenv/versions/3.14.5/lib/python3.14/importlib/__init__.py", line 88, in import_module
    return _bootstrap._gcd_import(name[level:], package, level)
           ~~~~~~~~~~~~~~~~~~~~~~^^^^^^^^^^^^^^^^^^^^^^^^^^^^^^
  File "<frozen importlib._bootstrap>", line 1406, in _gcd_import
  File "<frozen importlib._bootstrap>", line 1371, in _find_and_load
  File "<frozen importlib._bootstrap>", line 1342, in _find_and_load_unlocked
  File "<frozen importlib._bootstrap>", line 938, in _load_unlocked
  File "<frozen importlib._bootstrap_external>", line 759, in exec_module
  File "<frozen importlib._bootstrap>", line 491, in _call_with_frames_removed
  File "/Users/judithrodriguez/.pyenv/versions/3.14.5/lib/python3.14/site-packages/colcon_ros/package_augmentation/ros_ament_python.py", line 8, in <module>
    from colcon_python_setup_py.package_identification.python_setup_py \
        import get_setup_information
  File "/Users/judithrodriguez/.pyenv/versions/3.14.5/lib/python3.14/site-packages/colcon_python_setup_py/package_identification/python_setup_py.py", line 10, in <module>
    import distutils.core
ModuleNotFoundError: No module named 'distutils'

[-1781200949160513024.000s] ERROR:colcon.colcon_core.extension_point:Exception loading extension 'colcon_core.package_augmentation.python_setup_py': No module named 'distutils'
Traceback (most recent call last):
  File "/Users/judithrodriguez/.pyenv/versions/3.14.5/lib/python3.14/site-packages/colcon_core/extension_point.py", line 168, in load_extension_points
    extension_type = load_extension_point(name, value, group)
  File "/Users/judithrodriguez/.pyenv/versions/3.14.5/lib/python3.14/site-packages/colcon_core/extension_point.py", line 208, in load_extension_point
    return EntryPoint(name, value, group).load()
           ~~~~~~~~~~~~~~~~~~~~~~~~~~~~~~~~~~~^^
  File "/Users/judithrodriguez/.pyenv/versions/3.14.5/lib/python3.14/importlib/metadata/__init__.py", line 179, in load
    module = import_module(match.group('module'))
  File "/Users/judithrodriguez/.pyenv/versions/3.14.5/lib/python3.14/importlib/__init__.py", line 88, in import_module
    return _bootstrap._gcd_import(name[level:], package, level)
           ~~~~~~~~~~~~~~~~~~~~~~^^^^^^^^^^^^^^^^^^^^^^^^^^^^^^
  File "<frozen importlib._bootstrap>", line 1406, in _gcd_import
  File "<frozen importlib._bootstrap>", line 1371, in _find_and_load
  File "<frozen importlib._bootstrap>", line 1342, in _find_and_load_unlocked
  File "<frozen importlib._bootstrap>", line 938, in _load_unlocked
  File "<frozen importlib._bootstrap_external>", line 759, in exec_module
  File "<frozen importlib._bootstrap>", line 491, in _call_with_frames_removed
  File "/Users/judithrodriguez/.pyenv/versions/3.14.5/lib/python3.14/site-packages/colcon_python_setup_py/package_augmentation/python_setup_py.py", line 9, in <module>
    from colcon_python_setup_py.package_identification.python_setup_py import \
        get_setup_information
  File "/Users/judithrodriguez/.pyenv/versions/3.14.5/lib/python3.14/site-packages/colcon_python_setup_py/package_identification/python_setup_py.py", line 10, in <module>
    import distutils.core
ModuleNotFoundError: No module named 'distutils'

[-1781200949160513024.000s] Level 5:colcon.colcon_core.verb:set package 'depthai' build argument 'cmake_args' from command line to 'None'
[-1781200949160513024.000s] Level 5:colcon.colcon_core.verb:set package 'depthai' build argument 'cmake_target' from command line to 'None'
[-1781200949160513024.000s] Level 5:colcon.colcon_core.verb:set package 'depthai' build argument 'cmake_target_skip_unavailable' from command line to 'False'
[-1781200949160513024.000s] Level 5:colcon.colcon_core.verb:set package 'depthai' build argument 'cmake_clean_cache' from command line to 'False'
[-1781200949160513024.000s] Level 5:colcon.colcon_core.verb:set package 'depthai' build argument 'cmake_clean_first' from command line to 'False'
[-1781200949160513024.000s] Level 5:colcon.colcon_core.verb:set package 'depthai' build argument 'cmake_force_configure' from command line to 'False'
[-1781200949160513024.000s] Level 5:colcon.colcon_core.verb:set package 'depthai' build argument 'ament_cmake_args' from command line to 'None'
[-1781200949160513024.000s] Level 5:colcon.colcon_core.verb:set package 'depthai' build argument 'catkin_cmake_args' from command line to 'None'
[-1781200949160513024.000s] Level 5:colcon.colcon_core.verb:set package 'depthai' build argument 'catkin_skip_building_tests' from command line to 'False'
[-1781200949160513024.000s] DEBUG:colcon.colcon_core.verb:Building package 'depthai' with the following arguments: {'ament_cmake_args': None, 'build_base': '/Users/judithrodriguez/Documents/CSCI370_FieldSession/Mesh_Reconstruction/build/depthai', 'catkin_cmake_args': None, 'catkin_skip_building_tests': False, 'cmake_args': None, 'cmake_clean_cache': False, 'cmake_clean_first': False, 'cmake_force_configure': False, 'cmake_target': None, 'cmake_target_skip_unavailable': False, 'install_base': '/Users/judithrodriguez/Documents/CSCI370_FieldSession/Mesh_Reconstruction/install/depthai', 'merge_install': False, 'path': '/Users/judithrodriguez/Documents/CSCI370_FieldSession/Mesh_Reconstruction/depthai-python', 'symlink_install': False, 'test_result_base': None}
[-1781200949160513024.000s] Level 5:colcon.colcon_core.verb:set package 'industrial_reconstruction_config' build argument 'cmake_args' from command line to 'None'
[-1781200949160513024.000s] Level 5:colcon.colcon_core.verb:set package 'industrial_reconstruction_config' build argument 'cmake_target' from command line to 'None'
[-1781200949160513024.000s] Level 5:colcon.colcon_core.verb:set package 'industrial_reconstruction_config' build argument 'cmake_target_skip_unavailable' from command line to 'False'
[-1781200949160513024.000s] Level 5:colcon.colcon_core.verb:set package 'industrial_reconstruction_config' build argument 'cmake_clean_cache' from command line to 'False'
[-1781200949160513024.000s] Level 5:colcon.colcon_core.verb:set package 'industrial_reconstruction_config' build argument 'cmake_clean_first' from command line to 'False'
[-1781200949160513024.000s] Level 5:colcon.colcon_core.verb:set package 'industrial_reconstruction_config' build argument 'cmake_force_configure' from command line to 'False'
[-1781200949160513024.000s] Level 5:colcon.colcon_core.verb:set package 'industrial_reconstruction_config' build argument 'ament_cmake_args' from command line to 'None'
[-1781200949160513024.000s] Level 5:colcon.colcon_core.verb:set package 'industrial_reconstruction_config' build argument 'catkin_cmake_args' from command line to 'None'
[-1781200949160513024.000s] Level 5:colcon.colcon_core.verb:set package 'industrial_reconstruction_config' build argument 'catkin_skip_building_tests' from command line to 'False'
[-1781200949160513024.000s] DEBUG:colcon.colcon_core.verb:Building package 'industrial_reconstruction_config' with the following arguments: {'ament_cmake_args': None, 'build_base': '/Users/judithrodriguez/Documents/CSCI370_FieldSession/Mesh_Reconstruction/build/industrial_reconstruction_config', 'catkin_cmake_args': None, 'catkin_skip_building_tests': False, 'cmake_args': None, 'cmake_clean_cache': False, 'cmake_clean_first': False, 'cmake_force_configure': False, 'cmake_target': None, 'cmake_target_skip_unavailable': False, 'install_base': '/Users/judithrodriguez/Documents/CSCI370_FieldSession/Mesh_Reconstruction/install/industrial_reconstruction_config', 'merge_install': False, 'path': '/Users/judithrodriguez/Documents/CSCI370_FieldSession/Mesh_Reconstruction/ros2_ws/src/industrial_reconstruction_config', 'symlink_install': False, 'test_result_base': None}
[-1781200949160513024.000s] Level 5:colcon.colcon_core.verb:set package 'industrial_reconstruction_msgs' build argument 'cmake_args' from command line to 'None'
[-1781200949160513024.000s] Level 5:colcon.colcon_core.verb:set package 'industrial_reconstruction_msgs' build argument 'cmake_target' from command line to 'None'
[-1781200949160513024.000s] Level 5:colcon.colcon_core.verb:set package 'industrial_reconstruction_msgs' build argument 'cmake_target_skip_unavailable' from command line to 'False'
[-1781200949160513024.000s] Level 5:colcon.colcon_core.verb:set package 'industrial_reconstruction_msgs' build argument 'cmake_clean_cache' from command line to 'False'
[-1781200949160513024.000s] Level 5:colcon.colcon_core.verb:set package 'industrial_reconstruction_msgs' build argument 'cmake_clean_first' from command line to 'False'
[-1781200949160513024.000s] Level 5:colcon.colcon_core.verb:set package 'industrial_reconstruction_msgs' build argument 'cmake_force_configure' from command line to 'False'
[-1781200949160513024.000s] Level 5:colcon.colcon_core.verb:set package 'industrial_reconstruction_msgs' build argument 'ament_cmake_args' from command line to 'None'
[-1781200949160513024.000s] Level 5:colcon.colcon_core.verb:set package 'industrial_reconstruction_msgs' build argument 'catkin_cmake_args' from command line to 'None'
[-1781200949160513024.000s] Level 5:colcon.colcon_core.verb:set package 'industrial_reconstruction_msgs' build argument 'catkin_skip_building_tests' from command line to 'False'
[-1781200949160513024.000s] DEBUG:colcon.colcon_core.verb:Building package 'industrial_reconstruction_msgs' with the following arguments: {'ament_cmake_args': None, 'build_base': '/Users/judithrodriguez/Documents/CSCI370_FieldSession/Mesh_Reconstruction/build/industrial_reconstruction_msgs', 'catkin_cmake_args': None, 'catkin_skip_building_tests': False, 'cmake_args': None, 'cmake_clean_cache': False, 'cmake_clean_first': False, 'cmake_force_configure': False, 'cmake_target': None, 'cmake_target_skip_unavailable': False, 'install_base': '/Users/judithrodriguez/Documents/CSCI370_FieldSession/Mesh_Reconstruction/install/industrial_reconstruction_msgs', 'merge_install': False, 'path': '/Users/judithrodriguez/Documents/CSCI370_FieldSession/Mesh_Reconstruction/ros2_ws/src/industrial_reconstruction/industrial_reconstruction_msgs', 'symlink_install': False, 'test_result_base': None}
[-1781200949160513024.000s] Level 5:colcon.colcon_core.verb:set package 'rtabmap_config' build argument 'cmake_args' from command line to 'None'
[-1781200949160513024.000s] Level 5:colcon.colcon_core.verb:set package 'rtabmap_config' build argument 'cmake_target' from command line to 'None'
[-1781200949160513024.000s] Level 5:colcon.colcon_core.verb:set package 'rtabmap_config' build argument 'cmake_target_skip_unavailable' from command line to 'False'
[-1781200949160513024.000s] Level 5:colcon.colcon_core.verb:set package 'rtabmap_config' build argument 'cmake_clean_cache' from command line to 'False'
[-1781200949160513024.000s] Level 5:colcon.colcon_core.verb:set package 'rtabmap_config' build argument 'cmake_clean_first' from command line to 'False'
[-1781200949160513024.000s] Level 5:colcon.colcon_core.verb:set package 'rtabmap_config' build argument 'cmake_force_configure' from command line to 'False'
[-1781200949160513024.000s] Level 5:colcon.colcon_core.verb:set package 'rtabmap_config' build argument 'ament_cmake_args' from command line to 'None'
[-1781200949160513024.000s] Level 5:colcon.colcon_core.verb:set package 'rtabmap_config' build argument 'catkin_cmake_args' from command line to 'None'
[-1781200949160513024.000s] Level 5:colcon.colcon_core.verb:set package 'rtabmap_config' build argument 'catkin_skip_building_tests' from command line to 'False'
[-1781200949160513024.000s] DEBUG:colcon.colcon_core.verb:Building package 'rtabmap_config' with the following arguments: {'ament_cmake_args': None, 'build_base': '/Users/judithrodriguez/Documents/CSCI370_FieldSession/Mesh_Reconstruction/build/rtabmap_config', 'catkin_cmake_args': None, 'catkin_skip_building_tests': False, 'cmake_args': None, 'cmake_clean_cache': False, 'cmake_clean_first': False, 'cmake_force_configure': False, 'cmake_target': None, 'cmake_target_skip_unavailable': False, 'install_base': '/Users/judithrodriguez/Documents/CSCI370_FieldSession/Mesh_Reconstruction/install/rtabmap_config', 'merge_install': False, 'path': '/Users/judithrodriguez/Documents/CSCI370_FieldSession/Mesh_Reconstruction/ros2_ws/src/rtabmap_config', 'symlink_install': False, 'test_result_base': None}
[-1781200949160513024.000s] Level 5:colcon.colcon_core.verb:set package 'industrial_reconstruction' build argument 'cmake_args' from command line to 'None'
[-1781200949160513024.000s] Level 5:colcon.colcon_core.verb:set package 'industrial_reconstruction' build argument 'cmake_target' from command line to 'None'
[-1781200949160513024.000s] Level 5:colcon.colcon_core.verb:set package 'industrial_reconstruction' build argument 'cmake_target_skip_unavailable' from command line to 'False'
[-1781200949160513024.000s] Level 5:colcon.colcon_core.verb:set package 'industrial_reconstruction' build argument 'cmake_clean_cache' from command line to 'False'
[-1781200949160513024.000s] Level 5:colcon.colcon_core.verb:set package 'industrial_reconstruction' build argument 'cmake_clean_first' from command line to 'False'
[-1781200949160513024.000s] Level 5:colcon.colcon_core.verb:set package 'industrial_reconstruction' build argument 'cmake_force_configure' from command line to 'False'
[-1781200949160513024.000s] Level 5:colcon.colcon_core.verb:set package 'industrial_reconstruction' build argument 'ament_cmake_args' from command line to 'None'
[-1781200949160513024.000s] Level 5:colcon.colcon_core.verb:set package 'industrial_reconstruction' build argument 'catkin_cmake_args' from command line to 'None'
[-1781200949160513024.000s] Level 5:colcon.colcon_core.verb:set package 'industrial_reconstruction' build argument 'catkin_skip_building_tests' from command line to 'False'
[-1781200949160513024.000s] DEBUG:colcon.colcon_core.verb:Building package 'industrial_reconstruction' with the following arguments: {'ament_cmake_args': None, 'build_base': '/Users/judithrodriguez/Documents/CSCI370_FieldSession/Mesh_Reconstruction/build/industrial_reconstruction', 'catkin_cmake_args': None, 'catkin_skip_building_tests': False, 'cmake_args': None, 'cmake_clean_cache': False, 'cmake_clean_first': False, 'cmake_force_configure': False, 'cmake_target': None, 'cmake_target_skip_unavailable': False, 'install_base': '/Users/judithrodriguez/Documents/CSCI370_FieldSession/Mesh_Reconstruction/install/industrial_reconstruction', 'merge_install': False, 'path': '/Users/judithrodriguez/Documents/CSCI370_FieldSession/Mesh_Reconstruction/ros2_ws/src/industrial_reconstruction/industrial_reconstruction', 'symlink_install': False, 'test_result_base': None}
[-1781200949160513024.000s] INFO:colcon.colcon_core.executor:Executing jobs using 'parallel' executor
[-1781200949160513024.000s] DEBUG:colcon.colcon_parallel_executor.executor.parallel:run_until_complete
[-1781200949160513024.000s] INFO:colcon.colcon_ros.task.ament_cmake.build:Building ROS package in '/Users/judithrodriguez/Documents/CSCI370_FieldSession/Mesh_Reconstruction/ros2_ws/src/industrial_reconstruction/industrial_reconstruction_msgs' with build type 'ament_cmake'
[-1781200949160513024.000s] INFO:colcon.colcon_cmake.task.cmake.build:Building CMake package in '/Users/judithrodriguez/Documents/CSCI370_FieldSession/Mesh_Reconstruction/ros2_ws/src/industrial_reconstruction/industrial_reconstruction_msgs'
[-1781200949160513024.000s] INFO:colcon.colcon_core.plugin_system:Skipping extension 'colcon_core.shell.bat': Not used on non-Windows systems
[-1781200949160513024.000s] INFO:colcon.colcon_core.shell:Skip shell extension 'powershell' for command environment: Not usable outside of PowerShell
[-1781200949160513024.000s] DEBUG:colcon.colcon_core.shell:Skip shell extension 'dsv' for command environment
[-1781200949160513024.000s] INFO:colcon.colcon_cmake.task.cmake.build:Building CMake package in '/Users/judithrodriguez/Documents/CSCI370_FieldSession/Mesh_Reconstruction/depthai-python'
[-1781200949160513024.000s] INFO:colcon.colcon_core.shell:Skip shell extension 'powershell' for command environment: Not usable outside of PowerShell
[-1781200949160513024.000s] DEBUG:colcon.colcon_core.shell:Skip shell extension 'dsv' for command environment
[-1781200949160513024.000s] INFO:colcon.colcon_ros.task.ament_python.build:Building ROS package in '/Users/judithrodriguez/Documents/CSCI370_FieldSession/Mesh_Reconstruction/ros2_ws/src/industrial_reconstruction_config' with build type 'ament_python'
[-1781200949160513024.000s] Level 1:colcon.colcon_core.shell:create_environment_hook('industrial_reconstruction_config', 'ament_prefix_path')
[-1781200949160513024.000s] INFO:colcon.colcon_core.shell:Creating environment hook '/Users/judithrodriguez/Documents/CSCI370_FieldSession/Mesh_Reconstruction/install/industrial_reconstruction_config/share/industrial_reconstruction_config/hook/ament_prefix_path.ps1'
[-1781200949160513024.000s] INFO:colcon.colcon_core.shell:Creating environment descriptor '/Users/judithrodriguez/Documents/CSCI370_FieldSession/Mesh_Reconstruction/install/industrial_reconstruction_config/share/industrial_reconstruction_config/hook/ament_prefix_path.dsv'
[-1781200949160513024.000s] INFO:colcon.colcon_core.shell:Creating environment hook '/Users/judithrodriguez/Documents/CSCI370_FieldSession/Mesh_Reconstruction/install/industrial_reconstruction_config/share/industrial_reconstruction_config/hook/ament_prefix_path.sh'
[-1781200949160513024.000s] INFO:colcon.colcon_core.shell:Skip shell extension 'powershell' for command environment: Not usable outside of PowerShell
[-1781200949160513024.000s] DEBUG:colcon.colcon_core.shell:Skip shell extension 'dsv' for command environment
[-1781200949160513024.000s] INFO:colcon.colcon_ros.task.ament_python.build:Building ROS package in '/Users/judithrodriguez/Documents/CSCI370_FieldSession/Mesh_Reconstruction/ros2_ws/src/rtabmap_config' with build type 'ament_python'
[-1781200949160513024.000s] Level 1:colcon.colcon_core.shell:create_environment_hook('rtabmap_config', 'ament_prefix_path')
[-1781200949160513024.000s] INFO:colcon.colcon_core.shell:Creating environment hook '/Users/judithrodriguez/Documents/CSCI370_FieldSession/Mesh_Reconstruction/install/rtabmap_config/share/rtabmap_config/hook/ament_prefix_path.ps1'
[-1781200949160513024.000s] INFO:colcon.colcon_core.shell:Creating environment descriptor '/Users/judithrodriguez/Documents/CSCI370_FieldSession/Mesh_Reconstruction/install/rtabmap_config/share/rtabmap_config/hook/ament_prefix_path.dsv'
[-1781200949160513024.000s] INFO:colcon.colcon_core.shell:Creating environment hook '/Users/judithrodriguez/Documents/CSCI370_FieldSession/Mesh_Reconstruction/install/rtabmap_config/share/rtabmap_config/hook/ament_prefix_path.sh'
[-1781200949160513024.000s] INFO:colcon.colcon_core.shell:Skip shell extension 'powershell' for command environment: Not usable outside of PowerShell
[-1781200949160513024.000s] DEBUG:colcon.colcon_core.shell:Skip shell extension 'dsv' for command environment
[-1781200949160513024.000s] DEBUG:colcon.colcon_core.event_handler.log_command:Invoking command in '/Users/judithrodriguez/Documents/CSCI370_FieldSession/Mesh_Reconstruction/build/industrial_reconstruction_msgs': SHLVL=2 _=/usr/bin/env /opt/homebrew/bin/cmake /Users/judithrodriguez/Documents/CSCI370_FieldSession/Mesh_Reconstruction/ros2_ws/src/industrial_reconstruction/industrial_reconstruction_msgs -DCMAKE_INSTALL_PREFIX=/Users/judithrodriguez/Documents/CSCI370_FieldSession/Mesh_Reconstruction/install/industrial_reconstruction_msgs
[-1781200949160513024.000s] WARNING:colcon.colcon_ros.task.ament_python.build:Package 'industrial_reconstruction_config' doesn't explicitly install a marker in the package index (colcon-ros currently does it implicitly but that fallback will be removed in the future)
[-1781200949160513024.000s] DEBUG:colcon.colcon_core.event_handler.log_command:Invoking command in '/Users/judithrodriguez/Documents/CSCI370_FieldSession/Mesh_Reconstruction/build/depthai': SHLVL=2 _=/usr/bin/env /opt/homebrew/bin/cmake /Users/judithrodriguez/Documents/CSCI370_FieldSession/Mesh_Reconstruction/depthai-python -DCMAKE_INSTALL_PREFIX=/Users/judithrodriguez/Documents/CSCI370_FieldSession/Mesh_Reconstruction/install/depthai
[-1781200949160513024.000s] WARNING:colcon.colcon_ros.task.ament_python.build:Package 'industrial_reconstruction_config' doesn't explicitly install the 'package.xml' file (colcon-ros currently does it implicitly but that fallback will be removed in the future)
[-1781200949160513024.000s] INFO:colcon.colcon_core.task.python.build:Building Python package in '/Users/judithrodriguez/Documents/CSCI370_FieldSession/Mesh_Reconstruction/ros2_ws/src/industrial_reconstruction_config'
[-1781200949160513024.000s] INFO:colcon.colcon_core.shell:Skip shell extension 'powershell' for command environment: Not usable outside of PowerShell
[-1781200949160513024.000s] DEBUG:colcon.colcon_core.shell:Skip shell extension 'dsv' for command environment
[-1781200949160513024.000s] WARNING:colcon.colcon_ros.task.ament_python.build:Package 'rtabmap_config' doesn't explicitly install a marker in the package index (colcon-ros currently does it implicitly but that fallback will be removed in the future)
[-1781200949160513024.000s] WARNING:colcon.colcon_ros.task.ament_python.build:Package 'rtabmap_config' doesn't explicitly install the 'package.xml' file (colcon-ros currently does it implicitly but that fallback will be removed in the future)
[-1781200949160513024.000s] INFO:colcon.colcon_core.task.python.build:Building Python package in '/Users/judithrodriguez/Documents/CSCI370_FieldSession/Mesh_Reconstruction/ros2_ws/src/rtabmap_config'
[-1781200949160513024.000s] INFO:colcon.colcon_core.shell:Skip shell extension 'powershell' for command environment: Not usable outside of PowerShell
[-1781200949160513024.000s] DEBUG:colcon.colcon_core.shell:Skip shell extension 'dsv' for command environment
[-1781200949160513024.000s] DEBUG:colcon.colcon_core.event_handler.log_command:Invoked command in '/Users/judithrodriguez/Documents/CSCI370_FieldSession/Mesh_Reconstruction/build/depthai' returned '1': SHLVL=2 _=/usr/bin/env /opt/homebrew/bin/cmake /Users/judithrodriguez/Documents/CSCI370_FieldSession/Mesh_Reconstruction/depthai-python -DCMAKE_INSTALL_PREFIX=/Users/judithrodriguez/Documents/CSCI370_FieldSession/Mesh_Reconstruction/install/depthai
[-1781200949160513024.000s] DEBUG:colcon.colcon_parallel_executor.executor.parallel:closing loop
[-1781200949160513024.000s] DEBUG:colcon.colcon_parallel_executor.executor.parallel:loop closed
[-1781200949160513024.000s] DEBUG:colcon.colcon_parallel_executor.executor.parallel:run_until_complete finished with '1'
[-1781200949160513024.000s] DEBUG:colcon.colcon_core.event_reactor:joining thread
[-1781200949160513024.000s] INFO:colcon.colcon_core.plugin_system:Skipping extension 'colcon_notification.desktop_notification.notify2': 'notify2' not found
[-1781200949160513024.000s] INFO:colcon.colcon_core.plugin_system:Skipping extension 'colcon_notification.desktop_notification.notify_send': Not used on non-Linux systems
[-1781200949160513024.000s] INFO:colcon.colcon_core.plugin_system:Skipping extension 'colcon_notification.desktop_notification.win32': Not used on non-Windows systems
[-1781200949160513024.000s] INFO:colcon.colcon_notification.desktop_notification:Sending desktop notification using 'terminal_notifier'
[-1781200949160513024.000s] DEBUG:colcon.colcon_core.event_reactor:joined thread
[-1781200949160513024.000s] INFO:colcon.colcon_core.shell:Creating prefix script '/Users/judithrodriguez/Documents/CSCI370_FieldSession/Mesh_Reconstruction/install/local_setup.ps1'
[-1781200949160513024.000s] INFO:colcon.colcon_core.shell:Creating prefix util module '/Users/judithrodriguez/Documents/CSCI370_FieldSession/Mesh_Reconstruction/install/_local_setup_util_ps1.py'
[-1781200949160513024.000s] INFO:colcon.colcon_core.shell:Creating prefix chain script '/Users/judithrodriguez/Documents/CSCI370_FieldSession/Mesh_Reconstruction/install/setup.ps1'
[-1781200949160513024.000s] INFO:colcon.colcon_core.shell:Creating prefix script '/Users/judithrodriguez/Documents/CSCI370_FieldSession/Mesh_Reconstruction/install/local_setup.sh'
[-1781200949160513024.000s] INFO:colcon.colcon_core.shell:Creating prefix util module '/Users/judithrodriguez/Documents/CSCI370_FieldSession/Mesh_Reconstruction/install/_local_setup_util_sh.py'
[-1781200949160513024.000s] INFO:colcon.colcon_core.shell:Creating prefix chain script '/Users/judithrodriguez/Documents/CSCI370_FieldSession/Mesh_Reconstruction/install/setup.sh'
[-1781200949160513024.000s] INFO:colcon.colcon_core.shell:Creating prefix script '/Users/judithrodriguez/Documents/CSCI370_FieldSession/Mesh_Reconstruction/install/local_setup.bash'
[-1781200949160513024.000s] INFO:colcon.colcon_core.shell:Creating prefix chain script '/Users/judithrodriguez/Documents/CSCI370_FieldSession/Mesh_Reconstruction/install/setup.bash'
[-1781200949160513024.000s] INFO:colcon.colcon_core.shell:Creating prefix script '/Users/judithrodriguez/Documents/CSCI370_FieldSession/Mesh_Reconstruction/install/local_setup.zsh'
[-1781200949160513024.000s] INFO:colcon.colcon_core.shell:Creating prefix chain script '/Users/judithrodriguez/Documents/CSCI370_FieldSession/Mesh_Reconstruction/install/setup.zsh'
